ward_id,month,area_km2,failure_count_this_month,failure_occurred_this_month,cumulative_failures_to_date,months_since_last_failure,is_known_chokepoint,calendar_month,is_dry_season,nrw_pct,wss_bdrr,failure_within_3mo,pop_density,pop_density_imputed
TSH_1,2019-08,15.09431174085445,0,0,0,999,0,8,1,33.0,31.9,0,1679.440602209598,False
TSH_1,2019-09,15.09431174085445,0,0,0,999,0,9,1,33.0,31.9,0,1679.440602209598,False
TSH_1,2019-10,15.09431174085445,0,0,0,999,0,10,0,33.0,31.9,0,1679.440602209598,False
TSH_1,2019-11,15.09431174085445,0,0,0,999,0,11,0,33.0,31.9,0,1679.440602209598,False
TSH_1,2019-12,15.09431174085445,0,0,0,999,0,12,0,33.0,31.9,0,1679.440602209598,False
TSH_1,2020-01,15.09431174085445,0,0,0,999,0,1,0,33.0,31.9,0,1679.440602209598,False
TSH_1,2020-02,15.09431174085445,0,0,0,999,0,2,0,33.0,31.9,0,1679.440602209598,False
TSH_1,2020-03,15.09431174085445,0,0,0,999,0,3,0,33.0,31.9,0,1679.440602209598,False
TSH_1,2020-04,15.09431174085445,0,0,0,999,0,4,0,33.0,31.9,0,1679.440602209598,False
TSH_1,2020-05,15.09431174085445,0,0,0,999,0,5,1,33.0,31.9,0,1679.440602209598,False
TSH_1,2020-06,15.09431174085445,0,0,0,999,0,6,1,33.0,31.9,0,1679.440602209598,False
TSH_1,2020-07,15.09431174085445,0,0,0,999,0,7,1,33.0,31.9,0,1679.440602209598,False
TSH_1,2020-08,15.09431174085445,0,0,0,999,0,8,1,33.0,31.9,0,1679.440602209598,False
TSH_1,2020-09,15.09431174085445,0,0,0,999,0,9,1,33.0,31.9,0,1679.440602209598,False
TSH_1,2020-10,15.09431174085445,0,0,0,999,0,10,0,33.0,31.9,0,1679.440602209598,False
TSH_1,2020-11,15.09431174085445,0,0,0,999,0,11,0,33.0,31.9,0,1679.440602209598,False
TSH_1,2020-12,15.09431174085445,0,0,0,999,0,12,0,33.0,31.9,0,1679.440602209598,False
TSH_1,2021-01,15.09431174085445,0,0,0,999,0,1,0,33.0,31.9,0,1679.440602209598,False
TSH_1,2021-02,15.09431174085445,0,0,0,999,0,2,0,33.0,31.9,0,1679.440602209598,False
TSH_1,2021-03,15.09431174085445,0,0,0,999,0,3,0,33.0,31.9,0,1679.440602209598,False
TSH_1,2021-04,15.09431174085445,0,0,0,999,0,4,0,33.0,31.9,0,1679.440602209598,False
TSH_1,2021-05,15.09431174085445,0,0,0,999,0,5,1,33.0,31.9,0,1679.440602209598,False
TSH_1,2021-06,15.09431174085445,0,0,0,999,0,6,1,33.0,31.9,0,1679.440602209598,False
TSH_1,2021-07,15.09431174085445,0,0,0,999,0,7,1,33.0,31.9,0,1679.440602209598,False
TSH_1,2021-08,15.09431174085445,0,0,0,999,0,8,1,33.0,31.9,0,1679.440602209598,False
TSH_1,2021-09,15.09431174085445,0,0,0,999,0,9,1,33.0,31.9,0,1679.440602209598,False
TSH_1,2021-10,15.09431174085445,0,0,0,999,0,10,0,33.0,31.9,0,1679.440602209598,False
TSH_1,2021-11,15.09431174085445,0,0,0,999,0,11,0,33.0,31.9,0,1679.440602209598,False
TSH_1,2021-12,15.09431174085445,0,0,0,999,0,12,0,33.0,31.9,0,1679.440602209598,False
TSH_1,2022-01,15.09431174085445,0,0,0,999,0,1,0,33.0,31.9,0,1679.440602209598,False
TSH_1,2022-02,15.09431174085445,0,0,0,999,0,2,0,33.0,31.9,0,1679.440602209598,False
TSH_1,2022-03,15.09431174085445,0,0,0,999,0,3,0,33.0,31.9,0,1679.440602209598,False
TSH_1,2022-04,15.09431174085445,0,0,0,999,0,4,0,33.0,31.9,0,1679.440602209598,False
TSH_1,2022-05,15.09431174085445,0,0,0,999,0,5,1,33.0,31.9,0,1679.440602209598,False
TSH_1,2022-06,15.09431174085445,0,0,0,999,0,6,1,33.0,31.9,0,1679.440602209598,False
TSH_1,2022-07,15.09431174085445,0,0,0,999,0,7,1,33.0,31.9,0,1679.440602209598,False
TSH_1,2022-08,15.09431174085445,0,0,0,999,0,8,1,33.0,31.9,0,1679.440602209598,False
TSH_1,2022-09,15.09431174085445,0,0,0,999,0,9,1,33.0,31.9,0,1679.440602209598,False
TSH_1,2022-10,15.09431174085445,0,0,0,999,0,10,0,33.0,31.9,0,1679.440602209598,False
TSH_1,2022-11,15.09431174085445,0,0,0,999,0,11,0,33.0,31.9,0,1679.440602209598,False
TSH_1,2022-12,15.09431174085445,0,0,0,999,0,12,0,33.0,31.9,0,1679.440602209598,False
TSH_1,2023-01,15.09431174085445,0,0,0,999,0,1,0,33.0,31.9,0,1679.440602209598,False
TSH_1,2023-02,15.09431174085445,0,0,0,999,0,2,0,33.0,31.9,0,1679.440602209598,False
TSH_1,2023-03,15.09431174085445,0,0,0,999,0,3,0,33.0,31.9,0,1679.440602209598,False
TSH_1,2023-04,15.09431174085445,0,0,0,999,0,4,0,33.0,31.9,0,1679.440602209598,False
TSH_1,2023-05,15.09431174085445,0,0,0,999,0,5,1,33.0,31.9,0,1679.440602209598,False
TSH_1,2023-06,15.09431174085445,0,0,0,999,0,6,1,33.0,31.9,0,1679.440602209598,False
TSH_1,2023-07,15.09431174085445,0,0,0,999,0,7,1,33.0,31.9,0,1679.440602209598,False
TSH_1,2023-08,15.09431174085445,0,0,0,999,0,8,1,33.0,31.9,0,1679.440602209598,False
TSH_1,2023-09,15.09431174085445,0,0,0,999,0,9,1,33.0,31.9,0,1679.440602209598,False
TSH_1,2023-10,15.09431174085445,0,0,0,999,0,10,0,33.0,31.9,0,1679.440602209598,False
TSH_1,2023-11,15.09431174085445,0,0,0,999,0,11,0,33.0,31.9,0,1679.440602209598,False
TSH_1,2023-12,15.09431174085445,0,0,0,999,0,12,0,33.0,31.9,0,1679.440602209598,False
TSH_1,2024-01,15.09431174085445,0,0,0,999,0,1,0,33.0,31.9,0,1679.440602209598,False
TSH_1,2024-02,15.09431174085445,0,0,0,999,0,2,0,33.0,31.9,0,1679.440602209598,False
TSH_1,2024-03,15.09431174085445,0,0,0,999,0,3,0,33.0,31.9,0,1679.440602209598,False
TSH_1,2024-04,15.09431174085445,0,0,0,999,0,4,0,33.0,31.9,0,1679.440602209598,False
TSH_1,2024-05,15.09431174085445,0,0,0,999,0,5,1,33.0,31.9,0,1679.440602209598,False
TSH_1,2024-06,15.09431174085445,0,0,0,999,0,6,1,33.0,31.9,0,1679.440602209598,False
TSH_1,2024-07,15.09431174085445,0,0,0,999,0,7,1,33.0,31.9,0,1679.440602209598,False
TSH_1,2024-08,15.09431174085445,0,0,0,999,0,8,1,33.0,31.9,0,1679.440602209598,False
TSH_1,2024-09,15.09431174085445,0,0,0,999,0,9,1,33.0,31.9,0,1679.440602209598,False
TSH_1,2024-10,15.09431174085445,0,0,0,999,0,10,0,33.0,31.9,0,1679.440602209598,False
TSH_1,2024-11,15.09431174085445,0,0,0,999,0,11,0,33.0,31.9,0,1679.440602209598,False
TSH_1,2024-12,15.09431174085445,0,0,0,999,0,12,0,33.0,31.9,0,1679.440602209598,False
TSH_1,2025-01,15.09431174085445,0,0,0,999,0,1,0,33.0,31.9,0,1679.440602209598,False
TSH_1,2025-02,15.09431174085445,0,0,0,999,0,2,0,33.0,31.9,0,1679.440602209598,False
TSH_1,2025-03,15.09431174085445,0,0,0,999,0,3,0,33.0,31.9,0,1679.440602209598,False
TSH_1,2025-04,15.09431174085445,0,0,0,999,0,4,0,33.0,31.9,0,1679.440602209598,False
TSH_1,2025-05,15.09431174085445,0,0,0,999,0,5,1,33.0,31.9,0,1679.440602209598,False
TSH_1,2025-06,15.09431174085445,0,0,0,999,0,6,1,33.0,31.9,0,1679.440602209598,False
TSH_1,2025-07,15.09431174085445,0,0,0,999,0,7,1,33.0,31.9,0,1679.440602209598,False
TSH_1,2025-08,15.09431174085445,0,0,0,999,0,8,1,33.0,31.9,0,1679.440602209598,False
TSH_1,2025-09,15.09431174085445,0,0,0,999,0,9,1,33.0,31.9,0,1679.440602209598,False
TSH_1,2025-10,15.09431174085445,0,0,0,999,0,10,0,33.0,31.9,0,1679.440602209598,False
TSH_1,2025-11,15.09431174085445,0,0,0,999,0,11,0,33.0,31.9,0,1679.440602209598,False
TSH_1,2025-12,15.09431174085445,0,0,0,999,0,12,0,33.0,31.9,0,1679.440602209598,False
TSH_1,2026-01,15.09431174085445,0,0,0,999,0,1,0,33.0,31.9,0,1679.440602209598,False
TSH_1,2026-02,15.09431174085445,0,0,0,999,0,2,0,33.0,31.9,0,1679.440602209598,False
TSH_1,2026-03,15.09431174085445,0,0,0,999,0,3,0,33.0,31.9,0,1679.440602209598,False
TSH_10,2019-08,6.307856807989962,0,0,0,999,0,8,1,33.0,38.1,0,6336.224999491714,False
TSH_10,2019-09,6.307856807989962,0,0,0,999,0,9,1,33.0,38.1,0,6336.224999491714,False
TSH_10,2019-10,6.307856807989962,0,0,0,999,0,10,0,33.0,38.1,0,6336.224999491714,False
TSH_10,2019-11,6.307856807989962,0,0,0,999,0,11,0,33.0,38.1,0,6336.224999491714,False
TSH_10,2019-12,6.307856807989962,0,0,0,999,0,12,0,33.0,38.1,0,6336.224999491714,False
TSH_10,2020-01,6.307856807989962,0,0,0,999,0,1,0,33.0,38.1,0,6336.224999491714,False
TSH_10,2020-02,6.307856807989962,0,0,0,999,0,2,0,33.0,38.1,0,6336.224999491714,False
TSH_10,2020-03,6.307856807989962,0,0,0,999,0,3,0,33.0,38.1,0,6336.224999491714,False
TSH_10,2020-04,6.307856807989962,0,0,0,999,0,4,0,33.0,38.1,0,6336.224999491714,False
TSH_10,2020-05,6.307856807989962,0,0,0,999,0,5,1,33.0,38.1,0,6336.224999491714,False
TSH_10,2020-06,6.307856807989962,0,0,0,999,0,6,1,33.0,38.1,0,6336.224999491714,False
TSH_10,2020-07,6.307856807989962,0,0,0,999,0,7,1,33.0,38.1,0,6336.224999491714,False
TSH_10,2020-08,6.307856807989962,0,0,0,999,0,8,1,33.0,38.1,0,6336.224999491714,False
TSH_10,2020-09,6.307856807989962,0,0,0,999,0,9,1,33.0,38.1,0,6336.224999491714,False
TSH_10,2020-10,6.307856807989962,0,0,0,999,0,10,0,33.0,38.1,0,6336.224999491714,False
TSH_10,2020-11,6.307856807989962,0,0,0,999,0,11,0,33.0,38.1,0,6336.224999491714,False
TSH_10,2020-12,6.307856807989962,0,0,0,999,0,12,0,33.0,38.1,0,6336.224999491714,False
TSH_10,2021-01,6.307856807989962,0,0,0,999,0,1,0,33.0,38.1,0,6336.224999491714,False
TSH_10,2021-02,6.307856807989962,0,0,0,999,0,2,0,33.0,38.1,0,6336.224999491714,False
TSH_10,2021-03,6.307856807989962,0,0,0,999,0,3,0,33.0,38.1,0,6336.224999491714,False
TSH_10,2021-04,6.307856807989962,0,0,0,999,0,4,0,33.0,38.1,0,6336.224999491714,False
TSH_10,2021-05,6.307856807989962,0,0,0,999,0,5,1,33.0,38.1,0,6336.224999491714,False
TSH_10,2021-06,6.307856807989962,0,0,0,999,0,6,1,33.0,38.1,0,6336.224999491714,False
TSH_10,2021-07,6.307856807989962,0,0,0,999,0,7,1,33.0,38.1,0,6336.224999491714,False
TSH_10,2021-08,6.307856807989962,0,0,0,999,0,8,1,33.0,38.1,0,6336.224999491714,False
TSH_10,2021-09,6.307856807989962,0,0,0,999,0,9,1,33.0,38.1,0,6336.224999491714,False
TSH_10,2021-10,6.307856807989962,0,0,0,999,0,10,0,33.0,38.1,0,6336.224999491714,False
TSH_10,2021-11,6.307856807989962,0,0,0,999,0,11,0,33.0,38.1,0,6336.224999491714,False
TSH_10,2021-12,6.307856807989962,0,0,0,999,0,12,0,33.0,38.1,0,6336.224999491714,False
TSH_10,2022-01,6.307856807989962,0,0,0,999,0,1,0,33.0,38.1,0,6336.224999491714,False
TSH_10,2022-02,6.307856807989962,0,0,0,999,0,2,0,33.0,38.1,0,6336.224999491714,False
TSH_10,2022-03,6.307856807989962,0,0,0,999,0,3,0,33.0,38.1,0,6336.224999491714,False
TSH_10,2022-04,6.307856807989962,0,0,0,999,0,4,0,33.0,38.1,0,6336.224999491714,False
TSH_10,2022-05,6.307856807989962,0,0,0,999,0,5,1,33.0,38.1,0,6336.224999491714,False
TSH_10,2022-06,6.307856807989962,0,0,0,999,0,6,1,33.0,38.1,0,6336.224999491714,False
TSH_10,2022-07,6.307856807989962,0,0,0,999,0,7,1,33.0,38.1,0,6336.224999491714,False
TSH_10,2022-08,6.307856807989962,0,0,0,999,0,8,1,33.0,38.1,0,6336.224999491714,False
TSH_10,2022-09,6.307856807989962,0,0,0,999,0,9,1,33.0,38.1,0,6336.224999491714,False
TSH_10,2022-10,6.307856807989962,0,0,0,999,0,10,0,33.0,38.1,0,6336.224999491714,False
TSH_10,2022-11,6.307856807989962,0,0,0,999,0,11,0,33.0,38.1,0,6336.224999491714,False
TSH_10,2022-12,6.307856807989962,0,0,0,999,0,12,0,33.0,38.1,0,6336.224999491714,False
TSH_10,2023-01,6.307856807989962,0,0,0,999,0,1,0,33.0,38.1,0,6336.224999491714,False
TSH_10,2023-02,6.307856807989962,0,0,0,999,0,2,0,33.0,38.1,0,6336.224999491714,False
TSH_10,2023-03,6.307856807989962,0,0,0,999,0,3,0,33.0,38.1,0,6336.224999491714,False
TSH_10,2023-04,6.307856807989962,0,0,0,999,0,4,0,33.0,38.1,0,6336.224999491714,False
TSH_10,2023-05,6.307856807989962,0,0,0,999,0,5,1,33.0,38.1,0,6336.224999491714,False
TSH_10,2023-06,6.307856807989962,0,0,0,999,0,6,1,33.0,38.1,0,6336.224999491714,False
TSH_10,2023-07,6.307856807989962,0,0,0,999,0,7,1,33.0,38.1,0,6336.224999491714,False
TSH_10,2023-08,6.307856807989962,0,0,0,999,0,8,1,33.0,38.1,0,6336.224999491714,False
TSH_10,2023-09,6.307856807989962,0,0,0,999,0,9,1,33.0,38.1,0,6336.224999491714,False
TSH_10,2023-10,6.307856807989962,0,0,0,999,0,10,0,33.0,38.1,0,6336.224999491714,False
TSH_10,2023-11,6.307856807989962,0,0,0,999,0,11,0,33.0,38.1,0,6336.224999491714,False
TSH_10,2023-12,6.307856807989962,0,0,0,999,0,12,0,33.0,38.1,0,6336.224999491714,False
TSH_10,2024-01,6.307856807989962,0,0,0,999,0,1,0,33.0,38.1,0,6336.224999491714,False
TSH_10,2024-02,6.307856807989962,0,0,0,999,0,2,0,33.0,38.1,0,6336.224999491714,False
TSH_10,2024-03,6.307856807989962,0,0,0,999,0,3,0,33.0,38.1,0,6336.224999491714,False
TSH_10,2024-04,6.307856807989962,0,0,0,999,0,4,0,33.0,38.1,0,6336.224999491714,False
TSH_10,2024-05,6.307856807989962,0,0,0,999,0,5,1,33.0,38.1,0,6336.224999491714,False
TSH_10,2024-06,6.307856807989962,0,0,0,999,0,6,1,33.0,38.1,0,6336.224999491714,False
TSH_10,2024-07,6.307856807989962,0,0,0,999,0,7,1,33.0,38.1,0,6336.224999491714,False
TSH_10,2024-08,6.307856807989962,0,0,0,999,0,8,1,33.0,38.1,0,6336.224999491714,False
TSH_10,2024-09,6.307856807989962,0,0,0,999,0,9,1,33.0,38.1,0,6336.224999491714,False
TSH_10,2024-10,6.307856807989962,0,0,0,999,0,10,0,33.0,38.1,0,6336.224999491714,False
TSH_10,2024-11,6.307856807989962,0,0,0,999,0,11,0,33.0,38.1,0,6336.224999491714,False
TSH_10,2024-12,6.307856807989962,0,0,0,999,0,12,0,33.0,38.1,0,6336.224999491714,False
TSH_10,2025-01,6.307856807989962,0,0,0,999,0,1,0,33.0,38.1,0,6336.224999491714,False
TSH_10,2025-02,6.307856807989962,0,0,0,999,0,2,0,33.0,38.1,0,6336.224999491714,False
TSH_10,2025-03,6.307856807989962,0,0,0,999,0,3,0,33.0,38.1,0,6336.224999491714,False
TSH_10,2025-04,6.307856807989962,0,0,0,999,0,4,0,33.0,38.1,0,6336.224999491714,False
TSH_10,2025-05,6.307856807989962,0,0,0,999,0,5,1,33.0,38.1,0,6336.224999491714,False
TSH_10,2025-06,6.307856807989962,0,0,0,999,0,6,1,33.0,38.1,0,6336.224999491714,False
TSH_10,2025-07,6.307856807989962,0,0,0,999,0,7,1,33.0,38.1,0,6336.224999491714,False
TSH_10,2025-08,6.307856807989962,0,0,0,999,0,8,1,33.0,38.1,0,6336.224999491714,False
TSH_10,2025-09,6.307856807989962,0,0,0,999,0,9,1,33.0,38.1,0,6336.224999491714,False
TSH_10,2025-10,6.307856807989962,0,0,0,999,0,10,0,33.0,38.1,0,6336.224999491714,False
TSH_10,2025-11,6.307856807989962,0,0,0,999,0,11,0,33.0,38.1,0,6336.224999491714,False
TSH_10,2025-12,6.307856807989962,0,0,0,999,0,12,0,33.0,38.1,0,6336.224999491714,False
TSH_10,2026-01,6.307856807989962,0,0,0,999,0,1,0,33.0,38.1,0,6336.224999491714,False
TSH_10,2026-02,6.307856807989962,0,0,0,999,0,2,0,33.0,38.1,0,6336.224999491714,False
TSH_10,2026-03,6.307856807989962,0,0,0,999,0,3,0,33.0,38.1,0,6336.224999491714,False
TSH_100,2019-08,431.6082917954603,0,0,0,999,0,8,1,33.0,53.6,0,75.58010497040945,False
TSH_100,2019-09,431.6082917954603,0,0,0,999,0,9,1,33.0,53.6,0,75.58010497040945,False
TSH_100,2019-10,431.6082917954603,0,0,0,999,0,10,0,33.0,53.6,0,75.58010497040945,False
TSH_100,2019-11,431.6082917954603,0,0,0,999,0,11,0,33.0,53.6,0,75.58010497040945,False
TSH_100,2019-12,431.6082917954603,0,0,0,999,0,12,0,33.0,53.6,0,75.58010497040945,False
TSH_100,2020-01,431.6082917954603,0,0,0,999,0,1,0,33.0,53.6,0,75.58010497040945,False
TSH_100,2020-02,431.6082917954603,0,0,0,999,0,2,0,33.0,53.6,0,75.58010497040945,False
TSH_100,2020-03,431.6082917954603,0,0,0,999,0,3,0,33.0,53.6,0,75.58010497040945,False
TSH_100,2020-04,431.6082917954603,0,0,0,999,0,4,0,33.0,53.6,0,75.58010497040945,False
TSH_100,2020-05,431.6082917954603,0,0,0,999,0,5,1,33.0,53.6,0,75.58010497040945,False
TSH_100,2020-06,431.6082917954603,0,0,0,999,0,6,1,33.0,53.6,0,75.58010497040945,False
TSH_100,2020-07,431.6082917954603,0,0,0,999,0,7,1,33.0,53.6,0,75.58010497040945,False
TSH_100,2020-08,431.6082917954603,0,0,0,999,0,8,1,33.0,53.6,0,75.58010497040945,False
TSH_100,2020-09,431.6082917954603,0,0,0,999,0,9,1,33.0,53.6,0,75.58010497040945,False
TSH_100,2020-10,431.6082917954603,0,0,0,999,0,10,0,33.0,53.6,0,75.58010497040945,False
TSH_100,2020-11,431.6082917954603,0,0,0,999,0,11,0,33.0,53.6,0,75.58010497040945,False
TSH_100,2020-12,431.6082917954603,0,0,0,999,0,12,0,33.0,53.6,0,75.58010497040945,False
TSH_100,2021-01,431.6082917954603,0,0,0,999,0,1,0,33.0,53.6,0,75.58010497040945,False
TSH_100,2021-02,431.6082917954603,0,0,0,999,0,2,0,33.0,53.6,0,75.58010497040945,False
TSH_100,2021-03,431.6082917954603,0,0,0,999,0,3,0,33.0,53.6,0,75.58010497040945,False
TSH_100,2021-04,431.6082917954603,0,0,0,999,0,4,0,33.0,53.6,0,75.58010497040945,False
TSH_100,2021-05,431.6082917954603,0,0,0,999,0,5,1,33.0,53.6,0,75.58010497040945,False
TSH_100,2021-06,431.6082917954603,0,0,0,999,0,6,1,33.0,53.6,0,75.58010497040945,False
TSH_100,2021-07,431.6082917954603,0,0,0,999,0,7,1,33.0,53.6,0,75.58010497040945,False
TSH_100,2021-08,431.6082917954603,0,0,0,999,0,8,1,33.0,53.6,0,75.58010497040945,False
TSH_100,2021-09,431.6082917954603,0,0,0,999,0,9,1,33.0,53.6,0,75.58010497040945,False
TSH_100,2021-10,431.6082917954603,0,0,0,999,0,10,0,33.0,53.6,0,75.58010497040945,False
TSH_100,2021-11,431.6082917954603,0,0,0,999,0,11,0,33.0,53.6,0,75.58010497040945,False
TSH_100,2021-12,431.6082917954603,0,0,0,999,0,12,0,33.0,53.6,0,75.58010497040945,False
TSH_100,2022-01,431.6082917954603,0,0,0,999,0,1,0,33.0,53.6,0,75.58010497040945,False
TSH_100,2022-02,431.6082917954603,0,0,0,999,0,2,0,33.0,53.6,0,75.58010497040945,False
TSH_100,2022-03,431.6082917954603,0,0,0,999,0,3,0,33.0,53.6,0,75.58010497040945,False
TSH_100,2022-04,431.6082917954603,0,0,0,999,0,4,0,33.0,53.6,0,75.58010497040945,False
TSH_100,2022-05,431.6082917954603,0,0,0,999,0,5,1,33.0,53.6,0,75.58010497040945,False
TSH_100,2022-06,431.6082917954603,0,0,0,999,0,6,1,33.0,53.6,0,75.58010497040945,False
TSH_100,2022-07,431.6082917954603,0,0,0,999,0,7,1,33.0,53.6,0,75.58010497040945,False
TSH_100,2022-08,431.6082917954603,0,0,0,999,0,8,1,33.0,53.6,0,75.58010497040945,False
TSH_100,2022-09,431.6082917954603,0,0,0,999,0,9,1,33.0,53.6,0,75.58010497040945,False
TSH_100,2022-10,431.6082917954603,0,0,0,999,0,10,0,33.0,53.6,0,75.58010497040945,False
TSH_100,2022-11,431.6082917954603,0,0,0,999,0,11,0,33.0,53.6,0,75.58010497040945,False
TSH_100,2022-12,431.6082917954603,0,0,0,999,0,12,0,33.0,53.6,0,75.58010497040945,False
TSH_100,2023-01,431.6082917954603,0,0,0,999,0,1,0,33.0,53.6,0,75.58010497040945,False
TSH_100,2023-02,431.6082917954603,0,0,0,999,0,2,0,33.0,53.6,0,75.58010497040945,False
TSH_100,2023-03,431.6082917954603,0,0,0,999,0,3,0,33.0,53.6,0,75.58010497040945,False
TSH_100,2023-04,431.6082917954603,0,0,0,999,0,4,0,33.0,53.6,0,75.58010497040945,False
TSH_100,2023-05,431.6082917954603,0,0,0,999,0,5,1,33.0,53.6,0,75.58010497040945,False
TSH_100,2023-06,431.6082917954603,0,0,0,999,0,6,1,33.0,53.6,0,75.58010497040945,False
TSH_100,2023-07,431.6082917954603,0,0,0,999,0,7,1,33.0,53.6,0,75.58010497040945,False
TSH_100,2023-08,431.6082917954603,0,0,0,999,0,8,1,33.0,53.6,0,75.58010497040945,False
TSH_100,2023-09,431.6082917954603,0,0,0,999,0,9,1,33.0,53.6,0,75.58010497040945,False
TSH_100,2023-10,431.6082917954603,0,0,0,999,0,10,0,33.0,53.6,0,75.58010497040945,False
TSH_100,2023-11,431.6082917954603,0,0,0,999,0,11,0,33.0,53.6,0,75.58010497040945,False
TSH_100,2023-12,431.6082917954603,0,0,0,999,0,12,0,33.0,53.6,0,75.58010497040945,False
TSH_100,2024-01,431.6082917954603,0,0,0,999,0,1,0,33.0,53.6,0,75.58010497040945,False
TSH_100,2024-02,431.6082917954603,0,0,0,999,0,2,0,33.0,53.6,0,75.58010497040945,False
TSH_100,2024-03,431.6082917954603,0,0,0,999,0,3,0,33.0,53.6,0,75.58010497040945,False
TSH_100,2024-04,431.6082917954603,0,0,0,999,0,4,0,33.0,53.6,0,75.58010497040945,False
TSH_100,2024-05,431.6082917954603,0,0,0,999,0,5,1,33.0,53.6,0,75.58010497040945,False
TSH_100,2024-06,431.6082917954603,0,0,0,999,0,6,1,33.0,53.6,0,75.58010497040945,False
TSH_100,2024-07,431.6082917954603,0,0,0,999,0,7,1,33.0,53.6,0,75.58010497040945,False
TSH_100,2024-08,431.6082917954603,0,0,0,999,0,8,1,33.0,53.6,0,75.58010497040945,False
TSH_100,2024-09,431.6082917954603,0,0,0,999,0,9,1,33.0,53.6,0,75.58010497040945,False
TSH_100,2024-10,431.6082917954603,0,0,0,999,0,10,0,33.0,53.6,0,75.58010497040945,False
TSH_100,2024-11,431.6082917954603,0,0,0,999,0,11,0,33.0,53.6,0,75.58010497040945,False
TSH_100,2024-12,431.6082917954603,0,0,0,999,0,12,0,33.0,53.6,0,75.58010497040945,False
TSH_100,2025-01,431.6082917954603,0,0,0,999,0,1,0,33.0,53.6,0,75.58010497040945,False
TSH_100,2025-02,431.6082917954603,0,0,0,999,0,2,0,33.0,53.6,0,75.58010497040945,False
TSH_100,2025-03,431.6082917954603,0,0,0,999,0,3,0,33.0,53.6,0,75.58010497040945,False
TSH_100,2025-04,431.6082917954603,0,0,0,999,0,4,0,33.0,53.6,0,75.58010497040945,False
TSH_100,2025-05,431.6082917954603,0,0,0,999,0,5,1,33.0,53.6,0,75.58010497040945,False
TSH_100,2025-06,431.6082917954603,0,0,0,999,0,6,1,33.0,53.6,0,75.58010497040945,False
TSH_100,2025-07,431.6082917954603,0,0,0,999,0,7,1,33.0,53.6,0,75.58010497040945,False
TSH_100,2025-08,431.6082917954603,0,0,0,999,0,8,1,33.0,53.6,0,75.58010497040945,False
TSH_100,2025-09,431.6082917954603,0,0,0,999,0,9,1,33.0,53.6,0,75.58010497040945,False
TSH_100,2025-10,431.6082917954603,0,0,0,999,0,10,0,33.0,53.6,0,75.58010497040945,False
TSH_100,2025-11,431.6082917954603,0,0,0,999,0,11,0,33.0,53.6,0,75.58010497040945,False
TSH_100,2025-12,431.6082917954603,0,0,0,999,0,12,0,33.0,53.6,0,75.58010497040945,False
TSH_100,2026-01,431.6082917954603,0,0,0,999,0,1,0,33.0,53.6,0,75.58010497040945,False
TSH_100,2026-02,431.6082917954603,0,0,0,999,0,2,0,33.0,53.6,0,75.58010497040945,False
TSH_100,2026-03,431.6082917954603,0,0,0,999,0,3,0,33.0,53.6,0,75.58010497040945,False
TSH_101,2019-08,117.59438714787365,0,0,0,999,0,8,1,33.0,31.9,0,258.2521218620011,False
TSH_101,2019-09,117.59438714787365,0,0,0,999,0,9,1,33.0,31.9,0,258.2521218620011,False
TSH_101,2019-10,117.59438714787365,0,0,0,999,0,10,0,33.0,31.9,0,258.2521218620011,False
TSH_101,2019-11,117.59438714787365,0,0,0,999,0,11,0,33.0,31.9,0,258.2521218620011,False
TSH_101,2019-12,117.59438714787365,0,0,0,999,0,12,0,33.0,31.9,0,258.2521218620011,False
TSH_101,2020-01,117.59438714787365,0,0,0,999,0,1,0,33.0,31.9,0,258.2521218620011,False
TSH_101,2020-02,117.59438714787365,0,0,0,999,0,2,0,33.0,31.9,0,258.2521218620011,False
TSH_101,2020-03,117.59438714787365,0,0,0,999,0,3,0,33.0,31.9,0,258.2521218620011,False
TSH_101,2020-04,117.59438714787365,0,0,0,999,0,4,0,33.0,31.9,0,258.2521218620011,False
TSH_101,2020-05,117.59438714787365,0,0,0,999,0,5,1,33.0,31.9,0,258.2521218620011,False
TSH_101,2020-06,117.59438714787365,0,0,0,999,0,6,1,33.0,31.9,0,258.2521218620011,False
TSH_101,2020-07,117.59438714787365,0,0,0,999,0,7,1,33.0,31.9,0,258.2521218620011,False
TSH_101,2020-08,117.59438714787365,0,0,0,999,0,8,1,33.0,31.9,0,258.2521218620011,False
TSH_101,2020-09,117.59438714787365,0,0,0,999,0,9,1,33.0,31.9,0,258.2521218620011,False
TSH_101,2020-10,117.59438714787365,0,0,0,999,0,10,0,33.0,31.9,0,258.2521218620011,False
TSH_101,2020-11,117.59438714787365,0,0,0,999,0,11,0,33.0,31.9,0,258.2521218620011,False
TSH_101,2020-12,117.59438714787365,0,0,0,999,0,12,0,33.0,31.9,0,258.2521218620011,False
TSH_101,2021-01,117.59438714787365,0,0,0,999,0,1,0,33.0,31.9,0,258.2521218620011,False
TSH_101,2021-02,117.59438714787365,0,0,0,999,0,2,0,33.0,31.9,0,258.2521218620011,False
TSH_101,2021-03,117.59438714787365,0,0,0,999,0,3,0,33.0,31.9,0,258.2521218620011,False
TSH_101,2021-04,117.59438714787365,0,0,0,999,0,4,0,33.0,31.9,0,258.2521218620011,False
TSH_101,2021-05,117.59438714787365,0,0,0,999,0,5,1,33.0,31.9,0,258.2521218620011,False
TSH_101,2021-06,117.59438714787365,0,0,0,999,0,6,1,33.0,31.9,0,258.2521218620011,False
TSH_101,2021-07,117.59438714787365,0,0,0,999,0,7,1,33.0,31.9,0,258.2521218620011,False
TSH_101,2021-08,117.59438714787365,0,0,0,999,0,8,1,33.0,31.9,0,258.2521218620011,False
TSH_101,2021-09,117.59438714787365,0,0,0,999,0,9,1,33.0,31.9,0,258.2521218620011,False
TSH_101,2021-10,117.59438714787365,0,0,0,999,0,10,0,33.0,31.9,0,258.2521218620011,False
TSH_101,2021-11,117.59438714787365,0,0,0,999,0,11,0,33.0,31.9,0,258.2521218620011,False
TSH_101,2021-12,117.59438714787365,0,0,0,999,0,12,0,33.0,31.9,0,258.2521218620011,False
TSH_101,2022-01,117.59438714787365,0,0,0,999,0,1,0,33.0,31.9,0,258.2521218620011,False
TSH_101,2022-02,117.59438714787365,0,0,0,999,0,2,0,33.0,31.9,0,258.2521218620011,False
TSH_101,2022-03,117.59438714787365,0,0,0,999,0,3,0,33.0,31.9,0,258.2521218620011,False
TSH_101,2022-04,117.59438714787365,0,0,0,999,0,4,0,33.0,31.9,0,258.2521218620011,False
TSH_101,2022-05,117.59438714787365,0,0,0,999,0,5,1,33.0,31.9,0,258.2521218620011,False
TSH_101,2022-06,117.59438714787365,0,0,0,999,0,6,1,33.0,31.9,0,258.2521218620011,False
TSH_101,2022-07,117.59438714787365,0,0,0,999,0,7,1,33.0,31.9,0,258.2521218620011,False
TSH_101,2022-08,117.59438714787365,0,0,0,999,0,8,1,33.0,31.9,0,258.2521218620011,False
TSH_101,2022-09,117.59438714787365,0,0,0,999,0,9,1,33.0,31.9,0,258.2521218620011,False
TSH_101,2022-10,117.59438714787365,0,0,0,999,0,10,0,33.0,31.9,0,258.2521218620011,False
TSH_101,2022-11,117.59438714787365,0,0,0,999,0,11,0,33.0,31.9,0,258.2521218620011,False
TSH_101,2022-12,117.59438714787365,0,0,0,999,0,12,0,33.0,31.9,0,258.2521218620011,False
TSH_101,2023-01,117.59438714787365,0,0,0,999,0,1,0,33.0,31.9,0,258.2521218620011,False
TSH_101,2023-02,117.59438714787365,0,0,0,999,0,2,0,33.0,31.9,0,258.2521218620011,False
TSH_101,2023-03,117.59438714787365,0,0,0,999,0,3,0,33.0,31.9,0,258.2521218620011,False
TSH_101,2023-04,117.59438714787365,0,0,0,999,0,4,0,33.0,31.9,0,258.2521218620011,False
TSH_101,2023-05,117.59438714787365,0,0,0,999,0,5,1,33.0,31.9,0,258.2521218620011,False
TSH_101,2023-06,117.59438714787365,0,0,0,999,0,6,1,33.0,31.9,0,258.2521218620011,False
TSH_101,2023-07,117.59438714787365,0,0,0,999,0,7,1,33.0,31.9,0,258.2521218620011,False
TSH_101,2023-08,117.59438714787365,0,0,0,999,0,8,1,33.0,31.9,0,258.2521218620011,False
TSH_101,2023-09,117.59438714787365,0,0,0,999,0,9,1,33.0,31.9,0,258.2521218620011,False
TSH_101,2023-10,117.59438714787365,0,0,0,999,0,10,0,33.0,31.9,0,258.2521218620011,False
TSH_101,2023-11,117.59438714787365,0,0,0,999,0,11,0,33.0,31.9,0,258.2521218620011,False
TSH_101,2023-12,117.59438714787365,0,0,0,999,0,12,0,33.0,31.9,0,258.2521218620011,False
TSH_101,2024-01,117.59438714787365,0,0,0,999,0,1,0,33.0,31.9,0,258.2521218620011,False
TSH_101,2024-02,117.59438714787365,0,0,0,999,0,2,0,33.0,31.9,0,258.2521218620011,False
TSH_101,2024-03,117.59438714787365,0,0,0,999,0,3,0,33.0,31.9,0,258.2521218620011,False
TSH_101,2024-04,117.59438714787365,0,0,0,999,0,4,0,33.0,31.9,0,258.2521218620011,False
TSH_101,2024-05,117.59438714787365,0,0,0,999,0,5,1,33.0,31.9,0,258.2521218620011,False
TSH_101,2024-06,117.59438714787365,0,0,0,999,0,6,1,33.0,31.9,0,258.2521218620011,False
TSH_101,2024-07,117.59438714787365,0,0,0,999,0,7,1,33.0,31.9,0,258.2521218620011,False
TSH_101,2024-08,117.59438714787365,0,0,0,999,0,8,1,33.0,31.9,0,258.2521218620011,False
TSH_101,2024-09,117.59438714787365,0,0,0,999,0,9,1,33.0,31.9,0,258.2521218620011,False
TSH_101,2024-10,117.59438714787365,0,0,0,999,0,10,0,33.0,31.9,0,258.2521218620011,False
TSH_101,2024-11,117.59438714787365,0,0,0,999,0,11,0,33.0,31.9,0,258.2521218620011,False
TSH_101,2024-12,117.59438714787365,0,0,0,999,0,12,0,33.0,31.9,0,258.2521218620011,False
TSH_101,2025-01,117.59438714787365,0,0,0,999,0,1,0,33.0,31.9,0,258.2521218620011,False
TSH_101,2025-02,117.59438714787365,0,0,0,999,0,2,0,33.0,31.9,0,258.2521218620011,False
TSH_101,2025-03,117.59438714787365,0,0,0,999,0,3,0,33.0,31.9,0,258.2521218620011,False
TSH_101,2025-04,117.59438714787365,0,0,0,999,0,4,0,33.0,31.9,0,258.2521218620011,False
TSH_101,2025-05,117.59438714787365,0,0,0,999,0,5,1,33.0,31.9,0,258.2521218620011,False
TSH_101,2025-06,117.59438714787365,0,0,0,999,0,6,1,33.0,31.9,0,258.2521218620011,False
TSH_101,2025-07,117.59438714787365,0,0,0,999,0,7,1,33.0,31.9,0,258.2521218620011,False
TSH_101,2025-08,117.59438714787365,0,0,0,999,0,8,1,33.0,31.9,0,258.2521218620011,False
TSH_101,2025-09,117.59438714787365,0,0,0,999,0,9,1,33.0,31.9,0,258.2521218620011,False
TSH_101,2025-10,117.59438714787365,0,0,0,999,0,10,0,33.0,31.9,0,258.2521218620011,False
TSH_101,2025-11,117.59438714787365,0,0,0,999,0,11,0,33.0,31.9,0,258.2521218620011,False
TSH_101,2025-12,117.59438714787365,0,0,0,999,0,12,0,33.0,31.9,0,258.2521218620011,False
TSH_101,2026-01,117.59438714787365,0,0,0,999,0,1,0,33.0,31.9,0,258.2521218620011,False
TSH_101,2026-02,117.59438714787365,0,0,0,999,0,2,0,33.0,31.9,0,258.2521218620011,False
TSH_101,2026-03,117.59438714787365,0,0,0,999,0,3,0,33.0,31.9,0,258.2521218620011,False
TSH_102,2019-08,725.9571368711077,0,0,0,999,0,8,1,33.0,74.0,0,43.67888734680196,False
TSH_102,2019-09,725.9571368711077,0,0,0,999,0,9,1,33.0,74.0,0,43.67888734680196,False
TSH_102,2019-10,725.9571368711077,0,0,0,999,0,10,0,33.0,74.0,0,43.67888734680196,False
TSH_102,2019-11,725.9571368711077,0,0,0,999,0,11,0,33.0,74.0,0,43.67888734680196,False
TSH_102,2019-12,725.9571368711077,0,0,0,999,0,12,0,33.0,74.0,0,43.67888734680196,False
TSH_102,2020-01,725.9571368711077,0,0,0,999,0,1,0,33.0,74.0,0,43.67888734680196,False
TSH_102,2020-02,725.9571368711077,0,0,0,999,0,2,0,33.0,74.0,0,43.67888734680196,False
TSH_102,2020-03,725.9571368711077,0,0,0,999,0,3,0,33.0,74.0,0,43.67888734680196,False
TSH_102,2020-04,725.9571368711077,0,0,0,999,0,4,0,33.0,74.0,0,43.67888734680196,False
TSH_102,2020-05,725.9571368711077,0,0,0,999,0,5,1,33.0,74.0,0,43.67888734680196,False
TSH_102,2020-06,725.9571368711077,0,0,0,999,0,6,1,33.0,74.0,0,43.67888734680196,False
TSH_102,2020-07,725.9571368711077,0,0,0,999,0,7,1,33.0,74.0,0,43.67888734680196,False
TSH_102,2020-08,725.9571368711077,0,0,0,999,0,8,1,33.0,74.0,0,43.67888734680196,False
TSH_102,2020-09,725.9571368711077,0,0,0,999,0,9,1,33.0,74.0,0,43.67888734680196,False
TSH_102,2020-10,725.9571368711077,0,0,0,999,0,10,0,33.0,74.0,0,43.67888734680196,False
TSH_102,2020-11,725.9571368711077,0,0,0,999,0,11,0,33.0,74.0,0,43.67888734680196,False
TSH_102,2020-12,725.9571368711077,0,0,0,999,0,12,0,33.0,74.0,0,43.67888734680196,False
TSH_102,2021-01,725.9571368711077,0,0,0,999,0,1,0,33.0,74.0,0,43.67888734680196,False
TSH_102,2021-02,725.9571368711077,0,0,0,999,0,2,0,33.0,74.0,0,43.67888734680196,False
TSH_102,2021-03,725.9571368711077,0,0,0,999,0,3,0,33.0,74.0,0,43.67888734680196,False
TSH_102,2021-04,725.9571368711077,0,0,0,999,0,4,0,33.0,74.0,0,43.67888734680196,False
TSH_102,2021-05,725.9571368711077,0,0,0,999,0,5,1,33.0,74.0,0,43.67888734680196,False
TSH_102,2021-06,725.9571368711077,0,0,0,999,0,6,1,33.0,74.0,0,43.67888734680196,False
TSH_102,2021-07,725.9571368711077,0,0,0,999,0,7,1,33.0,74.0,0,43.67888734680196,False
TSH_102,2021-08,725.9571368711077,0,0,0,999,0,8,1,33.0,74.0,0,43.67888734680196,False
TSH_102,2021-09,725.9571368711077,0,0,0,999,0,9,1,33.0,74.0,0,43.67888734680196,False
TSH_102,2021-10,725.9571368711077,0,0,0,999,0,10,0,33.0,74.0,0,43.67888734680196,False
TSH_102,2021-11,725.9571368711077,0,0,0,999,0,11,0,33.0,74.0,0,43.67888734680196,False
TSH_102,2021-12,725.9571368711077,0,0,0,999,0,12,0,33.0,74.0,0,43.67888734680196,False
TSH_102,2022-01,725.9571368711077,0,0,0,999,0,1,0,33.0,74.0,0,43.67888734680196,False
TSH_102,2022-02,725.9571368711077,0,0,0,999,0,2,0,33.0,74.0,0,43.67888734680196,False
TSH_102,2022-03,725.9571368711077,0,0,0,999,0,3,0,33.0,74.0,0,43.67888734680196,False
TSH_102,2022-04,725.9571368711077,0,0,0,999,0,4,0,33.0,74.0,0,43.67888734680196,False
TSH_102,2022-05,725.9571368711077,0,0,0,999,0,5,1,33.0,74.0,0,43.67888734680196,False
TSH_102,2022-06,725.9571368711077,0,0,0,999,0,6,1,33.0,74.0,0,43.67888734680196,False
TSH_102,2022-07,725.9571368711077,0,0,0,999,0,7,1,33.0,74.0,0,43.67888734680196,False
TSH_102,2022-08,725.9571368711077,0,0,0,999,0,8,1,33.0,74.0,0,43.67888734680196,False
TSH_102,2022-09,725.9571368711077,0,0,0,999,0,9,1,33.0,74.0,0,43.67888734680196,False
TSH_102,2022-10,725.9571368711077,0,0,0,999,0,10,0,33.0,74.0,0,43.67888734680196,False
TSH_102,2022-11,725.9571368711077,0,0,0,999,0,11,0,33.0,74.0,0,43.67888734680196,False
TSH_102,2022-12,725.9571368711077,0,0,0,999,0,12,0,33.0,74.0,0,43.67888734680196,False
TSH_102,2023-01,725.9571368711077,0,0,0,999,0,1,0,33.0,74.0,0,43.67888734680196,False
TSH_102,2023-02,725.9571368711077,0,0,0,999,0,2,0,33.0,74.0,0,43.67888734680196,False
TSH_102,2023-03,725.9571368711077,0,0,0,999,0,3,0,33.0,74.0,0,43.67888734680196,False
TSH_102,2023-04,725.9571368711077,0,0,0,999,0,4,0,33.0,74.0,0,43.67888734680196,False
TSH_102,2023-05,725.9571368711077,0,0,0,999,0,5,1,33.0,74.0,0,43.67888734680196,False
TSH_102,2023-06,725.9571368711077,0,0,0,999,0,6,1,33.0,74.0,0,43.67888734680196,False
TSH_102,2023-07,725.9571368711077,0,0,0,999,0,7,1,33.0,74.0,0,43.67888734680196,False
TSH_102,2023-08,725.9571368711077,0,0,0,999,0,8,1,33.0,74.0,0,43.67888734680196,False
TSH_102,2023-09,725.9571368711077,0,0,0,999,0,9,1,33.0,74.0,0,43.67888734680196,False
TSH_102,2023-10,725.9571368711077,0,0,0,999,0,10,0,33.0,74.0,0,43.67888734680196,False
TSH_102,2023-11,725.9571368711077,0,0,0,999,0,11,0,33.0,74.0,0,43.67888734680196,False
TSH_102,2023-12,725.9571368711077,0,0,0,999,0,12,0,33.0,74.0,0,43.67888734680196,False
TSH_102,2024-01,725.9571368711077,0,0,0,999,0,1,0,33.0,74.0,0,43.67888734680196,False
TSH_102,2024-02,725.9571368711077,0,0,0,999,0,2,0,33.0,74.0,0,43.67888734680196,False
TSH_102,2024-03,725.9571368711077,0,0,0,999,0,3,0,33.0,74.0,1,43.67888734680196,False
TSH_102,2024-04,725.9571368711077,0,0,0,999,0,4,0,33.0,74.0,1,43.67888734680196,False
TSH_102,2024-05,725.9571368711077,0,0,0,999,0,5,1,33.0,74.0,1,43.67888734680196,False
TSH_102,2024-06,725.9571368711077,1,1,1,0,0,6,1,33.0,74.0,0,43.67888734680196,False
TSH_102,2024-07,725.9571368711077,0,0,1,1,0,7,1,33.0,74.0,0,43.67888734680196,False
TSH_102,2024-08,725.9571368711077,0,0,1,2,0,8,1,33.0,74.0,0,43.67888734680196,False
TSH_102,2024-09,725.9571368711077,0,0,1,3,0,9,1,33.0,74.0,0,43.67888734680196,False
TSH_102,2024-10,725.9571368711077,0,0,1,4,0,10,0,33.0,74.0,0,43.67888734680196,False
TSH_102,2024-11,725.9571368711077,0,0,1,5,0,11,0,33.0,74.0,0,43.67888734680196,False
TSH_102,2024-12,725.9571368711077,0,0,1,6,0,12,0,33.0,74.0,0,43.67888734680196,False
TSH_102,2025-01,725.9571368711077,0,0,1,7,0,1,0,33.0,74.0,0,43.67888734680196,False
TSH_102,2025-02,725.9571368711077,0,0,1,8,0,2,0,33.0,74.0,0,43.67888734680196,False
TSH_102,2025-03,725.9571368711077,0,0,1,9,0,3,0,33.0,74.0,0,43.67888734680196,False
TSH_102,2025-04,725.9571368711077,0,0,1,10,0,4,0,33.0,74.0,0,43.67888734680196,False
TSH_102,2025-05,725.9571368711077,0,0,1,11,0,5,1,33.0,74.0,0,43.67888734680196,False
TSH_102,2025-06,725.9571368711077,0,0,1,12,0,6,1,33.0,74.0,0,43.67888734680196,False
TSH_102,2025-07,725.9571368711077,0,0,1,13,0,7,1,33.0,74.0,0,43.67888734680196,False
TSH_102,2025-08,725.9571368711077,0,0,1,14,0,8,1,33.0,74.0,0,43.67888734680196,False
TSH_102,2025-09,725.9571368711077,0,0,1,15,0,9,1,33.0,74.0,0,43.67888734680196,False
TSH_102,2025-10,725.9571368711077,0,0,1,16,0,10,0,33.0,74.0,0,43.67888734680196,False
TSH_102,2025-11,725.9571368711077,0,0,1,17,0,11,0,33.0,74.0,0,43.67888734680196,False
TSH_102,2025-12,725.9571368711077,0,0,1,18,0,12,0,33.0,74.0,0,43.67888734680196,False
TSH_102,2026-01,725.9571368711077,0,0,1,19,0,1,0,33.0,74.0,0,43.67888734680196,False
TSH_102,2026-02,725.9571368711077,0,0,1,20,0,2,0,33.0,74.0,0,43.67888734680196,False
TSH_102,2026-03,725.9571368711077,0,0,1,21,0,3,0,33.0,74.0,0,43.67888734680196,False
TSH_103,2019-08,55.85310420905319,0,0,0,999,0,8,1,33.0,74.0,0,462.7137625738439,False
TSH_103,2019-09,55.85310420905319,0,0,0,999,0,9,1,33.0,74.0,0,462.7137625738439,False
TSH_103,2019-10,55.85310420905319,0,0,0,999,0,10,0,33.0,74.0,0,462.7137625738439,False
TSH_103,2019-11,55.85310420905319,0,0,0,999,0,11,0,33.0,74.0,0,462.7137625738439,False
TSH_103,2019-12,55.85310420905319,0,0,0,999,0,12,0,33.0,74.0,0,462.7137625738439,False
TSH_103,2020-01,55.85310420905319,0,0,0,999,0,1,0,33.0,74.0,0,462.7137625738439,False
TSH_103,2020-02,55.85310420905319,0,0,0,999,0,2,0,33.0,74.0,0,462.7137625738439,False
TSH_103,2020-03,55.85310420905319,0,0,0,999,0,3,0,33.0,74.0,0,462.7137625738439,False
TSH_103,2020-04,55.85310420905319,0,0,0,999,0,4,0,33.0,74.0,0,462.7137625738439,False
TSH_103,2020-05,55.85310420905319,0,0,0,999,0,5,1,33.0,74.0,0,462.7137625738439,False
TSH_103,2020-06,55.85310420905319,0,0,0,999,0,6,1,33.0,74.0,0,462.7137625738439,False
TSH_103,2020-07,55.85310420905319,0,0,0,999,0,7,1,33.0,74.0,0,462.7137625738439,False
TSH_103,2020-08,55.85310420905319,0,0,0,999,0,8,1,33.0,74.0,0,462.7137625738439,False
TSH_103,2020-09,55.85310420905319,0,0,0,999,0,9,1,33.0,74.0,0,462.7137625738439,False
TSH_103,2020-10,55.85310420905319,0,0,0,999,0,10,0,33.0,74.0,0,462.7137625738439,False
TSH_103,2020-11,55.85310420905319,0,0,0,999,0,11,0,33.0,74.0,0,462.7137625738439,False
TSH_103,2020-12,55.85310420905319,0,0,0,999,0,12,0,33.0,74.0,0,462.7137625738439,False
TSH_103,2021-01,55.85310420905319,0,0,0,999,0,1,0,33.0,74.0,0,462.7137625738439,False
TSH_103,2021-02,55.85310420905319,0,0,0,999,0,2,0,33.0,74.0,0,462.7137625738439,False
TSH_103,2021-03,55.85310420905319,0,0,0,999,0,3,0,33.0,74.0,0,462.7137625738439,False
TSH_103,2021-04,55.85310420905319,0,0,0,999,0,4,0,33.0,74.0,0,462.7137625738439,False
TSH_103,2021-05,55.85310420905319,0,0,0,999,0,5,1,33.0,74.0,0,462.7137625738439,False
TSH_103,2021-06,55.85310420905319,0,0,0,999,0,6,1,33.0,74.0,0,462.7137625738439,False
TSH_103,2021-07,55.85310420905319,0,0,0,999,0,7,1,33.0,74.0,0,462.7137625738439,False
TSH_103,2021-08,55.85310420905319,0,0,0,999,0,8,1,33.0,74.0,0,462.7137625738439,False
TSH_103,2021-09,55.85310420905319,0,0,0,999,0,9,1,33.0,74.0,0,462.7137625738439,False
TSH_103,2021-10,55.85310420905319,0,0,0,999,0,10,0,33.0,74.0,0,462.7137625738439,False
TSH_103,2021-11,55.85310420905319,0,0,0,999,0,11,0,33.0,74.0,0,462.7137625738439,False
TSH_103,2021-12,55.85310420905319,0,0,0,999,0,12,0,33.0,74.0,0,462.7137625738439,False
TSH_103,2022-01,55.85310420905319,0,0,0,999,0,1,0,33.0,74.0,0,462.7137625738439,False
TSH_103,2022-02,55.85310420905319,0,0,0,999,0,2,0,33.0,74.0,0,462.7137625738439,False
TSH_103,2022-03,55.85310420905319,0,0,0,999,0,3,0,33.0,74.0,0,462.7137625738439,False
TSH_103,2022-04,55.85310420905319,0,0,0,999,0,4,0,33.0,74.0,0,462.7137625738439,False
TSH_103,2022-05,55.85310420905319,0,0,0,999,0,5,1,33.0,74.0,0,462.7137625738439,False
TSH_103,2022-06,55.85310420905319,0,0,0,999,0,6,1,33.0,74.0,0,462.7137625738439,False
TSH_103,2022-07,55.85310420905319,0,0,0,999,0,7,1,33.0,74.0,0,462.7137625738439,False
TSH_103,2022-08,55.85310420905319,0,0,0,999,0,8,1,33.0,74.0,0,462.7137625738439,False
TSH_103,2022-09,55.85310420905319,0,0,0,999,0,9,1,33.0,74.0,0,462.7137625738439,False
TSH_103,2022-10,55.85310420905319,0,0,0,999,0,10,0,33.0,74.0,0,462.7137625738439,False
TSH_103,2022-11,55.85310420905319,0,0,0,999,0,11,0,33.0,74.0,0,462.7137625738439,False
TSH_103,2022-12,55.85310420905319,0,0,0,999,0,12,0,33.0,74.0,0,462.7137625738439,False
TSH_103,2023-01,55.85310420905319,0,0,0,999,0,1,0,33.0,74.0,0,462.7137625738439,False
TSH_103,2023-02,55.85310420905319,0,0,0,999,0,2,0,33.0,74.0,0,462.7137625738439,False
TSH_103,2023-03,55.85310420905319,0,0,0,999,0,3,0,33.0,74.0,0,462.7137625738439,False
TSH_103,2023-04,55.85310420905319,0,0,0,999,0,4,0,33.0,74.0,0,462.7137625738439,False
TSH_103,2023-05,55.85310420905319,0,0,0,999,0,5,1,33.0,74.0,0,462.7137625738439,False
TSH_103,2023-06,55.85310420905319,0,0,0,999,0,6,1,33.0,74.0,0,462.7137625738439,False
TSH_103,2023-07,55.85310420905319,0,0,0,999,0,7,1,33.0,74.0,0,462.7137625738439,False
TSH_103,2023-08,55.85310420905319,0,0,0,999,0,8,1,33.0,74.0,0,462.7137625738439,False
TSH_103,2023-09,55.85310420905319,0,0,0,999,0,9,1,33.0,74.0,0,462.7137625738439,False
TSH_103,2023-10,55.85310420905319,0,0,0,999,0,10,0,33.0,74.0,0,462.7137625738439,False
TSH_103,2023-11,55.85310420905319,0,0,0,999,0,11,0,33.0,74.0,0,462.7137625738439,False
TSH_103,2023-12,55.85310420905319,0,0,0,999,0,12,0,33.0,74.0,0,462.7137625738439,False
TSH_103,2024-01,55.85310420905319,0,0,0,999,0,1,0,33.0,74.0,0,462.7137625738439,False
TSH_103,2024-02,55.85310420905319,0,0,0,999,0,2,0,33.0,74.0,0,462.7137625738439,False
TSH_103,2024-03,55.85310420905319,0,0,0,999,0,3,0,33.0,74.0,0,462.7137625738439,False
TSH_103,2024-04,55.85310420905319,0,0,0,999,0,4,0,33.0,74.0,0,462.7137625738439,False
TSH_103,2024-05,55.85310420905319,0,0,0,999,0,5,1,33.0,74.0,0,462.7137625738439,False
TSH_103,2024-06,55.85310420905319,0,0,0,999,0,6,1,33.0,74.0,0,462.7137625738439,False
TSH_103,2024-07,55.85310420905319,0,0,0,999,0,7,1,33.0,74.0,0,462.7137625738439,False
TSH_103,2024-08,55.85310420905319,0,0,0,999,0,8,1,33.0,74.0,0,462.7137625738439,False
TSH_103,2024-09,55.85310420905319,0,0,0,999,0,9,1,33.0,74.0,0,462.7137625738439,False
TSH_103,2024-10,55.85310420905319,0,0,0,999,0,10,0,33.0,74.0,0,462.7137625738439,False
TSH_103,2024-11,55.85310420905319,0,0,0,999,0,11,0,33.0,74.0,0,462.7137625738439,False
TSH_103,2024-12,55.85310420905319,0,0,0,999,0,12,0,33.0,74.0,0,462.7137625738439,False
TSH_103,2025-01,55.85310420905319,0,0,0,999,0,1,0,33.0,74.0,0,462.7137625738439,False
TSH_103,2025-02,55.85310420905319,0,0,0,999,0,2,0,33.0,74.0,0,462.7137625738439,False
TSH_103,2025-03,55.85310420905319,0,0,0,999,0,3,0,33.0,74.0,0,462.7137625738439,False
TSH_103,2025-04,55.85310420905319,0,0,0,999,0,4,0,33.0,74.0,0,462.7137625738439,False
TSH_103,2025-05,55.85310420905319,0,0,0,999,0,5,1,33.0,74.0,0,462.7137625738439,False
TSH_103,2025-06,55.85310420905319,0,0,0,999,0,6,1,33.0,74.0,0,462.7137625738439,False
TSH_103,2025-07,55.85310420905319,0,0,0,999,0,7,1,33.0,74.0,0,462.7137625738439,False
TSH_103,2025-08,55.85310420905319,0,0,0,999,0,8,1,33.0,74.0,0,462.7137625738439,False
TSH_103,2025-09,55.85310420905319,0,0,0,999,0,9,1,33.0,74.0,0,462.7137625738439,False
TSH_103,2025-10,55.85310420905319,0,0,0,999,0,10,0,33.0,74.0,0,462.7137625738439,False
TSH_103,2025-11,55.85310420905319,0,0,0,999,0,11,0,33.0,74.0,0,462.7137625738439,False
TSH_103,2025-12,55.85310420905319,0,0,0,999,0,12,0,33.0,74.0,0,462.7137625738439,False
TSH_103,2026-01,55.85310420905319,0,0,0,999,0,1,0,33.0,74.0,0,462.7137625738439,False
TSH_103,2026-02,55.85310420905319,0,0,0,999,0,2,0,33.0,74.0,0,462.7137625738439,False
TSH_103,2026-03,55.85310420905319,0,0,0,999,0,3,0,33.0,74.0,0,462.7137625738439,False
TSH_104,2019-08,23.08757739126233,0,0,0,999,0,8,1,33.0,74.0,0,1130.2615063404553,False
TSH_104,2019-09,23.08757739126233,0,0,0,999,0,9,1,33.0,74.0,0,1130.2615063404553,False
TSH_104,2019-10,23.08757739126233,0,0,0,999,0,10,0,33.0,74.0,0,1130.2615063404553,False
TSH_104,2019-11,23.08757739126233,0,0,0,999,0,11,0,33.0,74.0,0,1130.2615063404553,False
TSH_104,2019-12,23.08757739126233,0,0,0,999,0,12,0,33.0,74.0,0,1130.2615063404553,False
TSH_104,2020-01,23.08757739126233,0,0,0,999,0,1,0,33.0,74.0,0,1130.2615063404553,False
TSH_104,2020-02,23.08757739126233,0,0,0,999,0,2,0,33.0,74.0,0,1130.2615063404553,False
TSH_104,2020-03,23.08757739126233,0,0,0,999,0,3,0,33.0,74.0,0,1130.2615063404553,False
TSH_104,2020-04,23.08757739126233,0,0,0,999,0,4,0,33.0,74.0,0,1130.2615063404553,False
TSH_104,2020-05,23.08757739126233,0,0,0,999,0,5,1,33.0,74.0,0,1130.2615063404553,False
TSH_104,2020-06,23.08757739126233,0,0,0,999,0,6,1,33.0,74.0,0,1130.2615063404553,False
TSH_104,2020-07,23.08757739126233,0,0,0,999,0,7,1,33.0,74.0,0,1130.2615063404553,False
TSH_104,2020-08,23.08757739126233,0,0,0,999,0,8,1,33.0,74.0,0,1130.2615063404553,False
TSH_104,2020-09,23.08757739126233,0,0,0,999,0,9,1,33.0,74.0,0,1130.2615063404553,False
TSH_104,2020-10,23.08757739126233,0,0,0,999,0,10,0,33.0,74.0,0,1130.2615063404553,False
TSH_104,2020-11,23.08757739126233,0,0,0,999,0,11,0,33.0,74.0,0,1130.2615063404553,False
TSH_104,2020-12,23.08757739126233,0,0,0,999,0,12,0,33.0,74.0,0,1130.2615063404553,False
TSH_104,2021-01,23.08757739126233,0,0,0,999,0,1,0,33.0,74.0,0,1130.2615063404553,False
TSH_104,2021-02,23.08757739126233,0,0,0,999,0,2,0,33.0,74.0,0,1130.2615063404553,False
TSH_104,2021-03,23.08757739126233,0,0,0,999,0,3,0,33.0,74.0,0,1130.2615063404553,False
TSH_104,2021-04,23.08757739126233,0,0,0,999,0,4,0,33.0,74.0,0,1130.2615063404553,False
TSH_104,2021-05,23.08757739126233,0,0,0,999,0,5,1,33.0,74.0,0,1130.2615063404553,False
TSH_104,2021-06,23.08757739126233,0,0,0,999,0,6,1,33.0,74.0,0,1130.2615063404553,False
TSH_104,2021-07,23.08757739126233,0,0,0,999,0,7,1,33.0,74.0,0,1130.2615063404553,False
TSH_104,2021-08,23.08757739126233,0,0,0,999,0,8,1,33.0,74.0,0,1130.2615063404553,False
TSH_104,2021-09,23.08757739126233,0,0,0,999,0,9,1,33.0,74.0,0,1130.2615063404553,False
TSH_104,2021-10,23.08757739126233,0,0,0,999,0,10,0,33.0,74.0,0,1130.2615063404553,False
TSH_104,2021-11,23.08757739126233,0,0,0,999,0,11,0,33.0,74.0,0,1130.2615063404553,False
TSH_104,2021-12,23.08757739126233,0,0,0,999,0,12,0,33.0,74.0,0,1130.2615063404553,False
TSH_104,2022-01,23.08757739126233,0,0,0,999,0,1,0,33.0,74.0,0,1130.2615063404553,False
TSH_104,2022-02,23.08757739126233,0,0,0,999,0,2,0,33.0,74.0,0,1130.2615063404553,False
TSH_104,2022-03,23.08757739126233,0,0,0,999,0,3,0,33.0,74.0,0,1130.2615063404553,False
TSH_104,2022-04,23.08757739126233,0,0,0,999,0,4,0,33.0,74.0,0,1130.2615063404553,False
TSH_104,2022-05,23.08757739126233,0,0,0,999,0,5,1,33.0,74.0,0,1130.2615063404553,False
TSH_104,2022-06,23.08757739126233,0,0,0,999,0,6,1,33.0,74.0,0,1130.2615063404553,False
TSH_104,2022-07,23.08757739126233,0,0,0,999,0,7,1,33.0,74.0,0,1130.2615063404553,False
TSH_104,2022-08,23.08757739126233,0,0,0,999,0,8,1,33.0,74.0,0,1130.2615063404553,False
TSH_104,2022-09,23.08757739126233,0,0,0,999,0,9,1,33.0,74.0,0,1130.2615063404553,False
TSH_104,2022-10,23.08757739126233,0,0,0,999,0,10,0,33.0,74.0,0,1130.2615063404553,False
TSH_104,2022-11,23.08757739126233,0,0,0,999,0,11,0,33.0,74.0,0,1130.2615063404553,False
TSH_104,2022-12,23.08757739126233,0,0,0,999,0,12,0,33.0,74.0,0,1130.2615063404553,False
TSH_104,2023-01,23.08757739126233,0,0,0,999,0,1,0,33.0,74.0,0,1130.2615063404553,False
TSH_104,2023-02,23.08757739126233,0,0,0,999,0,2,0,33.0,74.0,0,1130.2615063404553,False
TSH_104,2023-03,23.08757739126233,0,0,0,999,0,3,0,33.0,74.0,0,1130.2615063404553,False
TSH_104,2023-04,23.08757739126233,0,0,0,999,0,4,0,33.0,74.0,0,1130.2615063404553,False
TSH_104,2023-05,23.08757739126233,0,0,0,999,0,5,1,33.0,74.0,0,1130.2615063404553,False
TSH_104,2023-06,23.08757739126233,0,0,0,999,0,6,1,33.0,74.0,0,1130.2615063404553,False
TSH_104,2023-07,23.08757739126233,0,0,0,999,0,7,1,33.0,74.0,0,1130.2615063404553,False
TSH_104,2023-08,23.08757739126233,0,0,0,999,0,8,1,33.0,74.0,0,1130.2615063404553,False
TSH_104,2023-09,23.08757739126233,0,0,0,999,0,9,1,33.0,74.0,0,1130.2615063404553,False
TSH_104,2023-10,23.08757739126233,0,0,0,999,0,10,0,33.0,74.0,0,1130.2615063404553,False
TSH_104,2023-11,23.08757739126233,0,0,0,999,0,11,0,33.0,74.0,0,1130.2615063404553,False
TSH_104,2023-12,23.08757739126233,0,0,0,999,0,12,0,33.0,74.0,0,1130.2615063404553,False
TSH_104,2024-01,23.08757739126233,0,0,0,999,0,1,0,33.0,74.0,0,1130.2615063404553,False
TSH_104,2024-02,23.08757739126233,0,0,0,999,0,2,0,33.0,74.0,0,1130.2615063404553,False
TSH_104,2024-03,23.08757739126233,0,0,0,999,0,3,0,33.0,74.0,0,1130.2615063404553,False
TSH_104,2024-04,23.08757739126233,0,0,0,999,0,4,0,33.0,74.0,0,1130.2615063404553,False
TSH_104,2024-05,23.08757739126233,0,0,0,999,0,5,1,33.0,74.0,0,1130.2615063404553,False
TSH_104,2024-06,23.08757739126233,0,0,0,999,0,6,1,33.0,74.0,0,1130.2615063404553,False
TSH_104,2024-07,23.08757739126233,0,0,0,999,0,7,1,33.0,74.0,0,1130.2615063404553,False
TSH_104,2024-08,23.08757739126233,0,0,0,999,0,8,1,33.0,74.0,0,1130.2615063404553,False
TSH_104,2024-09,23.08757739126233,0,0,0,999,0,9,1,33.0,74.0,0,1130.2615063404553,False
TSH_104,2024-10,23.08757739126233,0,0,0,999,0,10,0,33.0,74.0,0,1130.2615063404553,False
TSH_104,2024-11,23.08757739126233,0,0,0,999,0,11,0,33.0,74.0,0,1130.2615063404553,False
TSH_104,2024-12,23.08757739126233,0,0,0,999,0,12,0,33.0,74.0,0,1130.2615063404553,False
TSH_104,2025-01,23.08757739126233,0,0,0,999,0,1,0,33.0,74.0,0,1130.2615063404553,False
TSH_104,2025-02,23.08757739126233,0,0,0,999,0,2,0,33.0,74.0,0,1130.2615063404553,False
TSH_104,2025-03,23.08757739126233,0,0,0,999,0,3,0,33.0,74.0,0,1130.2615063404553,False
TSH_104,2025-04,23.08757739126233,0,0,0,999,0,4,0,33.0,74.0,0,1130.2615063404553,False
TSH_104,2025-05,23.08757739126233,0,0,0,999,0,5,1,33.0,74.0,0,1130.2615063404553,False
TSH_104,2025-06,23.08757739126233,0,0,0,999,0,6,1,33.0,74.0,0,1130.2615063404553,False
TSH_104,2025-07,23.08757739126233,0,0,0,999,0,7,1,33.0,74.0,0,1130.2615063404553,False
TSH_104,2025-08,23.08757739126233,0,0,0,999,0,8,1,33.0,74.0,0,1130.2615063404553,False
TSH_104,2025-09,23.08757739126233,0,0,0,999,0,9,1,33.0,74.0,0,1130.2615063404553,False
TSH_104,2025-10,23.08757739126233,0,0,0,999,0,10,0,33.0,74.0,0,1130.2615063404553,False
TSH_104,2025-11,23.08757739126233,0,0,0,999,0,11,0,33.0,74.0,0,1130.2615063404553,False
TSH_104,2025-12,23.08757739126233,0,0,0,999,0,12,0,33.0,74.0,0,1130.2615063404553,False
TSH_104,2026-01,23.08757739126233,0,0,0,999,0,1,0,33.0,74.0,0,1130.2615063404553,False
TSH_104,2026-02,23.08757739126233,0,0,0,999,0,2,0,33.0,74.0,0,1130.2615063404553,False
TSH_104,2026-03,23.08757739126233,0,0,0,999,0,3,0,33.0,74.0,0,1130.2615063404553,False
TSH_105,2019-08,1133.330965468115,0,0,0,999,0,8,1,33.0,74.0,0,23.04622462090032,False
TSH_105,2019-09,1133.330965468115,0,0,0,999,0,9,1,33.0,74.0,0,23.04622462090032,False
TSH_105,2019-10,1133.330965468115,0,0,0,999,0,10,0,33.0,74.0,0,23.04622462090032,False
TSH_105,2019-11,1133.330965468115,0,0,0,999,0,11,0,33.0,74.0,0,23.04622462090032,False
TSH_105,2019-12,1133.330965468115,0,0,0,999,0,12,0,33.0,74.0,0,23.04622462090032,False
TSH_105,2020-01,1133.330965468115,0,0,0,999,0,1,0,33.0,74.0,0,23.04622462090032,False
TSH_105,2020-02,1133.330965468115,0,0,0,999,0,2,0,33.0,74.0,0,23.04622462090032,False
TSH_105,2020-03,1133.330965468115,0,0,0,999,0,3,0,33.0,74.0,0,23.04622462090032,False
TSH_105,2020-04,1133.330965468115,0,0,0,999,0,4,0,33.0,74.0,0,23.04622462090032,False
TSH_105,2020-05,1133.330965468115,0,0,0,999,0,5,1,33.0,74.0,0,23.04622462090032,False
TSH_105,2020-06,1133.330965468115,0,0,0,999,0,6,1,33.0,74.0,0,23.04622462090032,False
TSH_105,2020-07,1133.330965468115,0,0,0,999,0,7,1,33.0,74.0,0,23.04622462090032,False
TSH_105,2020-08,1133.330965468115,0,0,0,999,0,8,1,33.0,74.0,0,23.04622462090032,False
TSH_105,2020-09,1133.330965468115,0,0,0,999,0,9,1,33.0,74.0,0,23.04622462090032,False
TSH_105,2020-10,1133.330965468115,0,0,0,999,0,10,0,33.0,74.0,0,23.04622462090032,False
TSH_105,2020-11,1133.330965468115,0,0,0,999,0,11,0,33.0,74.0,0,23.04622462090032,False
TSH_105,2020-12,1133.330965468115,0,0,0,999,0,12,0,33.0,74.0,0,23.04622462090032,False
TSH_105,2021-01,1133.330965468115,0,0,0,999,0,1,0,33.0,74.0,0,23.04622462090032,False
TSH_105,2021-02,1133.330965468115,0,0,0,999,0,2,0,33.0,74.0,0,23.04622462090032,False
TSH_105,2021-03,1133.330965468115,0,0,0,999,0,3,0,33.0,74.0,0,23.04622462090032,False
TSH_105,2021-04,1133.330965468115,0,0,0,999,0,4,0,33.0,74.0,0,23.04622462090032,False
TSH_105,2021-05,1133.330965468115,0,0,0,999,0,5,1,33.0,74.0,0,23.04622462090032,False
TSH_105,2021-06,1133.330965468115,0,0,0,999,0,6,1,33.0,74.0,0,23.04622462090032,False
TSH_105,2021-07,1133.330965468115,0,0,0,999,0,7,1,33.0,74.0,0,23.04622462090032,False
TSH_105,2021-08,1133.330965468115,0,0,0,999,0,8,1,33.0,74.0,0,23.04622462090032,False
TSH_105,2021-09,1133.330965468115,0,0,0,999,0,9,1,33.0,74.0,0,23.04622462090032,False
TSH_105,2021-10,1133.330965468115,0,0,0,999,0,10,0,33.0,74.0,0,23.04622462090032,False
TSH_105,2021-11,1133.330965468115,0,0,0,999,0,11,0,33.0,74.0,0,23.04622462090032,False
TSH_105,2021-12,1133.330965468115,0,0,0,999,0,12,0,33.0,74.0,0,23.04622462090032,False
TSH_105,2022-01,1133.330965468115,0,0,0,999,0,1,0,33.0,74.0,0,23.04622462090032,False
TSH_105,2022-02,1133.330965468115,0,0,0,999,0,2,0,33.0,74.0,0,23.04622462090032,False
TSH_105,2022-03,1133.330965468115,0,0,0,999,0,3,0,33.0,74.0,0,23.04622462090032,False
TSH_105,2022-04,1133.330965468115,0,0,0,999,0,4,0,33.0,74.0,0,23.04622462090032,False
TSH_105,2022-05,1133.330965468115,0,0,0,999,0,5,1,33.0,74.0,0,23.04622462090032,False
TSH_105,2022-06,1133.330965468115,0,0,0,999,0,6,1,33.0,74.0,1,23.04622462090032,False
TSH_105,2022-07,1133.330965468115,0,0,0,999,0,7,1,33.0,74.0,1,23.04622462090032,False
TSH_105,2022-08,1133.330965468115,0,0,0,999,0,8,1,33.0,74.0,1,23.04622462090032,False
TSH_105,2022-09,1133.330965468115,1,1,1,0,0,9,1,33.0,74.0,1,23.04622462090032,False
TSH_105,2022-10,1133.330965468115,1,1,2,0,0,10,0,33.0,74.0,0,23.04622462090032,False
TSH_105,2022-11,1133.330965468115,0,0,2,1,0,11,0,33.0,74.0,1,23.04622462090032,False
TSH_105,2022-12,1133.330965468115,0,0,2,2,0,12,0,33.0,74.0,1,23.04622462090032,False
TSH_105,2023-01,1133.330965468115,0,0,2,3,0,1,0,33.0,74.0,1,23.04622462090032,False
TSH_105,2023-02,1133.330965468115,1,1,3,0,0,2,0,33.0,74.0,0,23.04622462090032,False
TSH_105,2023-03,1133.330965468115,0,0,3,1,0,3,0,33.0,74.0,0,23.04622462090032,False
TSH_105,2023-04,1133.330965468115,0,0,3,2,0,4,0,33.0,74.0,0,23.04622462090032,False
TSH_105,2023-05,1133.330965468115,0,0,3,3,0,5,1,33.0,74.0,0,23.04622462090032,False
TSH_105,2023-06,1133.330965468115,0,0,3,4,0,6,1,33.0,74.0,0,23.04622462090032,False
TSH_105,2023-07,1133.330965468115,0,0,3,5,0,7,1,33.0,74.0,0,23.04622462090032,False
TSH_105,2023-08,1133.330965468115,0,0,3,6,0,8,1,33.0,74.0,0,23.04622462090032,False
TSH_105,2023-09,1133.330965468115,0,0,3,7,0,9,1,33.0,74.0,0,23.04622462090032,False
TSH_105,2023-10,1133.330965468115,0,0,3,8,0,10,0,33.0,74.0,0,23.04622462090032,False
TSH_105,2023-11,1133.330965468115,0,0,3,9,0,11,0,33.0,74.0,0,23.04622462090032,False
TSH_105,2023-12,1133.330965468115,0,0,3,10,0,12,0,33.0,74.0,0,23.04622462090032,False
TSH_105,2024-01,1133.330965468115,0,0,3,11,0,1,0,33.0,74.0,0,23.04622462090032,False
TSH_105,2024-02,1133.330965468115,0,0,3,12,0,2,0,33.0,74.0,0,23.04622462090032,False
TSH_105,2024-03,1133.330965468115,0,0,3,13,0,3,0,33.0,74.0,0,23.04622462090032,False
TSH_105,2024-04,1133.330965468115,0,0,3,14,0,4,0,33.0,74.0,0,23.04622462090032,False
TSH_105,2024-05,1133.330965468115,0,0,3,15,0,5,1,33.0,74.0,0,23.04622462090032,False
TSH_105,2024-06,1133.330965468115,0,0,3,16,0,6,1,33.0,74.0,0,23.04622462090032,False
TSH_105,2024-07,1133.330965468115,0,0,3,17,0,7,1,33.0,74.0,0,23.04622462090032,False
TSH_105,2024-08,1133.330965468115,0,0,3,18,0,8,1,33.0,74.0,0,23.04622462090032,False
TSH_105,2024-09,1133.330965468115,0,0,3,19,0,9,1,33.0,74.0,0,23.04622462090032,False
TSH_105,2024-10,1133.330965468115,0,0,3,20,0,10,0,33.0,74.0,0,23.04622462090032,False
TSH_105,2024-11,1133.330965468115,0,0,3,21,0,11,0,33.0,74.0,0,23.04622462090032,False
TSH_105,2024-12,1133.330965468115,0,0,3,22,0,12,0,33.0,74.0,0,23.04622462090032,False
TSH_105,2025-01,1133.330965468115,0,0,3,23,0,1,0,33.0,74.0,0,23.04622462090032,False
TSH_105,2025-02,1133.330965468115,0,0,3,24,0,2,0,33.0,74.0,0,23.04622462090032,False
TSH_105,2025-03,1133.330965468115,0,0,3,25,0,3,0,33.0,74.0,0,23.04622462090032,False
TSH_105,2025-04,1133.330965468115,0,0,3,26,0,4,0,33.0,74.0,0,23.04622462090032,False
TSH_105,2025-05,1133.330965468115,0,0,3,27,0,5,1,33.0,74.0,0,23.04622462090032,False
TSH_105,2025-06,1133.330965468115,0,0,3,28,0,6,1,33.0,74.0,0,23.04622462090032,False
TSH_105,2025-07,1133.330965468115,0,0,3,29,0,7,1,33.0,74.0,0,23.04622462090032,False
TSH_105,2025-08,1133.330965468115,0,0,3,30,0,8,1,33.0,74.0,0,23.04622462090032,False
TSH_105,2025-09,1133.330965468115,0,0,3,31,0,9,1,33.0,74.0,0,23.04622462090032,False
TSH_105,2025-10,1133.330965468115,0,0,3,32,0,10,0,33.0,74.0,0,23.04622462090032,False
TSH_105,2025-11,1133.330965468115,0,0,3,33,0,11,0,33.0,74.0,0,23.04622462090032,False
TSH_105,2025-12,1133.330965468115,0,0,3,34,0,12,0,33.0,74.0,0,23.04622462090032,False
TSH_105,2026-01,1133.330965468115,0,0,3,35,0,1,0,33.0,74.0,0,23.04622462090032,False
TSH_105,2026-02,1133.330965468115,0,0,3,36,0,2,0,33.0,74.0,0,23.04622462090032,False
TSH_105,2026-03,1133.330965468115,0,0,3,37,0,3,0,33.0,74.0,0,23.04622462090032,False
TSH_106,2019-08,19.36999901015545,0,0,0,999,0,8,1,33.0,34.6,0,1436.4481890480336,True
TSH_106,2019-09,19.36999901015545,0,0,0,999,0,9,1,33.0,34.6,0,1436.4481890480336,True
TSH_106,2019-10,19.36999901015545,0,0,0,999,0,10,0,33.0,34.6,0,1436.4481890480336,True
TSH_106,2019-11,19.36999901015545,0,0,0,999,0,11,0,33.0,34.6,0,1436.4481890480336,True
TSH_106,2019-12,19.36999901015545,0,0,0,999,0,12,0,33.0,34.6,0,1436.4481890480336,True
TSH_106,2020-01,19.36999901015545,0,0,0,999,0,1,0,33.0,34.6,0,1436.4481890480336,True
TSH_106,2020-02,19.36999901015545,0,0,0,999,0,2,0,33.0,34.6,0,1436.4481890480336,True
TSH_106,2020-03,19.36999901015545,0,0,0,999,0,3,0,33.0,34.6,0,1436.4481890480336,True
TSH_106,2020-04,19.36999901015545,0,0,0,999,0,4,0,33.0,34.6,0,1436.4481890480336,True
TSH_106,2020-05,19.36999901015545,0,0,0,999,0,5,1,33.0,34.6,0,1436.4481890480336,True
TSH_106,2020-06,19.36999901015545,0,0,0,999,0,6,1,33.0,34.6,0,1436.4481890480336,True
TSH_106,2020-07,19.36999901015545,0,0,0,999,0,7,1,33.0,34.6,0,1436.4481890480336,True
TSH_106,2020-08,19.36999901015545,0,0,0,999,0,8,1,33.0,34.6,0,1436.4481890480336,True
TSH_106,2020-09,19.36999901015545,0,0,0,999,0,9,1,33.0,34.6,0,1436.4481890480336,True
TSH_106,2020-10,19.36999901015545,0,0,0,999,0,10,0,33.0,34.6,0,1436.4481890480336,True
TSH_106,2020-11,19.36999901015545,0,0,0,999,0,11,0,33.0,34.6,0,1436.4481890480336,True
TSH_106,2020-12,19.36999901015545,0,0,0,999,0,12,0,33.0,34.6,0,1436.4481890480336,True
TSH_106,2021-01,19.36999901015545,0,0,0,999,0,1,0,33.0,34.6,0,1436.4481890480336,True
TSH_106,2021-02,19.36999901015545,0,0,0,999,0,2,0,33.0,34.6,0,1436.4481890480336,True
TSH_106,2021-03,19.36999901015545,0,0,0,999,0,3,0,33.0,34.6,0,1436.4481890480336,True
TSH_106,2021-04,19.36999901015545,0,0,0,999,0,4,0,33.0,34.6,0,1436.4481890480336,True
TSH_106,2021-05,19.36999901015545,0,0,0,999,0,5,1,33.0,34.6,0,1436.4481890480336,True
TSH_106,2021-06,19.36999901015545,0,0,0,999,0,6,1,33.0,34.6,0,1436.4481890480336,True
TSH_106,2021-07,19.36999901015545,0,0,0,999,0,7,1,33.0,34.6,0,1436.4481890480336,True
TSH_106,2021-08,19.36999901015545,0,0,0,999,0,8,1,33.0,34.6,0,1436.4481890480336,True
TSH_106,2021-09,19.36999901015545,0,0,0,999,0,9,1,33.0,34.6,0,1436.4481890480336,True
TSH_106,2021-10,19.36999901015545,0,0,0,999,0,10,0,33.0,34.6,0,1436.4481890480336,True
TSH_106,2021-11,19.36999901015545,0,0,0,999,0,11,0,33.0,34.6,0,1436.4481890480336,True
TSH_106,2021-12,19.36999901015545,0,0,0,999,0,12,0,33.0,34.6,0,1436.4481890480336,True
TSH_106,2022-01,19.36999901015545,0,0,0,999,0,1,0,33.0,34.6,0,1436.4481890480336,True
TSH_106,2022-02,19.36999901015545,0,0,0,999,0,2,0,33.0,34.6,0,1436.4481890480336,True
TSH_106,2022-03,19.36999901015545,0,0,0,999,0,3,0,33.0,34.6,0,1436.4481890480336,True
TSH_106,2022-04,19.36999901015545,0,0,0,999,0,4,0,33.0,34.6,0,1436.4481890480336,True
TSH_106,2022-05,19.36999901015545,0,0,0,999,0,5,1,33.0,34.6,0,1436.4481890480336,True
TSH_106,2022-06,19.36999901015545,0,0,0,999,0,6,1,33.0,34.6,0,1436.4481890480336,True
TSH_106,2022-07,19.36999901015545,0,0,0,999,0,7,1,33.0,34.6,0,1436.4481890480336,True
TSH_106,2022-08,19.36999901015545,0,0,0,999,0,8,1,33.0,34.6,0,1436.4481890480336,True
TSH_106,2022-09,19.36999901015545,0,0,0,999,0,9,1,33.0,34.6,0,1436.4481890480336,True
TSH_106,2022-10,19.36999901015545,0,0,0,999,0,10,0,33.0,34.6,0,1436.4481890480336,True
TSH_106,2022-11,19.36999901015545,0,0,0,999,0,11,0,33.0,34.6,0,1436.4481890480336,True
TSH_106,2022-12,19.36999901015545,0,0,0,999,0,12,0,33.0,34.6,0,1436.4481890480336,True
TSH_106,2023-01,19.36999901015545,0,0,0,999,0,1,0,33.0,34.6,0,1436.4481890480336,True
TSH_106,2023-02,19.36999901015545,0,0,0,999,0,2,0,33.0,34.6,0,1436.4481890480336,True
TSH_106,2023-03,19.36999901015545,0,0,0,999,0,3,0,33.0,34.6,0,1436.4481890480336,True
TSH_106,2023-04,19.36999901015545,0,0,0,999,0,4,0,33.0,34.6,0,1436.4481890480336,True
TSH_106,2023-05,19.36999901015545,0,0,0,999,0,5,1,33.0,34.6,0,1436.4481890480336,True
TSH_106,2023-06,19.36999901015545,0,0,0,999,0,6,1,33.0,34.6,0,1436.4481890480336,True
TSH_106,2023-07,19.36999901015545,0,0,0,999,0,7,1,33.0,34.6,0,1436.4481890480336,True
TSH_106,2023-08,19.36999901015545,0,0,0,999,0,8,1,33.0,34.6,0,1436.4481890480336,True
TSH_106,2023-09,19.36999901015545,0,0,0,999,0,9,1,33.0,34.6,0,1436.4481890480336,True
TSH_106,2023-10,19.36999901015545,0,0,0,999,0,10,0,33.0,34.6,0,1436.4481890480336,True
TSH_106,2023-11,19.36999901015545,0,0,0,999,0,11,0,33.0,34.6,0,1436.4481890480336,True
TSH_106,2023-12,19.36999901015545,0,0,0,999,0,12,0,33.0,34.6,0,1436.4481890480336,True
TSH_106,2024-01,19.36999901015545,0,0,0,999,0,1,0,33.0,34.6,0,1436.4481890480336,True
TSH_106,2024-02,19.36999901015545,0,0,0,999,0,2,0,33.0,34.6,0,1436.4481890480336,True
TSH_106,2024-03,19.36999901015545,0,0,0,999,0,3,0,33.0,34.6,0,1436.4481890480336,True
TSH_106,2024-04,19.36999901015545,0,0,0,999,0,4,0,33.0,34.6,0,1436.4481890480336,True
TSH_106,2024-05,19.36999901015545,0,0,0,999,0,5,1,33.0,34.6,0,1436.4481890480336,True
TSH_106,2024-06,19.36999901015545,0,0,0,999,0,6,1,33.0,34.6,0,1436.4481890480336,True
TSH_106,2024-07,19.36999901015545,0,0,0,999,0,7,1,33.0,34.6,0,1436.4481890480336,True
TSH_106,2024-08,19.36999901015545,0,0,0,999,0,8,1,33.0,34.6,0,1436.4481890480336,True
TSH_106,2024-09,19.36999901015545,0,0,0,999,0,9,1,33.0,34.6,0,1436.4481890480336,True
TSH_106,2024-10,19.36999901015545,0,0,0,999,0,10,0,33.0,34.6,0,1436.4481890480336,True
TSH_106,2024-11,19.36999901015545,0,0,0,999,0,11,0,33.0,34.6,0,1436.4481890480336,True
TSH_106,2024-12,19.36999901015545,0,0,0,999,0,12,0,33.0,34.6,0,1436.4481890480336,True
TSH_106,2025-01,19.36999901015545,0,0,0,999,0,1,0,33.0,34.6,0,1436.4481890480336,True
TSH_106,2025-02,19.36999901015545,0,0,0,999,0,2,0,33.0,34.6,0,1436.4481890480336,True
TSH_106,2025-03,19.36999901015545,0,0,0,999,0,3,0,33.0,34.6,0,1436.4481890480336,True
TSH_106,2025-04,19.36999901015545,0,0,0,999,0,4,0,33.0,34.6,0,1436.4481890480336,True
TSH_106,2025-05,19.36999901015545,0,0,0,999,0,5,1,33.0,34.6,0,1436.4481890480336,True
TSH_106,2025-06,19.36999901015545,0,0,0,999,0,6,1,33.0,34.6,0,1436.4481890480336,True
TSH_106,2025-07,19.36999901015545,0,0,0,999,0,7,1,33.0,34.6,0,1436.4481890480336,True
TSH_106,2025-08,19.36999901015545,0,0,0,999,0,8,1,33.0,34.6,0,1436.4481890480336,True
TSH_106,2025-09,19.36999901015545,0,0,0,999,0,9,1,33.0,34.6,0,1436.4481890480336,True
TSH_106,2025-10,19.36999901015545,0,0,0,999,0,10,0,33.0,34.6,0,1436.4481890480336,True
TSH_106,2025-11,19.36999901015545,0,0,0,999,0,11,0,33.0,34.6,0,1436.4481890480336,True
TSH_106,2025-12,19.36999901015545,0,0,0,999,0,12,0,33.0,34.6,0,1436.4481890480336,True
TSH_106,2026-01,19.36999901015545,0,0,0,999,0,1,0,33.0,34.6,0,1436.4481890480336,True
TSH_106,2026-02,19.36999901015545,0,0,0,999,0,2,0,33.0,34.6,0,1436.4481890480336,True
TSH_106,2026-03,19.36999901015545,0,0,0,999,0,3,0,33.0,34.6,0,1436.4481890480336,True
TSH_107,2019-08,6.541905707860187,0,0,0,999,0,8,1,33.0,34.6,0,4253.194901077387,True
TSH_107,2019-09,6.541905707860187,0,0,0,999,0,9,1,33.0,34.6,0,4253.194901077387,True
TSH_107,2019-10,6.541905707860187,0,0,0,999,0,10,0,33.0,34.6,0,4253.194901077387,True
TSH_107,2019-11,6.541905707860187,0,0,0,999,0,11,0,33.0,34.6,0,4253.194901077387,True
TSH_107,2019-12,6.541905707860187,0,0,0,999,0,12,0,33.0,34.6,0,4253.194901077387,True
TSH_107,2020-01,6.541905707860187,0,0,0,999,0,1,0,33.0,34.6,0,4253.194901077387,True
TSH_107,2020-02,6.541905707860187,0,0,0,999,0,2,0,33.0,34.6,0,4253.194901077387,True
TSH_107,2020-03,6.541905707860187,0,0,0,999,0,3,0,33.0,34.6,0,4253.194901077387,True
TSH_107,2020-04,6.541905707860187,0,0,0,999,0,4,0,33.0,34.6,0,4253.194901077387,True
TSH_107,2020-05,6.541905707860187,0,0,0,999,0,5,1,33.0,34.6,0,4253.194901077387,True
TSH_107,2020-06,6.541905707860187,0,0,0,999,0,6,1,33.0,34.6,0,4253.194901077387,True
TSH_107,2020-07,6.541905707860187,0,0,0,999,0,7,1,33.0,34.6,0,4253.194901077387,True
TSH_107,2020-08,6.541905707860187,0,0,0,999,0,8,1,33.0,34.6,0,4253.194901077387,True
TSH_107,2020-09,6.541905707860187,0,0,0,999,0,9,1,33.0,34.6,0,4253.194901077387,True
TSH_107,2020-10,6.541905707860187,0,0,0,999,0,10,0,33.0,34.6,0,4253.194901077387,True
TSH_107,2020-11,6.541905707860187,0,0,0,999,0,11,0,33.0,34.6,0,4253.194901077387,True
TSH_107,2020-12,6.541905707860187,0,0,0,999,0,12,0,33.0,34.6,0,4253.194901077387,True
TSH_107,2021-01,6.541905707860187,0,0,0,999,0,1,0,33.0,34.6,0,4253.194901077387,True
TSH_107,2021-02,6.541905707860187,0,0,0,999,0,2,0,33.0,34.6,0,4253.194901077387,True
TSH_107,2021-03,6.541905707860187,0,0,0,999,0,3,0,33.0,34.6,0,4253.194901077387,True
TSH_107,2021-04,6.541905707860187,0,0,0,999,0,4,0,33.0,34.6,0,4253.194901077387,True
TSH_107,2021-05,6.541905707860187,0,0,0,999,0,5,1,33.0,34.6,0,4253.194901077387,True
TSH_107,2021-06,6.541905707860187,0,0,0,999,0,6,1,33.0,34.6,0,4253.194901077387,True
TSH_107,2021-07,6.541905707860187,0,0,0,999,0,7,1,33.0,34.6,0,4253.194901077387,True
TSH_107,2021-08,6.541905707860187,0,0,0,999,0,8,1,33.0,34.6,0,4253.194901077387,True
TSH_107,2021-09,6.541905707860187,0,0,0,999,0,9,1,33.0,34.6,0,4253.194901077387,True
TSH_107,2021-10,6.541905707860187,0,0,0,999,0,10,0,33.0,34.6,0,4253.194901077387,True
TSH_107,2021-11,6.541905707860187,0,0,0,999,0,11,0,33.0,34.6,0,4253.194901077387,True
TSH_107,2021-12,6.541905707860187,0,0,0,999,0,12,0,33.0,34.6,0,4253.194901077387,True
TSH_107,2022-01,6.541905707860187,0,0,0,999,0,1,0,33.0,34.6,0,4253.194901077387,True
TSH_107,2022-02,6.541905707860187,0,0,0,999,0,2,0,33.0,34.6,0,4253.194901077387,True
TSH_107,2022-03,6.541905707860187,0,0,0,999,0,3,0,33.0,34.6,0,4253.194901077387,True
TSH_107,2022-04,6.541905707860187,0,0,0,999,0,4,0,33.0,34.6,0,4253.194901077387,True
TSH_107,2022-05,6.541905707860187,0,0,0,999,0,5,1,33.0,34.6,0,4253.194901077387,True
TSH_107,2022-06,6.541905707860187,0,0,0,999,0,6,1,33.0,34.6,0,4253.194901077387,True
TSH_107,2022-07,6.541905707860187,0,0,0,999,0,7,1,33.0,34.6,0,4253.194901077387,True
TSH_107,2022-08,6.541905707860187,0,0,0,999,0,8,1,33.0,34.6,0,4253.194901077387,True
TSH_107,2022-09,6.541905707860187,0,0,0,999,0,9,1,33.0,34.6,0,4253.194901077387,True
TSH_107,2022-10,6.541905707860187,0,0,0,999,0,10,0,33.0,34.6,0,4253.194901077387,True
TSH_107,2022-11,6.541905707860187,0,0,0,999,0,11,0,33.0,34.6,0,4253.194901077387,True
TSH_107,2022-12,6.541905707860187,0,0,0,999,0,12,0,33.0,34.6,0,4253.194901077387,True
TSH_107,2023-01,6.541905707860187,0,0,0,999,0,1,0,33.0,34.6,0,4253.194901077387,True
TSH_107,2023-02,6.541905707860187,0,0,0,999,0,2,0,33.0,34.6,0,4253.194901077387,True
TSH_107,2023-03,6.541905707860187,0,0,0,999,0,3,0,33.0,34.6,0,4253.194901077387,True
TSH_107,2023-04,6.541905707860187,0,0,0,999,0,4,0,33.0,34.6,0,4253.194901077387,True
TSH_107,2023-05,6.541905707860187,0,0,0,999,0,5,1,33.0,34.6,0,4253.194901077387,True
TSH_107,2023-06,6.541905707860187,0,0,0,999,0,6,1,33.0,34.6,0,4253.194901077387,True
TSH_107,2023-07,6.541905707860187,0,0,0,999,0,7,1,33.0,34.6,0,4253.194901077387,True
TSH_107,2023-08,6.541905707860187,0,0,0,999,0,8,1,33.0,34.6,0,4253.194901077387,True
TSH_107,2023-09,6.541905707860187,0,0,0,999,0,9,1,33.0,34.6,0,4253.194901077387,True
TSH_107,2023-10,6.541905707860187,0,0,0,999,0,10,0,33.0,34.6,0,4253.194901077387,True
TSH_107,2023-11,6.541905707860187,0,0,0,999,0,11,0,33.0,34.6,0,4253.194901077387,True
TSH_107,2023-12,6.541905707860187,0,0,0,999,0,12,0,33.0,34.6,0,4253.194901077387,True
TSH_107,2024-01,6.541905707860187,0,0,0,999,0,1,0,33.0,34.6,0,4253.194901077387,True
TSH_107,2024-02,6.541905707860187,0,0,0,999,0,2,0,33.0,34.6,0,4253.194901077387,True
TSH_107,2024-03,6.541905707860187,0,0,0,999,0,3,0,33.0,34.6,0,4253.194901077387,True
TSH_107,2024-04,6.541905707860187,0,0,0,999,0,4,0,33.0,34.6,0,4253.194901077387,True
TSH_107,2024-05,6.541905707860187,0,0,0,999,0,5,1,33.0,34.6,0,4253.194901077387,True
TSH_107,2024-06,6.541905707860187,0,0,0,999,0,6,1,33.0,34.6,0,4253.194901077387,True
TSH_107,2024-07,6.541905707860187,0,0,0,999,0,7,1,33.0,34.6,0,4253.194901077387,True
TSH_107,2024-08,6.541905707860187,0,0,0,999,0,8,1,33.0,34.6,0,4253.194901077387,True
TSH_107,2024-09,6.541905707860187,0,0,0,999,0,9,1,33.0,34.6,0,4253.194901077387,True
TSH_107,2024-10,6.541905707860187,0,0,0,999,0,10,0,33.0,34.6,0,4253.194901077387,True
TSH_107,2024-11,6.541905707860187,0,0,0,999,0,11,0,33.0,34.6,0,4253.194901077387,True
TSH_107,2024-12,6.541905707860187,0,0,0,999,0,12,0,33.0,34.6,0,4253.194901077387,True
TSH_107,2025-01,6.541905707860187,0,0,0,999,0,1,0,33.0,34.6,0,4253.194901077387,True
TSH_107,2025-02,6.541905707860187,0,0,0,999,0,2,0,33.0,34.6,0,4253.194901077387,True
TSH_107,2025-03,6.541905707860187,0,0,0,999,0,3,0,33.0,34.6,0,4253.194901077387,True
TSH_107,2025-04,6.541905707860187,0,0,0,999,0,4,0,33.0,34.6,0,4253.194901077387,True
TSH_107,2025-05,6.541905707860187,0,0,0,999,0,5,1,33.0,34.6,0,4253.194901077387,True
TSH_107,2025-06,6.541905707860187,0,0,0,999,0,6,1,33.0,34.6,0,4253.194901077387,True
TSH_107,2025-07,6.541905707860187,0,0,0,999,0,7,1,33.0,34.6,0,4253.194901077387,True
TSH_107,2025-08,6.541905707860187,0,0,0,999,0,8,1,33.0,34.6,0,4253.194901077387,True
TSH_107,2025-09,6.541905707860187,0,0,0,999,0,9,1,33.0,34.6,0,4253.194901077387,True
TSH_107,2025-10,6.541905707860187,0,0,0,999,0,10,0,33.0,34.6,0,4253.194901077387,True
TSH_107,2025-11,6.541905707860187,0,0,0,999,0,11,0,33.0,34.6,0,4253.194901077387,True
TSH_107,2025-12,6.541905707860187,0,0,0,999,0,12,0,33.0,34.6,0,4253.194901077387,True
TSH_107,2026-01,6.541905707860187,0,0,0,999,0,1,0,33.0,34.6,0,4253.194901077387,True
TSH_107,2026-02,6.541905707860187,0,0,0,999,0,2,0,33.0,34.6,0,4253.194901077387,True
TSH_107,2026-03,6.541905707860187,0,0,0,999,0,3,0,33.0,34.6,0,4253.194901077387,True
TSH_11,2019-08,4.413062872700406,0,0,0,999,0,8,1,33.0,73.3,0,5492.557142102955,False
TSH_11,2019-09,4.413062872700406,0,0,0,999,0,9,1,33.0,73.3,0,5492.557142102955,False
TSH_11,2019-10,4.413062872700406,0,0,0,999,0,10,0,33.0,73.3,0,5492.557142102955,False
TSH_11,2019-11,4.413062872700406,0,0,0,999,0,11,0,33.0,73.3,0,5492.557142102955,False
TSH_11,2019-12,4.413062872700406,0,0,0,999,0,12,0,33.0,73.3,0,5492.557142102955,False
TSH_11,2020-01,4.413062872700406,0,0,0,999,0,1,0,33.0,73.3,0,5492.557142102955,False
TSH_11,2020-02,4.413062872700406,0,0,0,999,0,2,0,33.0,73.3,0,5492.557142102955,False
TSH_11,2020-03,4.413062872700406,0,0,0,999,0,3,0,33.0,73.3,0,5492.557142102955,False
TSH_11,2020-04,4.413062872700406,0,0,0,999,0,4,0,33.0,73.3,0,5492.557142102955,False
TSH_11,2020-05,4.413062872700406,0,0,0,999,0,5,1,33.0,73.3,0,5492.557142102955,False
TSH_11,2020-06,4.413062872700406,0,0,0,999,0,6,1,33.0,73.3,0,5492.557142102955,False
TSH_11,2020-07,4.413062872700406,0,0,0,999,0,7,1,33.0,73.3,0,5492.557142102955,False
TSH_11,2020-08,4.413062872700406,0,0,0,999,0,8,1,33.0,73.3,0,5492.557142102955,False
TSH_11,2020-09,4.413062872700406,0,0,0,999,0,9,1,33.0,73.3,0,5492.557142102955,False
TSH_11,2020-10,4.413062872700406,0,0,0,999,0,10,0,33.0,73.3,0,5492.557142102955,False
TSH_11,2020-11,4.413062872700406,0,0,0,999,0,11,0,33.0,73.3,0,5492.557142102955,False
TSH_11,2020-12,4.413062872700406,0,0,0,999,0,12,0,33.0,73.3,0,5492.557142102955,False
TSH_11,2021-01,4.413062872700406,0,0,0,999,0,1,0,33.0,73.3,0,5492.557142102955,False
TSH_11,2021-02,4.413062872700406,0,0,0,999,0,2,0,33.0,73.3,0,5492.557142102955,False
TSH_11,2021-03,4.413062872700406,0,0,0,999,0,3,0,33.0,73.3,0,5492.557142102955,False
TSH_11,2021-04,4.413062872700406,0,0,0,999,0,4,0,33.0,73.3,0,5492.557142102955,False
TSH_11,2021-05,4.413062872700406,0,0,0,999,0,5,1,33.0,73.3,0,5492.557142102955,False
TSH_11,2021-06,4.413062872700406,0,0,0,999,0,6,1,33.0,73.3,0,5492.557142102955,False
TSH_11,2021-07,4.413062872700406,0,0,0,999,0,7,1,33.0,73.3,0,5492.557142102955,False
TSH_11,2021-08,4.413062872700406,0,0,0,999,0,8,1,33.0,73.3,0,5492.557142102955,False
TSH_11,2021-09,4.413062872700406,0,0,0,999,0,9,1,33.0,73.3,0,5492.557142102955,False
TSH_11,2021-10,4.413062872700406,0,0,0,999,0,10,0,33.0,73.3,0,5492.557142102955,False
TSH_11,2021-11,4.413062872700406,0,0,0,999,0,11,0,33.0,73.3,0,5492.557142102955,False
TSH_11,2021-12,4.413062872700406,0,0,0,999,0,12,0,33.0,73.3,0,5492.557142102955,False
TSH_11,2022-01,4.413062872700406,0,0,0,999,0,1,0,33.0,73.3,0,5492.557142102955,False
TSH_11,2022-02,4.413062872700406,0,0,0,999,0,2,0,33.0,73.3,0,5492.557142102955,False
TSH_11,2022-03,4.413062872700406,0,0,0,999,0,3,0,33.0,73.3,0,5492.557142102955,False
TSH_11,2022-04,4.413062872700406,0,0,0,999,0,4,0,33.0,73.3,0,5492.557142102955,False
TSH_11,2022-05,4.413062872700406,0,0,0,999,0,5,1,33.0,73.3,0,5492.557142102955,False
TSH_11,2022-06,4.413062872700406,0,0,0,999,0,6,1,33.0,73.3,0,5492.557142102955,False
TSH_11,2022-07,4.413062872700406,0,0,0,999,0,7,1,33.0,73.3,0,5492.557142102955,False
TSH_11,2022-08,4.413062872700406,0,0,0,999,0,8,1,33.0,73.3,0,5492.557142102955,False
TSH_11,2022-09,4.413062872700406,0,0,0,999,0,9,1,33.0,73.3,0,5492.557142102955,False
TSH_11,2022-10,4.413062872700406,0,0,0,999,0,10,0,33.0,73.3,0,5492.557142102955,False
TSH_11,2022-11,4.413062872700406,0,0,0,999,0,11,0,33.0,73.3,0,5492.557142102955,False
TSH_11,2022-12,4.413062872700406,0,0,0,999,0,12,0,33.0,73.3,0,5492.557142102955,False
TSH_11,2023-01,4.413062872700406,0,0,0,999,0,1,0,33.0,73.3,0,5492.557142102955,False
TSH_11,2023-02,4.413062872700406,0,0,0,999,0,2,0,33.0,73.3,0,5492.557142102955,False
TSH_11,2023-03,4.413062872700406,0,0,0,999,0,3,0,33.0,73.3,0,5492.557142102955,False
TSH_11,2023-04,4.413062872700406,0,0,0,999,0,4,0,33.0,73.3,0,5492.557142102955,False
TSH_11,2023-05,4.413062872700406,0,0,0,999,0,5,1,33.0,73.3,0,5492.557142102955,False
TSH_11,2023-06,4.413062872700406,0,0,0,999,0,6,1,33.0,73.3,0,5492.557142102955,False
TSH_11,2023-07,4.413062872700406,0,0,0,999,0,7,1,33.0,73.3,0,5492.557142102955,False
TSH_11,2023-08,4.413062872700406,0,0,0,999,0,8,1,33.0,73.3,0,5492.557142102955,False
TSH_11,2023-09,4.413062872700406,0,0,0,999,0,9,1,33.0,73.3,0,5492.557142102955,False
TSH_11,2023-10,4.413062872700406,0,0,0,999,0,10,0,33.0,73.3,0,5492.557142102955,False
TSH_11,2023-11,4.413062872700406,0,0,0,999,0,11,0,33.0,73.3,0,5492.557142102955,False
TSH_11,2023-12,4.413062872700406,0,0,0,999,0,12,0,33.0,73.3,0,5492.557142102955,False
TSH_11,2024-01,4.413062872700406,0,0,0,999,0,1,0,33.0,73.3,0,5492.557142102955,False
TSH_11,2024-02,4.413062872700406,0,0,0,999,0,2,0,33.0,73.3,0,5492.557142102955,False
TSH_11,2024-03,4.413062872700406,0,0,0,999,0,3,0,33.0,73.3,0,5492.557142102955,False
TSH_11,2024-04,4.413062872700406,0,0,0,999,0,4,0,33.0,73.3,0,5492.557142102955,False
TSH_11,2024-05,4.413062872700406,0,0,0,999,0,5,1,33.0,73.3,0,5492.557142102955,False
TSH_11,2024-06,4.413062872700406,0,0,0,999,0,6,1,33.0,73.3,0,5492.557142102955,False
TSH_11,2024-07,4.413062872700406,0,0,0,999,0,7,1,33.0,73.3,0,5492.557142102955,False
TSH_11,2024-08,4.413062872700406,0,0,0,999,0,8,1,33.0,73.3,0,5492.557142102955,False
TSH_11,2024-09,4.413062872700406,0,0,0,999,0,9,1,33.0,73.3,0,5492.557142102955,False
TSH_11,2024-10,4.413062872700406,0,0,0,999,0,10,0,33.0,73.3,0,5492.557142102955,False
TSH_11,2024-11,4.413062872700406,0,0,0,999,0,11,0,33.0,73.3,0,5492.557142102955,False
TSH_11,2024-12,4.413062872700406,0,0,0,999,0,12,0,33.0,73.3,0,5492.557142102955,False
TSH_11,2025-01,4.413062872700406,0,0,0,999,0,1,0,33.0,73.3,0,5492.557142102955,False
TSH_11,2025-02,4.413062872700406,0,0,0,999,0,2,0,33.0,73.3,0,5492.557142102955,False
TSH_11,2025-03,4.413062872700406,0,0,0,999,0,3,0,33.0,73.3,0,5492.557142102955,False
TSH_11,2025-04,4.413062872700406,0,0,0,999,0,4,0,33.0,73.3,0,5492.557142102955,False
TSH_11,2025-05,4.413062872700406,0,0,0,999,0,5,1,33.0,73.3,0,5492.557142102955,False
TSH_11,2025-06,4.413062872700406,0,0,0,999,0,6,1,33.0,73.3,0,5492.557142102955,False
TSH_11,2025-07,4.413062872700406,0,0,0,999,0,7,1,33.0,73.3,0,5492.557142102955,False
TSH_11,2025-08,4.413062872700406,0,0,0,999,0,8,1,33.0,73.3,0,5492.557142102955,False
TSH_11,2025-09,4.413062872700406,0,0,0,999,0,9,1,33.0,73.3,0,5492.557142102955,False
TSH_11,2025-10,4.413062872700406,0,0,0,999,0,10,0,33.0,73.3,0,5492.557142102955,False
TSH_11,2025-11,4.413062872700406,0,0,0,999,0,11,0,33.0,73.3,0,5492.557142102955,False
TSH_11,2025-12,4.413062872700406,0,0,0,999,0,12,0,33.0,73.3,0,5492.557142102955,False
TSH_11,2026-01,4.413062872700406,0,0,0,999,0,1,0,33.0,73.3,0,5492.557142102955,False
TSH_11,2026-02,4.413062872700406,0,0,0,999,0,2,0,33.0,73.3,0,5492.557142102955,False
TSH_11,2026-03,4.413062872700406,0,0,0,999,0,3,0,33.0,73.3,0,5492.557142102955,False
TSH_12,2019-08,4.701788323380109,0,0,0,999,0,8,1,33.0,73.3,0,4625.474075865115,False
TSH_12,2019-09,4.701788323380109,0,0,0,999,0,9,1,33.0,73.3,0,4625.474075865115,False
TSH_12,2019-10,4.701788323380109,0,0,0,999,0,10,0,33.0,73.3,0,4625.474075865115,False
TSH_12,2019-11,4.701788323380109,0,0,0,999,0,11,0,33.0,73.3,0,4625.474075865115,False
TSH_12,2019-12,4.701788323380109,0,0,0,999,0,12,0,33.0,73.3,0,4625.474075865115,False
TSH_12,2020-01,4.701788323380109,0,0,0,999,0,1,0,33.0,73.3,0,4625.474075865115,False
TSH_12,2020-02,4.701788323380109,0,0,0,999,0,2,0,33.0,73.3,0,4625.474075865115,False
TSH_12,2020-03,4.701788323380109,0,0,0,999,0,3,0,33.0,73.3,0,4625.474075865115,False
TSH_12,2020-04,4.701788323380109,0,0,0,999,0,4,0,33.0,73.3,0,4625.474075865115,False
TSH_12,2020-05,4.701788323380109,0,0,0,999,0,5,1,33.0,73.3,0,4625.474075865115,False
TSH_12,2020-06,4.701788323380109,0,0,0,999,0,6,1,33.0,73.3,0,4625.474075865115,False
TSH_12,2020-07,4.701788323380109,0,0,0,999,0,7,1,33.0,73.3,0,4625.474075865115,False
TSH_12,2020-08,4.701788323380109,0,0,0,999,0,8,1,33.0,73.3,0,4625.474075865115,False
TSH_12,2020-09,4.701788323380109,0,0,0,999,0,9,1,33.0,73.3,0,4625.474075865115,False
TSH_12,2020-10,4.701788323380109,0,0,0,999,0,10,0,33.0,73.3,0,4625.474075865115,False
TSH_12,2020-11,4.701788323380109,0,0,0,999,0,11,0,33.0,73.3,0,4625.474075865115,False
TSH_12,2020-12,4.701788323380109,0,0,0,999,0,12,0,33.0,73.3,0,4625.474075865115,False
TSH_12,2021-01,4.701788323380109,0,0,0,999,0,1,0,33.0,73.3,0,4625.474075865115,False
TSH_12,2021-02,4.701788323380109,0,0,0,999,0,2,0,33.0,73.3,0,4625.474075865115,False
TSH_12,2021-03,4.701788323380109,0,0,0,999,0,3,0,33.0,73.3,0,4625.474075865115,False
TSH_12,2021-04,4.701788323380109,0,0,0,999,0,4,0,33.0,73.3,0,4625.474075865115,False
TSH_12,2021-05,4.701788323380109,0,0,0,999,0,5,1,33.0,73.3,0,4625.474075865115,False
TSH_12,2021-06,4.701788323380109,0,0,0,999,0,6,1,33.0,73.3,0,4625.474075865115,False
TSH_12,2021-07,4.701788323380109,0,0,0,999,0,7,1,33.0,73.3,0,4625.474075865115,False
TSH_12,2021-08,4.701788323380109,0,0,0,999,0,8,1,33.0,73.3,0,4625.474075865115,False
TSH_12,2021-09,4.701788323380109,0,0,0,999,0,9,1,33.0,73.3,0,4625.474075865115,False
TSH_12,2021-10,4.701788323380109,0,0,0,999,0,10,0,33.0,73.3,0,4625.474075865115,False
TSH_12,2021-11,4.701788323380109,0,0,0,999,0,11,0,33.0,73.3,0,4625.474075865115,False
TSH_12,2021-12,4.701788323380109,0,0,0,999,0,12,0,33.0,73.3,0,4625.474075865115,False
TSH_12,2022-01,4.701788323380109,0,0,0,999,0,1,0,33.0,73.3,0,4625.474075865115,False
TSH_12,2022-02,4.701788323380109,0,0,0,999,0,2,0,33.0,73.3,0,4625.474075865115,False
TSH_12,2022-03,4.701788323380109,0,0,0,999,0,3,0,33.0,73.3,0,4625.474075865115,False
TSH_12,2022-04,4.701788323380109,0,0,0,999,0,4,0,33.0,73.3,0,4625.474075865115,False
TSH_12,2022-05,4.701788323380109,0,0,0,999,0,5,1,33.0,73.3,0,4625.474075865115,False
TSH_12,2022-06,4.701788323380109,0,0,0,999,0,6,1,33.0,73.3,0,4625.474075865115,False
TSH_12,2022-07,4.701788323380109,0,0,0,999,0,7,1,33.0,73.3,0,4625.474075865115,False
TSH_12,2022-08,4.701788323380109,0,0,0,999,0,8,1,33.0,73.3,0,4625.474075865115,False
TSH_12,2022-09,4.701788323380109,0,0,0,999,0,9,1,33.0,73.3,0,4625.474075865115,False
TSH_12,2022-10,4.701788323380109,0,0,0,999,0,10,0,33.0,73.3,0,4625.474075865115,False
TSH_12,2022-11,4.701788323380109,0,0,0,999,0,11,0,33.0,73.3,0,4625.474075865115,False
TSH_12,2022-12,4.701788323380109,0,0,0,999,0,12,0,33.0,73.3,0,4625.474075865115,False
TSH_12,2023-01,4.701788323380109,0,0,0,999,0,1,0,33.0,73.3,0,4625.474075865115,False
TSH_12,2023-02,4.701788323380109,0,0,0,999,0,2,0,33.0,73.3,0,4625.474075865115,False
TSH_12,2023-03,4.701788323380109,0,0,0,999,0,3,0,33.0,73.3,0,4625.474075865115,False
TSH_12,2023-04,4.701788323380109,0,0,0,999,0,4,0,33.0,73.3,0,4625.474075865115,False
TSH_12,2023-05,4.701788323380109,0,0,0,999,0,5,1,33.0,73.3,0,4625.474075865115,False
TSH_12,2023-06,4.701788323380109,0,0,0,999,0,6,1,33.0,73.3,0,4625.474075865115,False
TSH_12,2023-07,4.701788323380109,0,0,0,999,0,7,1,33.0,73.3,0,4625.474075865115,False
TSH_12,2023-08,4.701788323380109,0,0,0,999,0,8,1,33.0,73.3,0,4625.474075865115,False
TSH_12,2023-09,4.701788323380109,0,0,0,999,0,9,1,33.0,73.3,0,4625.474075865115,False
TSH_12,2023-10,4.701788323380109,0,0,0,999,0,10,0,33.0,73.3,0,4625.474075865115,False
TSH_12,2023-11,4.701788323380109,0,0,0,999,0,11,0,33.0,73.3,0,4625.474075865115,False
TSH_12,2023-12,4.701788323380109,0,0,0,999,0,12,0,33.0,73.3,0,4625.474075865115,False
TSH_12,2024-01,4.701788323380109,0,0,0,999,0,1,0,33.0,73.3,0,4625.474075865115,False
TSH_12,2024-02,4.701788323380109,0,0,0,999,0,2,0,33.0,73.3,0,4625.474075865115,False
TSH_12,2024-03,4.701788323380109,0,0,0,999,0,3,0,33.0,73.3,0,4625.474075865115,False
TSH_12,2024-04,4.701788323380109,0,0,0,999,0,4,0,33.0,73.3,0,4625.474075865115,False
TSH_12,2024-05,4.701788323380109,0,0,0,999,0,5,1,33.0,73.3,0,4625.474075865115,False
TSH_12,2024-06,4.701788323380109,0,0,0,999,0,6,1,33.0,73.3,0,4625.474075865115,False
TSH_12,2024-07,4.701788323380109,0,0,0,999,0,7,1,33.0,73.3,0,4625.474075865115,False
TSH_12,2024-08,4.701788323380109,0,0,0,999,0,8,1,33.0,73.3,0,4625.474075865115,False
TSH_12,2024-09,4.701788323380109,0,0,0,999,0,9,1,33.0,73.3,0,4625.474075865115,False
TSH_12,2024-10,4.701788323380109,0,0,0,999,0,10,0,33.0,73.3,0,4625.474075865115,False
TSH_12,2024-11,4.701788323380109,0,0,0,999,0,11,0,33.0,73.3,0,4625.474075865115,False
TSH_12,2024-12,4.701788323380109,0,0,0,999,0,12,0,33.0,73.3,0,4625.474075865115,False
TSH_12,2025-01,4.701788323380109,0,0,0,999,0,1,0,33.0,73.3,0,4625.474075865115,False
TSH_12,2025-02,4.701788323380109,0,0,0,999,0,2,0,33.0,73.3,0,4625.474075865115,False
TSH_12,2025-03,4.701788323380109,0,0,0,999,0,3,0,33.0,73.3,0,4625.474075865115,False
TSH_12,2025-04,4.701788323380109,0,0,0,999,0,4,0,33.0,73.3,0,4625.474075865115,False
TSH_12,2025-05,4.701788323380109,0,0,0,999,0,5,1,33.0,73.3,0,4625.474075865115,False
TSH_12,2025-06,4.701788323380109,0,0,0,999,0,6,1,33.0,73.3,0,4625.474075865115,False
TSH_12,2025-07,4.701788323380109,0,0,0,999,0,7,1,33.0,73.3,0,4625.474075865115,False
TSH_12,2025-08,4.701788323380109,0,0,0,999,0,8,1,33.0,73.3,0,4625.474075865115,False
TSH_12,2025-09,4.701788323380109,0,0,0,999,0,9,1,33.0,73.3,0,4625.474075865115,False
TSH_12,2025-10,4.701788323380109,0,0,0,999,0,10,0,33.0,73.3,0,4625.474075865115,False
TSH_12,2025-11,4.701788323380109,0,0,0,999,0,11,0,33.0,73.3,0,4625.474075865115,False
TSH_12,2025-12,4.701788323380109,0,0,0,999,0,12,0,33.0,73.3,0,4625.474075865115,False
TSH_12,2026-01,4.701788323380109,0,0,0,999,0,1,0,33.0,73.3,0,4625.474075865115,False
TSH_12,2026-02,4.701788323380109,0,0,0,999,0,2,0,33.0,73.3,0,4625.474075865115,False
TSH_12,2026-03,4.701788323380109,0,0,0,999,0,3,0,33.0,73.3,0,4625.474075865115,False
TSH_13,2019-08,59.41503216069746,0,0,0,999,0,8,1,33.0,39.5,0,456.9045746971338,False
TSH_13,2019-09,59.41503216069746,0,0,0,999,0,9,1,33.0,39.5,0,456.9045746971338,False
TSH_13,2019-10,59.41503216069746,0,0,0,999,0,10,0,33.0,39.5,0,456.9045746971338,False
TSH_13,2019-11,59.41503216069746,0,0,0,999,0,11,0,33.0,39.5,0,456.9045746971338,False
TSH_13,2019-12,59.41503216069746,0,0,0,999,0,12,0,33.0,39.5,0,456.9045746971338,False
TSH_13,2020-01,59.41503216069746,0,0,0,999,0,1,0,33.0,39.5,0,456.9045746971338,False
TSH_13,2020-02,59.41503216069746,0,0,0,999,0,2,0,33.0,39.5,0,456.9045746971338,False
TSH_13,2020-03,59.41503216069746,0,0,0,999,0,3,0,33.0,39.5,0,456.9045746971338,False
TSH_13,2020-04,59.41503216069746,0,0,0,999,0,4,0,33.0,39.5,0,456.9045746971338,False
TSH_13,2020-05,59.41503216069746,0,0,0,999,0,5,1,33.0,39.5,0,456.9045746971338,False
TSH_13,2020-06,59.41503216069746,0,0,0,999,0,6,1,33.0,39.5,0,456.9045746971338,False
TSH_13,2020-07,59.41503216069746,0,0,0,999,0,7,1,33.0,39.5,0,456.9045746971338,False
TSH_13,2020-08,59.41503216069746,0,0,0,999,0,8,1,33.0,39.5,0,456.9045746971338,False
TSH_13,2020-09,59.41503216069746,0,0,0,999,0,9,1,33.0,39.5,0,456.9045746971338,False
TSH_13,2020-10,59.41503216069746,0,0,0,999,0,10,0,33.0,39.5,0,456.9045746971338,False
TSH_13,2020-11,59.41503216069746,0,0,0,999,0,11,0,33.0,39.5,0,456.9045746971338,False
TSH_13,2020-12,59.41503216069746,0,0,0,999,0,12,0,33.0,39.5,0,456.9045746971338,False
TSH_13,2021-01,59.41503216069746,0,0,0,999,0,1,0,33.0,39.5,0,456.9045746971338,False
TSH_13,2021-02,59.41503216069746,0,0,0,999,0,2,0,33.0,39.5,0,456.9045746971338,False
TSH_13,2021-03,59.41503216069746,0,0,0,999,0,3,0,33.0,39.5,0,456.9045746971338,False
TSH_13,2021-04,59.41503216069746,0,0,0,999,0,4,0,33.0,39.5,0,456.9045746971338,False
TSH_13,2021-05,59.41503216069746,0,0,0,999,0,5,1,33.0,39.5,0,456.9045746971338,False
TSH_13,2021-06,59.41503216069746,0,0,0,999,0,6,1,33.0,39.5,0,456.9045746971338,False
TSH_13,2021-07,59.41503216069746,0,0,0,999,0,7,1,33.0,39.5,0,456.9045746971338,False
TSH_13,2021-08,59.41503216069746,0,0,0,999,0,8,1,33.0,39.5,0,456.9045746971338,False
TSH_13,2021-09,59.41503216069746,0,0,0,999,0,9,1,33.0,39.5,0,456.9045746971338,False
TSH_13,2021-10,59.41503216069746,0,0,0,999,0,10,0,33.0,39.5,0,456.9045746971338,False
TSH_13,2021-11,59.41503216069746,0,0,0,999,0,11,0,33.0,39.5,0,456.9045746971338,False
TSH_13,2021-12,59.41503216069746,0,0,0,999,0,12,0,33.0,39.5,0,456.9045746971338,False
TSH_13,2022-01,59.41503216069746,0,0,0,999,0,1,0,33.0,39.5,0,456.9045746971338,False
TSH_13,2022-02,59.41503216069746,0,0,0,999,0,2,0,33.0,39.5,0,456.9045746971338,False
TSH_13,2022-03,59.41503216069746,0,0,0,999,0,3,0,33.0,39.5,0,456.9045746971338,False
TSH_13,2022-04,59.41503216069746,0,0,0,999,0,4,0,33.0,39.5,0,456.9045746971338,False
TSH_13,2022-05,59.41503216069746,0,0,0,999,0,5,1,33.0,39.5,0,456.9045746971338,False
TSH_13,2022-06,59.41503216069746,0,0,0,999,0,6,1,33.0,39.5,0,456.9045746971338,False
TSH_13,2022-07,59.41503216069746,0,0,0,999,0,7,1,33.0,39.5,0,456.9045746971338,False
TSH_13,2022-08,59.41503216069746,0,0,0,999,0,8,1,33.0,39.5,0,456.9045746971338,False
TSH_13,2022-09,59.41503216069746,0,0,0,999,0,9,1,33.0,39.5,0,456.9045746971338,False
TSH_13,2022-10,59.41503216069746,0,0,0,999,0,10,0,33.0,39.5,0,456.9045746971338,False
TSH_13,2022-11,59.41503216069746,0,0,0,999,0,11,0,33.0,39.5,0,456.9045746971338,False
TSH_13,2022-12,59.41503216069746,0,0,0,999,0,12,0,33.0,39.5,0,456.9045746971338,False
TSH_13,2023-01,59.41503216069746,0,0,0,999,0,1,0,33.0,39.5,0,456.9045746971338,False
TSH_13,2023-02,59.41503216069746,0,0,0,999,0,2,0,33.0,39.5,0,456.9045746971338,False
TSH_13,2023-03,59.41503216069746,0,0,0,999,0,3,0,33.0,39.5,0,456.9045746971338,False
TSH_13,2023-04,59.41503216069746,0,0,0,999,0,4,0,33.0,39.5,0,456.9045746971338,False
TSH_13,2023-05,59.41503216069746,0,0,0,999,0,5,1,33.0,39.5,0,456.9045746971338,False
TSH_13,2023-06,59.41503216069746,0,0,0,999,0,6,1,33.0,39.5,0,456.9045746971338,False
TSH_13,2023-07,59.41503216069746,0,0,0,999,0,7,1,33.0,39.5,0,456.9045746971338,False
TSH_13,2023-08,59.41503216069746,0,0,0,999,0,8,1,33.0,39.5,0,456.9045746971338,False
TSH_13,2023-09,59.41503216069746,0,0,0,999,0,9,1,33.0,39.5,0,456.9045746971338,False
TSH_13,2023-10,59.41503216069746,0,0,0,999,0,10,0,33.0,39.5,0,456.9045746971338,False
TSH_13,2023-11,59.41503216069746,0,0,0,999,0,11,0,33.0,39.5,0,456.9045746971338,False
TSH_13,2023-12,59.41503216069746,0,0,0,999,0,12,0,33.0,39.5,0,456.9045746971338,False
TSH_13,2024-01,59.41503216069746,0,0,0,999,0,1,0,33.0,39.5,0,456.9045746971338,False
TSH_13,2024-02,59.41503216069746,0,0,0,999,0,2,0,33.0,39.5,0,456.9045746971338,False
TSH_13,2024-03,59.41503216069746,0,0,0,999,0,3,0,33.0,39.5,0,456.9045746971338,False
TSH_13,2024-04,59.41503216069746,0,0,0,999,0,4,0,33.0,39.5,0,456.9045746971338,False
TSH_13,2024-05,59.41503216069746,0,0,0,999,0,5,1,33.0,39.5,0,456.9045746971338,False
TSH_13,2024-06,59.41503216069746,0,0,0,999,0,6,1,33.0,39.5,0,456.9045746971338,False
TSH_13,2024-07,59.41503216069746,0,0,0,999,0,7,1,33.0,39.5,0,456.9045746971338,False
TSH_13,2024-08,59.41503216069746,0,0,0,999,0,8,1,33.0,39.5,0,456.9045746971338,False
TSH_13,2024-09,59.41503216069746,0,0,0,999,0,9,1,33.0,39.5,0,456.9045746971338,False
TSH_13,2024-10,59.41503216069746,0,0,0,999,0,10,0,33.0,39.5,0,456.9045746971338,False
TSH_13,2024-11,59.41503216069746,0,0,0,999,0,11,0,33.0,39.5,0,456.9045746971338,False
TSH_13,2024-12,59.41503216069746,0,0,0,999,0,12,0,33.0,39.5,0,456.9045746971338,False
TSH_13,2025-01,59.41503216069746,0,0,0,999,0,1,0,33.0,39.5,0,456.9045746971338,False
TSH_13,2025-02,59.41503216069746,0,0,0,999,0,2,0,33.0,39.5,0,456.9045746971338,False
TSH_13,2025-03,59.41503216069746,0,0,0,999,0,3,0,33.0,39.5,0,456.9045746971338,False
TSH_13,2025-04,59.41503216069746,0,0,0,999,0,4,0,33.0,39.5,0,456.9045746971338,False
TSH_13,2025-05,59.41503216069746,0,0,0,999,0,5,1,33.0,39.5,0,456.9045746971338,False
TSH_13,2025-06,59.41503216069746,0,0,0,999,0,6,1,33.0,39.5,0,456.9045746971338,False
TSH_13,2025-07,59.41503216069746,0,0,0,999,0,7,1,33.0,39.5,0,456.9045746971338,False
TSH_13,2025-08,59.41503216069746,0,0,0,999,0,8,1,33.0,39.5,0,456.9045746971338,False
TSH_13,2025-09,59.41503216069746,0,0,0,999,0,9,1,33.0,39.5,0,456.9045746971338,False
TSH_13,2025-10,59.41503216069746,0,0,0,999,0,10,0,33.0,39.5,0,456.9045746971338,False
TSH_13,2025-11,59.41503216069746,0,0,0,999,0,11,0,33.0,39.5,0,456.9045746971338,False
TSH_13,2025-12,59.41503216069746,0,0,0,999,0,12,0,33.0,39.5,0,456.9045746971338,False
TSH_13,2026-01,59.41503216069746,0,0,0,999,0,1,0,33.0,39.5,0,456.9045746971338,False
TSH_13,2026-02,59.41503216069746,0,0,0,999,0,2,0,33.0,39.5,0,456.9045746971338,False
TSH_13,2026-03,59.41503216069746,0,0,0,999,0,3,0,33.0,39.5,0,456.9045746971338,False
TSH_14,2019-08,8.224916922627743,0,0,0,999,0,8,1,33.0,39.5,0,3287.084873236918,False
TSH_14,2019-09,8.224916922627743,0,0,0,999,0,9,1,33.0,39.5,0,3287.084873236918,False
TSH_14,2019-10,8.224916922627743,0,0,0,999,0,10,0,33.0,39.5,0,3287.084873236918,False
TSH_14,2019-11,8.224916922627743,0,0,0,999,0,11,0,33.0,39.5,0,3287.084873236918,False
TSH_14,2019-12,8.224916922627743,0,0,0,999,0,12,0,33.0,39.5,0,3287.084873236918,False
TSH_14,2020-01,8.224916922627743,0,0,0,999,0,1,0,33.0,39.5,0,3287.084873236918,False
TSH_14,2020-02,8.224916922627743,0,0,0,999,0,2,0,33.0,39.5,0,3287.084873236918,False
TSH_14,2020-03,8.224916922627743,0,0,0,999,0,3,0,33.0,39.5,0,3287.084873236918,False
TSH_14,2020-04,8.224916922627743,0,0,0,999,0,4,0,33.0,39.5,0,3287.084873236918,False
TSH_14,2020-05,8.224916922627743,0,0,0,999,0,5,1,33.0,39.5,0,3287.084873236918,False
TSH_14,2020-06,8.224916922627743,0,0,0,999,0,6,1,33.0,39.5,0,3287.084873236918,False
TSH_14,2020-07,8.224916922627743,0,0,0,999,0,7,1,33.0,39.5,0,3287.084873236918,False
TSH_14,2020-08,8.224916922627743,0,0,0,999,0,8,1,33.0,39.5,0,3287.084873236918,False
TSH_14,2020-09,8.224916922627743,0,0,0,999,0,9,1,33.0,39.5,0,3287.084873236918,False
TSH_14,2020-10,8.224916922627743,0,0,0,999,0,10,0,33.0,39.5,0,3287.084873236918,False
TSH_14,2020-11,8.224916922627743,0,0,0,999,0,11,0,33.0,39.5,0,3287.084873236918,False
TSH_14,2020-12,8.224916922627743,0,0,0,999,0,12,0,33.0,39.5,0,3287.084873236918,False
TSH_14,2021-01,8.224916922627743,0,0,0,999,0,1,0,33.0,39.5,0,3287.084873236918,False
TSH_14,2021-02,8.224916922627743,0,0,0,999,0,2,0,33.0,39.5,0,3287.084873236918,False
TSH_14,2021-03,8.224916922627743,0,0,0,999,0,3,0,33.0,39.5,0,3287.084873236918,False
TSH_14,2021-04,8.224916922627743,0,0,0,999,0,4,0,33.0,39.5,0,3287.084873236918,False
TSH_14,2021-05,8.224916922627743,0,0,0,999,0,5,1,33.0,39.5,0,3287.084873236918,False
TSH_14,2021-06,8.224916922627743,0,0,0,999,0,6,1,33.0,39.5,0,3287.084873236918,False
TSH_14,2021-07,8.224916922627743,0,0,0,999,0,7,1,33.0,39.5,0,3287.084873236918,False
TSH_14,2021-08,8.224916922627743,0,0,0,999,0,8,1,33.0,39.5,0,3287.084873236918,False
TSH_14,2021-09,8.224916922627743,0,0,0,999,0,9,1,33.0,39.5,0,3287.084873236918,False
TSH_14,2021-10,8.224916922627743,0,0,0,999,0,10,0,33.0,39.5,0,3287.084873236918,False
TSH_14,2021-11,8.224916922627743,0,0,0,999,0,11,0,33.0,39.5,0,3287.084873236918,False
TSH_14,2021-12,8.224916922627743,0,0,0,999,0,12,0,33.0,39.5,0,3287.084873236918,False
TSH_14,2022-01,8.224916922627743,0,0,0,999,0,1,0,33.0,39.5,0,3287.084873236918,False
TSH_14,2022-02,8.224916922627743,0,0,0,999,0,2,0,33.0,39.5,0,3287.084873236918,False
TSH_14,2022-03,8.224916922627743,0,0,0,999,0,3,0,33.0,39.5,0,3287.084873236918,False
TSH_14,2022-04,8.224916922627743,0,0,0,999,0,4,0,33.0,39.5,0,3287.084873236918,False
TSH_14,2022-05,8.224916922627743,0,0,0,999,0,5,1,33.0,39.5,0,3287.084873236918,False
TSH_14,2022-06,8.224916922627743,0,0,0,999,0,6,1,33.0,39.5,0,3287.084873236918,False
TSH_14,2022-07,8.224916922627743,0,0,0,999,0,7,1,33.0,39.5,0,3287.084873236918,False
TSH_14,2022-08,8.224916922627743,0,0,0,999,0,8,1,33.0,39.5,0,3287.084873236918,False
TSH_14,2022-09,8.224916922627743,0,0,0,999,0,9,1,33.0,39.5,0,3287.084873236918,False
TSH_14,2022-10,8.224916922627743,0,0,0,999,0,10,0,33.0,39.5,0,3287.084873236918,False
TSH_14,2022-11,8.224916922627743,0,0,0,999,0,11,0,33.0,39.5,0,3287.084873236918,False
TSH_14,2022-12,8.224916922627743,0,0,0,999,0,12,0,33.0,39.5,0,3287.084873236918,False
TSH_14,2023-01,8.224916922627743,0,0,0,999,0,1,0,33.0,39.5,0,3287.084873236918,False
TSH_14,2023-02,8.224916922627743,0,0,0,999,0,2,0,33.0,39.5,0,3287.084873236918,False
TSH_14,2023-03,8.224916922627743,0,0,0,999,0,3,0,33.0,39.5,0,3287.084873236918,False
TSH_14,2023-04,8.224916922627743,0,0,0,999,0,4,0,33.0,39.5,0,3287.084873236918,False
TSH_14,2023-05,8.224916922627743,0,0,0,999,0,5,1,33.0,39.5,0,3287.084873236918,False
TSH_14,2023-06,8.224916922627743,0,0,0,999,0,6,1,33.0,39.5,0,3287.084873236918,False
TSH_14,2023-07,8.224916922627743,0,0,0,999,0,7,1,33.0,39.5,0,3287.084873236918,False
TSH_14,2023-08,8.224916922627743,0,0,0,999,0,8,1,33.0,39.5,0,3287.084873236918,False
TSH_14,2023-09,8.224916922627743,0,0,0,999,0,9,1,33.0,39.5,0,3287.084873236918,False
TSH_14,2023-10,8.224916922627743,0,0,0,999,0,10,0,33.0,39.5,0,3287.084873236918,False
TSH_14,2023-11,8.224916922627743,0,0,0,999,0,11,0,33.0,39.5,0,3287.084873236918,False
TSH_14,2023-12,8.224916922627743,0,0,0,999,0,12,0,33.0,39.5,0,3287.084873236918,False
TSH_14,2024-01,8.224916922627743,0,0,0,999,0,1,0,33.0,39.5,0,3287.084873236918,False
TSH_14,2024-02,8.224916922627743,0,0,0,999,0,2,0,33.0,39.5,0,3287.084873236918,False
TSH_14,2024-03,8.224916922627743,0,0,0,999,0,3,0,33.0,39.5,0,3287.084873236918,False
TSH_14,2024-04,8.224916922627743,0,0,0,999,0,4,0,33.0,39.5,0,3287.084873236918,False
TSH_14,2024-05,8.224916922627743,0,0,0,999,0,5,1,33.0,39.5,0,3287.084873236918,False
TSH_14,2024-06,8.224916922627743,0,0,0,999,0,6,1,33.0,39.5,0,3287.084873236918,False
TSH_14,2024-07,8.224916922627743,0,0,0,999,0,7,1,33.0,39.5,0,3287.084873236918,False
TSH_14,2024-08,8.224916922627743,0,0,0,999,0,8,1,33.0,39.5,0,3287.084873236918,False
TSH_14,2024-09,8.224916922627743,0,0,0,999,0,9,1,33.0,39.5,0,3287.084873236918,False
TSH_14,2024-10,8.224916922627743,0,0,0,999,0,10,0,33.0,39.5,0,3287.084873236918,False
TSH_14,2024-11,8.224916922627743,0,0,0,999,0,11,0,33.0,39.5,0,3287.084873236918,False
TSH_14,2024-12,8.224916922627743,0,0,0,999,0,12,0,33.0,39.5,0,3287.084873236918,False
TSH_14,2025-01,8.224916922627743,0,0,0,999,0,1,0,33.0,39.5,0,3287.084873236918,False
TSH_14,2025-02,8.224916922627743,0,0,0,999,0,2,0,33.0,39.5,0,3287.084873236918,False
TSH_14,2025-03,8.224916922627743,0,0,0,999,0,3,0,33.0,39.5,0,3287.084873236918,False
TSH_14,2025-04,8.224916922627743,0,0,0,999,0,4,0,33.0,39.5,0,3287.084873236918,False
TSH_14,2025-05,8.224916922627743,0,0,0,999,0,5,1,33.0,39.5,0,3287.084873236918,False
TSH_14,2025-06,8.224916922627743,0,0,0,999,0,6,1,33.0,39.5,0,3287.084873236918,False
TSH_14,2025-07,8.224916922627743,0,0,0,999,0,7,1,33.0,39.5,0,3287.084873236918,False
TSH_14,2025-08,8.224916922627743,0,0,0,999,0,8,1,33.0,39.5,0,3287.084873236918,False
TSH_14,2025-09,8.224916922627743,0,0,0,999,0,9,1,33.0,39.5,0,3287.084873236918,False
TSH_14,2025-10,8.224916922627743,0,0,0,999,0,10,0,33.0,39.5,0,3287.084873236918,False
TSH_14,2025-11,8.224916922627743,0,0,0,999,0,11,0,33.0,39.5,0,3287.084873236918,False
TSH_14,2025-12,8.224916922627743,0,0,0,999,0,12,0,33.0,39.5,0,3287.084873236918,False
TSH_14,2026-01,8.224916922627743,0,0,0,999,0,1,0,33.0,39.5,0,3287.084873236918,False
TSH_14,2026-02,8.224916922627743,0,0,0,999,0,2,0,33.0,39.5,0,3287.084873236918,False
TSH_14,2026-03,8.224916922627743,0,0,0,999,0,3,0,33.0,39.5,0,3287.084873236918,False
TSH_15,2019-08,19.817856394087546,0,0,0,999,0,8,1,33.0,38.1,0,984.5161662298103,False
TSH_15,2019-09,19.817856394087546,0,0,0,999,0,9,1,33.0,38.1,0,984.5161662298103,False
TSH_15,2019-10,19.817856394087546,0,0,0,999,0,10,0,33.0,38.1,0,984.5161662298103,False
TSH_15,2019-11,19.817856394087546,0,0,0,999,0,11,0,33.0,38.1,0,984.5161662298103,False
TSH_15,2019-12,19.817856394087546,0,0,0,999,0,12,0,33.0,38.1,0,984.5161662298103,False
TSH_15,2020-01,19.817856394087546,0,0,0,999,0,1,0,33.0,38.1,0,984.5161662298103,False
TSH_15,2020-02,19.817856394087546,0,0,0,999,0,2,0,33.0,38.1,0,984.5161662298103,False
TSH_15,2020-03,19.817856394087546,0,0,0,999,0,3,0,33.0,38.1,0,984.5161662298103,False
TSH_15,2020-04,19.817856394087546,0,0,0,999,0,4,0,33.0,38.1,0,984.5161662298103,False
TSH_15,2020-05,19.817856394087546,0,0,0,999,0,5,1,33.0,38.1,0,984.5161662298103,False
TSH_15,2020-06,19.817856394087546,0,0,0,999,0,6,1,33.0,38.1,0,984.5161662298103,False
TSH_15,2020-07,19.817856394087546,0,0,0,999,0,7,1,33.0,38.1,0,984.5161662298103,False
TSH_15,2020-08,19.817856394087546,0,0,0,999,0,8,1,33.0,38.1,0,984.5161662298103,False
TSH_15,2020-09,19.817856394087546,0,0,0,999,0,9,1,33.0,38.1,0,984.5161662298103,False
TSH_15,2020-10,19.817856394087546,0,0,0,999,0,10,0,33.0,38.1,0,984.5161662298103,False
TSH_15,2020-11,19.817856394087546,0,0,0,999,0,11,0,33.0,38.1,0,984.5161662298103,False
TSH_15,2020-12,19.817856394087546,0,0,0,999,0,12,0,33.0,38.1,0,984.5161662298103,False
TSH_15,2021-01,19.817856394087546,0,0,0,999,0,1,0,33.0,38.1,0,984.5161662298103,False
TSH_15,2021-02,19.817856394087546,0,0,0,999,0,2,0,33.0,38.1,0,984.5161662298103,False
TSH_15,2021-03,19.817856394087546,0,0,0,999,0,3,0,33.0,38.1,0,984.5161662298103,False
TSH_15,2021-04,19.817856394087546,0,0,0,999,0,4,0,33.0,38.1,0,984.5161662298103,False
TSH_15,2021-05,19.817856394087546,0,0,0,999,0,5,1,33.0,38.1,0,984.5161662298103,False
TSH_15,2021-06,19.817856394087546,0,0,0,999,0,6,1,33.0,38.1,0,984.5161662298103,False
TSH_15,2021-07,19.817856394087546,0,0,0,999,0,7,1,33.0,38.1,0,984.5161662298103,False
TSH_15,2021-08,19.817856394087546,0,0,0,999,0,8,1,33.0,38.1,0,984.5161662298103,False
TSH_15,2021-09,19.817856394087546,0,0,0,999,0,9,1,33.0,38.1,0,984.5161662298103,False
TSH_15,2021-10,19.817856394087546,0,0,0,999,0,10,0,33.0,38.1,0,984.5161662298103,False
TSH_15,2021-11,19.817856394087546,0,0,0,999,0,11,0,33.0,38.1,0,984.5161662298103,False
TSH_15,2021-12,19.817856394087546,0,0,0,999,0,12,0,33.0,38.1,0,984.5161662298103,False
TSH_15,2022-01,19.817856394087546,0,0,0,999,0,1,0,33.0,38.1,0,984.5161662298103,False
TSH_15,2022-02,19.817856394087546,0,0,0,999,0,2,0,33.0,38.1,0,984.5161662298103,False
TSH_15,2022-03,19.817856394087546,0,0,0,999,0,3,0,33.0,38.1,0,984.5161662298103,False
TSH_15,2022-04,19.817856394087546,0,0,0,999,0,4,0,33.0,38.1,0,984.5161662298103,False
TSH_15,2022-05,19.817856394087546,0,0,0,999,0,5,1,33.0,38.1,0,984.5161662298103,False
TSH_15,2022-06,19.817856394087546,0,0,0,999,0,6,1,33.0,38.1,0,984.5161662298103,False
TSH_15,2022-07,19.817856394087546,0,0,0,999,0,7,1,33.0,38.1,0,984.5161662298103,False
TSH_15,2022-08,19.817856394087546,0,0,0,999,0,8,1,33.0,38.1,0,984.5161662298103,False
TSH_15,2022-09,19.817856394087546,0,0,0,999,0,9,1,33.0,38.1,0,984.5161662298103,False
TSH_15,2022-10,19.817856394087546,0,0,0,999,0,10,0,33.0,38.1,0,984.5161662298103,False
TSH_15,2022-11,19.817856394087546,0,0,0,999,0,11,0,33.0,38.1,0,984.5161662298103,False
TSH_15,2022-12,19.817856394087546,0,0,0,999,0,12,0,33.0,38.1,0,984.5161662298103,False
TSH_15,2023-01,19.817856394087546,0,0,0,999,0,1,0,33.0,38.1,0,984.5161662298103,False
TSH_15,2023-02,19.817856394087546,0,0,0,999,0,2,0,33.0,38.1,0,984.5161662298103,False
TSH_15,2023-03,19.817856394087546,0,0,0,999,0,3,0,33.0,38.1,0,984.5161662298103,False
TSH_15,2023-04,19.817856394087546,0,0,0,999,0,4,0,33.0,38.1,0,984.5161662298103,False
TSH_15,2023-05,19.817856394087546,0,0,0,999,0,5,1,33.0,38.1,0,984.5161662298103,False
TSH_15,2023-06,19.817856394087546,0,0,0,999,0,6,1,33.0,38.1,0,984.5161662298103,False
TSH_15,2023-07,19.817856394087546,0,0,0,999,0,7,1,33.0,38.1,0,984.5161662298103,False
TSH_15,2023-08,19.817856394087546,0,0,0,999,0,8,1,33.0,38.1,0,984.5161662298103,False
TSH_15,2023-09,19.817856394087546,0,0,0,999,0,9,1,33.0,38.1,0,984.5161662298103,False
TSH_15,2023-10,19.817856394087546,0,0,0,999,0,10,0,33.0,38.1,0,984.5161662298103,False
TSH_15,2023-11,19.817856394087546,0,0,0,999,0,11,0,33.0,38.1,0,984.5161662298103,False
TSH_15,2023-12,19.817856394087546,0,0,0,999,0,12,0,33.0,38.1,0,984.5161662298103,False
TSH_15,2024-01,19.817856394087546,0,0,0,999,0,1,0,33.0,38.1,0,984.5161662298103,False
TSH_15,2024-02,19.817856394087546,0,0,0,999,0,2,0,33.0,38.1,0,984.5161662298103,False
TSH_15,2024-03,19.817856394087546,0,0,0,999,0,3,0,33.0,38.1,0,984.5161662298103,False
TSH_15,2024-04,19.817856394087546,0,0,0,999,0,4,0,33.0,38.1,0,984.5161662298103,False
TSH_15,2024-05,19.817856394087546,0,0,0,999,0,5,1,33.0,38.1,0,984.5161662298103,False
TSH_15,2024-06,19.817856394087546,0,0,0,999,0,6,1,33.0,38.1,0,984.5161662298103,False
TSH_15,2024-07,19.817856394087546,0,0,0,999,0,7,1,33.0,38.1,0,984.5161662298103,False
TSH_15,2024-08,19.817856394087546,0,0,0,999,0,8,1,33.0,38.1,0,984.5161662298103,False
TSH_15,2024-09,19.817856394087546,0,0,0,999,0,9,1,33.0,38.1,0,984.5161662298103,False
TSH_15,2024-10,19.817856394087546,0,0,0,999,0,10,0,33.0,38.1,0,984.5161662298103,False
TSH_15,2024-11,19.817856394087546,0,0,0,999,0,11,0,33.0,38.1,0,984.5161662298103,False
TSH_15,2024-12,19.817856394087546,0,0,0,999,0,12,0,33.0,38.1,0,984.5161662298103,False
TSH_15,2025-01,19.817856394087546,0,0,0,999,0,1,0,33.0,38.1,0,984.5161662298103,False
TSH_15,2025-02,19.817856394087546,0,0,0,999,0,2,0,33.0,38.1,0,984.5161662298103,False
TSH_15,2025-03,19.817856394087546,0,0,0,999,0,3,0,33.0,38.1,0,984.5161662298103,False
TSH_15,2025-04,19.817856394087546,0,0,0,999,0,4,0,33.0,38.1,0,984.5161662298103,False
TSH_15,2025-05,19.817856394087546,0,0,0,999,0,5,1,33.0,38.1,0,984.5161662298103,False
TSH_15,2025-06,19.817856394087546,0,0,0,999,0,6,1,33.0,38.1,0,984.5161662298103,False
TSH_15,2025-07,19.817856394087546,0,0,0,999,0,7,1,33.0,38.1,0,984.5161662298103,False
TSH_15,2025-08,19.817856394087546,0,0,0,999,0,8,1,33.0,38.1,0,984.5161662298103,False
TSH_15,2025-09,19.817856394087546,0,0,0,999,0,9,1,33.0,38.1,0,984.5161662298103,False
TSH_15,2025-10,19.817856394087546,0,0,0,999,0,10,0,33.0,38.1,0,984.5161662298103,False
TSH_15,2025-11,19.817856394087546,0,0,0,999,0,11,0,33.0,38.1,0,984.5161662298103,False
TSH_15,2025-12,19.817856394087546,0,0,0,999,0,12,0,33.0,38.1,0,984.5161662298103,False
TSH_15,2026-01,19.817856394087546,0,0,0,999,0,1,0,33.0,38.1,0,984.5161662298103,False
TSH_15,2026-02,19.817856394087546,0,0,0,999,0,2,0,33.0,38.1,0,984.5161662298103,False
TSH_15,2026-03,19.817856394087546,0,0,0,999,0,3,0,33.0,38.1,0,984.5161662298103,False
TSH_16,2019-08,3.269751194346405,0,0,0,999,0,8,1,33.0,38.1,0,6447.891214614056,False
TSH_16,2019-09,3.269751194346405,0,0,0,999,0,9,1,33.0,38.1,0,6447.891214614056,False
TSH_16,2019-10,3.269751194346405,0,0,0,999,0,10,0,33.0,38.1,0,6447.891214614056,False
TSH_16,2019-11,3.269751194346405,0,0,0,999,0,11,0,33.0,38.1,0,6447.891214614056,False
TSH_16,2019-12,3.269751194346405,0,0,0,999,0,12,0,33.0,38.1,0,6447.891214614056,False
TSH_16,2020-01,3.269751194346405,0,0,0,999,0,1,0,33.0,38.1,0,6447.891214614056,False
TSH_16,2020-02,3.269751194346405,0,0,0,999,0,2,0,33.0,38.1,0,6447.891214614056,False
TSH_16,2020-03,3.269751194346405,0,0,0,999,0,3,0,33.0,38.1,0,6447.891214614056,False
TSH_16,2020-04,3.269751194346405,0,0,0,999,0,4,0,33.0,38.1,0,6447.891214614056,False
TSH_16,2020-05,3.269751194346405,0,0,0,999,0,5,1,33.0,38.1,0,6447.891214614056,False
TSH_16,2020-06,3.269751194346405,0,0,0,999,0,6,1,33.0,38.1,0,6447.891214614056,False
TSH_16,2020-07,3.269751194346405,0,0,0,999,0,7,1,33.0,38.1,0,6447.891214614056,False
TSH_16,2020-08,3.269751194346405,0,0,0,999,0,8,1,33.0,38.1,0,6447.891214614056,False
TSH_16,2020-09,3.269751194346405,0,0,0,999,0,9,1,33.0,38.1,0,6447.891214614056,False
TSH_16,2020-10,3.269751194346405,0,0,0,999,0,10,0,33.0,38.1,0,6447.891214614056,False
TSH_16,2020-11,3.269751194346405,0,0,0,999,0,11,0,33.0,38.1,0,6447.891214614056,False
TSH_16,2020-12,3.269751194346405,0,0,0,999,0,12,0,33.0,38.1,0,6447.891214614056,False
TSH_16,2021-01,3.269751194346405,0,0,0,999,0,1,0,33.0,38.1,0,6447.891214614056,False
TSH_16,2021-02,3.269751194346405,0,0,0,999,0,2,0,33.0,38.1,0,6447.891214614056,False
TSH_16,2021-03,3.269751194346405,0,0,0,999,0,3,0,33.0,38.1,0,6447.891214614056,False
TSH_16,2021-04,3.269751194346405,0,0,0,999,0,4,0,33.0,38.1,0,6447.891214614056,False
TSH_16,2021-05,3.269751194346405,0,0,0,999,0,5,1,33.0,38.1,0,6447.891214614056,False
TSH_16,2021-06,3.269751194346405,0,0,0,999,0,6,1,33.0,38.1,0,6447.891214614056,False
TSH_16,2021-07,3.269751194346405,0,0,0,999,0,7,1,33.0,38.1,0,6447.891214614056,False
TSH_16,2021-08,3.269751194346405,0,0,0,999,0,8,1,33.0,38.1,0,6447.891214614056,False
TSH_16,2021-09,3.269751194346405,0,0,0,999,0,9,1,33.0,38.1,0,6447.891214614056,False
TSH_16,2021-10,3.269751194346405,0,0,0,999,0,10,0,33.0,38.1,0,6447.891214614056,False
TSH_16,2021-11,3.269751194346405,0,0,0,999,0,11,0,33.0,38.1,0,6447.891214614056,False
TSH_16,2021-12,3.269751194346405,0,0,0,999,0,12,0,33.0,38.1,0,6447.891214614056,False
TSH_16,2022-01,3.269751194346405,0,0,0,999,0,1,0,33.0,38.1,0,6447.891214614056,False
TSH_16,2022-02,3.269751194346405,0,0,0,999,0,2,0,33.0,38.1,0,6447.891214614056,False
TSH_16,2022-03,3.269751194346405,0,0,0,999,0,3,0,33.0,38.1,0,6447.891214614056,False
TSH_16,2022-04,3.269751194346405,0,0,0,999,0,4,0,33.0,38.1,0,6447.891214614056,False
TSH_16,2022-05,3.269751194346405,0,0,0,999,0,5,1,33.0,38.1,0,6447.891214614056,False
TSH_16,2022-06,3.269751194346405,0,0,0,999,0,6,1,33.0,38.1,0,6447.891214614056,False
TSH_16,2022-07,3.269751194346405,0,0,0,999,0,7,1,33.0,38.1,0,6447.891214614056,False
TSH_16,2022-08,3.269751194346405,0,0,0,999,0,8,1,33.0,38.1,0,6447.891214614056,False
TSH_16,2022-09,3.269751194346405,0,0,0,999,0,9,1,33.0,38.1,0,6447.891214614056,False
TSH_16,2022-10,3.269751194346405,0,0,0,999,0,10,0,33.0,38.1,0,6447.891214614056,False
TSH_16,2022-11,3.269751194346405,0,0,0,999,0,11,0,33.0,38.1,0,6447.891214614056,False
TSH_16,2022-12,3.269751194346405,0,0,0,999,0,12,0,33.0,38.1,0,6447.891214614056,False
TSH_16,2023-01,3.269751194346405,0,0,0,999,0,1,0,33.0,38.1,0,6447.891214614056,False
TSH_16,2023-02,3.269751194346405,0,0,0,999,0,2,0,33.0,38.1,0,6447.891214614056,False
TSH_16,2023-03,3.269751194346405,0,0,0,999,0,3,0,33.0,38.1,0,6447.891214614056,False
TSH_16,2023-04,3.269751194346405,0,0,0,999,0,4,0,33.0,38.1,0,6447.891214614056,False
TSH_16,2023-05,3.269751194346405,0,0,0,999,0,5,1,33.0,38.1,0,6447.891214614056,False
TSH_16,2023-06,3.269751194346405,0,0,0,999,0,6,1,33.0,38.1,0,6447.891214614056,False
TSH_16,2023-07,3.269751194346405,0,0,0,999,0,7,1,33.0,38.1,0,6447.891214614056,False
TSH_16,2023-08,3.269751194346405,0,0,0,999,0,8,1,33.0,38.1,0,6447.891214614056,False
TSH_16,2023-09,3.269751194346405,0,0,0,999,0,9,1,33.0,38.1,0,6447.891214614056,False
TSH_16,2023-10,3.269751194346405,0,0,0,999,0,10,0,33.0,38.1,0,6447.891214614056,False
TSH_16,2023-11,3.269751194346405,0,0,0,999,0,11,0,33.0,38.1,0,6447.891214614056,False
TSH_16,2023-12,3.269751194346405,0,0,0,999,0,12,0,33.0,38.1,0,6447.891214614056,False
TSH_16,2024-01,3.269751194346405,0,0,0,999,0,1,0,33.0,38.1,0,6447.891214614056,False
TSH_16,2024-02,3.269751194346405,0,0,0,999,0,2,0,33.0,38.1,0,6447.891214614056,False
TSH_16,2024-03,3.269751194346405,0,0,0,999,0,3,0,33.0,38.1,0,6447.891214614056,False
TSH_16,2024-04,3.269751194346405,0,0,0,999,0,4,0,33.0,38.1,0,6447.891214614056,False
TSH_16,2024-05,3.269751194346405,0,0,0,999,0,5,1,33.0,38.1,0,6447.891214614056,False
TSH_16,2024-06,3.269751194346405,0,0,0,999,0,6,1,33.0,38.1,0,6447.891214614056,False
TSH_16,2024-07,3.269751194346405,0,0,0,999,0,7,1,33.0,38.1,0,6447.891214614056,False
TSH_16,2024-08,3.269751194346405,0,0,0,999,0,8,1,33.0,38.1,0,6447.891214614056,False
TSH_16,2024-09,3.269751194346405,0,0,0,999,0,9,1,33.0,38.1,0,6447.891214614056,False
TSH_16,2024-10,3.269751194346405,0,0,0,999,0,10,0,33.0,38.1,0,6447.891214614056,False
TSH_16,2024-11,3.269751194346405,0,0,0,999,0,11,0,33.0,38.1,0,6447.891214614056,False
TSH_16,2024-12,3.269751194346405,0,0,0,999,0,12,0,33.0,38.1,0,6447.891214614056,False
TSH_16,2025-01,3.269751194346405,0,0,0,999,0,1,0,33.0,38.1,0,6447.891214614056,False
TSH_16,2025-02,3.269751194346405,0,0,0,999,0,2,0,33.0,38.1,0,6447.891214614056,False
TSH_16,2025-03,3.269751194346405,0,0,0,999,0,3,0,33.0,38.1,0,6447.891214614056,False
TSH_16,2025-04,3.269751194346405,0,0,0,999,0,4,0,33.0,38.1,0,6447.891214614056,False
TSH_16,2025-05,3.269751194346405,0,0,0,999,0,5,1,33.0,38.1,0,6447.891214614056,False
TSH_16,2025-06,3.269751194346405,0,0,0,999,0,6,1,33.0,38.1,0,6447.891214614056,False
TSH_16,2025-07,3.269751194346405,0,0,0,999,0,7,1,33.0,38.1,0,6447.891214614056,False
TSH_16,2025-08,3.269751194346405,0,0,0,999,0,8,1,33.0,38.1,0,6447.891214614056,False
TSH_16,2025-09,3.269751194346405,0,0,0,999,0,9,1,33.0,38.1,0,6447.891214614056,False
TSH_16,2025-10,3.269751194346405,0,0,0,999,0,10,0,33.0,38.1,0,6447.891214614056,False
TSH_16,2025-11,3.269751194346405,0,0,0,999,0,11,0,33.0,38.1,0,6447.891214614056,False
TSH_16,2025-12,3.269751194346405,0,0,0,999,0,12,0,33.0,38.1,0,6447.891214614056,False
TSH_16,2026-01,3.269751194346405,0,0,0,999,0,1,0,33.0,38.1,0,6447.891214614056,False
TSH_16,2026-02,3.269751194346405,0,0,0,999,0,2,0,33.0,38.1,0,6447.891214614056,False
TSH_16,2026-03,3.269751194346405,0,0,0,999,0,3,0,33.0,38.1,0,6447.891214614056,False
TSH_17,2019-08,3.0341320232931133,0,0,0,999,0,8,1,33.0,38.1,0,13437.450871287056,False
TSH_17,2019-09,3.0341320232931133,0,0,0,999,0,9,1,33.0,38.1,0,13437.450871287056,False
TSH_17,2019-10,3.0341320232931133,0,0,0,999,0,10,0,33.0,38.1,0,13437.450871287056,False
TSH_17,2019-11,3.0341320232931133,0,0,0,999,0,11,0,33.0,38.1,0,13437.450871287056,False
TSH_17,2019-12,3.0341320232931133,0,0,0,999,0,12,0,33.0,38.1,0,13437.450871287056,False
TSH_17,2020-01,3.0341320232931133,0,0,0,999,0,1,0,33.0,38.1,0,13437.450871287056,False
TSH_17,2020-02,3.0341320232931133,0,0,0,999,0,2,0,33.0,38.1,0,13437.450871287056,False
TSH_17,2020-03,3.0341320232931133,0,0,0,999,0,3,0,33.0,38.1,0,13437.450871287056,False
TSH_17,2020-04,3.0341320232931133,0,0,0,999,0,4,0,33.0,38.1,0,13437.450871287056,False
TSH_17,2020-05,3.0341320232931133,0,0,0,999,0,5,1,33.0,38.1,0,13437.450871287056,False
TSH_17,2020-06,3.0341320232931133,0,0,0,999,0,6,1,33.0,38.1,0,13437.450871287056,False
TSH_17,2020-07,3.0341320232931133,0,0,0,999,0,7,1,33.0,38.1,0,13437.450871287056,False
TSH_17,2020-08,3.0341320232931133,0,0,0,999,0,8,1,33.0,38.1,0,13437.450871287056,False
TSH_17,2020-09,3.0341320232931133,0,0,0,999,0,9,1,33.0,38.1,0,13437.450871287056,False
TSH_17,2020-10,3.0341320232931133,0,0,0,999,0,10,0,33.0,38.1,0,13437.450871287056,False
TSH_17,2020-11,3.0341320232931133,0,0,0,999,0,11,0,33.0,38.1,0,13437.450871287056,False
TSH_17,2020-12,3.0341320232931133,0,0,0,999,0,12,0,33.0,38.1,0,13437.450871287056,False
TSH_17,2021-01,3.0341320232931133,0,0,0,999,0,1,0,33.0,38.1,0,13437.450871287056,False
TSH_17,2021-02,3.0341320232931133,0,0,0,999,0,2,0,33.0,38.1,0,13437.450871287056,False
TSH_17,2021-03,3.0341320232931133,0,0,0,999,0,3,0,33.0,38.1,0,13437.450871287056,False
TSH_17,2021-04,3.0341320232931133,0,0,0,999,0,4,0,33.0,38.1,0,13437.450871287056,False
TSH_17,2021-05,3.0341320232931133,0,0,0,999,0,5,1,33.0,38.1,0,13437.450871287056,False
TSH_17,2021-06,3.0341320232931133,0,0,0,999,0,6,1,33.0,38.1,0,13437.450871287056,False
TSH_17,2021-07,3.0341320232931133,0,0,0,999,0,7,1,33.0,38.1,0,13437.450871287056,False
TSH_17,2021-08,3.0341320232931133,0,0,0,999,0,8,1,33.0,38.1,0,13437.450871287056,False
TSH_17,2021-09,3.0341320232931133,0,0,0,999,0,9,1,33.0,38.1,0,13437.450871287056,False
TSH_17,2021-10,3.0341320232931133,0,0,0,999,0,10,0,33.0,38.1,0,13437.450871287056,False
TSH_17,2021-11,3.0341320232931133,0,0,0,999,0,11,0,33.0,38.1,0,13437.450871287056,False
TSH_17,2021-12,3.0341320232931133,0,0,0,999,0,12,0,33.0,38.1,0,13437.450871287056,False
TSH_17,2022-01,3.0341320232931133,0,0,0,999,0,1,0,33.0,38.1,0,13437.450871287056,False
TSH_17,2022-02,3.0341320232931133,0,0,0,999,0,2,0,33.0,38.1,0,13437.450871287056,False
TSH_17,2022-03,3.0341320232931133,0,0,0,999,0,3,0,33.0,38.1,0,13437.450871287056,False
TSH_17,2022-04,3.0341320232931133,0,0,0,999,0,4,0,33.0,38.1,0,13437.450871287056,False
TSH_17,2022-05,3.0341320232931133,0,0,0,999,0,5,1,33.0,38.1,0,13437.450871287056,False
TSH_17,2022-06,3.0341320232931133,0,0,0,999,0,6,1,33.0,38.1,0,13437.450871287056,False
TSH_17,2022-07,3.0341320232931133,0,0,0,999,0,7,1,33.0,38.1,0,13437.450871287056,False
TSH_17,2022-08,3.0341320232931133,0,0,0,999,0,8,1,33.0,38.1,0,13437.450871287056,False
TSH_17,2022-09,3.0341320232931133,0,0,0,999,0,9,1,33.0,38.1,0,13437.450871287056,False
TSH_17,2022-10,3.0341320232931133,0,0,0,999,0,10,0,33.0,38.1,0,13437.450871287056,False
TSH_17,2022-11,3.0341320232931133,0,0,0,999,0,11,0,33.0,38.1,0,13437.450871287056,False
TSH_17,2022-12,3.0341320232931133,0,0,0,999,0,12,0,33.0,38.1,0,13437.450871287056,False
TSH_17,2023-01,3.0341320232931133,0,0,0,999,0,1,0,33.0,38.1,0,13437.450871287056,False
TSH_17,2023-02,3.0341320232931133,0,0,0,999,0,2,0,33.0,38.1,0,13437.450871287056,False
TSH_17,2023-03,3.0341320232931133,0,0,0,999,0,3,0,33.0,38.1,0,13437.450871287056,False
TSH_17,2023-04,3.0341320232931133,0,0,0,999,0,4,0,33.0,38.1,0,13437.450871287056,False
TSH_17,2023-05,3.0341320232931133,0,0,0,999,0,5,1,33.0,38.1,0,13437.450871287056,False
TSH_17,2023-06,3.0341320232931133,0,0,0,999,0,6,1,33.0,38.1,0,13437.450871287056,False
TSH_17,2023-07,3.0341320232931133,0,0,0,999,0,7,1,33.0,38.1,0,13437.450871287056,False
TSH_17,2023-08,3.0341320232931133,0,0,0,999,0,8,1,33.0,38.1,0,13437.450871287056,False
TSH_17,2023-09,3.0341320232931133,0,0,0,999,0,9,1,33.0,38.1,0,13437.450871287056,False
TSH_17,2023-10,3.0341320232931133,0,0,0,999,0,10,0,33.0,38.1,0,13437.450871287056,False
TSH_17,2023-11,3.0341320232931133,0,0,0,999,0,11,0,33.0,38.1,0,13437.450871287056,False
TSH_17,2023-12,3.0341320232931133,0,0,0,999,0,12,0,33.0,38.1,0,13437.450871287056,False
TSH_17,2024-01,3.0341320232931133,0,0,0,999,0,1,0,33.0,38.1,0,13437.450871287056,False
TSH_17,2024-02,3.0341320232931133,0,0,0,999,0,2,0,33.0,38.1,0,13437.450871287056,False
TSH_17,2024-03,3.0341320232931133,0,0,0,999,0,3,0,33.0,38.1,0,13437.450871287056,False
TSH_17,2024-04,3.0341320232931133,0,0,0,999,0,4,0,33.0,38.1,0,13437.450871287056,False
TSH_17,2024-05,3.0341320232931133,0,0,0,999,0,5,1,33.0,38.1,0,13437.450871287056,False
TSH_17,2024-06,3.0341320232931133,0,0,0,999,0,6,1,33.0,38.1,0,13437.450871287056,False
TSH_17,2024-07,3.0341320232931133,0,0,0,999,0,7,1,33.0,38.1,0,13437.450871287056,False
TSH_17,2024-08,3.0341320232931133,0,0,0,999,0,8,1,33.0,38.1,0,13437.450871287056,False
TSH_17,2024-09,3.0341320232931133,0,0,0,999,0,9,1,33.0,38.1,0,13437.450871287056,False
TSH_17,2024-10,3.0341320232931133,0,0,0,999,0,10,0,33.0,38.1,0,13437.450871287056,False
TSH_17,2024-11,3.0341320232931133,0,0,0,999,0,11,0,33.0,38.1,0,13437.450871287056,False
TSH_17,2024-12,3.0341320232931133,0,0,0,999,0,12,0,33.0,38.1,0,13437.450871287056,False
TSH_17,2025-01,3.0341320232931133,0,0,0,999,0,1,0,33.0,38.1,0,13437.450871287056,False
TSH_17,2025-02,3.0341320232931133,0,0,0,999,0,2,0,33.0,38.1,0,13437.450871287056,False
TSH_17,2025-03,3.0341320232931133,0,0,0,999,0,3,0,33.0,38.1,0,13437.450871287056,False
TSH_17,2025-04,3.0341320232931133,0,0,0,999,0,4,0,33.0,38.1,0,13437.450871287056,False
TSH_17,2025-05,3.0341320232931133,0,0,0,999,0,5,1,33.0,38.1,0,13437.450871287056,False
TSH_17,2025-06,3.0341320232931133,0,0,0,999,0,6,1,33.0,38.1,0,13437.450871287056,False
TSH_17,2025-07,3.0341320232931133,0,0,0,999,0,7,1,33.0,38.1,0,13437.450871287056,False
TSH_17,2025-08,3.0341320232931133,0,0,0,999,0,8,1,33.0,38.1,0,13437.450871287056,False
TSH_17,2025-09,3.0341320232931133,0,0,0,999,0,9,1,33.0,38.1,0,13437.450871287056,False
TSH_17,2025-10,3.0341320232931133,0,0,0,999,0,10,0,33.0,38.1,0,13437.450871287056,False
TSH_17,2025-11,3.0341320232931133,0,0,0,999,0,11,0,33.0,38.1,0,13437.450871287056,False
TSH_17,2025-12,3.0341320232931133,0,0,0,999,0,12,0,33.0,38.1,0,13437.450871287056,False
TSH_17,2026-01,3.0341320232931133,0,0,0,999,0,1,0,33.0,38.1,0,13437.450871287056,False
TSH_17,2026-02,3.0341320232931133,0,0,0,999,0,2,0,33.0,38.1,0,13437.450871287056,False
TSH_17,2026-03,3.0341320232931133,0,0,0,999,0,3,0,33.0,38.1,0,13437.450871287056,False
TSH_18,2019-08,2.94448046796618,0,0,0,999,0,8,1,33.0,38.1,0,8347.143160700463,False
TSH_18,2019-09,2.94448046796618,0,0,0,999,0,9,1,33.0,38.1,0,8347.143160700463,False
TSH_18,2019-10,2.94448046796618,0,0,0,999,0,10,0,33.0,38.1,0,8347.143160700463,False
TSH_18,2019-11,2.94448046796618,0,0,0,999,0,11,0,33.0,38.1,0,8347.143160700463,False
TSH_18,2019-12,2.94448046796618,0,0,0,999,0,12,0,33.0,38.1,0,8347.143160700463,False
TSH_18,2020-01,2.94448046796618,0,0,0,999,0,1,0,33.0,38.1,0,8347.143160700463,False
TSH_18,2020-02,2.94448046796618,0,0,0,999,0,2,0,33.0,38.1,0,8347.143160700463,False
TSH_18,2020-03,2.94448046796618,0,0,0,999,0,3,0,33.0,38.1,0,8347.143160700463,False
TSH_18,2020-04,2.94448046796618,0,0,0,999,0,4,0,33.0,38.1,0,8347.143160700463,False
TSH_18,2020-05,2.94448046796618,0,0,0,999,0,5,1,33.0,38.1,0,8347.143160700463,False
TSH_18,2020-06,2.94448046796618,0,0,0,999,0,6,1,33.0,38.1,0,8347.143160700463,False
TSH_18,2020-07,2.94448046796618,0,0,0,999,0,7,1,33.0,38.1,0,8347.143160700463,False
TSH_18,2020-08,2.94448046796618,0,0,0,999,0,8,1,33.0,38.1,0,8347.143160700463,False
TSH_18,2020-09,2.94448046796618,0,0,0,999,0,9,1,33.0,38.1,0,8347.143160700463,False
TSH_18,2020-10,2.94448046796618,0,0,0,999,0,10,0,33.0,38.1,0,8347.143160700463,False
TSH_18,2020-11,2.94448046796618,0,0,0,999,0,11,0,33.0,38.1,0,8347.143160700463,False
TSH_18,2020-12,2.94448046796618,0,0,0,999,0,12,0,33.0,38.1,0,8347.143160700463,False
TSH_18,2021-01,2.94448046796618,0,0,0,999,0,1,0,33.0,38.1,0,8347.143160700463,False
TSH_18,2021-02,2.94448046796618,0,0,0,999,0,2,0,33.0,38.1,0,8347.143160700463,False
TSH_18,2021-03,2.94448046796618,0,0,0,999,0,3,0,33.0,38.1,0,8347.143160700463,False
TSH_18,2021-04,2.94448046796618,0,0,0,999,0,4,0,33.0,38.1,0,8347.143160700463,False
TSH_18,2021-05,2.94448046796618,0,0,0,999,0,5,1,33.0,38.1,0,8347.143160700463,False
TSH_18,2021-06,2.94448046796618,0,0,0,999,0,6,1,33.0,38.1,0,8347.143160700463,False
TSH_18,2021-07,2.94448046796618,0,0,0,999,0,7,1,33.0,38.1,0,8347.143160700463,False
TSH_18,2021-08,2.94448046796618,0,0,0,999,0,8,1,33.0,38.1,0,8347.143160700463,False
TSH_18,2021-09,2.94448046796618,0,0,0,999,0,9,1,33.0,38.1,0,8347.143160700463,False
TSH_18,2021-10,2.94448046796618,0,0,0,999,0,10,0,33.0,38.1,0,8347.143160700463,False
TSH_18,2021-11,2.94448046796618,0,0,0,999,0,11,0,33.0,38.1,0,8347.143160700463,False
TSH_18,2021-12,2.94448046796618,0,0,0,999,0,12,0,33.0,38.1,0,8347.143160700463,False
TSH_18,2022-01,2.94448046796618,0,0,0,999,0,1,0,33.0,38.1,0,8347.143160700463,False
TSH_18,2022-02,2.94448046796618,0,0,0,999,0,2,0,33.0,38.1,0,8347.143160700463,False
TSH_18,2022-03,2.94448046796618,0,0,0,999,0,3,0,33.0,38.1,0,8347.143160700463,False
TSH_18,2022-04,2.94448046796618,0,0,0,999,0,4,0,33.0,38.1,0,8347.143160700463,False
TSH_18,2022-05,2.94448046796618,0,0,0,999,0,5,1,33.0,38.1,0,8347.143160700463,False
TSH_18,2022-06,2.94448046796618,0,0,0,999,0,6,1,33.0,38.1,0,8347.143160700463,False
TSH_18,2022-07,2.94448046796618,0,0,0,999,0,7,1,33.0,38.1,0,8347.143160700463,False
TSH_18,2022-08,2.94448046796618,0,0,0,999,0,8,1,33.0,38.1,0,8347.143160700463,False
TSH_18,2022-09,2.94448046796618,0,0,0,999,0,9,1,33.0,38.1,0,8347.143160700463,False
TSH_18,2022-10,2.94448046796618,0,0,0,999,0,10,0,33.0,38.1,0,8347.143160700463,False
TSH_18,2022-11,2.94448046796618,0,0,0,999,0,11,0,33.0,38.1,0,8347.143160700463,False
TSH_18,2022-12,2.94448046796618,0,0,0,999,0,12,0,33.0,38.1,0,8347.143160700463,False
TSH_18,2023-01,2.94448046796618,0,0,0,999,0,1,0,33.0,38.1,0,8347.143160700463,False
TSH_18,2023-02,2.94448046796618,0,0,0,999,0,2,0,33.0,38.1,0,8347.143160700463,False
TSH_18,2023-03,2.94448046796618,0,0,0,999,0,3,0,33.0,38.1,0,8347.143160700463,False
TSH_18,2023-04,2.94448046796618,0,0,0,999,0,4,0,33.0,38.1,0,8347.143160700463,False
TSH_18,2023-05,2.94448046796618,0,0,0,999,0,5,1,33.0,38.1,0,8347.143160700463,False
TSH_18,2023-06,2.94448046796618,0,0,0,999,0,6,1,33.0,38.1,0,8347.143160700463,False
TSH_18,2023-07,2.94448046796618,0,0,0,999,0,7,1,33.0,38.1,0,8347.143160700463,False
TSH_18,2023-08,2.94448046796618,0,0,0,999,0,8,1,33.0,38.1,0,8347.143160700463,False
TSH_18,2023-09,2.94448046796618,0,0,0,999,0,9,1,33.0,38.1,0,8347.143160700463,False
TSH_18,2023-10,2.94448046796618,0,0,0,999,0,10,0,33.0,38.1,0,8347.143160700463,False
TSH_18,2023-11,2.94448046796618,0,0,0,999,0,11,0,33.0,38.1,0,8347.143160700463,False
TSH_18,2023-12,2.94448046796618,0,0,0,999,0,12,0,33.0,38.1,0,8347.143160700463,False
TSH_18,2024-01,2.94448046796618,0,0,0,999,0,1,0,33.0,38.1,0,8347.143160700463,False
TSH_18,2024-02,2.94448046796618,0,0,0,999,0,2,0,33.0,38.1,0,8347.143160700463,False
TSH_18,2024-03,2.94448046796618,0,0,0,999,0,3,0,33.0,38.1,0,8347.143160700463,False
TSH_18,2024-04,2.94448046796618,0,0,0,999,0,4,0,33.0,38.1,0,8347.143160700463,False
TSH_18,2024-05,2.94448046796618,0,0,0,999,0,5,1,33.0,38.1,0,8347.143160700463,False
TSH_18,2024-06,2.94448046796618,0,0,0,999,0,6,1,33.0,38.1,0,8347.143160700463,False
TSH_18,2024-07,2.94448046796618,0,0,0,999,0,7,1,33.0,38.1,0,8347.143160700463,False
TSH_18,2024-08,2.94448046796618,0,0,0,999,0,8,1,33.0,38.1,0,8347.143160700463,False
TSH_18,2024-09,2.94448046796618,0,0,0,999,0,9,1,33.0,38.1,0,8347.143160700463,False
TSH_18,2024-10,2.94448046796618,0,0,0,999,0,10,0,33.0,38.1,0,8347.143160700463,False
TSH_18,2024-11,2.94448046796618,0,0,0,999,0,11,0,33.0,38.1,0,8347.143160700463,False
TSH_18,2024-12,2.94448046796618,0,0,0,999,0,12,0,33.0,38.1,0,8347.143160700463,False
TSH_18,2025-01,2.94448046796618,0,0,0,999,0,1,0,33.0,38.1,0,8347.143160700463,False
TSH_18,2025-02,2.94448046796618,0,0,0,999,0,2,0,33.0,38.1,0,8347.143160700463,False
TSH_18,2025-03,2.94448046796618,0,0,0,999,0,3,0,33.0,38.1,0,8347.143160700463,False
TSH_18,2025-04,2.94448046796618,0,0,0,999,0,4,0,33.0,38.1,0,8347.143160700463,False
TSH_18,2025-05,2.94448046796618,0,0,0,999,0,5,1,33.0,38.1,0,8347.143160700463,False
TSH_18,2025-06,2.94448046796618,0,0,0,999,0,6,1,33.0,38.1,0,8347.143160700463,False
TSH_18,2025-07,2.94448046796618,0,0,0,999,0,7,1,33.0,38.1,0,8347.143160700463,False
TSH_18,2025-08,2.94448046796618,0,0,0,999,0,8,1,33.0,38.1,0,8347.143160700463,False
TSH_18,2025-09,2.94448046796618,0,0,0,999,0,9,1,33.0,38.1,0,8347.143160700463,False
TSH_18,2025-10,2.94448046796618,0,0,0,999,0,10,0,33.0,38.1,0,8347.143160700463,False
TSH_18,2025-11,2.94448046796618,0,0,0,999,0,11,0,33.0,38.1,0,8347.143160700463,False
TSH_18,2025-12,2.94448046796618,0,0,0,999,0,12,0,33.0,38.1,0,8347.143160700463,False
TSH_18,2026-01,2.94448046796618,0,0,0,999,0,1,0,33.0,38.1,0,8347.143160700463,False
TSH_18,2026-02,2.94448046796618,0,0,0,999,0,2,0,33.0,38.1,0,8347.143160700463,False
TSH_18,2026-03,2.94448046796618,0,0,0,999,0,3,0,33.0,38.1,0,8347.143160700463,False
TSH_19,2019-08,9.843940651208449,0,0,0,999,0,8,1,33.0,73.3,0,3095.6098862968174,False
TSH_19,2019-09,9.843940651208449,0,0,0,999,0,9,1,33.0,73.3,0,3095.6098862968174,False
TSH_19,2019-10,9.843940651208449,0,0,0,999,0,10,0,33.0,73.3,0,3095.6098862968174,False
TSH_19,2019-11,9.843940651208449,0,0,0,999,0,11,0,33.0,73.3,0,3095.6098862968174,False
TSH_19,2019-12,9.843940651208449,0,0,0,999,0,12,0,33.0,73.3,0,3095.6098862968174,False
TSH_19,2020-01,9.843940651208449,0,0,0,999,0,1,0,33.0,73.3,0,3095.6098862968174,False
TSH_19,2020-02,9.843940651208449,0,0,0,999,0,2,0,33.0,73.3,0,3095.6098862968174,False
TSH_19,2020-03,9.843940651208449,0,0,0,999,0,3,0,33.0,73.3,0,3095.6098862968174,False
TSH_19,2020-04,9.843940651208449,0,0,0,999,0,4,0,33.0,73.3,0,3095.6098862968174,False
TSH_19,2020-05,9.843940651208449,0,0,0,999,0,5,1,33.0,73.3,0,3095.6098862968174,False
TSH_19,2020-06,9.843940651208449,0,0,0,999,0,6,1,33.0,73.3,0,3095.6098862968174,False
TSH_19,2020-07,9.843940651208449,0,0,0,999,0,7,1,33.0,73.3,0,3095.6098862968174,False
TSH_19,2020-08,9.843940651208449,0,0,0,999,0,8,1,33.0,73.3,0,3095.6098862968174,False
TSH_19,2020-09,9.843940651208449,0,0,0,999,0,9,1,33.0,73.3,0,3095.6098862968174,False
TSH_19,2020-10,9.843940651208449,0,0,0,999,0,10,0,33.0,73.3,0,3095.6098862968174,False
TSH_19,2020-11,9.843940651208449,0,0,0,999,0,11,0,33.0,73.3,0,3095.6098862968174,False
TSH_19,2020-12,9.843940651208449,0,0,0,999,0,12,0,33.0,73.3,0,3095.6098862968174,False
TSH_19,2021-01,9.843940651208449,0,0,0,999,0,1,0,33.0,73.3,0,3095.6098862968174,False
TSH_19,2021-02,9.843940651208449,0,0,0,999,0,2,0,33.0,73.3,0,3095.6098862968174,False
TSH_19,2021-03,9.843940651208449,0,0,0,999,0,3,0,33.0,73.3,0,3095.6098862968174,False
TSH_19,2021-04,9.843940651208449,0,0,0,999,0,4,0,33.0,73.3,0,3095.6098862968174,False
TSH_19,2021-05,9.843940651208449,0,0,0,999,0,5,1,33.0,73.3,0,3095.6098862968174,False
TSH_19,2021-06,9.843940651208449,0,0,0,999,0,6,1,33.0,73.3,0,3095.6098862968174,False
TSH_19,2021-07,9.843940651208449,0,0,0,999,0,7,1,33.0,73.3,0,3095.6098862968174,False
TSH_19,2021-08,9.843940651208449,0,0,0,999,0,8,1,33.0,73.3,0,3095.6098862968174,False
TSH_19,2021-09,9.843940651208449,0,0,0,999,0,9,1,33.0,73.3,0,3095.6098862968174,False
TSH_19,2021-10,9.843940651208449,0,0,0,999,0,10,0,33.0,73.3,0,3095.6098862968174,False
TSH_19,2021-11,9.843940651208449,0,0,0,999,0,11,0,33.0,73.3,0,3095.6098862968174,False
TSH_19,2021-12,9.843940651208449,0,0,0,999,0,12,0,33.0,73.3,0,3095.6098862968174,False
TSH_19,2022-01,9.843940651208449,0,0,0,999,0,1,0,33.0,73.3,0,3095.6098862968174,False
TSH_19,2022-02,9.843940651208449,0,0,0,999,0,2,0,33.0,73.3,0,3095.6098862968174,False
TSH_19,2022-03,9.843940651208449,0,0,0,999,0,3,0,33.0,73.3,0,3095.6098862968174,False
TSH_19,2022-04,9.843940651208449,0,0,0,999,0,4,0,33.0,73.3,0,3095.6098862968174,False
TSH_19,2022-05,9.843940651208449,0,0,0,999,0,5,1,33.0,73.3,0,3095.6098862968174,False
TSH_19,2022-06,9.843940651208449,0,0,0,999,0,6,1,33.0,73.3,0,3095.6098862968174,False
TSH_19,2022-07,9.843940651208449,0,0,0,999,0,7,1,33.0,73.3,0,3095.6098862968174,False
TSH_19,2022-08,9.843940651208449,0,0,0,999,0,8,1,33.0,73.3,0,3095.6098862968174,False
TSH_19,2022-09,9.843940651208449,0,0,0,999,0,9,1,33.0,73.3,0,3095.6098862968174,False
TSH_19,2022-10,9.843940651208449,0,0,0,999,0,10,0,33.0,73.3,0,3095.6098862968174,False
TSH_19,2022-11,9.843940651208449,0,0,0,999,0,11,0,33.0,73.3,0,3095.6098862968174,False
TSH_19,2022-12,9.843940651208449,0,0,0,999,0,12,0,33.0,73.3,0,3095.6098862968174,False
TSH_19,2023-01,9.843940651208449,0,0,0,999,0,1,0,33.0,73.3,0,3095.6098862968174,False
TSH_19,2023-02,9.843940651208449,0,0,0,999,0,2,0,33.0,73.3,0,3095.6098862968174,False
TSH_19,2023-03,9.843940651208449,0,0,0,999,0,3,0,33.0,73.3,0,3095.6098862968174,False
TSH_19,2023-04,9.843940651208449,0,0,0,999,0,4,0,33.0,73.3,0,3095.6098862968174,False
TSH_19,2023-05,9.843940651208449,0,0,0,999,0,5,1,33.0,73.3,0,3095.6098862968174,False
TSH_19,2023-06,9.843940651208449,0,0,0,999,0,6,1,33.0,73.3,0,3095.6098862968174,False
TSH_19,2023-07,9.843940651208449,0,0,0,999,0,7,1,33.0,73.3,0,3095.6098862968174,False
TSH_19,2023-08,9.843940651208449,0,0,0,999,0,8,1,33.0,73.3,0,3095.6098862968174,False
TSH_19,2023-09,9.843940651208449,0,0,0,999,0,9,1,33.0,73.3,0,3095.6098862968174,False
TSH_19,2023-10,9.843940651208449,0,0,0,999,0,10,0,33.0,73.3,0,3095.6098862968174,False
TSH_19,2023-11,9.843940651208449,0,0,0,999,0,11,0,33.0,73.3,0,3095.6098862968174,False
TSH_19,2023-12,9.843940651208449,0,0,0,999,0,12,0,33.0,73.3,0,3095.6098862968174,False
TSH_19,2024-01,9.843940651208449,0,0,0,999,0,1,0,33.0,73.3,0,3095.6098862968174,False
TSH_19,2024-02,9.843940651208449,0,0,0,999,0,2,0,33.0,73.3,0,3095.6098862968174,False
TSH_19,2024-03,9.843940651208449,0,0,0,999,0,3,0,33.0,73.3,0,3095.6098862968174,False
TSH_19,2024-04,9.843940651208449,0,0,0,999,0,4,0,33.0,73.3,0,3095.6098862968174,False
TSH_19,2024-05,9.843940651208449,0,0,0,999,0,5,1,33.0,73.3,0,3095.6098862968174,False
TSH_19,2024-06,9.843940651208449,0,0,0,999,0,6,1,33.0,73.3,0,3095.6098862968174,False
TSH_19,2024-07,9.843940651208449,0,0,0,999,0,7,1,33.0,73.3,0,3095.6098862968174,False
TSH_19,2024-08,9.843940651208449,0,0,0,999,0,8,1,33.0,73.3,0,3095.6098862968174,False
TSH_19,2024-09,9.843940651208449,0,0,0,999,0,9,1,33.0,73.3,0,3095.6098862968174,False
TSH_19,2024-10,9.843940651208449,0,0,0,999,0,10,0,33.0,73.3,0,3095.6098862968174,False
TSH_19,2024-11,9.843940651208449,0,0,0,999,0,11,0,33.0,73.3,0,3095.6098862968174,False
TSH_19,2024-12,9.843940651208449,0,0,0,999,0,12,0,33.0,73.3,0,3095.6098862968174,False
TSH_19,2025-01,9.843940651208449,0,0,0,999,0,1,0,33.0,73.3,0,3095.6098862968174,False
TSH_19,2025-02,9.843940651208449,0,0,0,999,0,2,0,33.0,73.3,0,3095.6098862968174,False
TSH_19,2025-03,9.843940651208449,0,0,0,999,0,3,0,33.0,73.3,0,3095.6098862968174,False
TSH_19,2025-04,9.843940651208449,0,0,0,999,0,4,0,33.0,73.3,0,3095.6098862968174,False
TSH_19,2025-05,9.843940651208449,0,0,0,999,0,5,1,33.0,73.3,0,3095.6098862968174,False
TSH_19,2025-06,9.843940651208449,0,0,0,999,0,6,1,33.0,73.3,0,3095.6098862968174,False
TSH_19,2025-07,9.843940651208449,0,0,0,999,0,7,1,33.0,73.3,0,3095.6098862968174,False
TSH_19,2025-08,9.843940651208449,0,0,0,999,0,8,1,33.0,73.3,0,3095.6098862968174,False
TSH_19,2025-09,9.843940651208449,0,0,0,999,0,9,1,33.0,73.3,0,3095.6098862968174,False
TSH_19,2025-10,9.843940651208449,0,0,0,999,0,10,0,33.0,73.3,0,3095.6098862968174,False
TSH_19,2025-11,9.843940651208449,0,0,0,999,0,11,0,33.0,73.3,0,3095.6098862968174,False
TSH_19,2025-12,9.843940651208449,0,0,0,999,0,12,0,33.0,73.3,0,3095.6098862968174,False
TSH_19,2026-01,9.843940651208449,0,0,0,999,0,1,0,33.0,73.3,0,3095.6098862968174,False
TSH_19,2026-02,9.843940651208449,0,0,0,999,0,2,0,33.0,73.3,0,3095.6098862968174,False
TSH_19,2026-03,9.843940651208449,0,0,0,999,0,3,0,33.0,73.3,0,3095.6098862968174,False
TSH_2,2019-08,15.199544257090505,0,0,0,999,0,8,1,33.0,34.6,0,1368.9884149186369,False
TSH_2,2019-09,15.199544257090505,0,0,0,999,0,9,1,33.0,34.6,0,1368.9884149186369,False
TSH_2,2019-10,15.199544257090505,0,0,0,999,0,10,0,33.0,34.6,0,1368.9884149186369,False
TSH_2,2019-11,15.199544257090505,0,0,0,999,0,11,0,33.0,34.6,0,1368.9884149186369,False
TSH_2,2019-12,15.199544257090505,0,0,0,999,0,12,0,33.0,34.6,0,1368.9884149186369,False
TSH_2,2020-01,15.199544257090505,0,0,0,999,0,1,0,33.0,34.6,0,1368.9884149186369,False
TSH_2,2020-02,15.199544257090505,0,0,0,999,0,2,0,33.0,34.6,0,1368.9884149186369,False
TSH_2,2020-03,15.199544257090505,0,0,0,999,0,3,0,33.0,34.6,0,1368.9884149186369,False
TSH_2,2020-04,15.199544257090505,0,0,0,999,0,4,0,33.0,34.6,0,1368.9884149186369,False
TSH_2,2020-05,15.199544257090505,0,0,0,999,0,5,1,33.0,34.6,0,1368.9884149186369,False
TSH_2,2020-06,15.199544257090505,0,0,0,999,0,6,1,33.0,34.6,0,1368.9884149186369,False
TSH_2,2020-07,15.199544257090505,0,0,0,999,0,7,1,33.0,34.6,0,1368.9884149186369,False
TSH_2,2020-08,15.199544257090505,0,0,0,999,0,8,1,33.0,34.6,0,1368.9884149186369,False
TSH_2,2020-09,15.199544257090505,0,0,0,999,0,9,1,33.0,34.6,0,1368.9884149186369,False
TSH_2,2020-10,15.199544257090505,0,0,0,999,0,10,0,33.0,34.6,0,1368.9884149186369,False
TSH_2,2020-11,15.199544257090505,0,0,0,999,0,11,0,33.0,34.6,0,1368.9884149186369,False
TSH_2,2020-12,15.199544257090505,0,0,0,999,0,12,0,33.0,34.6,0,1368.9884149186369,False
TSH_2,2021-01,15.199544257090505,0,0,0,999,0,1,0,33.0,34.6,0,1368.9884149186369,False
TSH_2,2021-02,15.199544257090505,0,0,0,999,0,2,0,33.0,34.6,0,1368.9884149186369,False
TSH_2,2021-03,15.199544257090505,0,0,0,999,0,3,0,33.0,34.6,0,1368.9884149186369,False
TSH_2,2021-04,15.199544257090505,0,0,0,999,0,4,0,33.0,34.6,0,1368.9884149186369,False
TSH_2,2021-05,15.199544257090505,0,0,0,999,0,5,1,33.0,34.6,0,1368.9884149186369,False
TSH_2,2021-06,15.199544257090505,0,0,0,999,0,6,1,33.0,34.6,0,1368.9884149186369,False
TSH_2,2021-07,15.199544257090505,0,0,0,999,0,7,1,33.0,34.6,0,1368.9884149186369,False
TSH_2,2021-08,15.199544257090505,0,0,0,999,0,8,1,33.0,34.6,0,1368.9884149186369,False
TSH_2,2021-09,15.199544257090505,0,0,0,999,0,9,1,33.0,34.6,0,1368.9884149186369,False
TSH_2,2021-10,15.199544257090505,0,0,0,999,0,10,0,33.0,34.6,0,1368.9884149186369,False
TSH_2,2021-11,15.199544257090505,0,0,0,999,0,11,0,33.0,34.6,0,1368.9884149186369,False
TSH_2,2021-12,15.199544257090505,0,0,0,999,0,12,0,33.0,34.6,0,1368.9884149186369,False
TSH_2,2022-01,15.199544257090505,0,0,0,999,0,1,0,33.0,34.6,0,1368.9884149186369,False
TSH_2,2022-02,15.199544257090505,0,0,0,999,0,2,0,33.0,34.6,0,1368.9884149186369,False
TSH_2,2022-03,15.199544257090505,0,0,0,999,0,3,0,33.0,34.6,0,1368.9884149186369,False
TSH_2,2022-04,15.199544257090505,0,0,0,999,0,4,0,33.0,34.6,0,1368.9884149186369,False
TSH_2,2022-05,15.199544257090505,0,0,0,999,0,5,1,33.0,34.6,0,1368.9884149186369,False
TSH_2,2022-06,15.199544257090505,0,0,0,999,0,6,1,33.0,34.6,0,1368.9884149186369,False
TSH_2,2022-07,15.199544257090505,0,0,0,999,0,7,1,33.0,34.6,0,1368.9884149186369,False
TSH_2,2022-08,15.199544257090505,0,0,0,999,0,8,1,33.0,34.6,0,1368.9884149186369,False
TSH_2,2022-09,15.199544257090505,0,0,0,999,0,9,1,33.0,34.6,0,1368.9884149186369,False
TSH_2,2022-10,15.199544257090505,0,0,0,999,0,10,0,33.0,34.6,0,1368.9884149186369,False
TSH_2,2022-11,15.199544257090505,0,0,0,999,0,11,0,33.0,34.6,0,1368.9884149186369,False
TSH_2,2022-12,15.199544257090505,0,0,0,999,0,12,0,33.0,34.6,0,1368.9884149186369,False
TSH_2,2023-01,15.199544257090505,0,0,0,999,0,1,0,33.0,34.6,0,1368.9884149186369,False
TSH_2,2023-02,15.199544257090505,0,0,0,999,0,2,0,33.0,34.6,0,1368.9884149186369,False
TSH_2,2023-03,15.199544257090505,0,0,0,999,0,3,0,33.0,34.6,0,1368.9884149186369,False
TSH_2,2023-04,15.199544257090505,0,0,0,999,0,4,0,33.0,34.6,0,1368.9884149186369,False
TSH_2,2023-05,15.199544257090505,0,0,0,999,0,5,1,33.0,34.6,0,1368.9884149186369,False
TSH_2,2023-06,15.199544257090505,0,0,0,999,0,6,1,33.0,34.6,0,1368.9884149186369,False
TSH_2,2023-07,15.199544257090505,0,0,0,999,0,7,1,33.0,34.6,0,1368.9884149186369,False
TSH_2,2023-08,15.199544257090505,0,0,0,999,0,8,1,33.0,34.6,0,1368.9884149186369,False
TSH_2,2023-09,15.199544257090505,0,0,0,999,0,9,1,33.0,34.6,0,1368.9884149186369,False
TSH_2,2023-10,15.199544257090505,0,0,0,999,0,10,0,33.0,34.6,0,1368.9884149186369,False
TSH_2,2023-11,15.199544257090505,0,0,0,999,0,11,0,33.0,34.6,0,1368.9884149186369,False
TSH_2,2023-12,15.199544257090505,0,0,0,999,0,12,0,33.0,34.6,0,1368.9884149186369,False
TSH_2,2024-01,15.199544257090505,0,0,0,999,0,1,0,33.0,34.6,0,1368.9884149186369,False
TSH_2,2024-02,15.199544257090505,0,0,0,999,0,2,0,33.0,34.6,0,1368.9884149186369,False
TSH_2,2024-03,15.199544257090505,0,0,0,999,0,3,0,33.0,34.6,0,1368.9884149186369,False
TSH_2,2024-04,15.199544257090505,0,0,0,999,0,4,0,33.0,34.6,0,1368.9884149186369,False
TSH_2,2024-05,15.199544257090505,0,0,0,999,0,5,1,33.0,34.6,0,1368.9884149186369,False
TSH_2,2024-06,15.199544257090505,0,0,0,999,0,6,1,33.0,34.6,0,1368.9884149186369,False
TSH_2,2024-07,15.199544257090505,0,0,0,999,0,7,1,33.0,34.6,0,1368.9884149186369,False
TSH_2,2024-08,15.199544257090505,0,0,0,999,0,8,1,33.0,34.6,0,1368.9884149186369,False
TSH_2,2024-09,15.199544257090505,0,0,0,999,0,9,1,33.0,34.6,0,1368.9884149186369,False
TSH_2,2024-10,15.199544257090505,0,0,0,999,0,10,0,33.0,34.6,0,1368.9884149186369,False
TSH_2,2024-11,15.199544257090505,0,0,0,999,0,11,0,33.0,34.6,0,1368.9884149186369,False
TSH_2,2024-12,15.199544257090505,0,0,0,999,0,12,0,33.0,34.6,0,1368.9884149186369,False
TSH_2,2025-01,15.199544257090505,0,0,0,999,0,1,0,33.0,34.6,0,1368.9884149186369,False
TSH_2,2025-02,15.199544257090505,0,0,0,999,0,2,0,33.0,34.6,0,1368.9884149186369,False
TSH_2,2025-03,15.199544257090505,0,0,0,999,0,3,0,33.0,34.6,0,1368.9884149186369,False
TSH_2,2025-04,15.199544257090505,0,0,0,999,0,4,0,33.0,34.6,0,1368.9884149186369,False
TSH_2,2025-05,15.199544257090505,0,0,0,999,0,5,1,33.0,34.6,0,1368.9884149186369,False
TSH_2,2025-06,15.199544257090505,0,0,0,999,0,6,1,33.0,34.6,0,1368.9884149186369,False
TSH_2,2025-07,15.199544257090505,0,0,0,999,0,7,1,33.0,34.6,0,1368.9884149186369,False
TSH_2,2025-08,15.199544257090505,0,0,0,999,0,8,1,33.0,34.6,0,1368.9884149186369,False
TSH_2,2025-09,15.199544257090505,0,0,0,999,0,9,1,33.0,34.6,0,1368.9884149186369,False
TSH_2,2025-10,15.199544257090505,0,0,0,999,0,10,0,33.0,34.6,0,1368.9884149186369,False
TSH_2,2025-11,15.199544257090505,0,0,0,999,0,11,0,33.0,34.6,0,1368.9884149186369,False
TSH_2,2025-12,15.199544257090505,0,0,0,999,0,12,0,33.0,34.6,0,1368.9884149186369,False
TSH_2,2026-01,15.199544257090505,0,0,0,999,0,1,0,33.0,34.6,0,1368.9884149186369,False
TSH_2,2026-02,15.199544257090505,0,0,0,999,0,2,0,33.0,34.6,0,1368.9884149186369,False
TSH_2,2026-03,15.199544257090505,0,0,0,999,0,3,0,33.0,34.6,0,1368.9884149186369,False
TSH_20,2019-08,13.863432341316988,0,0,0,999,0,8,1,33.0,73.3,0,1955.7205843747306,False
TSH_20,2019-09,13.863432341316988,0,0,0,999,0,9,1,33.0,73.3,0,1955.7205843747306,False
TSH_20,2019-10,13.863432341316988,0,0,0,999,0,10,0,33.0,73.3,0,1955.7205843747306,False
TSH_20,2019-11,13.863432341316988,0,0,0,999,0,11,0,33.0,73.3,0,1955.7205843747306,False
TSH_20,2019-12,13.863432341316988,0,0,0,999,0,12,0,33.0,73.3,0,1955.7205843747306,False
TSH_20,2020-01,13.863432341316988,0,0,0,999,0,1,0,33.0,73.3,0,1955.7205843747306,False
TSH_20,2020-02,13.863432341316988,0,0,0,999,0,2,0,33.0,73.3,0,1955.7205843747306,False
TSH_20,2020-03,13.863432341316988,0,0,0,999,0,3,0,33.0,73.3,0,1955.7205843747306,False
TSH_20,2020-04,13.863432341316988,0,0,0,999,0,4,0,33.0,73.3,0,1955.7205843747306,False
TSH_20,2020-05,13.863432341316988,0,0,0,999,0,5,1,33.0,73.3,0,1955.7205843747306,False
TSH_20,2020-06,13.863432341316988,0,0,0,999,0,6,1,33.0,73.3,0,1955.7205843747306,False
TSH_20,2020-07,13.863432341316988,0,0,0,999,0,7,1,33.0,73.3,0,1955.7205843747306,False
TSH_20,2020-08,13.863432341316988,0,0,0,999,0,8,1,33.0,73.3,0,1955.7205843747306,False
TSH_20,2020-09,13.863432341316988,0,0,0,999,0,9,1,33.0,73.3,0,1955.7205843747306,False
TSH_20,2020-10,13.863432341316988,0,0,0,999,0,10,0,33.0,73.3,0,1955.7205843747306,False
TSH_20,2020-11,13.863432341316988,0,0,0,999,0,11,0,33.0,73.3,0,1955.7205843747306,False
TSH_20,2020-12,13.863432341316988,0,0,0,999,0,12,0,33.0,73.3,0,1955.7205843747306,False
TSH_20,2021-01,13.863432341316988,0,0,0,999,0,1,0,33.0,73.3,0,1955.7205843747306,False
TSH_20,2021-02,13.863432341316988,0,0,0,999,0,2,0,33.0,73.3,0,1955.7205843747306,False
TSH_20,2021-03,13.863432341316988,0,0,0,999,0,3,0,33.0,73.3,0,1955.7205843747306,False
TSH_20,2021-04,13.863432341316988,0,0,0,999,0,4,0,33.0,73.3,0,1955.7205843747306,False
TSH_20,2021-05,13.863432341316988,0,0,0,999,0,5,1,33.0,73.3,0,1955.7205843747306,False
TSH_20,2021-06,13.863432341316988,0,0,0,999,0,6,1,33.0,73.3,0,1955.7205843747306,False
TSH_20,2021-07,13.863432341316988,0,0,0,999,0,7,1,33.0,73.3,0,1955.7205843747306,False
TSH_20,2021-08,13.863432341316988,0,0,0,999,0,8,1,33.0,73.3,0,1955.7205843747306,False
TSH_20,2021-09,13.863432341316988,0,0,0,999,0,9,1,33.0,73.3,0,1955.7205843747306,False
TSH_20,2021-10,13.863432341316988,0,0,0,999,0,10,0,33.0,73.3,0,1955.7205843747306,False
TSH_20,2021-11,13.863432341316988,0,0,0,999,0,11,0,33.0,73.3,0,1955.7205843747306,False
TSH_20,2021-12,13.863432341316988,0,0,0,999,0,12,0,33.0,73.3,0,1955.7205843747306,False
TSH_20,2022-01,13.863432341316988,0,0,0,999,0,1,0,33.0,73.3,0,1955.7205843747306,False
TSH_20,2022-02,13.863432341316988,0,0,0,999,0,2,0,33.0,73.3,0,1955.7205843747306,False
TSH_20,2022-03,13.863432341316988,0,0,0,999,0,3,0,33.0,73.3,0,1955.7205843747306,False
TSH_20,2022-04,13.863432341316988,0,0,0,999,0,4,0,33.0,73.3,0,1955.7205843747306,False
TSH_20,2022-05,13.863432341316988,0,0,0,999,0,5,1,33.0,73.3,0,1955.7205843747306,False
TSH_20,2022-06,13.863432341316988,0,0,0,999,0,6,1,33.0,73.3,0,1955.7205843747306,False
TSH_20,2022-07,13.863432341316988,0,0,0,999,0,7,1,33.0,73.3,0,1955.7205843747306,False
TSH_20,2022-08,13.863432341316988,0,0,0,999,0,8,1,33.0,73.3,0,1955.7205843747306,False
TSH_20,2022-09,13.863432341316988,0,0,0,999,0,9,1,33.0,73.3,0,1955.7205843747306,False
TSH_20,2022-10,13.863432341316988,0,0,0,999,0,10,0,33.0,73.3,0,1955.7205843747306,False
TSH_20,2022-11,13.863432341316988,0,0,0,999,0,11,0,33.0,73.3,0,1955.7205843747306,False
TSH_20,2022-12,13.863432341316988,0,0,0,999,0,12,0,33.0,73.3,0,1955.7205843747306,False
TSH_20,2023-01,13.863432341316988,0,0,0,999,0,1,0,33.0,73.3,0,1955.7205843747306,False
TSH_20,2023-02,13.863432341316988,0,0,0,999,0,2,0,33.0,73.3,0,1955.7205843747306,False
TSH_20,2023-03,13.863432341316988,0,0,0,999,0,3,0,33.0,73.3,0,1955.7205843747306,False
TSH_20,2023-04,13.863432341316988,0,0,0,999,0,4,0,33.0,73.3,0,1955.7205843747306,False
TSH_20,2023-05,13.863432341316988,0,0,0,999,0,5,1,33.0,73.3,0,1955.7205843747306,False
TSH_20,2023-06,13.863432341316988,0,0,0,999,0,6,1,33.0,73.3,0,1955.7205843747306,False
TSH_20,2023-07,13.863432341316988,0,0,0,999,0,7,1,33.0,73.3,0,1955.7205843747306,False
TSH_20,2023-08,13.863432341316988,0,0,0,999,0,8,1,33.0,73.3,0,1955.7205843747306,False
TSH_20,2023-09,13.863432341316988,0,0,0,999,0,9,1,33.0,73.3,0,1955.7205843747306,False
TSH_20,2023-10,13.863432341316988,0,0,0,999,0,10,0,33.0,73.3,0,1955.7205843747306,False
TSH_20,2023-11,13.863432341316988,0,0,0,999,0,11,0,33.0,73.3,0,1955.7205843747306,False
TSH_20,2023-12,13.863432341316988,0,0,0,999,0,12,0,33.0,73.3,0,1955.7205843747306,False
TSH_20,2024-01,13.863432341316988,0,0,0,999,0,1,0,33.0,73.3,0,1955.7205843747306,False
TSH_20,2024-02,13.863432341316988,0,0,0,999,0,2,0,33.0,73.3,0,1955.7205843747306,False
TSH_20,2024-03,13.863432341316988,0,0,0,999,0,3,0,33.0,73.3,0,1955.7205843747306,False
TSH_20,2024-04,13.863432341316988,0,0,0,999,0,4,0,33.0,73.3,0,1955.7205843747306,False
TSH_20,2024-05,13.863432341316988,0,0,0,999,0,5,1,33.0,73.3,0,1955.7205843747306,False
TSH_20,2024-06,13.863432341316988,0,0,0,999,0,6,1,33.0,73.3,0,1955.7205843747306,False
TSH_20,2024-07,13.863432341316988,0,0,0,999,0,7,1,33.0,73.3,0,1955.7205843747306,False
TSH_20,2024-08,13.863432341316988,0,0,0,999,0,8,1,33.0,73.3,0,1955.7205843747306,False
TSH_20,2024-09,13.863432341316988,0,0,0,999,0,9,1,33.0,73.3,0,1955.7205843747306,False
TSH_20,2024-10,13.863432341316988,0,0,0,999,0,10,0,33.0,73.3,0,1955.7205843747306,False
TSH_20,2024-11,13.863432341316988,0,0,0,999,0,11,0,33.0,73.3,0,1955.7205843747306,False
TSH_20,2024-12,13.863432341316988,0,0,0,999,0,12,0,33.0,73.3,0,1955.7205843747306,False
TSH_20,2025-01,13.863432341316988,0,0,0,999,0,1,0,33.0,73.3,0,1955.7205843747306,False
TSH_20,2025-02,13.863432341316988,0,0,0,999,0,2,0,33.0,73.3,0,1955.7205843747306,False
TSH_20,2025-03,13.863432341316988,0,0,0,999,0,3,0,33.0,73.3,0,1955.7205843747306,False
TSH_20,2025-04,13.863432341316988,0,0,0,999,0,4,0,33.0,73.3,0,1955.7205843747306,False
TSH_20,2025-05,13.863432341316988,0,0,0,999,0,5,1,33.0,73.3,0,1955.7205843747306,False
TSH_20,2025-06,13.863432341316988,0,0,0,999,0,6,1,33.0,73.3,0,1955.7205843747306,False
TSH_20,2025-07,13.863432341316988,0,0,0,999,0,7,1,33.0,73.3,0,1955.7205843747306,False
TSH_20,2025-08,13.863432341316988,0,0,0,999,0,8,1,33.0,73.3,0,1955.7205843747306,False
TSH_20,2025-09,13.863432341316988,0,0,0,999,0,9,1,33.0,73.3,0,1955.7205843747306,False
TSH_20,2025-10,13.863432341316988,0,0,0,999,0,10,0,33.0,73.3,0,1955.7205843747306,False
TSH_20,2025-11,13.863432341316988,0,0,0,999,0,11,0,33.0,73.3,0,1955.7205843747306,False
TSH_20,2025-12,13.863432341316988,0,0,0,999,0,12,0,33.0,73.3,0,1955.7205843747306,False
TSH_20,2026-01,13.863432341316988,0,0,0,999,0,1,0,33.0,73.3,0,1955.7205843747306,False
TSH_20,2026-02,13.863432341316988,0,0,0,999,0,2,0,33.0,73.3,0,1955.7205843747306,False
TSH_20,2026-03,13.863432341316988,0,0,0,999,0,3,0,33.0,73.3,0,1955.7205843747306,False
TSH_21,2019-08,5.321071866335256,0,0,0,999,0,8,1,33.0,73.3,0,5613.154783524992,False
TSH_21,2019-09,5.321071866335256,0,0,0,999,0,9,1,33.0,73.3,0,5613.154783524992,False
TSH_21,2019-10,5.321071866335256,0,0,0,999,0,10,0,33.0,73.3,0,5613.154783524992,False
TSH_21,2019-11,5.321071866335256,0,0,0,999,0,11,0,33.0,73.3,0,5613.154783524992,False
TSH_21,2019-12,5.321071866335256,0,0,0,999,0,12,0,33.0,73.3,0,5613.154783524992,False
TSH_21,2020-01,5.321071866335256,0,0,0,999,0,1,0,33.0,73.3,0,5613.154783524992,False
TSH_21,2020-02,5.321071866335256,0,0,0,999,0,2,0,33.0,73.3,0,5613.154783524992,False
TSH_21,2020-03,5.321071866335256,0,0,0,999,0,3,0,33.0,73.3,0,5613.154783524992,False
TSH_21,2020-04,5.321071866335256,0,0,0,999,0,4,0,33.0,73.3,0,5613.154783524992,False
TSH_21,2020-05,5.321071866335256,0,0,0,999,0,5,1,33.0,73.3,0,5613.154783524992,False
TSH_21,2020-06,5.321071866335256,0,0,0,999,0,6,1,33.0,73.3,0,5613.154783524992,False
TSH_21,2020-07,5.321071866335256,0,0,0,999,0,7,1,33.0,73.3,0,5613.154783524992,False
TSH_21,2020-08,5.321071866335256,0,0,0,999,0,8,1,33.0,73.3,0,5613.154783524992,False
TSH_21,2020-09,5.321071866335256,0,0,0,999,0,9,1,33.0,73.3,0,5613.154783524992,False
TSH_21,2020-10,5.321071866335256,0,0,0,999,0,10,0,33.0,73.3,0,5613.154783524992,False
TSH_21,2020-11,5.321071866335256,0,0,0,999,0,11,0,33.0,73.3,0,5613.154783524992,False
TSH_21,2020-12,5.321071866335256,0,0,0,999,0,12,0,33.0,73.3,0,5613.154783524992,False
TSH_21,2021-01,5.321071866335256,0,0,0,999,0,1,0,33.0,73.3,0,5613.154783524992,False
TSH_21,2021-02,5.321071866335256,0,0,0,999,0,2,0,33.0,73.3,0,5613.154783524992,False
TSH_21,2021-03,5.321071866335256,0,0,0,999,0,3,0,33.0,73.3,0,5613.154783524992,False
TSH_21,2021-04,5.321071866335256,0,0,0,999,0,4,0,33.0,73.3,0,5613.154783524992,False
TSH_21,2021-05,5.321071866335256,0,0,0,999,0,5,1,33.0,73.3,0,5613.154783524992,False
TSH_21,2021-06,5.321071866335256,0,0,0,999,0,6,1,33.0,73.3,0,5613.154783524992,False
TSH_21,2021-07,5.321071866335256,0,0,0,999,0,7,1,33.0,73.3,0,5613.154783524992,False
TSH_21,2021-08,5.321071866335256,0,0,0,999,0,8,1,33.0,73.3,0,5613.154783524992,False
TSH_21,2021-09,5.321071866335256,0,0,0,999,0,9,1,33.0,73.3,0,5613.154783524992,False
TSH_21,2021-10,5.321071866335256,0,0,0,999,0,10,0,33.0,73.3,0,5613.154783524992,False
TSH_21,2021-11,5.321071866335256,0,0,0,999,0,11,0,33.0,73.3,0,5613.154783524992,False
TSH_21,2021-12,5.321071866335256,0,0,0,999,0,12,0,33.0,73.3,0,5613.154783524992,False
TSH_21,2022-01,5.321071866335256,0,0,0,999,0,1,0,33.0,73.3,0,5613.154783524992,False
TSH_21,2022-02,5.321071866335256,0,0,0,999,0,2,0,33.0,73.3,0,5613.154783524992,False
TSH_21,2022-03,5.321071866335256,0,0,0,999,0,3,0,33.0,73.3,0,5613.154783524992,False
TSH_21,2022-04,5.321071866335256,0,0,0,999,0,4,0,33.0,73.3,0,5613.154783524992,False
TSH_21,2022-05,5.321071866335256,0,0,0,999,0,5,1,33.0,73.3,0,5613.154783524992,False
TSH_21,2022-06,5.321071866335256,0,0,0,999,0,6,1,33.0,73.3,0,5613.154783524992,False
TSH_21,2022-07,5.321071866335256,0,0,0,999,0,7,1,33.0,73.3,0,5613.154783524992,False
TSH_21,2022-08,5.321071866335256,0,0,0,999,0,8,1,33.0,73.3,0,5613.154783524992,False
TSH_21,2022-09,5.321071866335256,0,0,0,999,0,9,1,33.0,73.3,0,5613.154783524992,False
TSH_21,2022-10,5.321071866335256,0,0,0,999,0,10,0,33.0,73.3,0,5613.154783524992,False
TSH_21,2022-11,5.321071866335256,0,0,0,999,0,11,0,33.0,73.3,0,5613.154783524992,False
TSH_21,2022-12,5.321071866335256,0,0,0,999,0,12,0,33.0,73.3,0,5613.154783524992,False
TSH_21,2023-01,5.321071866335256,0,0,0,999,0,1,0,33.0,73.3,0,5613.154783524992,False
TSH_21,2023-02,5.321071866335256,0,0,0,999,0,2,0,33.0,73.3,0,5613.154783524992,False
TSH_21,2023-03,5.321071866335256,0,0,0,999,0,3,0,33.0,73.3,0,5613.154783524992,False
TSH_21,2023-04,5.321071866335256,0,0,0,999,0,4,0,33.0,73.3,0,5613.154783524992,False
TSH_21,2023-05,5.321071866335256,0,0,0,999,0,5,1,33.0,73.3,0,5613.154783524992,False
TSH_21,2023-06,5.321071866335256,0,0,0,999,0,6,1,33.0,73.3,0,5613.154783524992,False
TSH_21,2023-07,5.321071866335256,0,0,0,999,0,7,1,33.0,73.3,0,5613.154783524992,False
TSH_21,2023-08,5.321071866335256,0,0,0,999,0,8,1,33.0,73.3,0,5613.154783524992,False
TSH_21,2023-09,5.321071866335256,0,0,0,999,0,9,1,33.0,73.3,0,5613.154783524992,False
TSH_21,2023-10,5.321071866335256,0,0,0,999,0,10,0,33.0,73.3,0,5613.154783524992,False
TSH_21,2023-11,5.321071866335256,0,0,0,999,0,11,0,33.0,73.3,0,5613.154783524992,False
TSH_21,2023-12,5.321071866335256,0,0,0,999,0,12,0,33.0,73.3,0,5613.154783524992,False
TSH_21,2024-01,5.321071866335256,0,0,0,999,0,1,0,33.0,73.3,0,5613.154783524992,False
TSH_21,2024-02,5.321071866335256,0,0,0,999,0,2,0,33.0,73.3,0,5613.154783524992,False
TSH_21,2024-03,5.321071866335256,0,0,0,999,0,3,0,33.0,73.3,0,5613.154783524992,False
TSH_21,2024-04,5.321071866335256,0,0,0,999,0,4,0,33.0,73.3,0,5613.154783524992,False
TSH_21,2024-05,5.321071866335256,0,0,0,999,0,5,1,33.0,73.3,0,5613.154783524992,False
TSH_21,2024-06,5.321071866335256,0,0,0,999,0,6,1,33.0,73.3,0,5613.154783524992,False
TSH_21,2024-07,5.321071866335256,0,0,0,999,0,7,1,33.0,73.3,0,5613.154783524992,False
TSH_21,2024-08,5.321071866335256,0,0,0,999,0,8,1,33.0,73.3,0,5613.154783524992,False
TSH_21,2024-09,5.321071866335256,0,0,0,999,0,9,1,33.0,73.3,0,5613.154783524992,False
TSH_21,2024-10,5.321071866335256,0,0,0,999,0,10,0,33.0,73.3,0,5613.154783524992,False
TSH_21,2024-11,5.321071866335256,0,0,0,999,0,11,0,33.0,73.3,0,5613.154783524992,False
TSH_21,2024-12,5.321071866335256,0,0,0,999,0,12,0,33.0,73.3,0,5613.154783524992,False
TSH_21,2025-01,5.321071866335256,0,0,0,999,0,1,0,33.0,73.3,0,5613.154783524992,False
TSH_21,2025-02,5.321071866335256,0,0,0,999,0,2,0,33.0,73.3,0,5613.154783524992,False
TSH_21,2025-03,5.321071866335256,0,0,0,999,0,3,0,33.0,73.3,0,5613.154783524992,False
TSH_21,2025-04,5.321071866335256,0,0,0,999,0,4,0,33.0,73.3,0,5613.154783524992,False
TSH_21,2025-05,5.321071866335256,0,0,0,999,0,5,1,33.0,73.3,0,5613.154783524992,False
TSH_21,2025-06,5.321071866335256,0,0,0,999,0,6,1,33.0,73.3,0,5613.154783524992,False
TSH_21,2025-07,5.321071866335256,0,0,0,999,0,7,1,33.0,73.3,0,5613.154783524992,False
TSH_21,2025-08,5.321071866335256,0,0,0,999,0,8,1,33.0,73.3,0,5613.154783524992,False
TSH_21,2025-09,5.321071866335256,0,0,0,999,0,9,1,33.0,73.3,0,5613.154783524992,False
TSH_21,2025-10,5.321071866335256,0,0,0,999,0,10,0,33.0,73.3,0,5613.154783524992,False
TSH_21,2025-11,5.321071866335256,0,0,0,999,0,11,0,33.0,73.3,0,5613.154783524992,False
TSH_21,2025-12,5.321071866335256,0,0,0,999,0,12,0,33.0,73.3,0,5613.154783524992,False
TSH_21,2026-01,5.321071866335256,0,0,0,999,0,1,0,33.0,73.3,0,5613.154783524992,False
TSH_21,2026-02,5.321071866335256,0,0,0,999,0,2,0,33.0,73.3,0,5613.154783524992,False
TSH_21,2026-03,5.321071866335256,0,0,0,999,0,3,0,33.0,73.3,0,5613.154783524992,False
TSH_22,2019-08,18.44621347194017,0,0,0,999,0,8,1,33.0,73.3,0,1821.3494087069282,False
TSH_22,2019-09,18.44621347194017,0,0,0,999,0,9,1,33.0,73.3,0,1821.3494087069282,False
TSH_22,2019-10,18.44621347194017,0,0,0,999,0,10,0,33.0,73.3,0,1821.3494087069282,False
TSH_22,2019-11,18.44621347194017,0,0,0,999,0,11,0,33.0,73.3,0,1821.3494087069282,False
TSH_22,2019-12,18.44621347194017,0,0,0,999,0,12,0,33.0,73.3,0,1821.3494087069282,False
TSH_22,2020-01,18.44621347194017,0,0,0,999,0,1,0,33.0,73.3,0,1821.3494087069282,False
TSH_22,2020-02,18.44621347194017,0,0,0,999,0,2,0,33.0,73.3,0,1821.3494087069282,False
TSH_22,2020-03,18.44621347194017,0,0,0,999,0,3,0,33.0,73.3,0,1821.3494087069282,False
TSH_22,2020-04,18.44621347194017,0,0,0,999,0,4,0,33.0,73.3,0,1821.3494087069282,False
TSH_22,2020-05,18.44621347194017,0,0,0,999,0,5,1,33.0,73.3,0,1821.3494087069282,False
TSH_22,2020-06,18.44621347194017,0,0,0,999,0,6,1,33.0,73.3,0,1821.3494087069282,False
TSH_22,2020-07,18.44621347194017,0,0,0,999,0,7,1,33.0,73.3,0,1821.3494087069282,False
TSH_22,2020-08,18.44621347194017,0,0,0,999,0,8,1,33.0,73.3,0,1821.3494087069282,False
TSH_22,2020-09,18.44621347194017,0,0,0,999,0,9,1,33.0,73.3,0,1821.3494087069282,False
TSH_22,2020-10,18.44621347194017,0,0,0,999,0,10,0,33.0,73.3,0,1821.3494087069282,False
TSH_22,2020-11,18.44621347194017,0,0,0,999,0,11,0,33.0,73.3,0,1821.3494087069282,False
TSH_22,2020-12,18.44621347194017,0,0,0,999,0,12,0,33.0,73.3,0,1821.3494087069282,False
TSH_22,2021-01,18.44621347194017,0,0,0,999,0,1,0,33.0,73.3,0,1821.3494087069282,False
TSH_22,2021-02,18.44621347194017,0,0,0,999,0,2,0,33.0,73.3,0,1821.3494087069282,False
TSH_22,2021-03,18.44621347194017,0,0,0,999,0,3,0,33.0,73.3,0,1821.3494087069282,False
TSH_22,2021-04,18.44621347194017,0,0,0,999,0,4,0,33.0,73.3,0,1821.3494087069282,False
TSH_22,2021-05,18.44621347194017,0,0,0,999,0,5,1,33.0,73.3,0,1821.3494087069282,False
TSH_22,2021-06,18.44621347194017,0,0,0,999,0,6,1,33.0,73.3,0,1821.3494087069282,False
TSH_22,2021-07,18.44621347194017,0,0,0,999,0,7,1,33.0,73.3,0,1821.3494087069282,False
TSH_22,2021-08,18.44621347194017,0,0,0,999,0,8,1,33.0,73.3,0,1821.3494087069282,False
TSH_22,2021-09,18.44621347194017,0,0,0,999,0,9,1,33.0,73.3,0,1821.3494087069282,False
TSH_22,2021-10,18.44621347194017,0,0,0,999,0,10,0,33.0,73.3,0,1821.3494087069282,False
TSH_22,2021-11,18.44621347194017,0,0,0,999,0,11,0,33.0,73.3,0,1821.3494087069282,False
TSH_22,2021-12,18.44621347194017,0,0,0,999,0,12,0,33.0,73.3,0,1821.3494087069282,False
TSH_22,2022-01,18.44621347194017,0,0,0,999,0,1,0,33.0,73.3,0,1821.3494087069282,False
TSH_22,2022-02,18.44621347194017,0,0,0,999,0,2,0,33.0,73.3,0,1821.3494087069282,False
TSH_22,2022-03,18.44621347194017,0,0,0,999,0,3,0,33.0,73.3,0,1821.3494087069282,False
TSH_22,2022-04,18.44621347194017,0,0,0,999,0,4,0,33.0,73.3,0,1821.3494087069282,False
TSH_22,2022-05,18.44621347194017,0,0,0,999,0,5,1,33.0,73.3,0,1821.3494087069282,False
TSH_22,2022-06,18.44621347194017,0,0,0,999,0,6,1,33.0,73.3,0,1821.3494087069282,False
TSH_22,2022-07,18.44621347194017,0,0,0,999,0,7,1,33.0,73.3,0,1821.3494087069282,False
TSH_22,2022-08,18.44621347194017,0,0,0,999,0,8,1,33.0,73.3,0,1821.3494087069282,False
TSH_22,2022-09,18.44621347194017,0,0,0,999,0,9,1,33.0,73.3,0,1821.3494087069282,False
TSH_22,2022-10,18.44621347194017,0,0,0,999,0,10,0,33.0,73.3,0,1821.3494087069282,False
TSH_22,2022-11,18.44621347194017,0,0,0,999,0,11,0,33.0,73.3,0,1821.3494087069282,False
TSH_22,2022-12,18.44621347194017,0,0,0,999,0,12,0,33.0,73.3,1,1821.3494087069282,False
TSH_22,2023-01,18.44621347194017,0,0,0,999,0,1,0,33.0,73.3,1,1821.3494087069282,False
TSH_22,2023-02,18.44621347194017,0,0,0,999,0,2,0,33.0,73.3,1,1821.3494087069282,False
TSH_22,2023-03,18.44621347194017,1,1,1,0,0,3,0,33.0,73.3,1,1821.3494087069282,False
TSH_22,2023-04,18.44621347194017,0,0,1,1,0,4,0,33.0,73.3,1,1821.3494087069282,False
TSH_22,2023-05,18.44621347194017,1,1,2,0,0,5,1,33.0,73.3,0,1821.3494087069282,False
TSH_22,2023-06,18.44621347194017,0,0,2,1,0,6,1,33.0,73.3,0,1821.3494087069282,False
TSH_22,2023-07,18.44621347194017,0,0,2,2,0,7,1,33.0,73.3,0,1821.3494087069282,False
TSH_22,2023-08,18.44621347194017,0,0,2,3,0,8,1,33.0,73.3,0,1821.3494087069282,False
TSH_22,2023-09,18.44621347194017,0,0,2,4,0,9,1,33.0,73.3,0,1821.3494087069282,False
TSH_22,2023-10,18.44621347194017,0,0,2,5,0,10,0,33.0,73.3,0,1821.3494087069282,False
TSH_22,2023-11,18.44621347194017,0,0,2,6,0,11,0,33.0,73.3,1,1821.3494087069282,False
TSH_22,2023-12,18.44621347194017,0,0,2,7,0,12,0,33.0,73.3,1,1821.3494087069282,False
TSH_22,2024-01,18.44621347194017,0,0,2,8,0,1,0,33.0,73.3,1,1821.3494087069282,False
TSH_22,2024-02,18.44621347194017,1,1,3,0,0,2,0,33.0,73.3,0,1821.3494087069282,False
TSH_22,2024-03,18.44621347194017,0,0,3,1,0,3,0,33.0,73.3,0,1821.3494087069282,False
TSH_22,2024-04,18.44621347194017,0,0,3,2,0,4,0,33.0,73.3,0,1821.3494087069282,False
TSH_22,2024-05,18.44621347194017,0,0,3,3,0,5,1,33.0,73.3,0,1821.3494087069282,False
TSH_22,2024-06,18.44621347194017,0,0,3,4,0,6,1,33.0,73.3,0,1821.3494087069282,False
TSH_22,2024-07,18.44621347194017,0,0,3,5,0,7,1,33.0,73.3,0,1821.3494087069282,False
TSH_22,2024-08,18.44621347194017,0,0,3,6,0,8,1,33.0,73.3,0,1821.3494087069282,False
TSH_22,2024-09,18.44621347194017,0,0,3,7,0,9,1,33.0,73.3,0,1821.3494087069282,False
TSH_22,2024-10,18.44621347194017,0,0,3,8,0,10,0,33.0,73.3,0,1821.3494087069282,False
TSH_22,2024-11,18.44621347194017,0,0,3,9,0,11,0,33.0,73.3,0,1821.3494087069282,False
TSH_22,2024-12,18.44621347194017,0,0,3,10,0,12,0,33.0,73.3,0,1821.3494087069282,False
TSH_22,2025-01,18.44621347194017,0,0,3,11,0,1,0,33.0,73.3,0,1821.3494087069282,False
TSH_22,2025-02,18.44621347194017,0,0,3,12,0,2,0,33.0,73.3,0,1821.3494087069282,False
TSH_22,2025-03,18.44621347194017,0,0,3,13,0,3,0,33.0,73.3,0,1821.3494087069282,False
TSH_22,2025-04,18.44621347194017,0,0,3,14,0,4,0,33.0,73.3,0,1821.3494087069282,False
TSH_22,2025-05,18.44621347194017,0,0,3,15,0,5,1,33.0,73.3,0,1821.3494087069282,False
TSH_22,2025-06,18.44621347194017,0,0,3,16,0,6,1,33.0,73.3,0,1821.3494087069282,False
TSH_22,2025-07,18.44621347194017,0,0,3,17,0,7,1,33.0,73.3,0,1821.3494087069282,False
TSH_22,2025-08,18.44621347194017,0,0,3,18,0,8,1,33.0,73.3,0,1821.3494087069282,False
TSH_22,2025-09,18.44621347194017,0,0,3,19,0,9,1,33.0,73.3,0,1821.3494087069282,False
TSH_22,2025-10,18.44621347194017,0,0,3,20,0,10,0,33.0,73.3,0,1821.3494087069282,False
TSH_22,2025-11,18.44621347194017,0,0,3,21,0,11,0,33.0,73.3,0,1821.3494087069282,False
TSH_22,2025-12,18.44621347194017,0,0,3,22,0,12,0,33.0,73.3,0,1821.3494087069282,False
TSH_22,2026-01,18.44621347194017,0,0,3,23,0,1,0,33.0,73.3,0,1821.3494087069282,False
TSH_22,2026-02,18.44621347194017,0,0,3,24,0,2,0,33.0,73.3,0,1821.3494087069282,False
TSH_22,2026-03,18.44621347194017,0,0,3,25,0,3,0,33.0,73.3,1,1821.3494087069282,False
TSH_23,2019-08,9.57723126584845,0,0,0,999,0,8,1,33.0,38.1,0,2241.6708340913237,False
TSH_23,2019-09,9.57723126584845,0,0,0,999,0,9,1,33.0,38.1,0,2241.6708340913237,False
TSH_23,2019-10,9.57723126584845,0,0,0,999,0,10,0,33.0,38.1,0,2241.6708340913237,False
TSH_23,2019-11,9.57723126584845,0,0,0,999,0,11,0,33.0,38.1,0,2241.6708340913237,False
TSH_23,2019-12,9.57723126584845,0,0,0,999,0,12,0,33.0,38.1,0,2241.6708340913237,False
TSH_23,2020-01,9.57723126584845,0,0,0,999,0,1,0,33.0,38.1,0,2241.6708340913237,False
TSH_23,2020-02,9.57723126584845,0,0,0,999,0,2,0,33.0,38.1,0,2241.6708340913237,False
TSH_23,2020-03,9.57723126584845,0,0,0,999,0,3,0,33.0,38.1,0,2241.6708340913237,False
TSH_23,2020-04,9.57723126584845,0,0,0,999,0,4,0,33.0,38.1,0,2241.6708340913237,False
TSH_23,2020-05,9.57723126584845,0,0,0,999,0,5,1,33.0,38.1,0,2241.6708340913237,False
TSH_23,2020-06,9.57723126584845,0,0,0,999,0,6,1,33.0,38.1,0,2241.6708340913237,False
TSH_23,2020-07,9.57723126584845,0,0,0,999,0,7,1,33.0,38.1,0,2241.6708340913237,False
TSH_23,2020-08,9.57723126584845,0,0,0,999,0,8,1,33.0,38.1,0,2241.6708340913237,False
TSH_23,2020-09,9.57723126584845,0,0,0,999,0,9,1,33.0,38.1,0,2241.6708340913237,False
TSH_23,2020-10,9.57723126584845,0,0,0,999,0,10,0,33.0,38.1,0,2241.6708340913237,False
TSH_23,2020-11,9.57723126584845,0,0,0,999,0,11,0,33.0,38.1,0,2241.6708340913237,False
TSH_23,2020-12,9.57723126584845,0,0,0,999,0,12,0,33.0,38.1,0,2241.6708340913237,False
TSH_23,2021-01,9.57723126584845,0,0,0,999,0,1,0,33.0,38.1,0,2241.6708340913237,False
TSH_23,2021-02,9.57723126584845,0,0,0,999,0,2,0,33.0,38.1,0,2241.6708340913237,False
TSH_23,2021-03,9.57723126584845,0,0,0,999,0,3,0,33.0,38.1,0,2241.6708340913237,False
TSH_23,2021-04,9.57723126584845,0,0,0,999,0,4,0,33.0,38.1,0,2241.6708340913237,False
TSH_23,2021-05,9.57723126584845,0,0,0,999,0,5,1,33.0,38.1,0,2241.6708340913237,False
TSH_23,2021-06,9.57723126584845,0,0,0,999,0,6,1,33.0,38.1,0,2241.6708340913237,False
TSH_23,2021-07,9.57723126584845,0,0,0,999,0,7,1,33.0,38.1,0,2241.6708340913237,False
TSH_23,2021-08,9.57723126584845,0,0,0,999,0,8,1,33.0,38.1,0,2241.6708340913237,False
TSH_23,2021-09,9.57723126584845,0,0,0,999,0,9,1,33.0,38.1,0,2241.6708340913237,False
TSH_23,2021-10,9.57723126584845,0,0,0,999,0,10,0,33.0,38.1,0,2241.6708340913237,False
TSH_23,2021-11,9.57723126584845,0,0,0,999,0,11,0,33.0,38.1,0,2241.6708340913237,False
TSH_23,2021-12,9.57723126584845,0,0,0,999,0,12,0,33.0,38.1,0,2241.6708340913237,False
TSH_23,2022-01,9.57723126584845,0,0,0,999,0,1,0,33.0,38.1,0,2241.6708340913237,False
TSH_23,2022-02,9.57723126584845,0,0,0,999,0,2,0,33.0,38.1,0,2241.6708340913237,False
TSH_23,2022-03,9.57723126584845,0,0,0,999,0,3,0,33.0,38.1,0,2241.6708340913237,False
TSH_23,2022-04,9.57723126584845,0,0,0,999,0,4,0,33.0,38.1,0,2241.6708340913237,False
TSH_23,2022-05,9.57723126584845,0,0,0,999,0,5,1,33.0,38.1,0,2241.6708340913237,False
TSH_23,2022-06,9.57723126584845,0,0,0,999,0,6,1,33.0,38.1,0,2241.6708340913237,False
TSH_23,2022-07,9.57723126584845,0,0,0,999,0,7,1,33.0,38.1,0,2241.6708340913237,False
TSH_23,2022-08,9.57723126584845,0,0,0,999,0,8,1,33.0,38.1,0,2241.6708340913237,False
TSH_23,2022-09,9.57723126584845,0,0,0,999,0,9,1,33.0,38.1,0,2241.6708340913237,False
TSH_23,2022-10,9.57723126584845,0,0,0,999,0,10,0,33.0,38.1,0,2241.6708340913237,False
TSH_23,2022-11,9.57723126584845,0,0,0,999,0,11,0,33.0,38.1,0,2241.6708340913237,False
TSH_23,2022-12,9.57723126584845,0,0,0,999,0,12,0,33.0,38.1,0,2241.6708340913237,False
TSH_23,2023-01,9.57723126584845,0,0,0,999,0,1,0,33.0,38.1,0,2241.6708340913237,False
TSH_23,2023-02,9.57723126584845,0,0,0,999,0,2,0,33.0,38.1,0,2241.6708340913237,False
TSH_23,2023-03,9.57723126584845,0,0,0,999,0,3,0,33.0,38.1,0,2241.6708340913237,False
TSH_23,2023-04,9.57723126584845,0,0,0,999,0,4,0,33.0,38.1,0,2241.6708340913237,False
TSH_23,2023-05,9.57723126584845,0,0,0,999,0,5,1,33.0,38.1,0,2241.6708340913237,False
TSH_23,2023-06,9.57723126584845,0,0,0,999,0,6,1,33.0,38.1,0,2241.6708340913237,False
TSH_23,2023-07,9.57723126584845,0,0,0,999,0,7,1,33.0,38.1,0,2241.6708340913237,False
TSH_23,2023-08,9.57723126584845,0,0,0,999,0,8,1,33.0,38.1,0,2241.6708340913237,False
TSH_23,2023-09,9.57723126584845,0,0,0,999,0,9,1,33.0,38.1,0,2241.6708340913237,False
TSH_23,2023-10,9.57723126584845,0,0,0,999,0,10,0,33.0,38.1,0,2241.6708340913237,False
TSH_23,2023-11,9.57723126584845,0,0,0,999,0,11,0,33.0,38.1,0,2241.6708340913237,False
TSH_23,2023-12,9.57723126584845,0,0,0,999,0,12,0,33.0,38.1,0,2241.6708340913237,False
TSH_23,2024-01,9.57723126584845,0,0,0,999,0,1,0,33.0,38.1,0,2241.6708340913237,False
TSH_23,2024-02,9.57723126584845,0,0,0,999,0,2,0,33.0,38.1,0,2241.6708340913237,False
TSH_23,2024-03,9.57723126584845,0,0,0,999,0,3,0,33.0,38.1,0,2241.6708340913237,False
TSH_23,2024-04,9.57723126584845,0,0,0,999,0,4,0,33.0,38.1,0,2241.6708340913237,False
TSH_23,2024-05,9.57723126584845,0,0,0,999,0,5,1,33.0,38.1,0,2241.6708340913237,False
TSH_23,2024-06,9.57723126584845,0,0,0,999,0,6,1,33.0,38.1,0,2241.6708340913237,False
TSH_23,2024-07,9.57723126584845,0,0,0,999,0,7,1,33.0,38.1,0,2241.6708340913237,False
TSH_23,2024-08,9.57723126584845,0,0,0,999,0,8,1,33.0,38.1,0,2241.6708340913237,False
TSH_23,2024-09,9.57723126584845,0,0,0,999,0,9,1,33.0,38.1,0,2241.6708340913237,False
TSH_23,2024-10,9.57723126584845,0,0,0,999,0,10,0,33.0,38.1,0,2241.6708340913237,False
TSH_23,2024-11,9.57723126584845,0,0,0,999,0,11,0,33.0,38.1,0,2241.6708340913237,False
TSH_23,2024-12,9.57723126584845,0,0,0,999,0,12,0,33.0,38.1,0,2241.6708340913237,False
TSH_23,2025-01,9.57723126584845,0,0,0,999,0,1,0,33.0,38.1,0,2241.6708340913237,False
TSH_23,2025-02,9.57723126584845,0,0,0,999,0,2,0,33.0,38.1,0,2241.6708340913237,False
TSH_23,2025-03,9.57723126584845,0,0,0,999,0,3,0,33.0,38.1,0,2241.6708340913237,False
TSH_23,2025-04,9.57723126584845,0,0,0,999,0,4,0,33.0,38.1,0,2241.6708340913237,False
TSH_23,2025-05,9.57723126584845,0,0,0,999,0,5,1,33.0,38.1,0,2241.6708340913237,False
TSH_23,2025-06,9.57723126584845,0,0,0,999,0,6,1,33.0,38.1,0,2241.6708340913237,False
TSH_23,2025-07,9.57723126584845,0,0,0,999,0,7,1,33.0,38.1,0,2241.6708340913237,False
TSH_23,2025-08,9.57723126584845,0,0,0,999,0,8,1,33.0,38.1,0,2241.6708340913237,False
TSH_23,2025-09,9.57723126584845,0,0,0,999,0,9,1,33.0,38.1,0,2241.6708340913237,False
TSH_23,2025-10,9.57723126584845,0,0,0,999,0,10,0,33.0,38.1,0,2241.6708340913237,False
TSH_23,2025-11,9.57723126584845,0,0,0,999,0,11,0,33.0,38.1,0,2241.6708340913237,False
TSH_23,2025-12,9.57723126584845,0,0,0,999,0,12,0,33.0,38.1,0,2241.6708340913237,False
TSH_23,2026-01,9.57723126584845,0,0,0,999,0,1,0,33.0,38.1,0,2241.6708340913237,False
TSH_23,2026-02,9.57723126584845,0,0,0,999,0,2,0,33.0,38.1,0,2241.6708340913237,False
TSH_23,2026-03,9.57723126584845,0,0,0,999,0,3,0,33.0,38.1,0,2241.6708340913237,False
TSH_24,2019-08,87.55604835865677,0,0,0,999,0,8,1,33.0,39.5,0,545.2164744171005,False
TSH_24,2019-09,87.55604835865677,0,0,0,999,0,9,1,33.0,39.5,0,545.2164744171005,False
TSH_24,2019-10,87.55604835865677,0,0,0,999,0,10,0,33.0,39.5,0,545.2164744171005,False
TSH_24,2019-11,87.55604835865677,0,0,0,999,0,11,0,33.0,39.5,0,545.2164744171005,False
TSH_24,2019-12,87.55604835865677,0,0,0,999,0,12,0,33.0,39.5,0,545.2164744171005,False
TSH_24,2020-01,87.55604835865677,0,0,0,999,0,1,0,33.0,39.5,0,545.2164744171005,False
TSH_24,2020-02,87.55604835865677,0,0,0,999,0,2,0,33.0,39.5,0,545.2164744171005,False
TSH_24,2020-03,87.55604835865677,0,0,0,999,0,3,0,33.0,39.5,0,545.2164744171005,False
TSH_24,2020-04,87.55604835865677,0,0,0,999,0,4,0,33.0,39.5,0,545.2164744171005,False
TSH_24,2020-05,87.55604835865677,0,0,0,999,0,5,1,33.0,39.5,0,545.2164744171005,False
TSH_24,2020-06,87.55604835865677,0,0,0,999,0,6,1,33.0,39.5,0,545.2164744171005,False
TSH_24,2020-07,87.55604835865677,0,0,0,999,0,7,1,33.0,39.5,0,545.2164744171005,False
TSH_24,2020-08,87.55604835865677,0,0,0,999,0,8,1,33.0,39.5,0,545.2164744171005,False
TSH_24,2020-09,87.55604835865677,0,0,0,999,0,9,1,33.0,39.5,0,545.2164744171005,False
TSH_24,2020-10,87.55604835865677,0,0,0,999,0,10,0,33.0,39.5,0,545.2164744171005,False
TSH_24,2020-11,87.55604835865677,0,0,0,999,0,11,0,33.0,39.5,0,545.2164744171005,False
TSH_24,2020-12,87.55604835865677,0,0,0,999,0,12,0,33.0,39.5,0,545.2164744171005,False
TSH_24,2021-01,87.55604835865677,0,0,0,999,0,1,0,33.0,39.5,0,545.2164744171005,False
TSH_24,2021-02,87.55604835865677,0,0,0,999,0,2,0,33.0,39.5,0,545.2164744171005,False
TSH_24,2021-03,87.55604835865677,0,0,0,999,0,3,0,33.0,39.5,0,545.2164744171005,False
TSH_24,2021-04,87.55604835865677,0,0,0,999,0,4,0,33.0,39.5,0,545.2164744171005,False
TSH_24,2021-05,87.55604835865677,0,0,0,999,0,5,1,33.0,39.5,0,545.2164744171005,False
TSH_24,2021-06,87.55604835865677,0,0,0,999,0,6,1,33.0,39.5,0,545.2164744171005,False
TSH_24,2021-07,87.55604835865677,0,0,0,999,0,7,1,33.0,39.5,0,545.2164744171005,False
TSH_24,2021-08,87.55604835865677,0,0,0,999,0,8,1,33.0,39.5,0,545.2164744171005,False
TSH_24,2021-09,87.55604835865677,0,0,0,999,0,9,1,33.0,39.5,0,545.2164744171005,False
TSH_24,2021-10,87.55604835865677,0,0,0,999,0,10,0,33.0,39.5,0,545.2164744171005,False
TSH_24,2021-11,87.55604835865677,0,0,0,999,0,11,0,33.0,39.5,0,545.2164744171005,False
TSH_24,2021-12,87.55604835865677,0,0,0,999,0,12,0,33.0,39.5,0,545.2164744171005,False
TSH_24,2022-01,87.55604835865677,0,0,0,999,0,1,0,33.0,39.5,0,545.2164744171005,False
TSH_24,2022-02,87.55604835865677,0,0,0,999,0,2,0,33.0,39.5,0,545.2164744171005,False
TSH_24,2022-03,87.55604835865677,0,0,0,999,0,3,0,33.0,39.5,0,545.2164744171005,False
TSH_24,2022-04,87.55604835865677,0,0,0,999,0,4,0,33.0,39.5,0,545.2164744171005,False
TSH_24,2022-05,87.55604835865677,0,0,0,999,0,5,1,33.0,39.5,0,545.2164744171005,False
TSH_24,2022-06,87.55604835865677,0,0,0,999,0,6,1,33.0,39.5,0,545.2164744171005,False
TSH_24,2022-07,87.55604835865677,0,0,0,999,0,7,1,33.0,39.5,0,545.2164744171005,False
TSH_24,2022-08,87.55604835865677,0,0,0,999,0,8,1,33.0,39.5,0,545.2164744171005,False
TSH_24,2022-09,87.55604835865677,0,0,0,999,0,9,1,33.0,39.5,0,545.2164744171005,False
TSH_24,2022-10,87.55604835865677,0,0,0,999,0,10,0,33.0,39.5,0,545.2164744171005,False
TSH_24,2022-11,87.55604835865677,0,0,0,999,0,11,0,33.0,39.5,0,545.2164744171005,False
TSH_24,2022-12,87.55604835865677,0,0,0,999,0,12,0,33.0,39.5,0,545.2164744171005,False
TSH_24,2023-01,87.55604835865677,0,0,0,999,0,1,0,33.0,39.5,0,545.2164744171005,False
TSH_24,2023-02,87.55604835865677,0,0,0,999,0,2,0,33.0,39.5,0,545.2164744171005,False
TSH_24,2023-03,87.55604835865677,0,0,0,999,0,3,0,33.0,39.5,0,545.2164744171005,False
TSH_24,2023-04,87.55604835865677,0,0,0,999,0,4,0,33.0,39.5,0,545.2164744171005,False
TSH_24,2023-05,87.55604835865677,0,0,0,999,0,5,1,33.0,39.5,0,545.2164744171005,False
TSH_24,2023-06,87.55604835865677,0,0,0,999,0,6,1,33.0,39.5,0,545.2164744171005,False
TSH_24,2023-07,87.55604835865677,0,0,0,999,0,7,1,33.0,39.5,0,545.2164744171005,False
TSH_24,2023-08,87.55604835865677,0,0,0,999,0,8,1,33.0,39.5,0,545.2164744171005,False
TSH_24,2023-09,87.55604835865677,0,0,0,999,0,9,1,33.0,39.5,0,545.2164744171005,False
TSH_24,2023-10,87.55604835865677,0,0,0,999,0,10,0,33.0,39.5,0,545.2164744171005,False
TSH_24,2023-11,87.55604835865677,0,0,0,999,0,11,0,33.0,39.5,0,545.2164744171005,False
TSH_24,2023-12,87.55604835865677,0,0,0,999,0,12,0,33.0,39.5,0,545.2164744171005,False
TSH_24,2024-01,87.55604835865677,0,0,0,999,0,1,0,33.0,39.5,0,545.2164744171005,False
TSH_24,2024-02,87.55604835865677,0,0,0,999,0,2,0,33.0,39.5,0,545.2164744171005,False
TSH_24,2024-03,87.55604835865677,0,0,0,999,0,3,0,33.0,39.5,0,545.2164744171005,False
TSH_24,2024-04,87.55604835865677,0,0,0,999,0,4,0,33.0,39.5,0,545.2164744171005,False
TSH_24,2024-05,87.55604835865677,0,0,0,999,0,5,1,33.0,39.5,0,545.2164744171005,False
TSH_24,2024-06,87.55604835865677,0,0,0,999,0,6,1,33.0,39.5,0,545.2164744171005,False
TSH_24,2024-07,87.55604835865677,0,0,0,999,0,7,1,33.0,39.5,0,545.2164744171005,False
TSH_24,2024-08,87.55604835865677,0,0,0,999,0,8,1,33.0,39.5,0,545.2164744171005,False
TSH_24,2024-09,87.55604835865677,0,0,0,999,0,9,1,33.0,39.5,0,545.2164744171005,False
TSH_24,2024-10,87.55604835865677,0,0,0,999,0,10,0,33.0,39.5,0,545.2164744171005,False
TSH_24,2024-11,87.55604835865677,0,0,0,999,0,11,0,33.0,39.5,0,545.2164744171005,False
TSH_24,2024-12,87.55604835865677,0,0,0,999,0,12,0,33.0,39.5,0,545.2164744171005,False
TSH_24,2025-01,87.55604835865677,0,0,0,999,0,1,0,33.0,39.5,0,545.2164744171005,False
TSH_24,2025-02,87.55604835865677,0,0,0,999,0,2,0,33.0,39.5,0,545.2164744171005,False
TSH_24,2025-03,87.55604835865677,0,0,0,999,0,3,0,33.0,39.5,0,545.2164744171005,False
TSH_24,2025-04,87.55604835865677,0,0,0,999,0,4,0,33.0,39.5,0,545.2164744171005,False
TSH_24,2025-05,87.55604835865677,0,0,0,999,0,5,1,33.0,39.5,0,545.2164744171005,False
TSH_24,2025-06,87.55604835865677,0,0,0,999,0,6,1,33.0,39.5,0,545.2164744171005,False
TSH_24,2025-07,87.55604835865677,0,0,0,999,0,7,1,33.0,39.5,0,545.2164744171005,False
TSH_24,2025-08,87.55604835865677,0,0,0,999,0,8,1,33.0,39.5,0,545.2164744171005,False
TSH_24,2025-09,87.55604835865677,0,0,0,999,0,9,1,33.0,39.5,0,545.2164744171005,False
TSH_24,2025-10,87.55604835865677,0,0,0,999,0,10,0,33.0,39.5,0,545.2164744171005,False
TSH_24,2025-11,87.55604835865677,0,0,0,999,0,11,0,33.0,39.5,0,545.2164744171005,False
TSH_24,2025-12,87.55604835865677,0,0,0,999,0,12,0,33.0,39.5,0,545.2164744171005,False
TSH_24,2026-01,87.55604835865677,0,0,0,999,0,1,0,33.0,39.5,0,545.2164744171005,False
TSH_24,2026-02,87.55604835865677,0,0,0,999,0,2,0,33.0,39.5,0,545.2164744171005,False
TSH_24,2026-03,87.55604835865677,0,0,0,999,0,3,0,33.0,39.5,0,545.2164744171005,False
TSH_25,2019-08,6.371238438459778,0,0,0,999,0,8,1,33.0,39.5,0,4019.6266781362397,False
TSH_25,2019-09,6.371238438459778,0,0,0,999,0,9,1,33.0,39.5,0,4019.6266781362397,False
TSH_25,2019-10,6.371238438459778,0,0,0,999,0,10,0,33.0,39.5,0,4019.6266781362397,False
TSH_25,2019-11,6.371238438459778,0,0,0,999,0,11,0,33.0,39.5,0,4019.6266781362397,False
TSH_25,2019-12,6.371238438459778,0,0,0,999,0,12,0,33.0,39.5,0,4019.6266781362397,False
TSH_25,2020-01,6.371238438459778,0,0,0,999,0,1,0,33.0,39.5,0,4019.6266781362397,False
TSH_25,2020-02,6.371238438459778,0,0,0,999,0,2,0,33.0,39.5,0,4019.6266781362397,False
TSH_25,2020-03,6.371238438459778,0,0,0,999,0,3,0,33.0,39.5,0,4019.6266781362397,False
TSH_25,2020-04,6.371238438459778,0,0,0,999,0,4,0,33.0,39.5,0,4019.6266781362397,False
TSH_25,2020-05,6.371238438459778,0,0,0,999,0,5,1,33.0,39.5,0,4019.6266781362397,False
TSH_25,2020-06,6.371238438459778,0,0,0,999,0,6,1,33.0,39.5,0,4019.6266781362397,False
TSH_25,2020-07,6.371238438459778,0,0,0,999,0,7,1,33.0,39.5,0,4019.6266781362397,False
TSH_25,2020-08,6.371238438459778,0,0,0,999,0,8,1,33.0,39.5,0,4019.6266781362397,False
TSH_25,2020-09,6.371238438459778,0,0,0,999,0,9,1,33.0,39.5,0,4019.6266781362397,False
TSH_25,2020-10,6.371238438459778,0,0,0,999,0,10,0,33.0,39.5,0,4019.6266781362397,False
TSH_25,2020-11,6.371238438459778,0,0,0,999,0,11,0,33.0,39.5,0,4019.6266781362397,False
TSH_25,2020-12,6.371238438459778,0,0,0,999,0,12,0,33.0,39.5,0,4019.6266781362397,False
TSH_25,2021-01,6.371238438459778,0,0,0,999,0,1,0,33.0,39.5,0,4019.6266781362397,False
TSH_25,2021-02,6.371238438459778,0,0,0,999,0,2,0,33.0,39.5,0,4019.6266781362397,False
TSH_25,2021-03,6.371238438459778,0,0,0,999,0,3,0,33.0,39.5,0,4019.6266781362397,False
TSH_25,2021-04,6.371238438459778,0,0,0,999,0,4,0,33.0,39.5,0,4019.6266781362397,False
TSH_25,2021-05,6.371238438459778,0,0,0,999,0,5,1,33.0,39.5,0,4019.6266781362397,False
TSH_25,2021-06,6.371238438459778,0,0,0,999,0,6,1,33.0,39.5,0,4019.6266781362397,False
TSH_25,2021-07,6.371238438459778,0,0,0,999,0,7,1,33.0,39.5,0,4019.6266781362397,False
TSH_25,2021-08,6.371238438459778,0,0,0,999,0,8,1,33.0,39.5,0,4019.6266781362397,False
TSH_25,2021-09,6.371238438459778,0,0,0,999,0,9,1,33.0,39.5,0,4019.6266781362397,False
TSH_25,2021-10,6.371238438459778,0,0,0,999,0,10,0,33.0,39.5,0,4019.6266781362397,False
TSH_25,2021-11,6.371238438459778,0,0,0,999,0,11,0,33.0,39.5,0,4019.6266781362397,False
TSH_25,2021-12,6.371238438459778,0,0,0,999,0,12,0,33.0,39.5,0,4019.6266781362397,False
TSH_25,2022-01,6.371238438459778,0,0,0,999,0,1,0,33.0,39.5,0,4019.6266781362397,False
TSH_25,2022-02,6.371238438459778,0,0,0,999,0,2,0,33.0,39.5,0,4019.6266781362397,False
TSH_25,2022-03,6.371238438459778,0,0,0,999,0,3,0,33.0,39.5,0,4019.6266781362397,False
TSH_25,2022-04,6.371238438459778,0,0,0,999,0,4,0,33.0,39.5,0,4019.6266781362397,False
TSH_25,2022-05,6.371238438459778,0,0,0,999,0,5,1,33.0,39.5,0,4019.6266781362397,False
TSH_25,2022-06,6.371238438459778,0,0,0,999,0,6,1,33.0,39.5,0,4019.6266781362397,False
TSH_25,2022-07,6.371238438459778,0,0,0,999,0,7,1,33.0,39.5,0,4019.6266781362397,False
TSH_25,2022-08,6.371238438459778,0,0,0,999,0,8,1,33.0,39.5,0,4019.6266781362397,False
TSH_25,2022-09,6.371238438459778,0,0,0,999,0,9,1,33.0,39.5,0,4019.6266781362397,False
TSH_25,2022-10,6.371238438459778,0,0,0,999,0,10,0,33.0,39.5,0,4019.6266781362397,False
TSH_25,2022-11,6.371238438459778,0,0,0,999,0,11,0,33.0,39.5,0,4019.6266781362397,False
TSH_25,2022-12,6.371238438459778,0,0,0,999,0,12,0,33.0,39.5,0,4019.6266781362397,False
TSH_25,2023-01,6.371238438459778,0,0,0,999,0,1,0,33.0,39.5,0,4019.6266781362397,False
TSH_25,2023-02,6.371238438459778,0,0,0,999,0,2,0,33.0,39.5,0,4019.6266781362397,False
TSH_25,2023-03,6.371238438459778,0,0,0,999,0,3,0,33.0,39.5,0,4019.6266781362397,False
TSH_25,2023-04,6.371238438459778,0,0,0,999,0,4,0,33.0,39.5,0,4019.6266781362397,False
TSH_25,2023-05,6.371238438459778,0,0,0,999,0,5,1,33.0,39.5,0,4019.6266781362397,False
TSH_25,2023-06,6.371238438459778,0,0,0,999,0,6,1,33.0,39.5,0,4019.6266781362397,False
TSH_25,2023-07,6.371238438459778,0,0,0,999,0,7,1,33.0,39.5,0,4019.6266781362397,False
TSH_25,2023-08,6.371238438459778,0,0,0,999,0,8,1,33.0,39.5,0,4019.6266781362397,False
TSH_25,2023-09,6.371238438459778,0,0,0,999,0,9,1,33.0,39.5,0,4019.6266781362397,False
TSH_25,2023-10,6.371238438459778,0,0,0,999,0,10,0,33.0,39.5,0,4019.6266781362397,False
TSH_25,2023-11,6.371238438459778,0,0,0,999,0,11,0,33.0,39.5,0,4019.6266781362397,False
TSH_25,2023-12,6.371238438459778,0,0,0,999,0,12,0,33.0,39.5,0,4019.6266781362397,False
TSH_25,2024-01,6.371238438459778,0,0,0,999,0,1,0,33.0,39.5,0,4019.6266781362397,False
TSH_25,2024-02,6.371238438459778,0,0,0,999,0,2,0,33.0,39.5,0,4019.6266781362397,False
TSH_25,2024-03,6.371238438459778,0,0,0,999,0,3,0,33.0,39.5,0,4019.6266781362397,False
TSH_25,2024-04,6.371238438459778,0,0,0,999,0,4,0,33.0,39.5,0,4019.6266781362397,False
TSH_25,2024-05,6.371238438459778,0,0,0,999,0,5,1,33.0,39.5,0,4019.6266781362397,False
TSH_25,2024-06,6.371238438459778,0,0,0,999,0,6,1,33.0,39.5,0,4019.6266781362397,False
TSH_25,2024-07,6.371238438459778,0,0,0,999,0,7,1,33.0,39.5,1,4019.6266781362397,False
TSH_25,2024-08,6.371238438459778,0,0,0,999,0,8,1,33.0,39.5,1,4019.6266781362397,False
TSH_25,2024-09,6.371238438459778,0,0,0,999,0,9,1,33.0,39.5,1,4019.6266781362397,False
TSH_25,2024-10,6.371238438459778,1,1,1,0,0,10,0,33.0,39.5,0,4019.6266781362397,False
TSH_25,2024-11,6.371238438459778,0,0,1,1,0,11,0,33.0,39.5,0,4019.6266781362397,False
TSH_25,2024-12,6.371238438459778,0,0,1,2,0,12,0,33.0,39.5,0,4019.6266781362397,False
TSH_25,2025-01,6.371238438459778,0,0,1,3,0,1,0,33.0,39.5,0,4019.6266781362397,False
TSH_25,2025-02,6.371238438459778,0,0,1,4,0,2,0,33.0,39.5,0,4019.6266781362397,False
TSH_25,2025-03,6.371238438459778,0,0,1,5,0,3,0,33.0,39.5,0,4019.6266781362397,False
TSH_25,2025-04,6.371238438459778,0,0,1,6,0,4,0,33.0,39.5,0,4019.6266781362397,False
TSH_25,2025-05,6.371238438459778,0,0,1,7,0,5,1,33.0,39.5,0,4019.6266781362397,False
TSH_25,2025-06,6.371238438459778,0,0,1,8,0,6,1,33.0,39.5,0,4019.6266781362397,False
TSH_25,2025-07,6.371238438459778,0,0,1,9,0,7,1,33.0,39.5,0,4019.6266781362397,False
TSH_25,2025-08,6.371238438459778,0,0,1,10,0,8,1,33.0,39.5,0,4019.6266781362397,False
TSH_25,2025-09,6.371238438459778,0,0,1,11,0,9,1,33.0,39.5,0,4019.6266781362397,False
TSH_25,2025-10,6.371238438459778,0,0,1,12,0,10,0,33.0,39.5,0,4019.6266781362397,False
TSH_25,2025-11,6.371238438459778,0,0,1,13,0,11,0,33.0,39.5,0,4019.6266781362397,False
TSH_25,2025-12,6.371238438459778,0,0,1,14,0,12,0,33.0,39.5,0,4019.6266781362397,False
TSH_25,2026-01,6.371238438459778,0,0,1,15,0,1,0,33.0,39.5,0,4019.6266781362397,False
TSH_25,2026-02,6.371238438459778,0,0,1,16,0,2,0,33.0,39.5,0,4019.6266781362397,False
TSH_25,2026-03,6.371238438459778,0,0,1,17,0,3,0,33.0,39.5,0,4019.6266781362397,False
TSH_26,2019-08,6.753727079650016,0,0,0,999,0,8,1,33.0,73.3,0,3849.133921672644,False
TSH_26,2019-09,6.753727079650016,0,0,0,999,0,9,1,33.0,73.3,0,3849.133921672644,False
TSH_26,2019-10,6.753727079650016,0,0,0,999,0,10,0,33.0,73.3,0,3849.133921672644,False
TSH_26,2019-11,6.753727079650016,0,0,0,999,0,11,0,33.0,73.3,0,3849.133921672644,False
TSH_26,2019-12,6.753727079650016,0,0,0,999,0,12,0,33.0,73.3,0,3849.133921672644,False
TSH_26,2020-01,6.753727079650016,0,0,0,999,0,1,0,33.0,73.3,0,3849.133921672644,False
TSH_26,2020-02,6.753727079650016,0,0,0,999,0,2,0,33.0,73.3,0,3849.133921672644,False
TSH_26,2020-03,6.753727079650016,0,0,0,999,0,3,0,33.0,73.3,0,3849.133921672644,False
TSH_26,2020-04,6.753727079650016,0,0,0,999,0,4,0,33.0,73.3,0,3849.133921672644,False
TSH_26,2020-05,6.753727079650016,0,0,0,999,0,5,1,33.0,73.3,0,3849.133921672644,False
TSH_26,2020-06,6.753727079650016,0,0,0,999,0,6,1,33.0,73.3,0,3849.133921672644,False
TSH_26,2020-07,6.753727079650016,0,0,0,999,0,7,1,33.0,73.3,0,3849.133921672644,False
TSH_26,2020-08,6.753727079650016,0,0,0,999,0,8,1,33.0,73.3,0,3849.133921672644,False
TSH_26,2020-09,6.753727079650016,0,0,0,999,0,9,1,33.0,73.3,0,3849.133921672644,False
TSH_26,2020-10,6.753727079650016,0,0,0,999,0,10,0,33.0,73.3,0,3849.133921672644,False
TSH_26,2020-11,6.753727079650016,0,0,0,999,0,11,0,33.0,73.3,0,3849.133921672644,False
TSH_26,2020-12,6.753727079650016,0,0,0,999,0,12,0,33.0,73.3,0,3849.133921672644,False
TSH_26,2021-01,6.753727079650016,0,0,0,999,0,1,0,33.0,73.3,0,3849.133921672644,False
TSH_26,2021-02,6.753727079650016,0,0,0,999,0,2,0,33.0,73.3,0,3849.133921672644,False
TSH_26,2021-03,6.753727079650016,0,0,0,999,0,3,0,33.0,73.3,0,3849.133921672644,False
TSH_26,2021-04,6.753727079650016,0,0,0,999,0,4,0,33.0,73.3,0,3849.133921672644,False
TSH_26,2021-05,6.753727079650016,0,0,0,999,0,5,1,33.0,73.3,0,3849.133921672644,False
TSH_26,2021-06,6.753727079650016,0,0,0,999,0,6,1,33.0,73.3,0,3849.133921672644,False
TSH_26,2021-07,6.753727079650016,0,0,0,999,0,7,1,33.0,73.3,0,3849.133921672644,False
TSH_26,2021-08,6.753727079650016,0,0,0,999,0,8,1,33.0,73.3,0,3849.133921672644,False
TSH_26,2021-09,6.753727079650016,0,0,0,999,0,9,1,33.0,73.3,0,3849.133921672644,False
TSH_26,2021-10,6.753727079650016,0,0,0,999,0,10,0,33.0,73.3,0,3849.133921672644,False
TSH_26,2021-11,6.753727079650016,0,0,0,999,0,11,0,33.0,73.3,0,3849.133921672644,False
TSH_26,2021-12,6.753727079650016,0,0,0,999,0,12,0,33.0,73.3,0,3849.133921672644,False
TSH_26,2022-01,6.753727079650016,0,0,0,999,0,1,0,33.0,73.3,0,3849.133921672644,False
TSH_26,2022-02,6.753727079650016,0,0,0,999,0,2,0,33.0,73.3,0,3849.133921672644,False
TSH_26,2022-03,6.753727079650016,0,0,0,999,0,3,0,33.0,73.3,0,3849.133921672644,False
TSH_26,2022-04,6.753727079650016,0,0,0,999,0,4,0,33.0,73.3,0,3849.133921672644,False
TSH_26,2022-05,6.753727079650016,0,0,0,999,0,5,1,33.0,73.3,0,3849.133921672644,False
TSH_26,2022-06,6.753727079650016,0,0,0,999,0,6,1,33.0,73.3,0,3849.133921672644,False
TSH_26,2022-07,6.753727079650016,0,0,0,999,0,7,1,33.0,73.3,0,3849.133921672644,False
TSH_26,2022-08,6.753727079650016,0,0,0,999,0,8,1,33.0,73.3,0,3849.133921672644,False
TSH_26,2022-09,6.753727079650016,0,0,0,999,0,9,1,33.0,73.3,0,3849.133921672644,False
TSH_26,2022-10,6.753727079650016,0,0,0,999,0,10,0,33.0,73.3,0,3849.133921672644,False
TSH_26,2022-11,6.753727079650016,0,0,0,999,0,11,0,33.0,73.3,0,3849.133921672644,False
TSH_26,2022-12,6.753727079650016,0,0,0,999,0,12,0,33.0,73.3,0,3849.133921672644,False
TSH_26,2023-01,6.753727079650016,0,0,0,999,0,1,0,33.0,73.3,0,3849.133921672644,False
TSH_26,2023-02,6.753727079650016,0,0,0,999,0,2,0,33.0,73.3,0,3849.133921672644,False
TSH_26,2023-03,6.753727079650016,0,0,0,999,0,3,0,33.0,73.3,0,3849.133921672644,False
TSH_26,2023-04,6.753727079650016,0,0,0,999,0,4,0,33.0,73.3,0,3849.133921672644,False
TSH_26,2023-05,6.753727079650016,0,0,0,999,0,5,1,33.0,73.3,0,3849.133921672644,False
TSH_26,2023-06,6.753727079650016,0,0,0,999,0,6,1,33.0,73.3,0,3849.133921672644,False
TSH_26,2023-07,6.753727079650016,0,0,0,999,0,7,1,33.0,73.3,0,3849.133921672644,False
TSH_26,2023-08,6.753727079650016,0,0,0,999,0,8,1,33.0,73.3,0,3849.133921672644,False
TSH_26,2023-09,6.753727079650016,0,0,0,999,0,9,1,33.0,73.3,0,3849.133921672644,False
TSH_26,2023-10,6.753727079650016,0,0,0,999,0,10,0,33.0,73.3,0,3849.133921672644,False
TSH_26,2023-11,6.753727079650016,0,0,0,999,0,11,0,33.0,73.3,0,3849.133921672644,False
TSH_26,2023-12,6.753727079650016,0,0,0,999,0,12,0,33.0,73.3,0,3849.133921672644,False
TSH_26,2024-01,6.753727079650016,0,0,0,999,0,1,0,33.0,73.3,0,3849.133921672644,False
TSH_26,2024-02,6.753727079650016,0,0,0,999,0,2,0,33.0,73.3,0,3849.133921672644,False
TSH_26,2024-03,6.753727079650016,0,0,0,999,0,3,0,33.0,73.3,0,3849.133921672644,False
TSH_26,2024-04,6.753727079650016,0,0,0,999,0,4,0,33.0,73.3,0,3849.133921672644,False
TSH_26,2024-05,6.753727079650016,0,0,0,999,0,5,1,33.0,73.3,0,3849.133921672644,False
TSH_26,2024-06,6.753727079650016,0,0,0,999,0,6,1,33.0,73.3,0,3849.133921672644,False
TSH_26,2024-07,6.753727079650016,0,0,0,999,0,7,1,33.0,73.3,0,3849.133921672644,False
TSH_26,2024-08,6.753727079650016,0,0,0,999,0,8,1,33.0,73.3,0,3849.133921672644,False
TSH_26,2024-09,6.753727079650016,0,0,0,999,0,9,1,33.0,73.3,0,3849.133921672644,False
TSH_26,2024-10,6.753727079650016,0,0,0,999,0,10,0,33.0,73.3,0,3849.133921672644,False
TSH_26,2024-11,6.753727079650016,0,0,0,999,0,11,0,33.0,73.3,0,3849.133921672644,False
TSH_26,2024-12,6.753727079650016,0,0,0,999,0,12,0,33.0,73.3,0,3849.133921672644,False
TSH_26,2025-01,6.753727079650016,0,0,0,999,0,1,0,33.0,73.3,0,3849.133921672644,False
TSH_26,2025-02,6.753727079650016,0,0,0,999,0,2,0,33.0,73.3,0,3849.133921672644,False
TSH_26,2025-03,6.753727079650016,0,0,0,999,0,3,0,33.0,73.3,0,3849.133921672644,False
TSH_26,2025-04,6.753727079650016,0,0,0,999,0,4,0,33.0,73.3,0,3849.133921672644,False
TSH_26,2025-05,6.753727079650016,0,0,0,999,0,5,1,33.0,73.3,0,3849.133921672644,False
TSH_26,2025-06,6.753727079650016,0,0,0,999,0,6,1,33.0,73.3,0,3849.133921672644,False
TSH_26,2025-07,6.753727079650016,0,0,0,999,0,7,1,33.0,73.3,0,3849.133921672644,False
TSH_26,2025-08,6.753727079650016,0,0,0,999,0,8,1,33.0,73.3,0,3849.133921672644,False
TSH_26,2025-09,6.753727079650016,0,0,0,999,0,9,1,33.0,73.3,0,3849.133921672644,False
TSH_26,2025-10,6.753727079650016,0,0,0,999,0,10,0,33.0,73.3,0,3849.133921672644,False
TSH_26,2025-11,6.753727079650016,0,0,0,999,0,11,0,33.0,73.3,0,3849.133921672644,False
TSH_26,2025-12,6.753727079650016,0,0,0,999,0,12,0,33.0,73.3,0,3849.133921672644,False
TSH_26,2026-01,6.753727079650016,0,0,0,999,0,1,0,33.0,73.3,0,3849.133921672644,False
TSH_26,2026-02,6.753727079650016,0,0,0,999,0,2,0,33.0,73.3,0,3849.133921672644,False
TSH_26,2026-03,6.753727079650016,0,0,0,999,0,3,0,33.0,73.3,0,3849.133921672644,False
TSH_27,2019-08,4.924044326203549,0,0,0,999,0,8,1,33.0,73.3,0,5751.166749108862,False
TSH_27,2019-09,4.924044326203549,0,0,0,999,0,9,1,33.0,73.3,0,5751.166749108862,False
TSH_27,2019-10,4.924044326203549,0,0,0,999,0,10,0,33.0,73.3,0,5751.166749108862,False
TSH_27,2019-11,4.924044326203549,0,0,0,999,0,11,0,33.0,73.3,0,5751.166749108862,False
TSH_27,2019-12,4.924044326203549,0,0,0,999,0,12,0,33.0,73.3,0,5751.166749108862,False
TSH_27,2020-01,4.924044326203549,0,0,0,999,0,1,0,33.0,73.3,0,5751.166749108862,False
TSH_27,2020-02,4.924044326203549,0,0,0,999,0,2,0,33.0,73.3,0,5751.166749108862,False
TSH_27,2020-03,4.924044326203549,0,0,0,999,0,3,0,33.0,73.3,0,5751.166749108862,False
TSH_27,2020-04,4.924044326203549,0,0,0,999,0,4,0,33.0,73.3,0,5751.166749108862,False
TSH_27,2020-05,4.924044326203549,0,0,0,999,0,5,1,33.0,73.3,0,5751.166749108862,False
TSH_27,2020-06,4.924044326203549,0,0,0,999,0,6,1,33.0,73.3,0,5751.166749108862,False
TSH_27,2020-07,4.924044326203549,0,0,0,999,0,7,1,33.0,73.3,0,5751.166749108862,False
TSH_27,2020-08,4.924044326203549,0,0,0,999,0,8,1,33.0,73.3,0,5751.166749108862,False
TSH_27,2020-09,4.924044326203549,0,0,0,999,0,9,1,33.0,73.3,0,5751.166749108862,False
TSH_27,2020-10,4.924044326203549,0,0,0,999,0,10,0,33.0,73.3,0,5751.166749108862,False
TSH_27,2020-11,4.924044326203549,0,0,0,999,0,11,0,33.0,73.3,0,5751.166749108862,False
TSH_27,2020-12,4.924044326203549,0,0,0,999,0,12,0,33.0,73.3,0,5751.166749108862,False
TSH_27,2021-01,4.924044326203549,0,0,0,999,0,1,0,33.0,73.3,0,5751.166749108862,False
TSH_27,2021-02,4.924044326203549,0,0,0,999,0,2,0,33.0,73.3,0,5751.166749108862,False
TSH_27,2021-03,4.924044326203549,0,0,0,999,0,3,0,33.0,73.3,0,5751.166749108862,False
TSH_27,2021-04,4.924044326203549,0,0,0,999,0,4,0,33.0,73.3,0,5751.166749108862,False
TSH_27,2021-05,4.924044326203549,0,0,0,999,0,5,1,33.0,73.3,0,5751.166749108862,False
TSH_27,2021-06,4.924044326203549,0,0,0,999,0,6,1,33.0,73.3,0,5751.166749108862,False
TSH_27,2021-07,4.924044326203549,0,0,0,999,0,7,1,33.0,73.3,0,5751.166749108862,False
TSH_27,2021-08,4.924044326203549,0,0,0,999,0,8,1,33.0,73.3,0,5751.166749108862,False
TSH_27,2021-09,4.924044326203549,0,0,0,999,0,9,1,33.0,73.3,0,5751.166749108862,False
TSH_27,2021-10,4.924044326203549,0,0,0,999,0,10,0,33.0,73.3,0,5751.166749108862,False
TSH_27,2021-11,4.924044326203549,0,0,0,999,0,11,0,33.0,73.3,0,5751.166749108862,False
TSH_27,2021-12,4.924044326203549,0,0,0,999,0,12,0,33.0,73.3,0,5751.166749108862,False
TSH_27,2022-01,4.924044326203549,0,0,0,999,0,1,0,33.0,73.3,0,5751.166749108862,False
TSH_27,2022-02,4.924044326203549,0,0,0,999,0,2,0,33.0,73.3,0,5751.166749108862,False
TSH_27,2022-03,4.924044326203549,0,0,0,999,0,3,0,33.0,73.3,0,5751.166749108862,False
TSH_27,2022-04,4.924044326203549,0,0,0,999,0,4,0,33.0,73.3,0,5751.166749108862,False
TSH_27,2022-05,4.924044326203549,0,0,0,999,0,5,1,33.0,73.3,0,5751.166749108862,False
TSH_27,2022-06,4.924044326203549,0,0,0,999,0,6,1,33.0,73.3,0,5751.166749108862,False
TSH_27,2022-07,4.924044326203549,0,0,0,999,0,7,1,33.0,73.3,0,5751.166749108862,False
TSH_27,2022-08,4.924044326203549,0,0,0,999,0,8,1,33.0,73.3,0,5751.166749108862,False
TSH_27,2022-09,4.924044326203549,0,0,0,999,0,9,1,33.0,73.3,0,5751.166749108862,False
TSH_27,2022-10,4.924044326203549,0,0,0,999,0,10,0,33.0,73.3,0,5751.166749108862,False
TSH_27,2022-11,4.924044326203549,0,0,0,999,0,11,0,33.0,73.3,0,5751.166749108862,False
TSH_27,2022-12,4.924044326203549,0,0,0,999,0,12,0,33.0,73.3,0,5751.166749108862,False
TSH_27,2023-01,4.924044326203549,0,0,0,999,0,1,0,33.0,73.3,0,5751.166749108862,False
TSH_27,2023-02,4.924044326203549,0,0,0,999,0,2,0,33.0,73.3,0,5751.166749108862,False
TSH_27,2023-03,4.924044326203549,0,0,0,999,0,3,0,33.0,73.3,0,5751.166749108862,False
TSH_27,2023-04,4.924044326203549,0,0,0,999,0,4,0,33.0,73.3,0,5751.166749108862,False
TSH_27,2023-05,4.924044326203549,0,0,0,999,0,5,1,33.0,73.3,0,5751.166749108862,False
TSH_27,2023-06,4.924044326203549,0,0,0,999,0,6,1,33.0,73.3,0,5751.166749108862,False
TSH_27,2023-07,4.924044326203549,0,0,0,999,0,7,1,33.0,73.3,0,5751.166749108862,False
TSH_27,2023-08,4.924044326203549,0,0,0,999,0,8,1,33.0,73.3,0,5751.166749108862,False
TSH_27,2023-09,4.924044326203549,0,0,0,999,0,9,1,33.0,73.3,0,5751.166749108862,False
TSH_27,2023-10,4.924044326203549,0,0,0,999,0,10,0,33.0,73.3,0,5751.166749108862,False
TSH_27,2023-11,4.924044326203549,0,0,0,999,0,11,0,33.0,73.3,0,5751.166749108862,False
TSH_27,2023-12,4.924044326203549,0,0,0,999,0,12,0,33.0,73.3,0,5751.166749108862,False
TSH_27,2024-01,4.924044326203549,0,0,0,999,0,1,0,33.0,73.3,0,5751.166749108862,False
TSH_27,2024-02,4.924044326203549,0,0,0,999,0,2,0,33.0,73.3,0,5751.166749108862,False
TSH_27,2024-03,4.924044326203549,0,0,0,999,0,3,0,33.0,73.3,0,5751.166749108862,False
TSH_27,2024-04,4.924044326203549,0,0,0,999,0,4,0,33.0,73.3,0,5751.166749108862,False
TSH_27,2024-05,4.924044326203549,0,0,0,999,0,5,1,33.0,73.3,0,5751.166749108862,False
TSH_27,2024-06,4.924044326203549,0,0,0,999,0,6,1,33.0,73.3,0,5751.166749108862,False
TSH_27,2024-07,4.924044326203549,0,0,0,999,0,7,1,33.0,73.3,0,5751.166749108862,False
TSH_27,2024-08,4.924044326203549,0,0,0,999,0,8,1,33.0,73.3,0,5751.166749108862,False
TSH_27,2024-09,4.924044326203549,0,0,0,999,0,9,1,33.0,73.3,0,5751.166749108862,False
TSH_27,2024-10,4.924044326203549,0,0,0,999,0,10,0,33.0,73.3,0,5751.166749108862,False
TSH_27,2024-11,4.924044326203549,0,0,0,999,0,11,0,33.0,73.3,0,5751.166749108862,False
TSH_27,2024-12,4.924044326203549,0,0,0,999,0,12,0,33.0,73.3,0,5751.166749108862,False
TSH_27,2025-01,4.924044326203549,0,0,0,999,0,1,0,33.0,73.3,0,5751.166749108862,False
TSH_27,2025-02,4.924044326203549,0,0,0,999,0,2,0,33.0,73.3,0,5751.166749108862,False
TSH_27,2025-03,4.924044326203549,0,0,0,999,0,3,0,33.0,73.3,0,5751.166749108862,False
TSH_27,2025-04,4.924044326203549,0,0,0,999,0,4,0,33.0,73.3,0,5751.166749108862,False
TSH_27,2025-05,4.924044326203549,0,0,0,999,0,5,1,33.0,73.3,0,5751.166749108862,False
TSH_27,2025-06,4.924044326203549,0,0,0,999,0,6,1,33.0,73.3,0,5751.166749108862,False
TSH_27,2025-07,4.924044326203549,0,0,0,999,0,7,1,33.0,73.3,0,5751.166749108862,False
TSH_27,2025-08,4.924044326203549,0,0,0,999,0,8,1,33.0,73.3,0,5751.166749108862,False
TSH_27,2025-09,4.924044326203549,0,0,0,999,0,9,1,33.0,73.3,0,5751.166749108862,False
TSH_27,2025-10,4.924044326203549,0,0,0,999,0,10,0,33.0,73.3,0,5751.166749108862,False
TSH_27,2025-11,4.924044326203549,0,0,0,999,0,11,0,33.0,73.3,0,5751.166749108862,False
TSH_27,2025-12,4.924044326203549,0,0,0,999,0,12,0,33.0,73.3,0,5751.166749108862,False
TSH_27,2026-01,4.924044326203549,0,0,0,999,0,1,0,33.0,73.3,0,5751.166749108862,False
TSH_27,2026-02,4.924044326203549,0,0,0,999,0,2,0,33.0,73.3,0,5751.166749108862,False
TSH_27,2026-03,4.924044326203549,0,0,0,999,0,3,0,33.0,73.3,0,5751.166749108862,False
TSH_28,2019-08,5.749240104689639,0,0,0,999,0,8,1,33.0,38.1,0,3105.801753771757,False
TSH_28,2019-09,5.749240104689639,0,0,0,999,0,9,1,33.0,38.1,0,3105.801753771757,False
TSH_28,2019-10,5.749240104689639,0,0,0,999,0,10,0,33.0,38.1,0,3105.801753771757,False
TSH_28,2019-11,5.749240104689639,0,0,0,999,0,11,0,33.0,38.1,0,3105.801753771757,False
TSH_28,2019-12,5.749240104689639,0,0,0,999,0,12,0,33.0,38.1,0,3105.801753771757,False
TSH_28,2020-01,5.749240104689639,0,0,0,999,0,1,0,33.0,38.1,0,3105.801753771757,False
TSH_28,2020-02,5.749240104689639,0,0,0,999,0,2,0,33.0,38.1,0,3105.801753771757,False
TSH_28,2020-03,5.749240104689639,0,0,0,999,0,3,0,33.0,38.1,0,3105.801753771757,False
TSH_28,2020-04,5.749240104689639,0,0,0,999,0,4,0,33.0,38.1,0,3105.801753771757,False
TSH_28,2020-05,5.749240104689639,0,0,0,999,0,5,1,33.0,38.1,0,3105.801753771757,False
TSH_28,2020-06,5.749240104689639,0,0,0,999,0,6,1,33.0,38.1,0,3105.801753771757,False
TSH_28,2020-07,5.749240104689639,0,0,0,999,0,7,1,33.0,38.1,0,3105.801753771757,False
TSH_28,2020-08,5.749240104689639,0,0,0,999,0,8,1,33.0,38.1,0,3105.801753771757,False
TSH_28,2020-09,5.749240104689639,0,0,0,999,0,9,1,33.0,38.1,0,3105.801753771757,False
TSH_28,2020-10,5.749240104689639,0,0,0,999,0,10,0,33.0,38.1,0,3105.801753771757,False
TSH_28,2020-11,5.749240104689639,0,0,0,999,0,11,0,33.0,38.1,0,3105.801753771757,False
TSH_28,2020-12,5.749240104689639,0,0,0,999,0,12,0,33.0,38.1,0,3105.801753771757,False
TSH_28,2021-01,5.749240104689639,0,0,0,999,0,1,0,33.0,38.1,0,3105.801753771757,False
TSH_28,2021-02,5.749240104689639,0,0,0,999,0,2,0,33.0,38.1,0,3105.801753771757,False
TSH_28,2021-03,5.749240104689639,0,0,0,999,0,3,0,33.0,38.1,0,3105.801753771757,False
TSH_28,2021-04,5.749240104689639,0,0,0,999,0,4,0,33.0,38.1,0,3105.801753771757,False
TSH_28,2021-05,5.749240104689639,0,0,0,999,0,5,1,33.0,38.1,0,3105.801753771757,False
TSH_28,2021-06,5.749240104689639,0,0,0,999,0,6,1,33.0,38.1,0,3105.801753771757,False
TSH_28,2021-07,5.749240104689639,0,0,0,999,0,7,1,33.0,38.1,0,3105.801753771757,False
TSH_28,2021-08,5.749240104689639,0,0,0,999,0,8,1,33.0,38.1,0,3105.801753771757,False
TSH_28,2021-09,5.749240104689639,0,0,0,999,0,9,1,33.0,38.1,0,3105.801753771757,False
TSH_28,2021-10,5.749240104689639,0,0,0,999,0,10,0,33.0,38.1,0,3105.801753771757,False
TSH_28,2021-11,5.749240104689639,0,0,0,999,0,11,0,33.0,38.1,0,3105.801753771757,False
TSH_28,2021-12,5.749240104689639,0,0,0,999,0,12,0,33.0,38.1,0,3105.801753771757,False
TSH_28,2022-01,5.749240104689639,0,0,0,999,0,1,0,33.0,38.1,0,3105.801753771757,False
TSH_28,2022-02,5.749240104689639,0,0,0,999,0,2,0,33.0,38.1,0,3105.801753771757,False
TSH_28,2022-03,5.749240104689639,0,0,0,999,0,3,0,33.0,38.1,0,3105.801753771757,False
TSH_28,2022-04,5.749240104689639,0,0,0,999,0,4,0,33.0,38.1,0,3105.801753771757,False
TSH_28,2022-05,5.749240104689639,0,0,0,999,0,5,1,33.0,38.1,0,3105.801753771757,False
TSH_28,2022-06,5.749240104689639,0,0,0,999,0,6,1,33.0,38.1,0,3105.801753771757,False
TSH_28,2022-07,5.749240104689639,0,0,0,999,0,7,1,33.0,38.1,0,3105.801753771757,False
TSH_28,2022-08,5.749240104689639,0,0,0,999,0,8,1,33.0,38.1,0,3105.801753771757,False
TSH_28,2022-09,5.749240104689639,0,0,0,999,0,9,1,33.0,38.1,0,3105.801753771757,False
TSH_28,2022-10,5.749240104689639,0,0,0,999,0,10,0,33.0,38.1,0,3105.801753771757,False
TSH_28,2022-11,5.749240104689639,0,0,0,999,0,11,0,33.0,38.1,0,3105.801753771757,False
TSH_28,2022-12,5.749240104689639,0,0,0,999,0,12,0,33.0,38.1,0,3105.801753771757,False
TSH_28,2023-01,5.749240104689639,0,0,0,999,0,1,0,33.0,38.1,0,3105.801753771757,False
TSH_28,2023-02,5.749240104689639,0,0,0,999,0,2,0,33.0,38.1,0,3105.801753771757,False
TSH_28,2023-03,5.749240104689639,0,0,0,999,0,3,0,33.0,38.1,0,3105.801753771757,False
TSH_28,2023-04,5.749240104689639,0,0,0,999,0,4,0,33.0,38.1,0,3105.801753771757,False
TSH_28,2023-05,5.749240104689639,0,0,0,999,0,5,1,33.0,38.1,0,3105.801753771757,False
TSH_28,2023-06,5.749240104689639,0,0,0,999,0,6,1,33.0,38.1,0,3105.801753771757,False
TSH_28,2023-07,5.749240104689639,0,0,0,999,0,7,1,33.0,38.1,0,3105.801753771757,False
TSH_28,2023-08,5.749240104689639,0,0,0,999,0,8,1,33.0,38.1,0,3105.801753771757,False
TSH_28,2023-09,5.749240104689639,0,0,0,999,0,9,1,33.0,38.1,0,3105.801753771757,False
TSH_28,2023-10,5.749240104689639,0,0,0,999,0,10,0,33.0,38.1,0,3105.801753771757,False
TSH_28,2023-11,5.749240104689639,0,0,0,999,0,11,0,33.0,38.1,0,3105.801753771757,False
TSH_28,2023-12,5.749240104689639,0,0,0,999,0,12,0,33.0,38.1,0,3105.801753771757,False
TSH_28,2024-01,5.749240104689639,0,0,0,999,0,1,0,33.0,38.1,0,3105.801753771757,False
TSH_28,2024-02,5.749240104689639,0,0,0,999,0,2,0,33.0,38.1,0,3105.801753771757,False
TSH_28,2024-03,5.749240104689639,0,0,0,999,0,3,0,33.0,38.1,0,3105.801753771757,False
TSH_28,2024-04,5.749240104689639,0,0,0,999,0,4,0,33.0,38.1,0,3105.801753771757,False
TSH_28,2024-05,5.749240104689639,0,0,0,999,0,5,1,33.0,38.1,0,3105.801753771757,False
TSH_28,2024-06,5.749240104689639,0,0,0,999,0,6,1,33.0,38.1,0,3105.801753771757,False
TSH_28,2024-07,5.749240104689639,0,0,0,999,0,7,1,33.0,38.1,0,3105.801753771757,False
TSH_28,2024-08,5.749240104689639,0,0,0,999,0,8,1,33.0,38.1,0,3105.801753771757,False
TSH_28,2024-09,5.749240104689639,0,0,0,999,0,9,1,33.0,38.1,0,3105.801753771757,False
TSH_28,2024-10,5.749240104689639,0,0,0,999,0,10,0,33.0,38.1,0,3105.801753771757,False
TSH_28,2024-11,5.749240104689639,0,0,0,999,0,11,0,33.0,38.1,0,3105.801753771757,False
TSH_28,2024-12,5.749240104689639,0,0,0,999,0,12,0,33.0,38.1,0,3105.801753771757,False
TSH_28,2025-01,5.749240104689639,0,0,0,999,0,1,0,33.0,38.1,0,3105.801753771757,False
TSH_28,2025-02,5.749240104689639,0,0,0,999,0,2,0,33.0,38.1,0,3105.801753771757,False
TSH_28,2025-03,5.749240104689639,0,0,0,999,0,3,0,33.0,38.1,0,3105.801753771757,False
TSH_28,2025-04,5.749240104689639,0,0,0,999,0,4,0,33.0,38.1,0,3105.801753771757,False
TSH_28,2025-05,5.749240104689639,0,0,0,999,0,5,1,33.0,38.1,0,3105.801753771757,False
TSH_28,2025-06,5.749240104689639,0,0,0,999,0,6,1,33.0,38.1,0,3105.801753771757,False
TSH_28,2025-07,5.749240104689639,0,0,0,999,0,7,1,33.0,38.1,0,3105.801753771757,False
TSH_28,2025-08,5.749240104689639,0,0,0,999,0,8,1,33.0,38.1,0,3105.801753771757,False
TSH_28,2025-09,5.749240104689639,0,0,0,999,0,9,1,33.0,38.1,0,3105.801753771757,False
TSH_28,2025-10,5.749240104689639,0,0,0,999,0,10,0,33.0,38.1,0,3105.801753771757,False
TSH_28,2025-11,5.749240104689639,0,0,0,999,0,11,0,33.0,38.1,0,3105.801753771757,False
TSH_28,2025-12,5.749240104689639,0,0,0,999,0,12,0,33.0,38.1,0,3105.801753771757,False
TSH_28,2026-01,5.749240104689639,0,0,0,999,0,1,0,33.0,38.1,0,3105.801753771757,False
TSH_28,2026-02,5.749240104689639,0,0,0,999,0,2,0,33.0,38.1,0,3105.801753771757,False
TSH_28,2026-03,5.749240104689639,0,0,0,999,0,3,0,33.0,38.1,0,3105.801753771757,False
TSH_29,2019-08,8.278663722704739,0,0,0,999,0,8,1,33.0,73.3,0,3462.9984935097104,False
TSH_29,2019-09,8.278663722704739,0,0,0,999,0,9,1,33.0,73.3,0,3462.9984935097104,False
TSH_29,2019-10,8.278663722704739,0,0,0,999,0,10,0,33.0,73.3,0,3462.9984935097104,False
TSH_29,2019-11,8.278663722704739,0,0,0,999,0,11,0,33.0,73.3,0,3462.9984935097104,False
TSH_29,2019-12,8.278663722704739,0,0,0,999,0,12,0,33.0,73.3,0,3462.9984935097104,False
TSH_29,2020-01,8.278663722704739,0,0,0,999,0,1,0,33.0,73.3,0,3462.9984935097104,False
TSH_29,2020-02,8.278663722704739,0,0,0,999,0,2,0,33.0,73.3,0,3462.9984935097104,False
TSH_29,2020-03,8.278663722704739,0,0,0,999,0,3,0,33.0,73.3,0,3462.9984935097104,False
TSH_29,2020-04,8.278663722704739,0,0,0,999,0,4,0,33.0,73.3,0,3462.9984935097104,False
TSH_29,2020-05,8.278663722704739,0,0,0,999,0,5,1,33.0,73.3,0,3462.9984935097104,False
TSH_29,2020-06,8.278663722704739,0,0,0,999,0,6,1,33.0,73.3,0,3462.9984935097104,False
TSH_29,2020-07,8.278663722704739,0,0,0,999,0,7,1,33.0,73.3,0,3462.9984935097104,False
TSH_29,2020-08,8.278663722704739,0,0,0,999,0,8,1,33.0,73.3,0,3462.9984935097104,False
TSH_29,2020-09,8.278663722704739,0,0,0,999,0,9,1,33.0,73.3,0,3462.9984935097104,False
TSH_29,2020-10,8.278663722704739,0,0,0,999,0,10,0,33.0,73.3,0,3462.9984935097104,False
TSH_29,2020-11,8.278663722704739,0,0,0,999,0,11,0,33.0,73.3,0,3462.9984935097104,False
TSH_29,2020-12,8.278663722704739,0,0,0,999,0,12,0,33.0,73.3,0,3462.9984935097104,False
TSH_29,2021-01,8.278663722704739,0,0,0,999,0,1,0,33.0,73.3,0,3462.9984935097104,False
TSH_29,2021-02,8.278663722704739,0,0,0,999,0,2,0,33.0,73.3,0,3462.9984935097104,False
TSH_29,2021-03,8.278663722704739,0,0,0,999,0,3,0,33.0,73.3,0,3462.9984935097104,False
TSH_29,2021-04,8.278663722704739,0,0,0,999,0,4,0,33.0,73.3,0,3462.9984935097104,False
TSH_29,2021-05,8.278663722704739,0,0,0,999,0,5,1,33.0,73.3,0,3462.9984935097104,False
TSH_29,2021-06,8.278663722704739,0,0,0,999,0,6,1,33.0,73.3,0,3462.9984935097104,False
TSH_29,2021-07,8.278663722704739,0,0,0,999,0,7,1,33.0,73.3,0,3462.9984935097104,False
TSH_29,2021-08,8.278663722704739,0,0,0,999,0,8,1,33.0,73.3,0,3462.9984935097104,False
TSH_29,2021-09,8.278663722704739,0,0,0,999,0,9,1,33.0,73.3,0,3462.9984935097104,False
TSH_29,2021-10,8.278663722704739,0,0,0,999,0,10,0,33.0,73.3,0,3462.9984935097104,False
TSH_29,2021-11,8.278663722704739,0,0,0,999,0,11,0,33.0,73.3,0,3462.9984935097104,False
TSH_29,2021-12,8.278663722704739,0,0,0,999,0,12,0,33.0,73.3,0,3462.9984935097104,False
TSH_29,2022-01,8.278663722704739,0,0,0,999,0,1,0,33.0,73.3,0,3462.9984935097104,False
TSH_29,2022-02,8.278663722704739,0,0,0,999,0,2,0,33.0,73.3,0,3462.9984935097104,False
TSH_29,2022-03,8.278663722704739,0,0,0,999,0,3,0,33.0,73.3,0,3462.9984935097104,False
TSH_29,2022-04,8.278663722704739,0,0,0,999,0,4,0,33.0,73.3,0,3462.9984935097104,False
TSH_29,2022-05,8.278663722704739,0,0,0,999,0,5,1,33.0,73.3,0,3462.9984935097104,False
TSH_29,2022-06,8.278663722704739,0,0,0,999,0,6,1,33.0,73.3,0,3462.9984935097104,False
TSH_29,2022-07,8.278663722704739,0,0,0,999,0,7,1,33.0,73.3,0,3462.9984935097104,False
TSH_29,2022-08,8.278663722704739,0,0,0,999,0,8,1,33.0,73.3,0,3462.9984935097104,False
TSH_29,2022-09,8.278663722704739,0,0,0,999,0,9,1,33.0,73.3,0,3462.9984935097104,False
TSH_29,2022-10,8.278663722704739,0,0,0,999,0,10,0,33.0,73.3,0,3462.9984935097104,False
TSH_29,2022-11,8.278663722704739,0,0,0,999,0,11,0,33.0,73.3,0,3462.9984935097104,False
TSH_29,2022-12,8.278663722704739,0,0,0,999,0,12,0,33.0,73.3,0,3462.9984935097104,False
TSH_29,2023-01,8.278663722704739,0,0,0,999,0,1,0,33.0,73.3,0,3462.9984935097104,False
TSH_29,2023-02,8.278663722704739,0,0,0,999,0,2,0,33.0,73.3,0,3462.9984935097104,False
TSH_29,2023-03,8.278663722704739,0,0,0,999,0,3,0,33.0,73.3,0,3462.9984935097104,False
TSH_29,2023-04,8.278663722704739,0,0,0,999,0,4,0,33.0,73.3,0,3462.9984935097104,False
TSH_29,2023-05,8.278663722704739,0,0,0,999,0,5,1,33.0,73.3,0,3462.9984935097104,False
TSH_29,2023-06,8.278663722704739,0,0,0,999,0,6,1,33.0,73.3,0,3462.9984935097104,False
TSH_29,2023-07,8.278663722704739,0,0,0,999,0,7,1,33.0,73.3,0,3462.9984935097104,False
TSH_29,2023-08,8.278663722704739,0,0,0,999,0,8,1,33.0,73.3,0,3462.9984935097104,False
TSH_29,2023-09,8.278663722704739,0,0,0,999,0,9,1,33.0,73.3,0,3462.9984935097104,False
TSH_29,2023-10,8.278663722704739,0,0,0,999,0,10,0,33.0,73.3,0,3462.9984935097104,False
TSH_29,2023-11,8.278663722704739,0,0,0,999,0,11,0,33.0,73.3,0,3462.9984935097104,False
TSH_29,2023-12,8.278663722704739,0,0,0,999,0,12,0,33.0,73.3,0,3462.9984935097104,False
TSH_29,2024-01,8.278663722704739,0,0,0,999,0,1,0,33.0,73.3,0,3462.9984935097104,False
TSH_29,2024-02,8.278663722704739,0,0,0,999,0,2,0,33.0,73.3,0,3462.9984935097104,False
TSH_29,2024-03,8.278663722704739,0,0,0,999,0,3,0,33.0,73.3,0,3462.9984935097104,False
TSH_29,2024-04,8.278663722704739,0,0,0,999,0,4,0,33.0,73.3,0,3462.9984935097104,False
TSH_29,2024-05,8.278663722704739,0,0,0,999,0,5,1,33.0,73.3,0,3462.9984935097104,False
TSH_29,2024-06,8.278663722704739,0,0,0,999,0,6,1,33.0,73.3,0,3462.9984935097104,False
TSH_29,2024-07,8.278663722704739,0,0,0,999,0,7,1,33.0,73.3,0,3462.9984935097104,False
TSH_29,2024-08,8.278663722704739,0,0,0,999,0,8,1,33.0,73.3,0,3462.9984935097104,False
TSH_29,2024-09,8.278663722704739,0,0,0,999,0,9,1,33.0,73.3,0,3462.9984935097104,False
TSH_29,2024-10,8.278663722704739,0,0,0,999,0,10,0,33.0,73.3,0,3462.9984935097104,False
TSH_29,2024-11,8.278663722704739,0,0,0,999,0,11,0,33.0,73.3,0,3462.9984935097104,False
TSH_29,2024-12,8.278663722704739,0,0,0,999,0,12,0,33.0,73.3,0,3462.9984935097104,False
TSH_29,2025-01,8.278663722704739,0,0,0,999,0,1,0,33.0,73.3,0,3462.9984935097104,False
TSH_29,2025-02,8.278663722704739,0,0,0,999,0,2,0,33.0,73.3,0,3462.9984935097104,False
TSH_29,2025-03,8.278663722704739,0,0,0,999,0,3,0,33.0,73.3,0,3462.9984935097104,False
TSH_29,2025-04,8.278663722704739,0,0,0,999,0,4,0,33.0,73.3,0,3462.9984935097104,False
TSH_29,2025-05,8.278663722704739,0,0,0,999,0,5,1,33.0,73.3,0,3462.9984935097104,False
TSH_29,2025-06,8.278663722704739,0,0,0,999,0,6,1,33.0,73.3,0,3462.9984935097104,False
TSH_29,2025-07,8.278663722704739,0,0,0,999,0,7,1,33.0,73.3,0,3462.9984935097104,False
TSH_29,2025-08,8.278663722704739,0,0,0,999,0,8,1,33.0,73.3,0,3462.9984935097104,False
TSH_29,2025-09,8.278663722704739,0,0,0,999,0,9,1,33.0,73.3,0,3462.9984935097104,False
TSH_29,2025-10,8.278663722704739,0,0,0,999,0,10,0,33.0,73.3,0,3462.9984935097104,False
TSH_29,2025-11,8.278663722704739,0,0,0,999,0,11,0,33.0,73.3,0,3462.9984935097104,False
TSH_29,2025-12,8.278663722704739,0,0,0,999,0,12,0,33.0,73.3,0,3462.9984935097104,False
TSH_29,2026-01,8.278663722704739,0,0,0,999,0,1,0,33.0,73.3,0,3462.9984935097104,False
TSH_29,2026-02,8.278663722704739,0,0,0,999,0,2,0,33.0,73.3,0,3462.9984935097104,False
TSH_29,2026-03,8.278663722704739,0,0,0,999,0,3,0,33.0,73.3,1,3462.9984935097104,False
TSH_3,2019-08,18.266002978882508,0,0,0,999,0,8,1,33.0,34.6,0,1867.6773478817813,False
TSH_3,2019-09,18.266002978882508,0,0,0,999,0,9,1,33.0,34.6,0,1867.6773478817813,False
TSH_3,2019-10,18.266002978882508,0,0,0,999,0,10,0,33.0,34.6,0,1867.6773478817813,False
TSH_3,2019-11,18.266002978882508,0,0,0,999,0,11,0,33.0,34.6,0,1867.6773478817813,False
TSH_3,2019-12,18.266002978882508,0,0,0,999,0,12,0,33.0,34.6,0,1867.6773478817813,False
TSH_3,2020-01,18.266002978882508,0,0,0,999,0,1,0,33.0,34.6,0,1867.6773478817813,False
TSH_3,2020-02,18.266002978882508,0,0,0,999,0,2,0,33.0,34.6,0,1867.6773478817813,False
TSH_3,2020-03,18.266002978882508,0,0,0,999,0,3,0,33.0,34.6,0,1867.6773478817813,False
TSH_3,2020-04,18.266002978882508,0,0,0,999,0,4,0,33.0,34.6,0,1867.6773478817813,False
TSH_3,2020-05,18.266002978882508,0,0,0,999,0,5,1,33.0,34.6,0,1867.6773478817813,False
TSH_3,2020-06,18.266002978882508,0,0,0,999,0,6,1,33.0,34.6,0,1867.6773478817813,False
TSH_3,2020-07,18.266002978882508,0,0,0,999,0,7,1,33.0,34.6,0,1867.6773478817813,False
TSH_3,2020-08,18.266002978882508,0,0,0,999,0,8,1,33.0,34.6,0,1867.6773478817813,False
TSH_3,2020-09,18.266002978882508,0,0,0,999,0,9,1,33.0,34.6,0,1867.6773478817813,False
TSH_3,2020-10,18.266002978882508,0,0,0,999,0,10,0,33.0,34.6,0,1867.6773478817813,False
TSH_3,2020-11,18.266002978882508,0,0,0,999,0,11,0,33.0,34.6,0,1867.6773478817813,False
TSH_3,2020-12,18.266002978882508,0,0,0,999,0,12,0,33.0,34.6,0,1867.6773478817813,False
TSH_3,2021-01,18.266002978882508,0,0,0,999,0,1,0,33.0,34.6,0,1867.6773478817813,False
TSH_3,2021-02,18.266002978882508,0,0,0,999,0,2,0,33.0,34.6,0,1867.6773478817813,False
TSH_3,2021-03,18.266002978882508,0,0,0,999,0,3,0,33.0,34.6,0,1867.6773478817813,False
TSH_3,2021-04,18.266002978882508,0,0,0,999,0,4,0,33.0,34.6,0,1867.6773478817813,False
TSH_3,2021-05,18.266002978882508,0,0,0,999,0,5,1,33.0,34.6,0,1867.6773478817813,False
TSH_3,2021-06,18.266002978882508,0,0,0,999,0,6,1,33.0,34.6,0,1867.6773478817813,False
TSH_3,2021-07,18.266002978882508,0,0,0,999,0,7,1,33.0,34.6,0,1867.6773478817813,False
TSH_3,2021-08,18.266002978882508,0,0,0,999,0,8,1,33.0,34.6,0,1867.6773478817813,False
TSH_3,2021-09,18.266002978882508,0,0,0,999,0,9,1,33.0,34.6,0,1867.6773478817813,False
TSH_3,2021-10,18.266002978882508,0,0,0,999,0,10,0,33.0,34.6,0,1867.6773478817813,False
TSH_3,2021-11,18.266002978882508,0,0,0,999,0,11,0,33.0,34.6,0,1867.6773478817813,False
TSH_3,2021-12,18.266002978882508,0,0,0,999,0,12,0,33.0,34.6,0,1867.6773478817813,False
TSH_3,2022-01,18.266002978882508,0,0,0,999,0,1,0,33.0,34.6,0,1867.6773478817813,False
TSH_3,2022-02,18.266002978882508,0,0,0,999,0,2,0,33.0,34.6,0,1867.6773478817813,False
TSH_3,2022-03,18.266002978882508,0,0,0,999,0,3,0,33.0,34.6,0,1867.6773478817813,False
TSH_3,2022-04,18.266002978882508,0,0,0,999,0,4,0,33.0,34.6,0,1867.6773478817813,False
TSH_3,2022-05,18.266002978882508,0,0,0,999,0,5,1,33.0,34.6,0,1867.6773478817813,False
TSH_3,2022-06,18.266002978882508,0,0,0,999,0,6,1,33.0,34.6,0,1867.6773478817813,False
TSH_3,2022-07,18.266002978882508,0,0,0,999,0,7,1,33.0,34.6,0,1867.6773478817813,False
TSH_3,2022-08,18.266002978882508,0,0,0,999,0,8,1,33.0,34.6,0,1867.6773478817813,False
TSH_3,2022-09,18.266002978882508,0,0,0,999,0,9,1,33.0,34.6,0,1867.6773478817813,False
TSH_3,2022-10,18.266002978882508,0,0,0,999,0,10,0,33.0,34.6,0,1867.6773478817813,False
TSH_3,2022-11,18.266002978882508,0,0,0,999,0,11,0,33.0,34.6,0,1867.6773478817813,False
TSH_3,2022-12,18.266002978882508,0,0,0,999,0,12,0,33.0,34.6,0,1867.6773478817813,False
TSH_3,2023-01,18.266002978882508,0,0,0,999,0,1,0,33.0,34.6,0,1867.6773478817813,False
TSH_3,2023-02,18.266002978882508,0,0,0,999,0,2,0,33.0,34.6,0,1867.6773478817813,False
TSH_3,2023-03,18.266002978882508,0,0,0,999,0,3,0,33.0,34.6,0,1867.6773478817813,False
TSH_3,2023-04,18.266002978882508,0,0,0,999,0,4,0,33.0,34.6,0,1867.6773478817813,False
TSH_3,2023-05,18.266002978882508,0,0,0,999,0,5,1,33.0,34.6,0,1867.6773478817813,False
TSH_3,2023-06,18.266002978882508,0,0,0,999,0,6,1,33.0,34.6,0,1867.6773478817813,False
TSH_3,2023-07,18.266002978882508,0,0,0,999,0,7,1,33.0,34.6,0,1867.6773478817813,False
TSH_3,2023-08,18.266002978882508,0,0,0,999,0,8,1,33.0,34.6,0,1867.6773478817813,False
TSH_3,2023-09,18.266002978882508,0,0,0,999,0,9,1,33.0,34.6,0,1867.6773478817813,False
TSH_3,2023-10,18.266002978882508,0,0,0,999,0,10,0,33.0,34.6,0,1867.6773478817813,False
TSH_3,2023-11,18.266002978882508,0,0,0,999,0,11,0,33.0,34.6,0,1867.6773478817813,False
TSH_3,2023-12,18.266002978882508,0,0,0,999,0,12,0,33.0,34.6,0,1867.6773478817813,False
TSH_3,2024-01,18.266002978882508,0,0,0,999,0,1,0,33.0,34.6,0,1867.6773478817813,False
TSH_3,2024-02,18.266002978882508,0,0,0,999,0,2,0,33.0,34.6,0,1867.6773478817813,False
TSH_3,2024-03,18.266002978882508,0,0,0,999,0,3,0,33.0,34.6,0,1867.6773478817813,False
TSH_3,2024-04,18.266002978882508,0,0,0,999,0,4,0,33.0,34.6,0,1867.6773478817813,False
TSH_3,2024-05,18.266002978882508,0,0,0,999,0,5,1,33.0,34.6,0,1867.6773478817813,False
TSH_3,2024-06,18.266002978882508,0,0,0,999,0,6,1,33.0,34.6,0,1867.6773478817813,False
TSH_3,2024-07,18.266002978882508,0,0,0,999,0,7,1,33.0,34.6,0,1867.6773478817813,False
TSH_3,2024-08,18.266002978882508,0,0,0,999,0,8,1,33.0,34.6,0,1867.6773478817813,False
TSH_3,2024-09,18.266002978882508,0,0,0,999,0,9,1,33.0,34.6,0,1867.6773478817813,False
TSH_3,2024-10,18.266002978882508,0,0,0,999,0,10,0,33.0,34.6,0,1867.6773478817813,False
TSH_3,2024-11,18.266002978882508,0,0,0,999,0,11,0,33.0,34.6,0,1867.6773478817813,False
TSH_3,2024-12,18.266002978882508,0,0,0,999,0,12,0,33.0,34.6,0,1867.6773478817813,False
TSH_3,2025-01,18.266002978882508,0,0,0,999,0,1,0,33.0,34.6,0,1867.6773478817813,False
TSH_3,2025-02,18.266002978882508,0,0,0,999,0,2,0,33.0,34.6,0,1867.6773478817813,False
TSH_3,2025-03,18.266002978882508,0,0,0,999,0,3,0,33.0,34.6,0,1867.6773478817813,False
TSH_3,2025-04,18.266002978882508,0,0,0,999,0,4,0,33.0,34.6,0,1867.6773478817813,False
TSH_3,2025-05,18.266002978882508,0,0,0,999,0,5,1,33.0,34.6,0,1867.6773478817813,False
TSH_3,2025-06,18.266002978882508,0,0,0,999,0,6,1,33.0,34.6,0,1867.6773478817813,False
TSH_3,2025-07,18.266002978882508,0,0,0,999,0,7,1,33.0,34.6,0,1867.6773478817813,False
TSH_3,2025-08,18.266002978882508,0,0,0,999,0,8,1,33.0,34.6,0,1867.6773478817813,False
TSH_3,2025-09,18.266002978882508,0,0,0,999,0,9,1,33.0,34.6,0,1867.6773478817813,False
TSH_3,2025-10,18.266002978882508,0,0,0,999,0,10,0,33.0,34.6,0,1867.6773478817813,False
TSH_3,2025-11,18.266002978882508,0,0,0,999,0,11,0,33.0,34.6,0,1867.6773478817813,False
TSH_3,2025-12,18.266002978882508,0,0,0,999,0,12,0,33.0,34.6,0,1867.6773478817813,False
TSH_3,2026-01,18.266002978882508,0,0,0,999,0,1,0,33.0,34.6,0,1867.6773478817813,False
TSH_3,2026-02,18.266002978882508,0,0,0,999,0,2,0,33.0,34.6,0,1867.6773478817813,False
TSH_3,2026-03,18.266002978882508,0,0,0,999,0,3,0,33.0,34.6,0,1867.6773478817813,False
TSH_30,2019-08,21.246768146454443,0,0,0,999,0,8,1,33.0,34.6,0,1777.635061467111,False
TSH_30,2019-09,21.246768146454443,0,0,0,999,0,9,1,33.0,34.6,0,1777.635061467111,False
TSH_30,2019-10,21.246768146454443,0,0,0,999,0,10,0,33.0,34.6,0,1777.635061467111,False
TSH_30,2019-11,21.246768146454443,0,0,0,999,0,11,0,33.0,34.6,0,1777.635061467111,False
TSH_30,2019-12,21.246768146454443,0,0,0,999,0,12,0,33.0,34.6,0,1777.635061467111,False
TSH_30,2020-01,21.246768146454443,0,0,0,999,0,1,0,33.0,34.6,0,1777.635061467111,False
TSH_30,2020-02,21.246768146454443,0,0,0,999,0,2,0,33.0,34.6,0,1777.635061467111,False
TSH_30,2020-03,21.246768146454443,0,0,0,999,0,3,0,33.0,34.6,0,1777.635061467111,False
TSH_30,2020-04,21.246768146454443,0,0,0,999,0,4,0,33.0,34.6,0,1777.635061467111,False
TSH_30,2020-05,21.246768146454443,0,0,0,999,0,5,1,33.0,34.6,0,1777.635061467111,False
TSH_30,2020-06,21.246768146454443,0,0,0,999,0,6,1,33.0,34.6,0,1777.635061467111,False
TSH_30,2020-07,21.246768146454443,0,0,0,999,0,7,1,33.0,34.6,0,1777.635061467111,False
TSH_30,2020-08,21.246768146454443,0,0,0,999,0,8,1,33.0,34.6,0,1777.635061467111,False
TSH_30,2020-09,21.246768146454443,0,0,0,999,0,9,1,33.0,34.6,0,1777.635061467111,False
TSH_30,2020-10,21.246768146454443,0,0,0,999,0,10,0,33.0,34.6,0,1777.635061467111,False
TSH_30,2020-11,21.246768146454443,0,0,0,999,0,11,0,33.0,34.6,0,1777.635061467111,False
TSH_30,2020-12,21.246768146454443,0,0,0,999,0,12,0,33.0,34.6,0,1777.635061467111,False
TSH_30,2021-01,21.246768146454443,0,0,0,999,0,1,0,33.0,34.6,0,1777.635061467111,False
TSH_30,2021-02,21.246768146454443,0,0,0,999,0,2,0,33.0,34.6,0,1777.635061467111,False
TSH_30,2021-03,21.246768146454443,0,0,0,999,0,3,0,33.0,34.6,0,1777.635061467111,False
TSH_30,2021-04,21.246768146454443,0,0,0,999,0,4,0,33.0,34.6,0,1777.635061467111,False
TSH_30,2021-05,21.246768146454443,0,0,0,999,0,5,1,33.0,34.6,0,1777.635061467111,False
TSH_30,2021-06,21.246768146454443,0,0,0,999,0,6,1,33.0,34.6,0,1777.635061467111,False
TSH_30,2021-07,21.246768146454443,0,0,0,999,0,7,1,33.0,34.6,0,1777.635061467111,False
TSH_30,2021-08,21.246768146454443,0,0,0,999,0,8,1,33.0,34.6,0,1777.635061467111,False
TSH_30,2021-09,21.246768146454443,0,0,0,999,0,9,1,33.0,34.6,0,1777.635061467111,False
TSH_30,2021-10,21.246768146454443,0,0,0,999,0,10,0,33.0,34.6,0,1777.635061467111,False
TSH_30,2021-11,21.246768146454443,0,0,0,999,0,11,0,33.0,34.6,0,1777.635061467111,False
TSH_30,2021-12,21.246768146454443,0,0,0,999,0,12,0,33.0,34.6,0,1777.635061467111,False
TSH_30,2022-01,21.246768146454443,0,0,0,999,0,1,0,33.0,34.6,0,1777.635061467111,False
TSH_30,2022-02,21.246768146454443,0,0,0,999,0,2,0,33.0,34.6,0,1777.635061467111,False
TSH_30,2022-03,21.246768146454443,0,0,0,999,0,3,0,33.0,34.6,0,1777.635061467111,False
TSH_30,2022-04,21.246768146454443,0,0,0,999,0,4,0,33.0,34.6,0,1777.635061467111,False
TSH_30,2022-05,21.246768146454443,0,0,0,999,0,5,1,33.0,34.6,0,1777.635061467111,False
TSH_30,2022-06,21.246768146454443,0,0,0,999,0,6,1,33.0,34.6,0,1777.635061467111,False
TSH_30,2022-07,21.246768146454443,0,0,0,999,0,7,1,33.0,34.6,0,1777.635061467111,False
TSH_30,2022-08,21.246768146454443,0,0,0,999,0,8,1,33.0,34.6,0,1777.635061467111,False
TSH_30,2022-09,21.246768146454443,0,0,0,999,0,9,1,33.0,34.6,0,1777.635061467111,False
TSH_30,2022-10,21.246768146454443,0,0,0,999,0,10,0,33.0,34.6,0,1777.635061467111,False
TSH_30,2022-11,21.246768146454443,0,0,0,999,0,11,0,33.0,34.6,0,1777.635061467111,False
TSH_30,2022-12,21.246768146454443,0,0,0,999,0,12,0,33.0,34.6,0,1777.635061467111,False
TSH_30,2023-01,21.246768146454443,0,0,0,999,0,1,0,33.0,34.6,0,1777.635061467111,False
TSH_30,2023-02,21.246768146454443,0,0,0,999,0,2,0,33.0,34.6,0,1777.635061467111,False
TSH_30,2023-03,21.246768146454443,0,0,0,999,0,3,0,33.0,34.6,0,1777.635061467111,False
TSH_30,2023-04,21.246768146454443,0,0,0,999,0,4,0,33.0,34.6,0,1777.635061467111,False
TSH_30,2023-05,21.246768146454443,0,0,0,999,0,5,1,33.0,34.6,0,1777.635061467111,False
TSH_30,2023-06,21.246768146454443,0,0,0,999,0,6,1,33.0,34.6,0,1777.635061467111,False
TSH_30,2023-07,21.246768146454443,0,0,0,999,0,7,1,33.0,34.6,0,1777.635061467111,False
TSH_30,2023-08,21.246768146454443,0,0,0,999,0,8,1,33.0,34.6,0,1777.635061467111,False
TSH_30,2023-09,21.246768146454443,0,0,0,999,0,9,1,33.0,34.6,0,1777.635061467111,False
TSH_30,2023-10,21.246768146454443,0,0,0,999,0,10,0,33.0,34.6,0,1777.635061467111,False
TSH_30,2023-11,21.246768146454443,0,0,0,999,0,11,0,33.0,34.6,0,1777.635061467111,False
TSH_30,2023-12,21.246768146454443,0,0,0,999,0,12,0,33.0,34.6,0,1777.635061467111,False
TSH_30,2024-01,21.246768146454443,0,0,0,999,0,1,0,33.0,34.6,0,1777.635061467111,False
TSH_30,2024-02,21.246768146454443,0,0,0,999,0,2,0,33.0,34.6,0,1777.635061467111,False
TSH_30,2024-03,21.246768146454443,0,0,0,999,0,3,0,33.0,34.6,0,1777.635061467111,False
TSH_30,2024-04,21.246768146454443,0,0,0,999,0,4,0,33.0,34.6,0,1777.635061467111,False
TSH_30,2024-05,21.246768146454443,0,0,0,999,0,5,1,33.0,34.6,0,1777.635061467111,False
TSH_30,2024-06,21.246768146454443,0,0,0,999,0,6,1,33.0,34.6,0,1777.635061467111,False
TSH_30,2024-07,21.246768146454443,0,0,0,999,0,7,1,33.0,34.6,0,1777.635061467111,False
TSH_30,2024-08,21.246768146454443,0,0,0,999,0,8,1,33.0,34.6,0,1777.635061467111,False
TSH_30,2024-09,21.246768146454443,0,0,0,999,0,9,1,33.0,34.6,0,1777.635061467111,False
TSH_30,2024-10,21.246768146454443,0,0,0,999,0,10,0,33.0,34.6,0,1777.635061467111,False
TSH_30,2024-11,21.246768146454443,0,0,0,999,0,11,0,33.0,34.6,0,1777.635061467111,False
TSH_30,2024-12,21.246768146454443,0,0,0,999,0,12,0,33.0,34.6,0,1777.635061467111,False
TSH_30,2025-01,21.246768146454443,0,0,0,999,0,1,0,33.0,34.6,0,1777.635061467111,False
TSH_30,2025-02,21.246768146454443,0,0,0,999,0,2,0,33.0,34.6,0,1777.635061467111,False
TSH_30,2025-03,21.246768146454443,0,0,0,999,0,3,0,33.0,34.6,0,1777.635061467111,False
TSH_30,2025-04,21.246768146454443,0,0,0,999,0,4,0,33.0,34.6,0,1777.635061467111,False
TSH_30,2025-05,21.246768146454443,0,0,0,999,0,5,1,33.0,34.6,0,1777.635061467111,False
TSH_30,2025-06,21.246768146454443,0,0,0,999,0,6,1,33.0,34.6,0,1777.635061467111,False
TSH_30,2025-07,21.246768146454443,0,0,0,999,0,7,1,33.0,34.6,0,1777.635061467111,False
TSH_30,2025-08,21.246768146454443,0,0,0,999,0,8,1,33.0,34.6,0,1777.635061467111,False
TSH_30,2025-09,21.246768146454443,0,0,0,999,0,9,1,33.0,34.6,0,1777.635061467111,False
TSH_30,2025-10,21.246768146454443,0,0,0,999,0,10,0,33.0,34.6,0,1777.635061467111,False
TSH_30,2025-11,21.246768146454443,0,0,0,999,0,11,0,33.0,34.6,0,1777.635061467111,False
TSH_30,2025-12,21.246768146454443,0,0,0,999,0,12,0,33.0,34.6,0,1777.635061467111,False
TSH_30,2026-01,21.246768146454443,0,0,0,999,0,1,0,33.0,34.6,0,1777.635061467111,False
TSH_30,2026-02,21.246768146454443,0,0,0,999,0,2,0,33.0,34.6,0,1777.635061467111,False
TSH_30,2026-03,21.246768146454443,0,0,0,999,0,3,0,33.0,34.6,0,1777.635061467111,False
TSH_31,2019-08,66.68009499093951,0,0,0,999,0,8,1,33.0,34.6,0,364.93649271655215,False
TSH_31,2019-09,66.68009499093951,0,0,0,999,0,9,1,33.0,34.6,0,364.93649271655215,False
TSH_31,2019-10,66.68009499093951,0,0,0,999,0,10,0,33.0,34.6,0,364.93649271655215,False
TSH_31,2019-11,66.68009499093951,0,0,0,999,0,11,0,33.0,34.6,0,364.93649271655215,False
TSH_31,2019-12,66.68009499093951,0,0,0,999,0,12,0,33.0,34.6,0,364.93649271655215,False
TSH_31,2020-01,66.68009499093951,0,0,0,999,0,1,0,33.0,34.6,0,364.93649271655215,False
TSH_31,2020-02,66.68009499093951,0,0,0,999,0,2,0,33.0,34.6,0,364.93649271655215,False
TSH_31,2020-03,66.68009499093951,0,0,0,999,0,3,0,33.0,34.6,0,364.93649271655215,False
TSH_31,2020-04,66.68009499093951,0,0,0,999,0,4,0,33.0,34.6,0,364.93649271655215,False
TSH_31,2020-05,66.68009499093951,0,0,0,999,0,5,1,33.0,34.6,0,364.93649271655215,False
TSH_31,2020-06,66.68009499093951,0,0,0,999,0,6,1,33.0,34.6,0,364.93649271655215,False
TSH_31,2020-07,66.68009499093951,0,0,0,999,0,7,1,33.0,34.6,0,364.93649271655215,False
TSH_31,2020-08,66.68009499093951,0,0,0,999,0,8,1,33.0,34.6,0,364.93649271655215,False
TSH_31,2020-09,66.68009499093951,0,0,0,999,0,9,1,33.0,34.6,0,364.93649271655215,False
TSH_31,2020-10,66.68009499093951,0,0,0,999,0,10,0,33.0,34.6,0,364.93649271655215,False
TSH_31,2020-11,66.68009499093951,0,0,0,999,0,11,0,33.0,34.6,0,364.93649271655215,False
TSH_31,2020-12,66.68009499093951,0,0,0,999,0,12,0,33.0,34.6,0,364.93649271655215,False
TSH_31,2021-01,66.68009499093951,0,0,0,999,0,1,0,33.0,34.6,0,364.93649271655215,False
TSH_31,2021-02,66.68009499093951,0,0,0,999,0,2,0,33.0,34.6,0,364.93649271655215,False
TSH_31,2021-03,66.68009499093951,0,0,0,999,0,3,0,33.0,34.6,0,364.93649271655215,False
TSH_31,2021-04,66.68009499093951,0,0,0,999,0,4,0,33.0,34.6,0,364.93649271655215,False
TSH_31,2021-05,66.68009499093951,0,0,0,999,0,5,1,33.0,34.6,0,364.93649271655215,False
TSH_31,2021-06,66.68009499093951,0,0,0,999,0,6,1,33.0,34.6,0,364.93649271655215,False
TSH_31,2021-07,66.68009499093951,0,0,0,999,0,7,1,33.0,34.6,0,364.93649271655215,False
TSH_31,2021-08,66.68009499093951,0,0,0,999,0,8,1,33.0,34.6,0,364.93649271655215,False
TSH_31,2021-09,66.68009499093951,0,0,0,999,0,9,1,33.0,34.6,0,364.93649271655215,False
TSH_31,2021-10,66.68009499093951,0,0,0,999,0,10,0,33.0,34.6,0,364.93649271655215,False
TSH_31,2021-11,66.68009499093951,0,0,0,999,0,11,0,33.0,34.6,0,364.93649271655215,False
TSH_31,2021-12,66.68009499093951,0,0,0,999,0,12,0,33.0,34.6,0,364.93649271655215,False
TSH_31,2022-01,66.68009499093951,0,0,0,999,0,1,0,33.0,34.6,0,364.93649271655215,False
TSH_31,2022-02,66.68009499093951,0,0,0,999,0,2,0,33.0,34.6,0,364.93649271655215,False
TSH_31,2022-03,66.68009499093951,0,0,0,999,0,3,0,33.0,34.6,0,364.93649271655215,False
TSH_31,2022-04,66.68009499093951,0,0,0,999,0,4,0,33.0,34.6,0,364.93649271655215,False
TSH_31,2022-05,66.68009499093951,0,0,0,999,0,5,1,33.0,34.6,0,364.93649271655215,False
TSH_31,2022-06,66.68009499093951,0,0,0,999,0,6,1,33.0,34.6,0,364.93649271655215,False
TSH_31,2022-07,66.68009499093951,0,0,0,999,0,7,1,33.0,34.6,0,364.93649271655215,False
TSH_31,2022-08,66.68009499093951,0,0,0,999,0,8,1,33.0,34.6,0,364.93649271655215,False
TSH_31,2022-09,66.68009499093951,0,0,0,999,0,9,1,33.0,34.6,0,364.93649271655215,False
TSH_31,2022-10,66.68009499093951,0,0,0,999,0,10,0,33.0,34.6,0,364.93649271655215,False
TSH_31,2022-11,66.68009499093951,0,0,0,999,0,11,0,33.0,34.6,0,364.93649271655215,False
TSH_31,2022-12,66.68009499093951,0,0,0,999,0,12,0,33.0,34.6,0,364.93649271655215,False
TSH_31,2023-01,66.68009499093951,0,0,0,999,0,1,0,33.0,34.6,0,364.93649271655215,False
TSH_31,2023-02,66.68009499093951,0,0,0,999,0,2,0,33.0,34.6,0,364.93649271655215,False
TSH_31,2023-03,66.68009499093951,0,0,0,999,0,3,0,33.0,34.6,0,364.93649271655215,False
TSH_31,2023-04,66.68009499093951,0,0,0,999,0,4,0,33.0,34.6,0,364.93649271655215,False
TSH_31,2023-05,66.68009499093951,0,0,0,999,0,5,1,33.0,34.6,0,364.93649271655215,False
TSH_31,2023-06,66.68009499093951,0,0,0,999,0,6,1,33.0,34.6,0,364.93649271655215,False
TSH_31,2023-07,66.68009499093951,0,0,0,999,0,7,1,33.0,34.6,0,364.93649271655215,False
TSH_31,2023-08,66.68009499093951,0,0,0,999,0,8,1,33.0,34.6,0,364.93649271655215,False
TSH_31,2023-09,66.68009499093951,0,0,0,999,0,9,1,33.0,34.6,0,364.93649271655215,False
TSH_31,2023-10,66.68009499093951,0,0,0,999,0,10,0,33.0,34.6,0,364.93649271655215,False
TSH_31,2023-11,66.68009499093951,0,0,0,999,0,11,0,33.0,34.6,0,364.93649271655215,False
TSH_31,2023-12,66.68009499093951,0,0,0,999,0,12,0,33.0,34.6,0,364.93649271655215,False
TSH_31,2024-01,66.68009499093951,0,0,0,999,0,1,0,33.0,34.6,0,364.93649271655215,False
TSH_31,2024-02,66.68009499093951,0,0,0,999,0,2,0,33.0,34.6,0,364.93649271655215,False
TSH_31,2024-03,66.68009499093951,0,0,0,999,0,3,0,33.0,34.6,0,364.93649271655215,False
TSH_31,2024-04,66.68009499093951,0,0,0,999,0,4,0,33.0,34.6,0,364.93649271655215,False
TSH_31,2024-05,66.68009499093951,0,0,0,999,0,5,1,33.0,34.6,0,364.93649271655215,False
TSH_31,2024-06,66.68009499093951,0,0,0,999,0,6,1,33.0,34.6,0,364.93649271655215,False
TSH_31,2024-07,66.68009499093951,0,0,0,999,0,7,1,33.0,34.6,0,364.93649271655215,False
TSH_31,2024-08,66.68009499093951,0,0,0,999,0,8,1,33.0,34.6,0,364.93649271655215,False
TSH_31,2024-09,66.68009499093951,0,0,0,999,0,9,1,33.0,34.6,0,364.93649271655215,False
TSH_31,2024-10,66.68009499093951,0,0,0,999,0,10,0,33.0,34.6,0,364.93649271655215,False
TSH_31,2024-11,66.68009499093951,0,0,0,999,0,11,0,33.0,34.6,0,364.93649271655215,False
TSH_31,2024-12,66.68009499093951,0,0,0,999,0,12,0,33.0,34.6,0,364.93649271655215,False
TSH_31,2025-01,66.68009499093951,0,0,0,999,0,1,0,33.0,34.6,0,364.93649271655215,False
TSH_31,2025-02,66.68009499093951,0,0,0,999,0,2,0,33.0,34.6,0,364.93649271655215,False
TSH_31,2025-03,66.68009499093951,0,0,0,999,0,3,0,33.0,34.6,0,364.93649271655215,False
TSH_31,2025-04,66.68009499093951,0,0,0,999,0,4,0,33.0,34.6,0,364.93649271655215,False
TSH_31,2025-05,66.68009499093951,0,0,0,999,0,5,1,33.0,34.6,0,364.93649271655215,False
TSH_31,2025-06,66.68009499093951,0,0,0,999,0,6,1,33.0,34.6,0,364.93649271655215,False
TSH_31,2025-07,66.68009499093951,0,0,0,999,0,7,1,33.0,34.6,0,364.93649271655215,False
TSH_31,2025-08,66.68009499093951,0,0,0,999,0,8,1,33.0,34.6,0,364.93649271655215,False
TSH_31,2025-09,66.68009499093951,0,0,0,999,0,9,1,33.0,34.6,0,364.93649271655215,False
TSH_31,2025-10,66.68009499093951,0,0,0,999,0,10,0,33.0,34.6,0,364.93649271655215,False
TSH_31,2025-11,66.68009499093951,0,0,0,999,0,11,0,33.0,34.6,0,364.93649271655215,False
TSH_31,2025-12,66.68009499093951,0,0,0,999,0,12,0,33.0,34.6,0,364.93649271655215,False
TSH_31,2026-01,66.68009499093951,0,0,0,999,0,1,0,33.0,34.6,0,364.93649271655215,False
TSH_31,2026-02,66.68009499093951,0,0,0,999,0,2,0,33.0,34.6,0,364.93649271655215,False
TSH_31,2026-03,66.68009499093951,0,0,0,999,0,3,0,33.0,34.6,0,364.93649271655215,False
TSH_32,2019-08,29.059882776000347,0,0,0,999,0,8,1,33.0,34.6,0,1062.83980008026,False
TSH_32,2019-09,29.059882776000347,0,0,0,999,0,9,1,33.0,34.6,0,1062.83980008026,False
TSH_32,2019-10,29.059882776000347,0,0,0,999,0,10,0,33.0,34.6,0,1062.83980008026,False
TSH_32,2019-11,29.059882776000347,0,0,0,999,0,11,0,33.0,34.6,0,1062.83980008026,False
TSH_32,2019-12,29.059882776000347,0,0,0,999,0,12,0,33.0,34.6,0,1062.83980008026,False
TSH_32,2020-01,29.059882776000347,0,0,0,999,0,1,0,33.0,34.6,0,1062.83980008026,False
TSH_32,2020-02,29.059882776000347,0,0,0,999,0,2,0,33.0,34.6,0,1062.83980008026,False
TSH_32,2020-03,29.059882776000347,0,0,0,999,0,3,0,33.0,34.6,0,1062.83980008026,False
TSH_32,2020-04,29.059882776000347,0,0,0,999,0,4,0,33.0,34.6,0,1062.83980008026,False
TSH_32,2020-05,29.059882776000347,0,0,0,999,0,5,1,33.0,34.6,0,1062.83980008026,False
TSH_32,2020-06,29.059882776000347,0,0,0,999,0,6,1,33.0,34.6,0,1062.83980008026,False
TSH_32,2020-07,29.059882776000347,0,0,0,999,0,7,1,33.0,34.6,0,1062.83980008026,False
TSH_32,2020-08,29.059882776000347,0,0,0,999,0,8,1,33.0,34.6,0,1062.83980008026,False
TSH_32,2020-09,29.059882776000347,0,0,0,999,0,9,1,33.0,34.6,0,1062.83980008026,False
TSH_32,2020-10,29.059882776000347,0,0,0,999,0,10,0,33.0,34.6,0,1062.83980008026,False
TSH_32,2020-11,29.059882776000347,0,0,0,999,0,11,0,33.0,34.6,0,1062.83980008026,False
TSH_32,2020-12,29.059882776000347,0,0,0,999,0,12,0,33.0,34.6,0,1062.83980008026,False
TSH_32,2021-01,29.059882776000347,0,0,0,999,0,1,0,33.0,34.6,0,1062.83980008026,False
TSH_32,2021-02,29.059882776000347,0,0,0,999,0,2,0,33.0,34.6,0,1062.83980008026,False
TSH_32,2021-03,29.059882776000347,0,0,0,999,0,3,0,33.0,34.6,0,1062.83980008026,False
TSH_32,2021-04,29.059882776000347,0,0,0,999,0,4,0,33.0,34.6,0,1062.83980008026,False
TSH_32,2021-05,29.059882776000347,0,0,0,999,0,5,1,33.0,34.6,0,1062.83980008026,False
TSH_32,2021-06,29.059882776000347,0,0,0,999,0,6,1,33.0,34.6,0,1062.83980008026,False
TSH_32,2021-07,29.059882776000347,0,0,0,999,0,7,1,33.0,34.6,0,1062.83980008026,False
TSH_32,2021-08,29.059882776000347,0,0,0,999,0,8,1,33.0,34.6,0,1062.83980008026,False
TSH_32,2021-09,29.059882776000347,0,0,0,999,0,9,1,33.0,34.6,0,1062.83980008026,False
TSH_32,2021-10,29.059882776000347,0,0,0,999,0,10,0,33.0,34.6,0,1062.83980008026,False
TSH_32,2021-11,29.059882776000347,0,0,0,999,0,11,0,33.0,34.6,0,1062.83980008026,False
TSH_32,2021-12,29.059882776000347,0,0,0,999,0,12,0,33.0,34.6,0,1062.83980008026,False
TSH_32,2022-01,29.059882776000347,0,0,0,999,0,1,0,33.0,34.6,0,1062.83980008026,False
TSH_32,2022-02,29.059882776000347,0,0,0,999,0,2,0,33.0,34.6,0,1062.83980008026,False
TSH_32,2022-03,29.059882776000347,0,0,0,999,0,3,0,33.0,34.6,0,1062.83980008026,False
TSH_32,2022-04,29.059882776000347,0,0,0,999,0,4,0,33.0,34.6,0,1062.83980008026,False
TSH_32,2022-05,29.059882776000347,0,0,0,999,0,5,1,33.0,34.6,0,1062.83980008026,False
TSH_32,2022-06,29.059882776000347,0,0,0,999,0,6,1,33.0,34.6,0,1062.83980008026,False
TSH_32,2022-07,29.059882776000347,0,0,0,999,0,7,1,33.0,34.6,0,1062.83980008026,False
TSH_32,2022-08,29.059882776000347,0,0,0,999,0,8,1,33.0,34.6,0,1062.83980008026,False
TSH_32,2022-09,29.059882776000347,0,0,0,999,0,9,1,33.0,34.6,0,1062.83980008026,False
TSH_32,2022-10,29.059882776000347,0,0,0,999,0,10,0,33.0,34.6,0,1062.83980008026,False
TSH_32,2022-11,29.059882776000347,0,0,0,999,0,11,0,33.0,34.6,0,1062.83980008026,False
TSH_32,2022-12,29.059882776000347,0,0,0,999,0,12,0,33.0,34.6,0,1062.83980008026,False
TSH_32,2023-01,29.059882776000347,0,0,0,999,0,1,0,33.0,34.6,0,1062.83980008026,False
TSH_32,2023-02,29.059882776000347,0,0,0,999,0,2,0,33.0,34.6,0,1062.83980008026,False
TSH_32,2023-03,29.059882776000347,0,0,0,999,0,3,0,33.0,34.6,0,1062.83980008026,False
TSH_32,2023-04,29.059882776000347,0,0,0,999,0,4,0,33.0,34.6,0,1062.83980008026,False
TSH_32,2023-05,29.059882776000347,0,0,0,999,0,5,1,33.0,34.6,0,1062.83980008026,False
TSH_32,2023-06,29.059882776000347,0,0,0,999,0,6,1,33.0,34.6,0,1062.83980008026,False
TSH_32,2023-07,29.059882776000347,0,0,0,999,0,7,1,33.0,34.6,0,1062.83980008026,False
TSH_32,2023-08,29.059882776000347,0,0,0,999,0,8,1,33.0,34.6,0,1062.83980008026,False
TSH_32,2023-09,29.059882776000347,0,0,0,999,0,9,1,33.0,34.6,0,1062.83980008026,False
TSH_32,2023-10,29.059882776000347,0,0,0,999,0,10,0,33.0,34.6,0,1062.83980008026,False
TSH_32,2023-11,29.059882776000347,0,0,0,999,0,11,0,33.0,34.6,0,1062.83980008026,False
TSH_32,2023-12,29.059882776000347,0,0,0,999,0,12,0,33.0,34.6,0,1062.83980008026,False
TSH_32,2024-01,29.059882776000347,0,0,0,999,0,1,0,33.0,34.6,0,1062.83980008026,False
TSH_32,2024-02,29.059882776000347,0,0,0,999,0,2,0,33.0,34.6,0,1062.83980008026,False
TSH_32,2024-03,29.059882776000347,0,0,0,999,0,3,0,33.0,34.6,0,1062.83980008026,False
TSH_32,2024-04,29.059882776000347,0,0,0,999,0,4,0,33.0,34.6,0,1062.83980008026,False
TSH_32,2024-05,29.059882776000347,0,0,0,999,0,5,1,33.0,34.6,0,1062.83980008026,False
TSH_32,2024-06,29.059882776000347,0,0,0,999,0,6,1,33.0,34.6,0,1062.83980008026,False
TSH_32,2024-07,29.059882776000347,0,0,0,999,0,7,1,33.0,34.6,0,1062.83980008026,False
TSH_32,2024-08,29.059882776000347,0,0,0,999,0,8,1,33.0,34.6,0,1062.83980008026,False
TSH_32,2024-09,29.059882776000347,0,0,0,999,0,9,1,33.0,34.6,0,1062.83980008026,False
TSH_32,2024-10,29.059882776000347,0,0,0,999,0,10,0,33.0,34.6,0,1062.83980008026,False
TSH_32,2024-11,29.059882776000347,0,0,0,999,0,11,0,33.0,34.6,0,1062.83980008026,False
TSH_32,2024-12,29.059882776000347,0,0,0,999,0,12,0,33.0,34.6,0,1062.83980008026,False
TSH_32,2025-01,29.059882776000347,0,0,0,999,0,1,0,33.0,34.6,0,1062.83980008026,False
TSH_32,2025-02,29.059882776000347,0,0,0,999,0,2,0,33.0,34.6,0,1062.83980008026,False
TSH_32,2025-03,29.059882776000347,0,0,0,999,0,3,0,33.0,34.6,0,1062.83980008026,False
TSH_32,2025-04,29.059882776000347,0,0,0,999,0,4,0,33.0,34.6,0,1062.83980008026,False
TSH_32,2025-05,29.059882776000347,0,0,0,999,0,5,1,33.0,34.6,0,1062.83980008026,False
TSH_32,2025-06,29.059882776000347,0,0,0,999,0,6,1,33.0,34.6,0,1062.83980008026,False
TSH_32,2025-07,29.059882776000347,0,0,0,999,0,7,1,33.0,34.6,0,1062.83980008026,False
TSH_32,2025-08,29.059882776000347,0,0,0,999,0,8,1,33.0,34.6,0,1062.83980008026,False
TSH_32,2025-09,29.059882776000347,0,0,0,999,0,9,1,33.0,34.6,0,1062.83980008026,False
TSH_32,2025-10,29.059882776000347,0,0,0,999,0,10,0,33.0,34.6,0,1062.83980008026,False
TSH_32,2025-11,29.059882776000347,0,0,0,999,0,11,0,33.0,34.6,0,1062.83980008026,False
TSH_32,2025-12,29.059882776000347,0,0,0,999,0,12,0,33.0,34.6,0,1062.83980008026,False
TSH_32,2026-01,29.059882776000347,0,0,0,999,0,1,0,33.0,34.6,0,1062.83980008026,False
TSH_32,2026-02,29.059882776000347,0,0,0,999,0,2,0,33.0,34.6,0,1062.83980008026,False
TSH_32,2026-03,29.059882776000347,0,0,0,999,0,3,0,33.0,34.6,0,1062.83980008026,False
TSH_33,2019-08,8.46978290162518,0,0,0,999,0,8,1,33.0,73.3,0,2006.308803586853,False
TSH_33,2019-09,8.46978290162518,0,0,0,999,0,9,1,33.0,73.3,0,2006.308803586853,False
TSH_33,2019-10,8.46978290162518,0,0,0,999,0,10,0,33.0,73.3,0,2006.308803586853,False
TSH_33,2019-11,8.46978290162518,0,0,0,999,0,11,0,33.0,73.3,0,2006.308803586853,False
TSH_33,2019-12,8.46978290162518,0,0,0,999,0,12,0,33.0,73.3,0,2006.308803586853,False
TSH_33,2020-01,8.46978290162518,0,0,0,999,0,1,0,33.0,73.3,0,2006.308803586853,False
TSH_33,2020-02,8.46978290162518,0,0,0,999,0,2,0,33.0,73.3,0,2006.308803586853,False
TSH_33,2020-03,8.46978290162518,0,0,0,999,0,3,0,33.0,73.3,0,2006.308803586853,False
TSH_33,2020-04,8.46978290162518,0,0,0,999,0,4,0,33.0,73.3,0,2006.308803586853,False
TSH_33,2020-05,8.46978290162518,0,0,0,999,0,5,1,33.0,73.3,0,2006.308803586853,False
TSH_33,2020-06,8.46978290162518,0,0,0,999,0,6,1,33.0,73.3,0,2006.308803586853,False
TSH_33,2020-07,8.46978290162518,0,0,0,999,0,7,1,33.0,73.3,0,2006.308803586853,False
TSH_33,2020-08,8.46978290162518,0,0,0,999,0,8,1,33.0,73.3,0,2006.308803586853,False
TSH_33,2020-09,8.46978290162518,0,0,0,999,0,9,1,33.0,73.3,0,2006.308803586853,False
TSH_33,2020-10,8.46978290162518,0,0,0,999,0,10,0,33.0,73.3,0,2006.308803586853,False
TSH_33,2020-11,8.46978290162518,0,0,0,999,0,11,0,33.0,73.3,0,2006.308803586853,False
TSH_33,2020-12,8.46978290162518,0,0,0,999,0,12,0,33.0,73.3,0,2006.308803586853,False
TSH_33,2021-01,8.46978290162518,0,0,0,999,0,1,0,33.0,73.3,0,2006.308803586853,False
TSH_33,2021-02,8.46978290162518,0,0,0,999,0,2,0,33.0,73.3,0,2006.308803586853,False
TSH_33,2021-03,8.46978290162518,0,0,0,999,0,3,0,33.0,73.3,0,2006.308803586853,False
TSH_33,2021-04,8.46978290162518,0,0,0,999,0,4,0,33.0,73.3,0,2006.308803586853,False
TSH_33,2021-05,8.46978290162518,0,0,0,999,0,5,1,33.0,73.3,0,2006.308803586853,False
TSH_33,2021-06,8.46978290162518,0,0,0,999,0,6,1,33.0,73.3,0,2006.308803586853,False
TSH_33,2021-07,8.46978290162518,0,0,0,999,0,7,1,33.0,73.3,0,2006.308803586853,False
TSH_33,2021-08,8.46978290162518,0,0,0,999,0,8,1,33.0,73.3,0,2006.308803586853,False
TSH_33,2021-09,8.46978290162518,0,0,0,999,0,9,1,33.0,73.3,0,2006.308803586853,False
TSH_33,2021-10,8.46978290162518,0,0,0,999,0,10,0,33.0,73.3,0,2006.308803586853,False
TSH_33,2021-11,8.46978290162518,0,0,0,999,0,11,0,33.0,73.3,0,2006.308803586853,False
TSH_33,2021-12,8.46978290162518,0,0,0,999,0,12,0,33.0,73.3,0,2006.308803586853,False
TSH_33,2022-01,8.46978290162518,0,0,0,999,0,1,0,33.0,73.3,0,2006.308803586853,False
TSH_33,2022-02,8.46978290162518,0,0,0,999,0,2,0,33.0,73.3,0,2006.308803586853,False
TSH_33,2022-03,8.46978290162518,0,0,0,999,0,3,0,33.0,73.3,0,2006.308803586853,False
TSH_33,2022-04,8.46978290162518,0,0,0,999,0,4,0,33.0,73.3,0,2006.308803586853,False
TSH_33,2022-05,8.46978290162518,0,0,0,999,0,5,1,33.0,73.3,0,2006.308803586853,False
TSH_33,2022-06,8.46978290162518,0,0,0,999,0,6,1,33.0,73.3,0,2006.308803586853,False
TSH_33,2022-07,8.46978290162518,0,0,0,999,0,7,1,33.0,73.3,0,2006.308803586853,False
TSH_33,2022-08,8.46978290162518,0,0,0,999,0,8,1,33.0,73.3,0,2006.308803586853,False
TSH_33,2022-09,8.46978290162518,0,0,0,999,0,9,1,33.0,73.3,0,2006.308803586853,False
TSH_33,2022-10,8.46978290162518,0,0,0,999,0,10,0,33.0,73.3,0,2006.308803586853,False
TSH_33,2022-11,8.46978290162518,0,0,0,999,0,11,0,33.0,73.3,0,2006.308803586853,False
TSH_33,2022-12,8.46978290162518,0,0,0,999,0,12,0,33.0,73.3,0,2006.308803586853,False
TSH_33,2023-01,8.46978290162518,0,0,0,999,0,1,0,33.0,73.3,0,2006.308803586853,False
TSH_33,2023-02,8.46978290162518,0,0,0,999,0,2,0,33.0,73.3,0,2006.308803586853,False
TSH_33,2023-03,8.46978290162518,0,0,0,999,0,3,0,33.0,73.3,0,2006.308803586853,False
TSH_33,2023-04,8.46978290162518,0,0,0,999,0,4,0,33.0,73.3,0,2006.308803586853,False
TSH_33,2023-05,8.46978290162518,0,0,0,999,0,5,1,33.0,73.3,0,2006.308803586853,False
TSH_33,2023-06,8.46978290162518,0,0,0,999,0,6,1,33.0,73.3,0,2006.308803586853,False
TSH_33,2023-07,8.46978290162518,0,0,0,999,0,7,1,33.0,73.3,0,2006.308803586853,False
TSH_33,2023-08,8.46978290162518,0,0,0,999,0,8,1,33.0,73.3,0,2006.308803586853,False
TSH_33,2023-09,8.46978290162518,0,0,0,999,0,9,1,33.0,73.3,0,2006.308803586853,False
TSH_33,2023-10,8.46978290162518,0,0,0,999,0,10,0,33.0,73.3,0,2006.308803586853,False
TSH_33,2023-11,8.46978290162518,0,0,0,999,0,11,0,33.0,73.3,0,2006.308803586853,False
TSH_33,2023-12,8.46978290162518,0,0,0,999,0,12,0,33.0,73.3,0,2006.308803586853,False
TSH_33,2024-01,8.46978290162518,0,0,0,999,0,1,0,33.0,73.3,0,2006.308803586853,False
TSH_33,2024-02,8.46978290162518,0,0,0,999,0,2,0,33.0,73.3,0,2006.308803586853,False
TSH_33,2024-03,8.46978290162518,0,0,0,999,0,3,0,33.0,73.3,0,2006.308803586853,False
TSH_33,2024-04,8.46978290162518,0,0,0,999,0,4,0,33.0,73.3,0,2006.308803586853,False
TSH_33,2024-05,8.46978290162518,0,0,0,999,0,5,1,33.0,73.3,0,2006.308803586853,False
TSH_33,2024-06,8.46978290162518,0,0,0,999,0,6,1,33.0,73.3,0,2006.308803586853,False
TSH_33,2024-07,8.46978290162518,0,0,0,999,0,7,1,33.0,73.3,0,2006.308803586853,False
TSH_33,2024-08,8.46978290162518,0,0,0,999,0,8,1,33.0,73.3,0,2006.308803586853,False
TSH_33,2024-09,8.46978290162518,0,0,0,999,0,9,1,33.0,73.3,0,2006.308803586853,False
TSH_33,2024-10,8.46978290162518,0,0,0,999,0,10,0,33.0,73.3,0,2006.308803586853,False
TSH_33,2024-11,8.46978290162518,0,0,0,999,0,11,0,33.0,73.3,0,2006.308803586853,False
TSH_33,2024-12,8.46978290162518,0,0,0,999,0,12,0,33.0,73.3,0,2006.308803586853,False
TSH_33,2025-01,8.46978290162518,0,0,0,999,0,1,0,33.0,73.3,0,2006.308803586853,False
TSH_33,2025-02,8.46978290162518,0,0,0,999,0,2,0,33.0,73.3,0,2006.308803586853,False
TSH_33,2025-03,8.46978290162518,0,0,0,999,0,3,0,33.0,73.3,0,2006.308803586853,False
TSH_33,2025-04,8.46978290162518,0,0,0,999,0,4,0,33.0,73.3,0,2006.308803586853,False
TSH_33,2025-05,8.46978290162518,0,0,0,999,0,5,1,33.0,73.3,0,2006.308803586853,False
TSH_33,2025-06,8.46978290162518,0,0,0,999,0,6,1,33.0,73.3,0,2006.308803586853,False
TSH_33,2025-07,8.46978290162518,0,0,0,999,0,7,1,33.0,73.3,0,2006.308803586853,False
TSH_33,2025-08,8.46978290162518,0,0,0,999,0,8,1,33.0,73.3,0,2006.308803586853,False
TSH_33,2025-09,8.46978290162518,0,0,0,999,0,9,1,33.0,73.3,0,2006.308803586853,False
TSH_33,2025-10,8.46978290162518,0,0,0,999,0,10,0,33.0,73.3,0,2006.308803586853,False
TSH_33,2025-11,8.46978290162518,0,0,0,999,0,11,0,33.0,73.3,0,2006.308803586853,False
TSH_33,2025-12,8.46978290162518,0,0,0,999,0,12,0,33.0,73.3,0,2006.308803586853,False
TSH_33,2026-01,8.46978290162518,0,0,0,999,0,1,0,33.0,73.3,0,2006.308803586853,False
TSH_33,2026-02,8.46978290162518,0,0,0,999,0,2,0,33.0,73.3,0,2006.308803586853,False
TSH_33,2026-03,8.46978290162518,0,0,0,999,0,3,0,33.0,73.3,0,2006.308803586853,False
TSH_34,2019-08,3.526909374731836,0,0,0,999,0,8,1,33.0,73.3,0,6280.002587728546,False
TSH_34,2019-09,3.526909374731836,0,0,0,999,0,9,1,33.0,73.3,0,6280.002587728546,False
TSH_34,2019-10,3.526909374731836,0,0,0,999,0,10,0,33.0,73.3,0,6280.002587728546,False
TSH_34,2019-11,3.526909374731836,0,0,0,999,0,11,0,33.0,73.3,0,6280.002587728546,False
TSH_34,2019-12,3.526909374731836,0,0,0,999,0,12,0,33.0,73.3,0,6280.002587728546,False
TSH_34,2020-01,3.526909374731836,0,0,0,999,0,1,0,33.0,73.3,0,6280.002587728546,False
TSH_34,2020-02,3.526909374731836,0,0,0,999,0,2,0,33.0,73.3,0,6280.002587728546,False
TSH_34,2020-03,3.526909374731836,0,0,0,999,0,3,0,33.0,73.3,0,6280.002587728546,False
TSH_34,2020-04,3.526909374731836,0,0,0,999,0,4,0,33.0,73.3,0,6280.002587728546,False
TSH_34,2020-05,3.526909374731836,0,0,0,999,0,5,1,33.0,73.3,0,6280.002587728546,False
TSH_34,2020-06,3.526909374731836,0,0,0,999,0,6,1,33.0,73.3,0,6280.002587728546,False
TSH_34,2020-07,3.526909374731836,0,0,0,999,0,7,1,33.0,73.3,0,6280.002587728546,False
TSH_34,2020-08,3.526909374731836,0,0,0,999,0,8,1,33.0,73.3,0,6280.002587728546,False
TSH_34,2020-09,3.526909374731836,0,0,0,999,0,9,1,33.0,73.3,0,6280.002587728546,False
TSH_34,2020-10,3.526909374731836,0,0,0,999,0,10,0,33.0,73.3,0,6280.002587728546,False
TSH_34,2020-11,3.526909374731836,0,0,0,999,0,11,0,33.0,73.3,0,6280.002587728546,False
TSH_34,2020-12,3.526909374731836,0,0,0,999,0,12,0,33.0,73.3,0,6280.002587728546,False
TSH_34,2021-01,3.526909374731836,0,0,0,999,0,1,0,33.0,73.3,0,6280.002587728546,False
TSH_34,2021-02,3.526909374731836,0,0,0,999,0,2,0,33.0,73.3,0,6280.002587728546,False
TSH_34,2021-03,3.526909374731836,0,0,0,999,0,3,0,33.0,73.3,0,6280.002587728546,False
TSH_34,2021-04,3.526909374731836,0,0,0,999,0,4,0,33.0,73.3,0,6280.002587728546,False
TSH_34,2021-05,3.526909374731836,0,0,0,999,0,5,1,33.0,73.3,0,6280.002587728546,False
TSH_34,2021-06,3.526909374731836,0,0,0,999,0,6,1,33.0,73.3,0,6280.002587728546,False
TSH_34,2021-07,3.526909374731836,0,0,0,999,0,7,1,33.0,73.3,0,6280.002587728546,False
TSH_34,2021-08,3.526909374731836,0,0,0,999,0,8,1,33.0,73.3,0,6280.002587728546,False
TSH_34,2021-09,3.526909374731836,0,0,0,999,0,9,1,33.0,73.3,0,6280.002587728546,False
TSH_34,2021-10,3.526909374731836,0,0,0,999,0,10,0,33.0,73.3,0,6280.002587728546,False
TSH_34,2021-11,3.526909374731836,0,0,0,999,0,11,0,33.0,73.3,0,6280.002587728546,False
TSH_34,2021-12,3.526909374731836,0,0,0,999,0,12,0,33.0,73.3,0,6280.002587728546,False
TSH_34,2022-01,3.526909374731836,0,0,0,999,0,1,0,33.0,73.3,0,6280.002587728546,False
TSH_34,2022-02,3.526909374731836,0,0,0,999,0,2,0,33.0,73.3,0,6280.002587728546,False
TSH_34,2022-03,3.526909374731836,0,0,0,999,0,3,0,33.0,73.3,0,6280.002587728546,False
TSH_34,2022-04,3.526909374731836,0,0,0,999,0,4,0,33.0,73.3,0,6280.002587728546,False
TSH_34,2022-05,3.526909374731836,0,0,0,999,0,5,1,33.0,73.3,0,6280.002587728546,False
TSH_34,2022-06,3.526909374731836,0,0,0,999,0,6,1,33.0,73.3,0,6280.002587728546,False
TSH_34,2022-07,3.526909374731836,0,0,0,999,0,7,1,33.0,73.3,0,6280.002587728546,False
TSH_34,2022-08,3.526909374731836,0,0,0,999,0,8,1,33.0,73.3,0,6280.002587728546,False
TSH_34,2022-09,3.526909374731836,0,0,0,999,0,9,1,33.0,73.3,0,6280.002587728546,False
TSH_34,2022-10,3.526909374731836,0,0,0,999,0,10,0,33.0,73.3,0,6280.002587728546,False
TSH_34,2022-11,3.526909374731836,0,0,0,999,0,11,0,33.0,73.3,0,6280.002587728546,False
TSH_34,2022-12,3.526909374731836,0,0,0,999,0,12,0,33.0,73.3,0,6280.002587728546,False
TSH_34,2023-01,3.526909374731836,0,0,0,999,0,1,0,33.0,73.3,0,6280.002587728546,False
TSH_34,2023-02,3.526909374731836,0,0,0,999,0,2,0,33.0,73.3,0,6280.002587728546,False
TSH_34,2023-03,3.526909374731836,0,0,0,999,0,3,0,33.0,73.3,0,6280.002587728546,False
TSH_34,2023-04,3.526909374731836,0,0,0,999,0,4,0,33.0,73.3,0,6280.002587728546,False
TSH_34,2023-05,3.526909374731836,0,0,0,999,0,5,1,33.0,73.3,0,6280.002587728546,False
TSH_34,2023-06,3.526909374731836,0,0,0,999,0,6,1,33.0,73.3,0,6280.002587728546,False
TSH_34,2023-07,3.526909374731836,0,0,0,999,0,7,1,33.0,73.3,0,6280.002587728546,False
TSH_34,2023-08,3.526909374731836,0,0,0,999,0,8,1,33.0,73.3,0,6280.002587728546,False
TSH_34,2023-09,3.526909374731836,0,0,0,999,0,9,1,33.0,73.3,0,6280.002587728546,False
TSH_34,2023-10,3.526909374731836,0,0,0,999,0,10,0,33.0,73.3,0,6280.002587728546,False
TSH_34,2023-11,3.526909374731836,0,0,0,999,0,11,0,33.0,73.3,0,6280.002587728546,False
TSH_34,2023-12,3.526909374731836,0,0,0,999,0,12,0,33.0,73.3,0,6280.002587728546,False
TSH_34,2024-01,3.526909374731836,0,0,0,999,0,1,0,33.0,73.3,0,6280.002587728546,False
TSH_34,2024-02,3.526909374731836,0,0,0,999,0,2,0,33.0,73.3,0,6280.002587728546,False
TSH_34,2024-03,3.526909374731836,0,0,0,999,0,3,0,33.0,73.3,0,6280.002587728546,False
TSH_34,2024-04,3.526909374731836,0,0,0,999,0,4,0,33.0,73.3,0,6280.002587728546,False
TSH_34,2024-05,3.526909374731836,0,0,0,999,0,5,1,33.0,73.3,0,6280.002587728546,False
TSH_34,2024-06,3.526909374731836,0,0,0,999,0,6,1,33.0,73.3,0,6280.002587728546,False
TSH_34,2024-07,3.526909374731836,0,0,0,999,0,7,1,33.0,73.3,0,6280.002587728546,False
TSH_34,2024-08,3.526909374731836,0,0,0,999,0,8,1,33.0,73.3,0,6280.002587728546,False
TSH_34,2024-09,3.526909374731836,0,0,0,999,0,9,1,33.0,73.3,0,6280.002587728546,False
TSH_34,2024-10,3.526909374731836,0,0,0,999,0,10,0,33.0,73.3,0,6280.002587728546,False
TSH_34,2024-11,3.526909374731836,0,0,0,999,0,11,0,33.0,73.3,0,6280.002587728546,False
TSH_34,2024-12,3.526909374731836,0,0,0,999,0,12,0,33.0,73.3,0,6280.002587728546,False
TSH_34,2025-01,3.526909374731836,0,0,0,999,0,1,0,33.0,73.3,0,6280.002587728546,False
TSH_34,2025-02,3.526909374731836,0,0,0,999,0,2,0,33.0,73.3,0,6280.002587728546,False
TSH_34,2025-03,3.526909374731836,0,0,0,999,0,3,0,33.0,73.3,0,6280.002587728546,False
TSH_34,2025-04,3.526909374731836,0,0,0,999,0,4,0,33.0,73.3,0,6280.002587728546,False
TSH_34,2025-05,3.526909374731836,0,0,0,999,0,5,1,33.0,73.3,0,6280.002587728546,False
TSH_34,2025-06,3.526909374731836,0,0,0,999,0,6,1,33.0,73.3,0,6280.002587728546,False
TSH_34,2025-07,3.526909374731836,0,0,0,999,0,7,1,33.0,73.3,0,6280.002587728546,False
TSH_34,2025-08,3.526909374731836,0,0,0,999,0,8,1,33.0,73.3,0,6280.002587728546,False
TSH_34,2025-09,3.526909374731836,0,0,0,999,0,9,1,33.0,73.3,0,6280.002587728546,False
TSH_34,2025-10,3.526909374731836,0,0,0,999,0,10,0,33.0,73.3,0,6280.002587728546,False
TSH_34,2025-11,3.526909374731836,0,0,0,999,0,11,0,33.0,73.3,0,6280.002587728546,False
TSH_34,2025-12,3.526909374731836,0,0,0,999,0,12,0,33.0,73.3,0,6280.002587728546,False
TSH_34,2026-01,3.526909374731836,0,0,0,999,0,1,0,33.0,73.3,0,6280.002587728546,False
TSH_34,2026-02,3.526909374731836,0,0,0,999,0,2,0,33.0,73.3,0,6280.002587728546,False
TSH_34,2026-03,3.526909374731836,0,0,0,999,0,3,0,33.0,73.3,0,6280.002587728546,False
TSH_35,2019-08,6.790840294304015,0,0,0,999,0,8,1,33.0,73.3,0,2627.215370528531,False
TSH_35,2019-09,6.790840294304015,0,0,0,999,0,9,1,33.0,73.3,0,2627.215370528531,False
TSH_35,2019-10,6.790840294304015,0,0,0,999,0,10,0,33.0,73.3,0,2627.215370528531,False
TSH_35,2019-11,6.790840294304015,0,0,0,999,0,11,0,33.0,73.3,0,2627.215370528531,False
TSH_35,2019-12,6.790840294304015,0,0,0,999,0,12,0,33.0,73.3,0,2627.215370528531,False
TSH_35,2020-01,6.790840294304015,0,0,0,999,0,1,0,33.0,73.3,0,2627.215370528531,False
TSH_35,2020-02,6.790840294304015,0,0,0,999,0,2,0,33.0,73.3,0,2627.215370528531,False
TSH_35,2020-03,6.790840294304015,0,0,0,999,0,3,0,33.0,73.3,0,2627.215370528531,False
TSH_35,2020-04,6.790840294304015,0,0,0,999,0,4,0,33.0,73.3,0,2627.215370528531,False
TSH_35,2020-05,6.790840294304015,0,0,0,999,0,5,1,33.0,73.3,0,2627.215370528531,False
TSH_35,2020-06,6.790840294304015,0,0,0,999,0,6,1,33.0,73.3,0,2627.215370528531,False
TSH_35,2020-07,6.790840294304015,0,0,0,999,0,7,1,33.0,73.3,0,2627.215370528531,False
TSH_35,2020-08,6.790840294304015,0,0,0,999,0,8,1,33.0,73.3,0,2627.215370528531,False
TSH_35,2020-09,6.790840294304015,0,0,0,999,0,9,1,33.0,73.3,0,2627.215370528531,False
TSH_35,2020-10,6.790840294304015,0,0,0,999,0,10,0,33.0,73.3,0,2627.215370528531,False
TSH_35,2020-11,6.790840294304015,0,0,0,999,0,11,0,33.0,73.3,0,2627.215370528531,False
TSH_35,2020-12,6.790840294304015,0,0,0,999,0,12,0,33.0,73.3,0,2627.215370528531,False
TSH_35,2021-01,6.790840294304015,0,0,0,999,0,1,0,33.0,73.3,0,2627.215370528531,False
TSH_35,2021-02,6.790840294304015,0,0,0,999,0,2,0,33.0,73.3,0,2627.215370528531,False
TSH_35,2021-03,6.790840294304015,0,0,0,999,0,3,0,33.0,73.3,0,2627.215370528531,False
TSH_35,2021-04,6.790840294304015,0,0,0,999,0,4,0,33.0,73.3,0,2627.215370528531,False
TSH_35,2021-05,6.790840294304015,0,0,0,999,0,5,1,33.0,73.3,0,2627.215370528531,False
TSH_35,2021-06,6.790840294304015,0,0,0,999,0,6,1,33.0,73.3,0,2627.215370528531,False
TSH_35,2021-07,6.790840294304015,0,0,0,999,0,7,1,33.0,73.3,0,2627.215370528531,False
TSH_35,2021-08,6.790840294304015,0,0,0,999,0,8,1,33.0,73.3,0,2627.215370528531,False
TSH_35,2021-09,6.790840294304015,0,0,0,999,0,9,1,33.0,73.3,0,2627.215370528531,False
TSH_35,2021-10,6.790840294304015,0,0,0,999,0,10,0,33.0,73.3,0,2627.215370528531,False
TSH_35,2021-11,6.790840294304015,0,0,0,999,0,11,0,33.0,73.3,0,2627.215370528531,False
TSH_35,2021-12,6.790840294304015,0,0,0,999,0,12,0,33.0,73.3,0,2627.215370528531,False
TSH_35,2022-01,6.790840294304015,0,0,0,999,0,1,0,33.0,73.3,0,2627.215370528531,False
TSH_35,2022-02,6.790840294304015,0,0,0,999,0,2,0,33.0,73.3,0,2627.215370528531,False
TSH_35,2022-03,6.790840294304015,0,0,0,999,0,3,0,33.0,73.3,0,2627.215370528531,False
TSH_35,2022-04,6.790840294304015,0,0,0,999,0,4,0,33.0,73.3,0,2627.215370528531,False
TSH_35,2022-05,6.790840294304015,0,0,0,999,0,5,1,33.0,73.3,0,2627.215370528531,False
TSH_35,2022-06,6.790840294304015,0,0,0,999,0,6,1,33.0,73.3,0,2627.215370528531,False
TSH_35,2022-07,6.790840294304015,0,0,0,999,0,7,1,33.0,73.3,0,2627.215370528531,False
TSH_35,2022-08,6.790840294304015,0,0,0,999,0,8,1,33.0,73.3,0,2627.215370528531,False
TSH_35,2022-09,6.790840294304015,0,0,0,999,0,9,1,33.0,73.3,0,2627.215370528531,False
TSH_35,2022-10,6.790840294304015,0,0,0,999,0,10,0,33.0,73.3,0,2627.215370528531,False
TSH_35,2022-11,6.790840294304015,0,0,0,999,0,11,0,33.0,73.3,0,2627.215370528531,False
TSH_35,2022-12,6.790840294304015,0,0,0,999,0,12,0,33.0,73.3,0,2627.215370528531,False
TSH_35,2023-01,6.790840294304015,0,0,0,999,0,1,0,33.0,73.3,0,2627.215370528531,False
TSH_35,2023-02,6.790840294304015,0,0,0,999,0,2,0,33.0,73.3,0,2627.215370528531,False
TSH_35,2023-03,6.790840294304015,0,0,0,999,0,3,0,33.0,73.3,0,2627.215370528531,False
TSH_35,2023-04,6.790840294304015,0,0,0,999,0,4,0,33.0,73.3,0,2627.215370528531,False
TSH_35,2023-05,6.790840294304015,0,0,0,999,0,5,1,33.0,73.3,0,2627.215370528531,False
TSH_35,2023-06,6.790840294304015,0,0,0,999,0,6,1,33.0,73.3,0,2627.215370528531,False
TSH_35,2023-07,6.790840294304015,0,0,0,999,0,7,1,33.0,73.3,0,2627.215370528531,False
TSH_35,2023-08,6.790840294304015,0,0,0,999,0,8,1,33.0,73.3,0,2627.215370528531,False
TSH_35,2023-09,6.790840294304015,0,0,0,999,0,9,1,33.0,73.3,0,2627.215370528531,False
TSH_35,2023-10,6.790840294304015,0,0,0,999,0,10,0,33.0,73.3,0,2627.215370528531,False
TSH_35,2023-11,6.790840294304015,0,0,0,999,0,11,0,33.0,73.3,0,2627.215370528531,False
TSH_35,2023-12,6.790840294304015,0,0,0,999,0,12,0,33.0,73.3,0,2627.215370528531,False
TSH_35,2024-01,6.790840294304015,0,0,0,999,0,1,0,33.0,73.3,0,2627.215370528531,False
TSH_35,2024-02,6.790840294304015,0,0,0,999,0,2,0,33.0,73.3,0,2627.215370528531,False
TSH_35,2024-03,6.790840294304015,0,0,0,999,0,3,0,33.0,73.3,0,2627.215370528531,False
TSH_35,2024-04,6.790840294304015,0,0,0,999,0,4,0,33.0,73.3,0,2627.215370528531,False
TSH_35,2024-05,6.790840294304015,0,0,0,999,0,5,1,33.0,73.3,0,2627.215370528531,False
TSH_35,2024-06,6.790840294304015,0,0,0,999,0,6,1,33.0,73.3,0,2627.215370528531,False
TSH_35,2024-07,6.790840294304015,0,0,0,999,0,7,1,33.0,73.3,0,2627.215370528531,False
TSH_35,2024-08,6.790840294304015,0,0,0,999,0,8,1,33.0,73.3,0,2627.215370528531,False
TSH_35,2024-09,6.790840294304015,0,0,0,999,0,9,1,33.0,73.3,0,2627.215370528531,False
TSH_35,2024-10,6.790840294304015,0,0,0,999,0,10,0,33.0,73.3,0,2627.215370528531,False
TSH_35,2024-11,6.790840294304015,0,0,0,999,0,11,0,33.0,73.3,0,2627.215370528531,False
TSH_35,2024-12,6.790840294304015,0,0,0,999,0,12,0,33.0,73.3,0,2627.215370528531,False
TSH_35,2025-01,6.790840294304015,0,0,0,999,0,1,0,33.0,73.3,0,2627.215370528531,False
TSH_35,2025-02,6.790840294304015,0,0,0,999,0,2,0,33.0,73.3,0,2627.215370528531,False
TSH_35,2025-03,6.790840294304015,0,0,0,999,0,3,0,33.0,73.3,0,2627.215370528531,False
TSH_35,2025-04,6.790840294304015,0,0,0,999,0,4,0,33.0,73.3,0,2627.215370528531,False
TSH_35,2025-05,6.790840294304015,0,0,0,999,0,5,1,33.0,73.3,0,2627.215370528531,False
TSH_35,2025-06,6.790840294304015,0,0,0,999,0,6,1,33.0,73.3,0,2627.215370528531,False
TSH_35,2025-07,6.790840294304015,0,0,0,999,0,7,1,33.0,73.3,0,2627.215370528531,False
TSH_35,2025-08,6.790840294304015,0,0,0,999,0,8,1,33.0,73.3,0,2627.215370528531,False
TSH_35,2025-09,6.790840294304015,0,0,0,999,0,9,1,33.0,73.3,0,2627.215370528531,False
TSH_35,2025-10,6.790840294304015,0,0,0,999,0,10,0,33.0,73.3,0,2627.215370528531,False
TSH_35,2025-11,6.790840294304015,0,0,0,999,0,11,0,33.0,73.3,0,2627.215370528531,False
TSH_35,2025-12,6.790840294304015,0,0,0,999,0,12,0,33.0,73.3,0,2627.215370528531,False
TSH_35,2026-01,6.790840294304015,0,0,0,999,0,1,0,33.0,73.3,0,2627.215370528531,False
TSH_35,2026-02,6.790840294304015,0,0,0,999,0,2,0,33.0,73.3,0,2627.215370528531,False
TSH_35,2026-03,6.790840294304015,0,0,0,999,0,3,0,33.0,73.3,0,2627.215370528531,False
TSH_36,2019-08,10.93798039294446,0,0,0,999,0,8,1,33.0,27.5,0,2071.771861523675,False
TSH_36,2019-09,10.93798039294446,0,0,0,999,0,9,1,33.0,27.5,0,2071.771861523675,False
TSH_36,2019-10,10.93798039294446,0,0,0,999,0,10,0,33.0,27.5,0,2071.771861523675,False
TSH_36,2019-11,10.93798039294446,0,0,0,999,0,11,0,33.0,27.5,0,2071.771861523675,False
TSH_36,2019-12,10.93798039294446,0,0,0,999,0,12,0,33.0,27.5,0,2071.771861523675,False
TSH_36,2020-01,10.93798039294446,0,0,0,999,0,1,0,33.0,27.5,0,2071.771861523675,False
TSH_36,2020-02,10.93798039294446,0,0,0,999,0,2,0,33.0,27.5,0,2071.771861523675,False
TSH_36,2020-03,10.93798039294446,0,0,0,999,0,3,0,33.0,27.5,0,2071.771861523675,False
TSH_36,2020-04,10.93798039294446,0,0,0,999,0,4,0,33.0,27.5,0,2071.771861523675,False
TSH_36,2020-05,10.93798039294446,0,0,0,999,0,5,1,33.0,27.5,0,2071.771861523675,False
TSH_36,2020-06,10.93798039294446,0,0,0,999,0,6,1,33.0,27.5,0,2071.771861523675,False
TSH_36,2020-07,10.93798039294446,0,0,0,999,0,7,1,33.0,27.5,0,2071.771861523675,False
TSH_36,2020-08,10.93798039294446,0,0,0,999,0,8,1,33.0,27.5,0,2071.771861523675,False
TSH_36,2020-09,10.93798039294446,0,0,0,999,0,9,1,33.0,27.5,0,2071.771861523675,False
TSH_36,2020-10,10.93798039294446,0,0,0,999,0,10,0,33.0,27.5,0,2071.771861523675,False
TSH_36,2020-11,10.93798039294446,0,0,0,999,0,11,0,33.0,27.5,0,2071.771861523675,False
TSH_36,2020-12,10.93798039294446,0,0,0,999,0,12,0,33.0,27.5,0,2071.771861523675,False
TSH_36,2021-01,10.93798039294446,0,0,0,999,0,1,0,33.0,27.5,0,2071.771861523675,False
TSH_36,2021-02,10.93798039294446,0,0,0,999,0,2,0,33.0,27.5,0,2071.771861523675,False
TSH_36,2021-03,10.93798039294446,0,0,0,999,0,3,0,33.0,27.5,0,2071.771861523675,False
TSH_36,2021-04,10.93798039294446,0,0,0,999,0,4,0,33.0,27.5,0,2071.771861523675,False
TSH_36,2021-05,10.93798039294446,0,0,0,999,0,5,1,33.0,27.5,0,2071.771861523675,False
TSH_36,2021-06,10.93798039294446,0,0,0,999,0,6,1,33.0,27.5,0,2071.771861523675,False
TSH_36,2021-07,10.93798039294446,0,0,0,999,0,7,1,33.0,27.5,0,2071.771861523675,False
TSH_36,2021-08,10.93798039294446,0,0,0,999,0,8,1,33.0,27.5,0,2071.771861523675,False
TSH_36,2021-09,10.93798039294446,0,0,0,999,0,9,1,33.0,27.5,0,2071.771861523675,False
TSH_36,2021-10,10.93798039294446,0,0,0,999,0,10,0,33.0,27.5,0,2071.771861523675,False
TSH_36,2021-11,10.93798039294446,0,0,0,999,0,11,0,33.0,27.5,0,2071.771861523675,False
TSH_36,2021-12,10.93798039294446,0,0,0,999,0,12,0,33.0,27.5,0,2071.771861523675,False
TSH_36,2022-01,10.93798039294446,0,0,0,999,0,1,0,33.0,27.5,0,2071.771861523675,False
TSH_36,2022-02,10.93798039294446,0,0,0,999,0,2,0,33.0,27.5,0,2071.771861523675,False
TSH_36,2022-03,10.93798039294446,0,0,0,999,0,3,0,33.0,27.5,0,2071.771861523675,False
TSH_36,2022-04,10.93798039294446,0,0,0,999,0,4,0,33.0,27.5,0,2071.771861523675,False
TSH_36,2022-05,10.93798039294446,0,0,0,999,0,5,1,33.0,27.5,0,2071.771861523675,False
TSH_36,2022-06,10.93798039294446,0,0,0,999,0,6,1,33.0,27.5,0,2071.771861523675,False
TSH_36,2022-07,10.93798039294446,0,0,0,999,0,7,1,33.0,27.5,0,2071.771861523675,False
TSH_36,2022-08,10.93798039294446,0,0,0,999,0,8,1,33.0,27.5,0,2071.771861523675,False
TSH_36,2022-09,10.93798039294446,0,0,0,999,0,9,1,33.0,27.5,0,2071.771861523675,False
TSH_36,2022-10,10.93798039294446,0,0,0,999,0,10,0,33.0,27.5,0,2071.771861523675,False
TSH_36,2022-11,10.93798039294446,0,0,0,999,0,11,0,33.0,27.5,0,2071.771861523675,False
TSH_36,2022-12,10.93798039294446,0,0,0,999,0,12,0,33.0,27.5,0,2071.771861523675,False
TSH_36,2023-01,10.93798039294446,0,0,0,999,0,1,0,33.0,27.5,0,2071.771861523675,False
TSH_36,2023-02,10.93798039294446,0,0,0,999,0,2,0,33.0,27.5,0,2071.771861523675,False
TSH_36,2023-03,10.93798039294446,0,0,0,999,0,3,0,33.0,27.5,0,2071.771861523675,False
TSH_36,2023-04,10.93798039294446,0,0,0,999,0,4,0,33.0,27.5,0,2071.771861523675,False
TSH_36,2023-05,10.93798039294446,0,0,0,999,0,5,1,33.0,27.5,0,2071.771861523675,False
TSH_36,2023-06,10.93798039294446,0,0,0,999,0,6,1,33.0,27.5,0,2071.771861523675,False
TSH_36,2023-07,10.93798039294446,0,0,0,999,0,7,1,33.0,27.5,0,2071.771861523675,False
TSH_36,2023-08,10.93798039294446,0,0,0,999,0,8,1,33.0,27.5,0,2071.771861523675,False
TSH_36,2023-09,10.93798039294446,0,0,0,999,0,9,1,33.0,27.5,0,2071.771861523675,False
TSH_36,2023-10,10.93798039294446,0,0,0,999,0,10,0,33.0,27.5,0,2071.771861523675,False
TSH_36,2023-11,10.93798039294446,0,0,0,999,0,11,0,33.0,27.5,0,2071.771861523675,False
TSH_36,2023-12,10.93798039294446,0,0,0,999,0,12,0,33.0,27.5,0,2071.771861523675,False
TSH_36,2024-01,10.93798039294446,0,0,0,999,0,1,0,33.0,27.5,0,2071.771861523675,False
TSH_36,2024-02,10.93798039294446,0,0,0,999,0,2,0,33.0,27.5,0,2071.771861523675,False
TSH_36,2024-03,10.93798039294446,0,0,0,999,0,3,0,33.0,27.5,0,2071.771861523675,False
TSH_36,2024-04,10.93798039294446,0,0,0,999,0,4,0,33.0,27.5,0,2071.771861523675,False
TSH_36,2024-05,10.93798039294446,0,0,0,999,0,5,1,33.0,27.5,0,2071.771861523675,False
TSH_36,2024-06,10.93798039294446,0,0,0,999,0,6,1,33.0,27.5,0,2071.771861523675,False
TSH_36,2024-07,10.93798039294446,0,0,0,999,0,7,1,33.0,27.5,0,2071.771861523675,False
TSH_36,2024-08,10.93798039294446,0,0,0,999,0,8,1,33.0,27.5,0,2071.771861523675,False
TSH_36,2024-09,10.93798039294446,0,0,0,999,0,9,1,33.0,27.5,0,2071.771861523675,False
TSH_36,2024-10,10.93798039294446,0,0,0,999,0,10,0,33.0,27.5,0,2071.771861523675,False
TSH_36,2024-11,10.93798039294446,0,0,0,999,0,11,0,33.0,27.5,0,2071.771861523675,False
TSH_36,2024-12,10.93798039294446,0,0,0,999,0,12,0,33.0,27.5,0,2071.771861523675,False
TSH_36,2025-01,10.93798039294446,0,0,0,999,0,1,0,33.0,27.5,0,2071.771861523675,False
TSH_36,2025-02,10.93798039294446,0,0,0,999,0,2,0,33.0,27.5,0,2071.771861523675,False
TSH_36,2025-03,10.93798039294446,0,0,0,999,0,3,0,33.0,27.5,1,2071.771861523675,False
TSH_36,2025-04,10.93798039294446,0,0,0,999,0,4,0,33.0,27.5,1,2071.771861523675,False
TSH_36,2025-05,10.93798039294446,0,0,0,999,0,5,1,33.0,27.5,1,2071.771861523675,False
TSH_36,2025-06,10.93798039294446,1,1,1,0,0,6,1,33.0,27.5,0,2071.771861523675,False
TSH_36,2025-07,10.93798039294446,0,0,1,1,0,7,1,33.0,27.5,0,2071.771861523675,False
TSH_36,2025-08,10.93798039294446,0,0,1,2,0,8,1,33.0,27.5,0,2071.771861523675,False
TSH_36,2025-09,10.93798039294446,0,0,1,3,0,9,1,33.0,27.5,0,2071.771861523675,False
TSH_36,2025-10,10.93798039294446,0,0,1,4,0,10,0,33.0,27.5,0,2071.771861523675,False
TSH_36,2025-11,10.93798039294446,0,0,1,5,0,11,0,33.0,27.5,0,2071.771861523675,False
TSH_36,2025-12,10.93798039294446,0,0,1,6,0,12,0,33.0,27.5,0,2071.771861523675,False
TSH_36,2026-01,10.93798039294446,0,0,1,7,0,1,0,33.0,27.5,0,2071.771861523675,False
TSH_36,2026-02,10.93798039294446,0,0,1,8,0,2,0,33.0,27.5,0,2071.771861523675,False
TSH_36,2026-03,10.93798039294446,0,0,1,9,0,3,0,33.0,27.5,0,2071.771861523675,False
TSH_37,2019-08,30.96889507172832,0,0,0,999,0,8,1,33.0,34.6,0,1409.0589896388158,False
TSH_37,2019-09,30.96889507172832,0,0,0,999,0,9,1,33.0,34.6,0,1409.0589896388158,False
TSH_37,2019-10,30.96889507172832,0,0,0,999,0,10,0,33.0,34.6,0,1409.0589896388158,False
TSH_37,2019-11,30.96889507172832,0,0,0,999,0,11,0,33.0,34.6,0,1409.0589896388158,False
TSH_37,2019-12,30.96889507172832,0,0,0,999,0,12,0,33.0,34.6,0,1409.0589896388158,False
TSH_37,2020-01,30.96889507172832,0,0,0,999,0,1,0,33.0,34.6,0,1409.0589896388158,False
TSH_37,2020-02,30.96889507172832,0,0,0,999,0,2,0,33.0,34.6,0,1409.0589896388158,False
TSH_37,2020-03,30.96889507172832,0,0,0,999,0,3,0,33.0,34.6,0,1409.0589896388158,False
TSH_37,2020-04,30.96889507172832,0,0,0,999,0,4,0,33.0,34.6,0,1409.0589896388158,False
TSH_37,2020-05,30.96889507172832,0,0,0,999,0,5,1,33.0,34.6,0,1409.0589896388158,False
TSH_37,2020-06,30.96889507172832,0,0,0,999,0,6,1,33.0,34.6,0,1409.0589896388158,False
TSH_37,2020-07,30.96889507172832,0,0,0,999,0,7,1,33.0,34.6,0,1409.0589896388158,False
TSH_37,2020-08,30.96889507172832,0,0,0,999,0,8,1,33.0,34.6,0,1409.0589896388158,False
TSH_37,2020-09,30.96889507172832,0,0,0,999,0,9,1,33.0,34.6,0,1409.0589896388158,False
TSH_37,2020-10,30.96889507172832,0,0,0,999,0,10,0,33.0,34.6,0,1409.0589896388158,False
TSH_37,2020-11,30.96889507172832,0,0,0,999,0,11,0,33.0,34.6,0,1409.0589896388158,False
TSH_37,2020-12,30.96889507172832,0,0,0,999,0,12,0,33.0,34.6,0,1409.0589896388158,False
TSH_37,2021-01,30.96889507172832,0,0,0,999,0,1,0,33.0,34.6,0,1409.0589896388158,False
TSH_37,2021-02,30.96889507172832,0,0,0,999,0,2,0,33.0,34.6,0,1409.0589896388158,False
TSH_37,2021-03,30.96889507172832,0,0,0,999,0,3,0,33.0,34.6,0,1409.0589896388158,False
TSH_37,2021-04,30.96889507172832,0,0,0,999,0,4,0,33.0,34.6,0,1409.0589896388158,False
TSH_37,2021-05,30.96889507172832,0,0,0,999,0,5,1,33.0,34.6,0,1409.0589896388158,False
TSH_37,2021-06,30.96889507172832,0,0,0,999,0,6,1,33.0,34.6,0,1409.0589896388158,False
TSH_37,2021-07,30.96889507172832,0,0,0,999,0,7,1,33.0,34.6,0,1409.0589896388158,False
TSH_37,2021-08,30.96889507172832,0,0,0,999,0,8,1,33.0,34.6,0,1409.0589896388158,False
TSH_37,2021-09,30.96889507172832,0,0,0,999,0,9,1,33.0,34.6,0,1409.0589896388158,False
TSH_37,2021-10,30.96889507172832,0,0,0,999,0,10,0,33.0,34.6,0,1409.0589896388158,False
TSH_37,2021-11,30.96889507172832,0,0,0,999,0,11,0,33.0,34.6,0,1409.0589896388158,False
TSH_37,2021-12,30.96889507172832,0,0,0,999,0,12,0,33.0,34.6,0,1409.0589896388158,False
TSH_37,2022-01,30.96889507172832,0,0,0,999,0,1,0,33.0,34.6,0,1409.0589896388158,False
TSH_37,2022-02,30.96889507172832,0,0,0,999,0,2,0,33.0,34.6,0,1409.0589896388158,False
TSH_37,2022-03,30.96889507172832,0,0,0,999,0,3,0,33.0,34.6,0,1409.0589896388158,False
TSH_37,2022-04,30.96889507172832,0,0,0,999,0,4,0,33.0,34.6,0,1409.0589896388158,False
TSH_37,2022-05,30.96889507172832,0,0,0,999,0,5,1,33.0,34.6,0,1409.0589896388158,False
TSH_37,2022-06,30.96889507172832,0,0,0,999,0,6,1,33.0,34.6,0,1409.0589896388158,False
TSH_37,2022-07,30.96889507172832,0,0,0,999,0,7,1,33.0,34.6,0,1409.0589896388158,False
TSH_37,2022-08,30.96889507172832,0,0,0,999,0,8,1,33.0,34.6,0,1409.0589896388158,False
TSH_37,2022-09,30.96889507172832,0,0,0,999,0,9,1,33.0,34.6,0,1409.0589896388158,False
TSH_37,2022-10,30.96889507172832,0,0,0,999,0,10,0,33.0,34.6,0,1409.0589896388158,False
TSH_37,2022-11,30.96889507172832,0,0,0,999,0,11,0,33.0,34.6,0,1409.0589896388158,False
TSH_37,2022-12,30.96889507172832,0,0,0,999,0,12,0,33.0,34.6,0,1409.0589896388158,False
TSH_37,2023-01,30.96889507172832,0,0,0,999,0,1,0,33.0,34.6,0,1409.0589896388158,False
TSH_37,2023-02,30.96889507172832,0,0,0,999,0,2,0,33.0,34.6,0,1409.0589896388158,False
TSH_37,2023-03,30.96889507172832,0,0,0,999,0,3,0,33.0,34.6,0,1409.0589896388158,False
TSH_37,2023-04,30.96889507172832,0,0,0,999,0,4,0,33.0,34.6,0,1409.0589896388158,False
TSH_37,2023-05,30.96889507172832,0,0,0,999,0,5,1,33.0,34.6,0,1409.0589896388158,False
TSH_37,2023-06,30.96889507172832,0,0,0,999,0,6,1,33.0,34.6,0,1409.0589896388158,False
TSH_37,2023-07,30.96889507172832,0,0,0,999,0,7,1,33.0,34.6,0,1409.0589896388158,False
TSH_37,2023-08,30.96889507172832,0,0,0,999,0,8,1,33.0,34.6,0,1409.0589896388158,False
TSH_37,2023-09,30.96889507172832,0,0,0,999,0,9,1,33.0,34.6,0,1409.0589896388158,False
TSH_37,2023-10,30.96889507172832,0,0,0,999,0,10,0,33.0,34.6,0,1409.0589896388158,False
TSH_37,2023-11,30.96889507172832,0,0,0,999,0,11,0,33.0,34.6,0,1409.0589896388158,False
TSH_37,2023-12,30.96889507172832,0,0,0,999,0,12,0,33.0,34.6,0,1409.0589896388158,False
TSH_37,2024-01,30.96889507172832,0,0,0,999,0,1,0,33.0,34.6,0,1409.0589896388158,False
TSH_37,2024-02,30.96889507172832,0,0,0,999,0,2,0,33.0,34.6,0,1409.0589896388158,False
TSH_37,2024-03,30.96889507172832,0,0,0,999,0,3,0,33.0,34.6,0,1409.0589896388158,False
TSH_37,2024-04,30.96889507172832,0,0,0,999,0,4,0,33.0,34.6,0,1409.0589896388158,False
TSH_37,2024-05,30.96889507172832,0,0,0,999,0,5,1,33.0,34.6,0,1409.0589896388158,False
TSH_37,2024-06,30.96889507172832,0,0,0,999,0,6,1,33.0,34.6,1,1409.0589896388158,False
TSH_37,2024-07,30.96889507172832,0,0,0,999,0,7,1,33.0,34.6,1,1409.0589896388158,False
TSH_37,2024-08,30.96889507172832,0,0,0,999,0,8,1,33.0,34.6,1,1409.0589896388158,False
TSH_37,2024-09,30.96889507172832,1,1,1,0,0,9,1,33.0,34.6,0,1409.0589896388158,False
TSH_37,2024-10,30.96889507172832,0,0,1,1,0,10,0,33.0,34.6,0,1409.0589896388158,False
TSH_37,2024-11,30.96889507172832,0,0,1,2,0,11,0,33.0,34.6,0,1409.0589896388158,False
TSH_37,2024-12,30.96889507172832,0,0,1,3,0,12,0,33.0,34.6,0,1409.0589896388158,False
TSH_37,2025-01,30.96889507172832,0,0,1,4,0,1,0,33.0,34.6,0,1409.0589896388158,False
TSH_37,2025-02,30.96889507172832,0,0,1,5,0,2,0,33.0,34.6,0,1409.0589896388158,False
TSH_37,2025-03,30.96889507172832,0,0,1,6,0,3,0,33.0,34.6,0,1409.0589896388158,False
TSH_37,2025-04,30.96889507172832,0,0,1,7,0,4,0,33.0,34.6,0,1409.0589896388158,False
TSH_37,2025-05,30.96889507172832,0,0,1,8,0,5,1,33.0,34.6,0,1409.0589896388158,False
TSH_37,2025-06,30.96889507172832,0,0,1,9,0,6,1,33.0,34.6,0,1409.0589896388158,False
TSH_37,2025-07,30.96889507172832,0,0,1,10,0,7,1,33.0,34.6,0,1409.0589896388158,False
TSH_37,2025-08,30.96889507172832,0,0,1,11,0,8,1,33.0,34.6,0,1409.0589896388158,False
TSH_37,2025-09,30.96889507172832,0,0,1,12,0,9,1,33.0,34.6,0,1409.0589896388158,False
TSH_37,2025-10,30.96889507172832,0,0,1,13,0,10,0,33.0,34.6,0,1409.0589896388158,False
TSH_37,2025-11,30.96889507172832,0,0,1,14,0,11,0,33.0,34.6,0,1409.0589896388158,False
TSH_37,2025-12,30.96889507172832,0,0,1,15,0,12,0,33.0,34.6,0,1409.0589896388158,False
TSH_37,2026-01,30.96889507172832,0,0,1,16,0,1,0,33.0,34.6,0,1409.0589896388158,False
TSH_37,2026-02,30.96889507172832,0,0,1,17,0,2,0,33.0,34.6,0,1409.0589896388158,False
TSH_37,2026-03,30.96889507172832,0,0,1,18,0,3,0,33.0,34.6,0,1409.0589896388158,False
TSH_38,2019-08,1.7626651486901386,0,0,0,999,0,8,1,33.0,38.1,0,5311.275375789346,False
TSH_38,2019-09,1.7626651486901386,0,0,0,999,0,9,1,33.0,38.1,0,5311.275375789346,False
TSH_38,2019-10,1.7626651486901386,0,0,0,999,0,10,0,33.0,38.1,0,5311.275375789346,False
TSH_38,2019-11,1.7626651486901386,0,0,0,999,0,11,0,33.0,38.1,0,5311.275375789346,False
TSH_38,2019-12,1.7626651486901386,0,0,0,999,0,12,0,33.0,38.1,0,5311.275375789346,False
TSH_38,2020-01,1.7626651486901386,0,0,0,999,0,1,0,33.0,38.1,0,5311.275375789346,False
TSH_38,2020-02,1.7626651486901386,0,0,0,999,0,2,0,33.0,38.1,0,5311.275375789346,False
TSH_38,2020-03,1.7626651486901386,0,0,0,999,0,3,0,33.0,38.1,0,5311.275375789346,False
TSH_38,2020-04,1.7626651486901386,0,0,0,999,0,4,0,33.0,38.1,0,5311.275375789346,False
TSH_38,2020-05,1.7626651486901386,0,0,0,999,0,5,1,33.0,38.1,0,5311.275375789346,False
TSH_38,2020-06,1.7626651486901386,0,0,0,999,0,6,1,33.0,38.1,0,5311.275375789346,False
TSH_38,2020-07,1.7626651486901386,0,0,0,999,0,7,1,33.0,38.1,0,5311.275375789346,False
TSH_38,2020-08,1.7626651486901386,0,0,0,999,0,8,1,33.0,38.1,0,5311.275375789346,False
TSH_38,2020-09,1.7626651486901386,0,0,0,999,0,9,1,33.0,38.1,0,5311.275375789346,False
TSH_38,2020-10,1.7626651486901386,0,0,0,999,0,10,0,33.0,38.1,0,5311.275375789346,False
TSH_38,2020-11,1.7626651486901386,0,0,0,999,0,11,0,33.0,38.1,0,5311.275375789346,False
TSH_38,2020-12,1.7626651486901386,0,0,0,999,0,12,0,33.0,38.1,0,5311.275375789346,False
TSH_38,2021-01,1.7626651486901386,0,0,0,999,0,1,0,33.0,38.1,0,5311.275375789346,False
TSH_38,2021-02,1.7626651486901386,0,0,0,999,0,2,0,33.0,38.1,0,5311.275375789346,False
TSH_38,2021-03,1.7626651486901386,0,0,0,999,0,3,0,33.0,38.1,0,5311.275375789346,False
TSH_38,2021-04,1.7626651486901386,0,0,0,999,0,4,0,33.0,38.1,0,5311.275375789346,False
TSH_38,2021-05,1.7626651486901386,0,0,0,999,0,5,1,33.0,38.1,0,5311.275375789346,False
TSH_38,2021-06,1.7626651486901386,0,0,0,999,0,6,1,33.0,38.1,0,5311.275375789346,False
TSH_38,2021-07,1.7626651486901386,0,0,0,999,0,7,1,33.0,38.1,0,5311.275375789346,False
TSH_38,2021-08,1.7626651486901386,0,0,0,999,0,8,1,33.0,38.1,0,5311.275375789346,False
TSH_38,2021-09,1.7626651486901386,0,0,0,999,0,9,1,33.0,38.1,0,5311.275375789346,False
TSH_38,2021-10,1.7626651486901386,0,0,0,999,0,10,0,33.0,38.1,0,5311.275375789346,False
TSH_38,2021-11,1.7626651486901386,0,0,0,999,0,11,0,33.0,38.1,0,5311.275375789346,False
TSH_38,2021-12,1.7626651486901386,0,0,0,999,0,12,0,33.0,38.1,0,5311.275375789346,False
TSH_38,2022-01,1.7626651486901386,0,0,0,999,0,1,0,33.0,38.1,0,5311.275375789346,False
TSH_38,2022-02,1.7626651486901386,0,0,0,999,0,2,0,33.0,38.1,0,5311.275375789346,False
TSH_38,2022-03,1.7626651486901386,0,0,0,999,0,3,0,33.0,38.1,0,5311.275375789346,False
TSH_38,2022-04,1.7626651486901386,0,0,0,999,0,4,0,33.0,38.1,0,5311.275375789346,False
TSH_38,2022-05,1.7626651486901386,0,0,0,999,0,5,1,33.0,38.1,0,5311.275375789346,False
TSH_38,2022-06,1.7626651486901386,0,0,0,999,0,6,1,33.0,38.1,0,5311.275375789346,False
TSH_38,2022-07,1.7626651486901386,0,0,0,999,0,7,1,33.0,38.1,0,5311.275375789346,False
TSH_38,2022-08,1.7626651486901386,0,0,0,999,0,8,1,33.0,38.1,0,5311.275375789346,False
TSH_38,2022-09,1.7626651486901386,0,0,0,999,0,9,1,33.0,38.1,0,5311.275375789346,False
TSH_38,2022-10,1.7626651486901386,0,0,0,999,0,10,0,33.0,38.1,0,5311.275375789346,False
TSH_38,2022-11,1.7626651486901386,0,0,0,999,0,11,0,33.0,38.1,0,5311.275375789346,False
TSH_38,2022-12,1.7626651486901386,0,0,0,999,0,12,0,33.0,38.1,0,5311.275375789346,False
TSH_38,2023-01,1.7626651486901386,0,0,0,999,0,1,0,33.0,38.1,0,5311.275375789346,False
TSH_38,2023-02,1.7626651486901386,0,0,0,999,0,2,0,33.0,38.1,0,5311.275375789346,False
TSH_38,2023-03,1.7626651486901386,0,0,0,999,0,3,0,33.0,38.1,0,5311.275375789346,False
TSH_38,2023-04,1.7626651486901386,0,0,0,999,0,4,0,33.0,38.1,0,5311.275375789346,False
TSH_38,2023-05,1.7626651486901386,0,0,0,999,0,5,1,33.0,38.1,0,5311.275375789346,False
TSH_38,2023-06,1.7626651486901386,0,0,0,999,0,6,1,33.0,38.1,0,5311.275375789346,False
TSH_38,2023-07,1.7626651486901386,0,0,0,999,0,7,1,33.0,38.1,0,5311.275375789346,False
TSH_38,2023-08,1.7626651486901386,0,0,0,999,0,8,1,33.0,38.1,0,5311.275375789346,False
TSH_38,2023-09,1.7626651486901386,0,0,0,999,0,9,1,33.0,38.1,0,5311.275375789346,False
TSH_38,2023-10,1.7626651486901386,0,0,0,999,0,10,0,33.0,38.1,0,5311.275375789346,False
TSH_38,2023-11,1.7626651486901386,0,0,0,999,0,11,0,33.0,38.1,0,5311.275375789346,False
TSH_38,2023-12,1.7626651486901386,0,0,0,999,0,12,0,33.0,38.1,0,5311.275375789346,False
TSH_38,2024-01,1.7626651486901386,0,0,0,999,0,1,0,33.0,38.1,0,5311.275375789346,False
TSH_38,2024-02,1.7626651486901386,0,0,0,999,0,2,0,33.0,38.1,0,5311.275375789346,False
TSH_38,2024-03,1.7626651486901386,0,0,0,999,0,3,0,33.0,38.1,0,5311.275375789346,False
TSH_38,2024-04,1.7626651486901386,0,0,0,999,0,4,0,33.0,38.1,0,5311.275375789346,False
TSH_38,2024-05,1.7626651486901386,0,0,0,999,0,5,1,33.0,38.1,0,5311.275375789346,False
TSH_38,2024-06,1.7626651486901386,0,0,0,999,0,6,1,33.0,38.1,0,5311.275375789346,False
TSH_38,2024-07,1.7626651486901386,0,0,0,999,0,7,1,33.0,38.1,0,5311.275375789346,False
TSH_38,2024-08,1.7626651486901386,0,0,0,999,0,8,1,33.0,38.1,0,5311.275375789346,False
TSH_38,2024-09,1.7626651486901386,0,0,0,999,0,9,1,33.0,38.1,0,5311.275375789346,False
TSH_38,2024-10,1.7626651486901386,0,0,0,999,0,10,0,33.0,38.1,0,5311.275375789346,False
TSH_38,2024-11,1.7626651486901386,0,0,0,999,0,11,0,33.0,38.1,0,5311.275375789346,False
TSH_38,2024-12,1.7626651486901386,0,0,0,999,0,12,0,33.0,38.1,0,5311.275375789346,False
TSH_38,2025-01,1.7626651486901386,0,0,0,999,0,1,0,33.0,38.1,0,5311.275375789346,False
TSH_38,2025-02,1.7626651486901386,0,0,0,999,0,2,0,33.0,38.1,0,5311.275375789346,False
TSH_38,2025-03,1.7626651486901386,0,0,0,999,0,3,0,33.0,38.1,0,5311.275375789346,False
TSH_38,2025-04,1.7626651486901386,0,0,0,999,0,4,0,33.0,38.1,0,5311.275375789346,False
TSH_38,2025-05,1.7626651486901386,0,0,0,999,0,5,1,33.0,38.1,0,5311.275375789346,False
TSH_38,2025-06,1.7626651486901386,0,0,0,999,0,6,1,33.0,38.1,0,5311.275375789346,False
TSH_38,2025-07,1.7626651486901386,0,0,0,999,0,7,1,33.0,38.1,0,5311.275375789346,False
TSH_38,2025-08,1.7626651486901386,0,0,0,999,0,8,1,33.0,38.1,0,5311.275375789346,False
TSH_38,2025-09,1.7626651486901386,0,0,0,999,0,9,1,33.0,38.1,0,5311.275375789346,False
TSH_38,2025-10,1.7626651486901386,0,0,0,999,0,10,0,33.0,38.1,0,5311.275375789346,False
TSH_38,2025-11,1.7626651486901386,0,0,0,999,0,11,0,33.0,38.1,0,5311.275375789346,False
TSH_38,2025-12,1.7626651486901386,0,0,0,999,0,12,0,33.0,38.1,0,5311.275375789346,False
TSH_38,2026-01,1.7626651486901386,0,0,0,999,0,1,0,33.0,38.1,0,5311.275375789346,False
TSH_38,2026-02,1.7626651486901386,0,0,0,999,0,2,0,33.0,38.1,0,5311.275375789346,False
TSH_38,2026-03,1.7626651486901386,0,0,0,999,0,3,0,33.0,38.1,0,5311.275375789346,False
TSH_39,2019-08,6.298461512874639,0,0,0,999,0,8,1,33.0,34.6,0,4947.0811143813635,False
TSH_39,2019-09,6.298461512874639,0,0,0,999,0,9,1,33.0,34.6,0,4947.0811143813635,False
TSH_39,2019-10,6.298461512874639,0,0,0,999,0,10,0,33.0,34.6,0,4947.0811143813635,False
TSH_39,2019-11,6.298461512874639,0,0,0,999,0,11,0,33.0,34.6,0,4947.0811143813635,False
TSH_39,2019-12,6.298461512874639,0,0,0,999,0,12,0,33.0,34.6,0,4947.0811143813635,False
TSH_39,2020-01,6.298461512874639,0,0,0,999,0,1,0,33.0,34.6,0,4947.0811143813635,False
TSH_39,2020-02,6.298461512874639,0,0,0,999,0,2,0,33.0,34.6,0,4947.0811143813635,False
TSH_39,2020-03,6.298461512874639,0,0,0,999,0,3,0,33.0,34.6,0,4947.0811143813635,False
TSH_39,2020-04,6.298461512874639,0,0,0,999,0,4,0,33.0,34.6,0,4947.0811143813635,False
TSH_39,2020-05,6.298461512874639,0,0,0,999,0,5,1,33.0,34.6,0,4947.0811143813635,False
TSH_39,2020-06,6.298461512874639,0,0,0,999,0,6,1,33.0,34.6,0,4947.0811143813635,False
TSH_39,2020-07,6.298461512874639,0,0,0,999,0,7,1,33.0,34.6,0,4947.0811143813635,False
TSH_39,2020-08,6.298461512874639,0,0,0,999,0,8,1,33.0,34.6,0,4947.0811143813635,False
TSH_39,2020-09,6.298461512874639,0,0,0,999,0,9,1,33.0,34.6,0,4947.0811143813635,False
TSH_39,2020-10,6.298461512874639,0,0,0,999,0,10,0,33.0,34.6,0,4947.0811143813635,False
TSH_39,2020-11,6.298461512874639,0,0,0,999,0,11,0,33.0,34.6,0,4947.0811143813635,False
TSH_39,2020-12,6.298461512874639,0,0,0,999,0,12,0,33.0,34.6,0,4947.0811143813635,False
TSH_39,2021-01,6.298461512874639,0,0,0,999,0,1,0,33.0,34.6,0,4947.0811143813635,False
TSH_39,2021-02,6.298461512874639,0,0,0,999,0,2,0,33.0,34.6,0,4947.0811143813635,False
TSH_39,2021-03,6.298461512874639,0,0,0,999,0,3,0,33.0,34.6,0,4947.0811143813635,False
TSH_39,2021-04,6.298461512874639,0,0,0,999,0,4,0,33.0,34.6,0,4947.0811143813635,False
TSH_39,2021-05,6.298461512874639,0,0,0,999,0,5,1,33.0,34.6,0,4947.0811143813635,False
TSH_39,2021-06,6.298461512874639,0,0,0,999,0,6,1,33.0,34.6,0,4947.0811143813635,False
TSH_39,2021-07,6.298461512874639,0,0,0,999,0,7,1,33.0,34.6,0,4947.0811143813635,False
TSH_39,2021-08,6.298461512874639,0,0,0,999,0,8,1,33.0,34.6,0,4947.0811143813635,False
TSH_39,2021-09,6.298461512874639,0,0,0,999,0,9,1,33.0,34.6,0,4947.0811143813635,False
TSH_39,2021-10,6.298461512874639,0,0,0,999,0,10,0,33.0,34.6,0,4947.0811143813635,False
TSH_39,2021-11,6.298461512874639,0,0,0,999,0,11,0,33.0,34.6,0,4947.0811143813635,False
TSH_39,2021-12,6.298461512874639,0,0,0,999,0,12,0,33.0,34.6,0,4947.0811143813635,False
TSH_39,2022-01,6.298461512874639,0,0,0,999,0,1,0,33.0,34.6,0,4947.0811143813635,False
TSH_39,2022-02,6.298461512874639,0,0,0,999,0,2,0,33.0,34.6,0,4947.0811143813635,False
TSH_39,2022-03,6.298461512874639,0,0,0,999,0,3,0,33.0,34.6,0,4947.0811143813635,False
TSH_39,2022-04,6.298461512874639,0,0,0,999,0,4,0,33.0,34.6,0,4947.0811143813635,False
TSH_39,2022-05,6.298461512874639,0,0,0,999,0,5,1,33.0,34.6,0,4947.0811143813635,False
TSH_39,2022-06,6.298461512874639,0,0,0,999,0,6,1,33.0,34.6,0,4947.0811143813635,False
TSH_39,2022-07,6.298461512874639,0,0,0,999,0,7,1,33.0,34.6,0,4947.0811143813635,False
TSH_39,2022-08,6.298461512874639,0,0,0,999,0,8,1,33.0,34.6,0,4947.0811143813635,False
TSH_39,2022-09,6.298461512874639,0,0,0,999,0,9,1,33.0,34.6,0,4947.0811143813635,False
TSH_39,2022-10,6.298461512874639,0,0,0,999,0,10,0,33.0,34.6,0,4947.0811143813635,False
TSH_39,2022-11,6.298461512874639,0,0,0,999,0,11,0,33.0,34.6,0,4947.0811143813635,False
TSH_39,2022-12,6.298461512874639,0,0,0,999,0,12,0,33.0,34.6,0,4947.0811143813635,False
TSH_39,2023-01,6.298461512874639,0,0,0,999,0,1,0,33.0,34.6,0,4947.0811143813635,False
TSH_39,2023-02,6.298461512874639,0,0,0,999,0,2,0,33.0,34.6,0,4947.0811143813635,False
TSH_39,2023-03,6.298461512874639,0,0,0,999,0,3,0,33.0,34.6,0,4947.0811143813635,False
TSH_39,2023-04,6.298461512874639,0,0,0,999,0,4,0,33.0,34.6,0,4947.0811143813635,False
TSH_39,2023-05,6.298461512874639,0,0,0,999,0,5,1,33.0,34.6,0,4947.0811143813635,False
TSH_39,2023-06,6.298461512874639,0,0,0,999,0,6,1,33.0,34.6,0,4947.0811143813635,False
TSH_39,2023-07,6.298461512874639,0,0,0,999,0,7,1,33.0,34.6,0,4947.0811143813635,False
TSH_39,2023-08,6.298461512874639,0,0,0,999,0,8,1,33.0,34.6,0,4947.0811143813635,False
TSH_39,2023-09,6.298461512874639,0,0,0,999,0,9,1,33.0,34.6,0,4947.0811143813635,False
TSH_39,2023-10,6.298461512874639,0,0,0,999,0,10,0,33.0,34.6,0,4947.0811143813635,False
TSH_39,2023-11,6.298461512874639,0,0,0,999,0,11,0,33.0,34.6,0,4947.0811143813635,False
TSH_39,2023-12,6.298461512874639,0,0,0,999,0,12,0,33.0,34.6,0,4947.0811143813635,False
TSH_39,2024-01,6.298461512874639,0,0,0,999,0,1,0,33.0,34.6,0,4947.0811143813635,False
TSH_39,2024-02,6.298461512874639,0,0,0,999,0,2,0,33.0,34.6,0,4947.0811143813635,False
TSH_39,2024-03,6.298461512874639,0,0,0,999,0,3,0,33.0,34.6,0,4947.0811143813635,False
TSH_39,2024-04,6.298461512874639,0,0,0,999,0,4,0,33.0,34.6,0,4947.0811143813635,False
TSH_39,2024-05,6.298461512874639,0,0,0,999,0,5,1,33.0,34.6,0,4947.0811143813635,False
TSH_39,2024-06,6.298461512874639,0,0,0,999,0,6,1,33.0,34.6,0,4947.0811143813635,False
TSH_39,2024-07,6.298461512874639,0,0,0,999,0,7,1,33.0,34.6,0,4947.0811143813635,False
TSH_39,2024-08,6.298461512874639,0,0,0,999,0,8,1,33.0,34.6,0,4947.0811143813635,False
TSH_39,2024-09,6.298461512874639,0,0,0,999,0,9,1,33.0,34.6,0,4947.0811143813635,False
TSH_39,2024-10,6.298461512874639,0,0,0,999,0,10,0,33.0,34.6,0,4947.0811143813635,False
TSH_39,2024-11,6.298461512874639,0,0,0,999,0,11,0,33.0,34.6,0,4947.0811143813635,False
TSH_39,2024-12,6.298461512874639,0,0,0,999,0,12,0,33.0,34.6,0,4947.0811143813635,False
TSH_39,2025-01,6.298461512874639,0,0,0,999,0,1,0,33.0,34.6,0,4947.0811143813635,False
TSH_39,2025-02,6.298461512874639,0,0,0,999,0,2,0,33.0,34.6,0,4947.0811143813635,False
TSH_39,2025-03,6.298461512874639,0,0,0,999,0,3,0,33.0,34.6,0,4947.0811143813635,False
TSH_39,2025-04,6.298461512874639,0,0,0,999,0,4,0,33.0,34.6,0,4947.0811143813635,False
TSH_39,2025-05,6.298461512874639,0,0,0,999,0,5,1,33.0,34.6,0,4947.0811143813635,False
TSH_39,2025-06,6.298461512874639,0,0,0,999,0,6,1,33.0,34.6,0,4947.0811143813635,False
TSH_39,2025-07,6.298461512874639,0,0,0,999,0,7,1,33.0,34.6,0,4947.0811143813635,False
TSH_39,2025-08,6.298461512874639,0,0,0,999,0,8,1,33.0,34.6,0,4947.0811143813635,False
TSH_39,2025-09,6.298461512874639,0,0,0,999,0,9,1,33.0,34.6,0,4947.0811143813635,False
TSH_39,2025-10,6.298461512874639,0,0,0,999,0,10,0,33.0,34.6,0,4947.0811143813635,False
TSH_39,2025-11,6.298461512874639,0,0,0,999,0,11,0,33.0,34.6,0,4947.0811143813635,False
TSH_39,2025-12,6.298461512874639,0,0,0,999,0,12,0,33.0,34.6,0,4947.0811143813635,False
TSH_39,2026-01,6.298461512874639,0,0,0,999,0,1,0,33.0,34.6,0,4947.0811143813635,False
TSH_39,2026-02,6.298461512874639,0,0,0,999,0,2,0,33.0,34.6,0,4947.0811143813635,False
TSH_39,2026-03,6.298461512874639,0,0,0,999,0,3,0,33.0,34.6,0,4947.0811143813635,False
TSH_4,2019-08,34.613820316966574,0,0,0,999,0,8,1,33.0,34.6,0,1085.8957392107357,False
TSH_4,2019-09,34.613820316966574,0,0,0,999,0,9,1,33.0,34.6,0,1085.8957392107357,False
TSH_4,2019-10,34.613820316966574,0,0,0,999,0,10,0,33.0,34.6,0,1085.8957392107357,False
TSH_4,2019-11,34.613820316966574,0,0,0,999,0,11,0,33.0,34.6,0,1085.8957392107357,False
TSH_4,2019-12,34.613820316966574,0,0,0,999,0,12,0,33.0,34.6,0,1085.8957392107357,False
TSH_4,2020-01,34.613820316966574,0,0,0,999,0,1,0,33.0,34.6,0,1085.8957392107357,False
TSH_4,2020-02,34.613820316966574,0,0,0,999,0,2,0,33.0,34.6,0,1085.8957392107357,False
TSH_4,2020-03,34.613820316966574,0,0,0,999,0,3,0,33.0,34.6,0,1085.8957392107357,False
TSH_4,2020-04,34.613820316966574,0,0,0,999,0,4,0,33.0,34.6,0,1085.8957392107357,False
TSH_4,2020-05,34.613820316966574,0,0,0,999,0,5,1,33.0,34.6,0,1085.8957392107357,False
TSH_4,2020-06,34.613820316966574,0,0,0,999,0,6,1,33.0,34.6,0,1085.8957392107357,False
TSH_4,2020-07,34.613820316966574,0,0,0,999,0,7,1,33.0,34.6,0,1085.8957392107357,False
TSH_4,2020-08,34.613820316966574,0,0,0,999,0,8,1,33.0,34.6,0,1085.8957392107357,False
TSH_4,2020-09,34.613820316966574,0,0,0,999,0,9,1,33.0,34.6,0,1085.8957392107357,False
TSH_4,2020-10,34.613820316966574,0,0,0,999,0,10,0,33.0,34.6,0,1085.8957392107357,False
TSH_4,2020-11,34.613820316966574,0,0,0,999,0,11,0,33.0,34.6,0,1085.8957392107357,False
TSH_4,2020-12,34.613820316966574,0,0,0,999,0,12,0,33.0,34.6,0,1085.8957392107357,False
TSH_4,2021-01,34.613820316966574,0,0,0,999,0,1,0,33.0,34.6,0,1085.8957392107357,False
TSH_4,2021-02,34.613820316966574,0,0,0,999,0,2,0,33.0,34.6,0,1085.8957392107357,False
TSH_4,2021-03,34.613820316966574,0,0,0,999,0,3,0,33.0,34.6,0,1085.8957392107357,False
TSH_4,2021-04,34.613820316966574,0,0,0,999,0,4,0,33.0,34.6,0,1085.8957392107357,False
TSH_4,2021-05,34.613820316966574,0,0,0,999,0,5,1,33.0,34.6,0,1085.8957392107357,False
TSH_4,2021-06,34.613820316966574,0,0,0,999,0,6,1,33.0,34.6,0,1085.8957392107357,False
TSH_4,2021-07,34.613820316966574,0,0,0,999,0,7,1,33.0,34.6,0,1085.8957392107357,False
TSH_4,2021-08,34.613820316966574,0,0,0,999,0,8,1,33.0,34.6,0,1085.8957392107357,False
TSH_4,2021-09,34.613820316966574,0,0,0,999,0,9,1,33.0,34.6,0,1085.8957392107357,False
TSH_4,2021-10,34.613820316966574,0,0,0,999,0,10,0,33.0,34.6,0,1085.8957392107357,False
TSH_4,2021-11,34.613820316966574,0,0,0,999,0,11,0,33.0,34.6,0,1085.8957392107357,False
TSH_4,2021-12,34.613820316966574,0,0,0,999,0,12,0,33.0,34.6,0,1085.8957392107357,False
TSH_4,2022-01,34.613820316966574,0,0,0,999,0,1,0,33.0,34.6,0,1085.8957392107357,False
TSH_4,2022-02,34.613820316966574,0,0,0,999,0,2,0,33.0,34.6,0,1085.8957392107357,False
TSH_4,2022-03,34.613820316966574,0,0,0,999,0,3,0,33.0,34.6,0,1085.8957392107357,False
TSH_4,2022-04,34.613820316966574,0,0,0,999,0,4,0,33.0,34.6,0,1085.8957392107357,False
TSH_4,2022-05,34.613820316966574,0,0,0,999,0,5,1,33.0,34.6,0,1085.8957392107357,False
TSH_4,2022-06,34.613820316966574,0,0,0,999,0,6,1,33.0,34.6,0,1085.8957392107357,False
TSH_4,2022-07,34.613820316966574,0,0,0,999,0,7,1,33.0,34.6,0,1085.8957392107357,False
TSH_4,2022-08,34.613820316966574,0,0,0,999,0,8,1,33.0,34.6,0,1085.8957392107357,False
TSH_4,2022-09,34.613820316966574,0,0,0,999,0,9,1,33.0,34.6,0,1085.8957392107357,False
TSH_4,2022-10,34.613820316966574,0,0,0,999,0,10,0,33.0,34.6,0,1085.8957392107357,False
TSH_4,2022-11,34.613820316966574,0,0,0,999,0,11,0,33.0,34.6,0,1085.8957392107357,False
TSH_4,2022-12,34.613820316966574,0,0,0,999,0,12,0,33.0,34.6,0,1085.8957392107357,False
TSH_4,2023-01,34.613820316966574,0,0,0,999,0,1,0,33.0,34.6,0,1085.8957392107357,False
TSH_4,2023-02,34.613820316966574,0,0,0,999,0,2,0,33.0,34.6,0,1085.8957392107357,False
TSH_4,2023-03,34.613820316966574,0,0,0,999,0,3,0,33.0,34.6,0,1085.8957392107357,False
TSH_4,2023-04,34.613820316966574,0,0,0,999,0,4,0,33.0,34.6,0,1085.8957392107357,False
TSH_4,2023-05,34.613820316966574,0,0,0,999,0,5,1,33.0,34.6,0,1085.8957392107357,False
TSH_4,2023-06,34.613820316966574,0,0,0,999,0,6,1,33.0,34.6,0,1085.8957392107357,False
TSH_4,2023-07,34.613820316966574,0,0,0,999,0,7,1,33.0,34.6,0,1085.8957392107357,False
TSH_4,2023-08,34.613820316966574,0,0,0,999,0,8,1,33.0,34.6,0,1085.8957392107357,False
TSH_4,2023-09,34.613820316966574,0,0,0,999,0,9,1,33.0,34.6,0,1085.8957392107357,False
TSH_4,2023-10,34.613820316966574,0,0,0,999,0,10,0,33.0,34.6,0,1085.8957392107357,False
TSH_4,2023-11,34.613820316966574,0,0,0,999,0,11,0,33.0,34.6,0,1085.8957392107357,False
TSH_4,2023-12,34.613820316966574,0,0,0,999,0,12,0,33.0,34.6,0,1085.8957392107357,False
TSH_4,2024-01,34.613820316966574,0,0,0,999,0,1,0,33.0,34.6,0,1085.8957392107357,False
TSH_4,2024-02,34.613820316966574,0,0,0,999,0,2,0,33.0,34.6,0,1085.8957392107357,False
TSH_4,2024-03,34.613820316966574,0,0,0,999,0,3,0,33.0,34.6,0,1085.8957392107357,False
TSH_4,2024-04,34.613820316966574,0,0,0,999,0,4,0,33.0,34.6,0,1085.8957392107357,False
TSH_4,2024-05,34.613820316966574,0,0,0,999,0,5,1,33.0,34.6,0,1085.8957392107357,False
TSH_4,2024-06,34.613820316966574,0,0,0,999,0,6,1,33.0,34.6,0,1085.8957392107357,False
TSH_4,2024-07,34.613820316966574,0,0,0,999,0,7,1,33.0,34.6,0,1085.8957392107357,False
TSH_4,2024-08,34.613820316966574,0,0,0,999,0,8,1,33.0,34.6,0,1085.8957392107357,False
TSH_4,2024-09,34.613820316966574,0,0,0,999,0,9,1,33.0,34.6,0,1085.8957392107357,False
TSH_4,2024-10,34.613820316966574,0,0,0,999,0,10,0,33.0,34.6,0,1085.8957392107357,False
TSH_4,2024-11,34.613820316966574,0,0,0,999,0,11,0,33.0,34.6,0,1085.8957392107357,False
TSH_4,2024-12,34.613820316966574,0,0,0,999,0,12,0,33.0,34.6,0,1085.8957392107357,False
TSH_4,2025-01,34.613820316966574,0,0,0,999,0,1,0,33.0,34.6,0,1085.8957392107357,False
TSH_4,2025-02,34.613820316966574,0,0,0,999,0,2,0,33.0,34.6,0,1085.8957392107357,False
TSH_4,2025-03,34.613820316966574,0,0,0,999,0,3,0,33.0,34.6,0,1085.8957392107357,False
TSH_4,2025-04,34.613820316966574,0,0,0,999,0,4,0,33.0,34.6,0,1085.8957392107357,False
TSH_4,2025-05,34.613820316966574,0,0,0,999,0,5,1,33.0,34.6,0,1085.8957392107357,False
TSH_4,2025-06,34.613820316966574,0,0,0,999,0,6,1,33.0,34.6,0,1085.8957392107357,False
TSH_4,2025-07,34.613820316966574,0,0,0,999,0,7,1,33.0,34.6,0,1085.8957392107357,False
TSH_4,2025-08,34.613820316966574,0,0,0,999,0,8,1,33.0,34.6,0,1085.8957392107357,False
TSH_4,2025-09,34.613820316966574,0,0,0,999,0,9,1,33.0,34.6,0,1085.8957392107357,False
TSH_4,2025-10,34.613820316966574,0,0,0,999,0,10,0,33.0,34.6,0,1085.8957392107357,False
TSH_4,2025-11,34.613820316966574,0,0,0,999,0,11,0,33.0,34.6,0,1085.8957392107357,False
TSH_4,2025-12,34.613820316966574,0,0,0,999,0,12,0,33.0,34.6,0,1085.8957392107357,False
TSH_4,2026-01,34.613820316966574,0,0,0,999,0,1,0,33.0,34.6,0,1085.8957392107357,False
TSH_4,2026-02,34.613820316966574,0,0,0,999,0,2,0,33.0,34.6,0,1085.8957392107357,False
TSH_4,2026-03,34.613820316966574,0,0,0,999,0,3,0,33.0,34.6,0,1085.8957392107357,False
TSH_40,2019-08,3.12568403373796,0,0,0,999,0,8,1,33.0,38.1,0,19912.76127982997,False
TSH_40,2019-09,3.12568403373796,0,0,0,999,0,9,1,33.0,38.1,0,19912.76127982997,False
TSH_40,2019-10,3.12568403373796,0,0,0,999,0,10,0,33.0,38.1,0,19912.76127982997,False
TSH_40,2019-11,3.12568403373796,0,0,0,999,0,11,0,33.0,38.1,0,19912.76127982997,False
TSH_40,2019-12,3.12568403373796,0,0,0,999,0,12,0,33.0,38.1,0,19912.76127982997,False
TSH_40,2020-01,3.12568403373796,0,0,0,999,0,1,0,33.0,38.1,0,19912.76127982997,False
TSH_40,2020-02,3.12568403373796,0,0,0,999,0,2,0,33.0,38.1,0,19912.76127982997,False
TSH_40,2020-03,3.12568403373796,0,0,0,999,0,3,0,33.0,38.1,0,19912.76127982997,False
TSH_40,2020-04,3.12568403373796,0,0,0,999,0,4,0,33.0,38.1,0,19912.76127982997,False
TSH_40,2020-05,3.12568403373796,0,0,0,999,0,5,1,33.0,38.1,0,19912.76127982997,False
TSH_40,2020-06,3.12568403373796,0,0,0,999,0,6,1,33.0,38.1,0,19912.76127982997,False
TSH_40,2020-07,3.12568403373796,0,0,0,999,0,7,1,33.0,38.1,0,19912.76127982997,False
TSH_40,2020-08,3.12568403373796,0,0,0,999,0,8,1,33.0,38.1,0,19912.76127982997,False
TSH_40,2020-09,3.12568403373796,0,0,0,999,0,9,1,33.0,38.1,0,19912.76127982997,False
TSH_40,2020-10,3.12568403373796,0,0,0,999,0,10,0,33.0,38.1,0,19912.76127982997,False
TSH_40,2020-11,3.12568403373796,0,0,0,999,0,11,0,33.0,38.1,0,19912.76127982997,False
TSH_40,2020-12,3.12568403373796,0,0,0,999,0,12,0,33.0,38.1,0,19912.76127982997,False
TSH_40,2021-01,3.12568403373796,0,0,0,999,0,1,0,33.0,38.1,0,19912.76127982997,False
TSH_40,2021-02,3.12568403373796,0,0,0,999,0,2,0,33.0,38.1,0,19912.76127982997,False
TSH_40,2021-03,3.12568403373796,0,0,0,999,0,3,0,33.0,38.1,0,19912.76127982997,False
TSH_40,2021-04,3.12568403373796,0,0,0,999,0,4,0,33.0,38.1,0,19912.76127982997,False
TSH_40,2021-05,3.12568403373796,0,0,0,999,0,5,1,33.0,38.1,0,19912.76127982997,False
TSH_40,2021-06,3.12568403373796,0,0,0,999,0,6,1,33.0,38.1,0,19912.76127982997,False
TSH_40,2021-07,3.12568403373796,0,0,0,999,0,7,1,33.0,38.1,0,19912.76127982997,False
TSH_40,2021-08,3.12568403373796,0,0,0,999,0,8,1,33.0,38.1,0,19912.76127982997,False
TSH_40,2021-09,3.12568403373796,0,0,0,999,0,9,1,33.0,38.1,0,19912.76127982997,False
TSH_40,2021-10,3.12568403373796,0,0,0,999,0,10,0,33.0,38.1,0,19912.76127982997,False
TSH_40,2021-11,3.12568403373796,0,0,0,999,0,11,0,33.0,38.1,0,19912.76127982997,False
TSH_40,2021-12,3.12568403373796,0,0,0,999,0,12,0,33.0,38.1,0,19912.76127982997,False
TSH_40,2022-01,3.12568403373796,0,0,0,999,0,1,0,33.0,38.1,0,19912.76127982997,False
TSH_40,2022-02,3.12568403373796,0,0,0,999,0,2,0,33.0,38.1,0,19912.76127982997,False
TSH_40,2022-03,3.12568403373796,0,0,0,999,0,3,0,33.0,38.1,0,19912.76127982997,False
TSH_40,2022-04,3.12568403373796,0,0,0,999,0,4,0,33.0,38.1,0,19912.76127982997,False
TSH_40,2022-05,3.12568403373796,0,0,0,999,0,5,1,33.0,38.1,0,19912.76127982997,False
TSH_40,2022-06,3.12568403373796,0,0,0,999,0,6,1,33.0,38.1,0,19912.76127982997,False
TSH_40,2022-07,3.12568403373796,0,0,0,999,0,7,1,33.0,38.1,0,19912.76127982997,False
TSH_40,2022-08,3.12568403373796,0,0,0,999,0,8,1,33.0,38.1,0,19912.76127982997,False
TSH_40,2022-09,3.12568403373796,0,0,0,999,0,9,1,33.0,38.1,0,19912.76127982997,False
TSH_40,2022-10,3.12568403373796,0,0,0,999,0,10,0,33.0,38.1,0,19912.76127982997,False
TSH_40,2022-11,3.12568403373796,0,0,0,999,0,11,0,33.0,38.1,0,19912.76127982997,False
TSH_40,2022-12,3.12568403373796,0,0,0,999,0,12,0,33.0,38.1,0,19912.76127982997,False
TSH_40,2023-01,3.12568403373796,0,0,0,999,0,1,0,33.0,38.1,0,19912.76127982997,False
TSH_40,2023-02,3.12568403373796,0,0,0,999,0,2,0,33.0,38.1,0,19912.76127982997,False
TSH_40,2023-03,3.12568403373796,0,0,0,999,0,3,0,33.0,38.1,0,19912.76127982997,False
TSH_40,2023-04,3.12568403373796,0,0,0,999,0,4,0,33.0,38.1,0,19912.76127982997,False
TSH_40,2023-05,3.12568403373796,0,0,0,999,0,5,1,33.0,38.1,0,19912.76127982997,False
TSH_40,2023-06,3.12568403373796,0,0,0,999,0,6,1,33.0,38.1,0,19912.76127982997,False
TSH_40,2023-07,3.12568403373796,0,0,0,999,0,7,1,33.0,38.1,0,19912.76127982997,False
TSH_40,2023-08,3.12568403373796,0,0,0,999,0,8,1,33.0,38.1,0,19912.76127982997,False
TSH_40,2023-09,3.12568403373796,0,0,0,999,0,9,1,33.0,38.1,0,19912.76127982997,False
TSH_40,2023-10,3.12568403373796,0,0,0,999,0,10,0,33.0,38.1,0,19912.76127982997,False
TSH_40,2023-11,3.12568403373796,0,0,0,999,0,11,0,33.0,38.1,0,19912.76127982997,False
TSH_40,2023-12,3.12568403373796,0,0,0,999,0,12,0,33.0,38.1,0,19912.76127982997,False
TSH_40,2024-01,3.12568403373796,0,0,0,999,0,1,0,33.0,38.1,0,19912.76127982997,False
TSH_40,2024-02,3.12568403373796,0,0,0,999,0,2,0,33.0,38.1,0,19912.76127982997,False
TSH_40,2024-03,3.12568403373796,0,0,0,999,0,3,0,33.0,38.1,0,19912.76127982997,False
TSH_40,2024-04,3.12568403373796,0,0,0,999,0,4,0,33.0,38.1,0,19912.76127982997,False
TSH_40,2024-05,3.12568403373796,0,0,0,999,0,5,1,33.0,38.1,0,19912.76127982997,False
TSH_40,2024-06,3.12568403373796,0,0,0,999,0,6,1,33.0,38.1,0,19912.76127982997,False
TSH_40,2024-07,3.12568403373796,0,0,0,999,0,7,1,33.0,38.1,0,19912.76127982997,False
TSH_40,2024-08,3.12568403373796,0,0,0,999,0,8,1,33.0,38.1,0,19912.76127982997,False
TSH_40,2024-09,3.12568403373796,0,0,0,999,0,9,1,33.0,38.1,0,19912.76127982997,False
TSH_40,2024-10,3.12568403373796,0,0,0,999,0,10,0,33.0,38.1,0,19912.76127982997,False
TSH_40,2024-11,3.12568403373796,0,0,0,999,0,11,0,33.0,38.1,0,19912.76127982997,False
TSH_40,2024-12,3.12568403373796,0,0,0,999,0,12,0,33.0,38.1,0,19912.76127982997,False
TSH_40,2025-01,3.12568403373796,0,0,0,999,0,1,0,33.0,38.1,0,19912.76127982997,False
TSH_40,2025-02,3.12568403373796,0,0,0,999,0,2,0,33.0,38.1,0,19912.76127982997,False
TSH_40,2025-03,3.12568403373796,0,0,0,999,0,3,0,33.0,38.1,0,19912.76127982997,False
TSH_40,2025-04,3.12568403373796,0,0,0,999,0,4,0,33.0,38.1,0,19912.76127982997,False
TSH_40,2025-05,3.12568403373796,0,0,0,999,0,5,1,33.0,38.1,0,19912.76127982997,False
TSH_40,2025-06,3.12568403373796,0,0,0,999,0,6,1,33.0,38.1,0,19912.76127982997,False
TSH_40,2025-07,3.12568403373796,0,0,0,999,0,7,1,33.0,38.1,0,19912.76127982997,False
TSH_40,2025-08,3.12568403373796,0,0,0,999,0,8,1,33.0,38.1,0,19912.76127982997,False
TSH_40,2025-09,3.12568403373796,0,0,0,999,0,9,1,33.0,38.1,0,19912.76127982997,False
TSH_40,2025-10,3.12568403373796,0,0,0,999,0,10,0,33.0,38.1,0,19912.76127982997,False
TSH_40,2025-11,3.12568403373796,0,0,0,999,0,11,0,33.0,38.1,0,19912.76127982997,False
TSH_40,2025-12,3.12568403373796,0,0,0,999,0,12,0,33.0,38.1,0,19912.76127982997,False
TSH_40,2026-01,3.12568403373796,0,0,0,999,0,1,0,33.0,38.1,0,19912.76127982997,False
TSH_40,2026-02,3.12568403373796,0,0,0,999,0,2,0,33.0,38.1,0,19912.76127982997,False
TSH_40,2026-03,3.12568403373796,0,0,0,999,0,3,0,33.0,38.1,0,19912.76127982997,False
TSH_41,2019-08,16.324508957941845,0,0,0,999,0,8,1,33.0,31.9,0,1128.1196909166845,False
TSH_41,2019-09,16.324508957941845,0,0,0,999,0,9,1,33.0,31.9,0,1128.1196909166845,False
TSH_41,2019-10,16.324508957941845,0,0,0,999,0,10,0,33.0,31.9,0,1128.1196909166845,False
TSH_41,2019-11,16.324508957941845,0,0,0,999,0,11,0,33.0,31.9,0,1128.1196909166845,False
TSH_41,2019-12,16.324508957941845,0,0,0,999,0,12,0,33.0,31.9,0,1128.1196909166845,False
TSH_41,2020-01,16.324508957941845,0,0,0,999,0,1,0,33.0,31.9,0,1128.1196909166845,False
TSH_41,2020-02,16.324508957941845,0,0,0,999,0,2,0,33.0,31.9,0,1128.1196909166845,False
TSH_41,2020-03,16.324508957941845,0,0,0,999,0,3,0,33.0,31.9,0,1128.1196909166845,False
TSH_41,2020-04,16.324508957941845,0,0,0,999,0,4,0,33.0,31.9,0,1128.1196909166845,False
TSH_41,2020-05,16.324508957941845,0,0,0,999,0,5,1,33.0,31.9,0,1128.1196909166845,False
TSH_41,2020-06,16.324508957941845,0,0,0,999,0,6,1,33.0,31.9,0,1128.1196909166845,False
TSH_41,2020-07,16.324508957941845,0,0,0,999,0,7,1,33.0,31.9,0,1128.1196909166845,False
TSH_41,2020-08,16.324508957941845,0,0,0,999,0,8,1,33.0,31.9,0,1128.1196909166845,False
TSH_41,2020-09,16.324508957941845,0,0,0,999,0,9,1,33.0,31.9,0,1128.1196909166845,False
TSH_41,2020-10,16.324508957941845,0,0,0,999,0,10,0,33.0,31.9,0,1128.1196909166845,False
TSH_41,2020-11,16.324508957941845,0,0,0,999,0,11,0,33.0,31.9,0,1128.1196909166845,False
TSH_41,2020-12,16.324508957941845,0,0,0,999,0,12,0,33.0,31.9,0,1128.1196909166845,False
TSH_41,2021-01,16.324508957941845,0,0,0,999,0,1,0,33.0,31.9,0,1128.1196909166845,False
TSH_41,2021-02,16.324508957941845,0,0,0,999,0,2,0,33.0,31.9,0,1128.1196909166845,False
TSH_41,2021-03,16.324508957941845,0,0,0,999,0,3,0,33.0,31.9,0,1128.1196909166845,False
TSH_41,2021-04,16.324508957941845,0,0,0,999,0,4,0,33.0,31.9,0,1128.1196909166845,False
TSH_41,2021-05,16.324508957941845,0,0,0,999,0,5,1,33.0,31.9,0,1128.1196909166845,False
TSH_41,2021-06,16.324508957941845,0,0,0,999,0,6,1,33.0,31.9,0,1128.1196909166845,False
TSH_41,2021-07,16.324508957941845,0,0,0,999,0,7,1,33.0,31.9,0,1128.1196909166845,False
TSH_41,2021-08,16.324508957941845,0,0,0,999,0,8,1,33.0,31.9,0,1128.1196909166845,False
TSH_41,2021-09,16.324508957941845,0,0,0,999,0,9,1,33.0,31.9,0,1128.1196909166845,False
TSH_41,2021-10,16.324508957941845,0,0,0,999,0,10,0,33.0,31.9,0,1128.1196909166845,False
TSH_41,2021-11,16.324508957941845,0,0,0,999,0,11,0,33.0,31.9,0,1128.1196909166845,False
TSH_41,2021-12,16.324508957941845,0,0,0,999,0,12,0,33.0,31.9,0,1128.1196909166845,False
TSH_41,2022-01,16.324508957941845,0,0,0,999,0,1,0,33.0,31.9,0,1128.1196909166845,False
TSH_41,2022-02,16.324508957941845,0,0,0,999,0,2,0,33.0,31.9,0,1128.1196909166845,False
TSH_41,2022-03,16.324508957941845,0,0,0,999,0,3,0,33.0,31.9,0,1128.1196909166845,False
TSH_41,2022-04,16.324508957941845,0,0,0,999,0,4,0,33.0,31.9,0,1128.1196909166845,False
TSH_41,2022-05,16.324508957941845,0,0,0,999,0,5,1,33.0,31.9,0,1128.1196909166845,False
TSH_41,2022-06,16.324508957941845,0,0,0,999,0,6,1,33.0,31.9,0,1128.1196909166845,False
TSH_41,2022-07,16.324508957941845,0,0,0,999,0,7,1,33.0,31.9,0,1128.1196909166845,False
TSH_41,2022-08,16.324508957941845,0,0,0,999,0,8,1,33.0,31.9,0,1128.1196909166845,False
TSH_41,2022-09,16.324508957941845,0,0,0,999,0,9,1,33.0,31.9,0,1128.1196909166845,False
TSH_41,2022-10,16.324508957941845,0,0,0,999,0,10,0,33.0,31.9,0,1128.1196909166845,False
TSH_41,2022-11,16.324508957941845,0,0,0,999,0,11,0,33.0,31.9,0,1128.1196909166845,False
TSH_41,2022-12,16.324508957941845,0,0,0,999,0,12,0,33.0,31.9,0,1128.1196909166845,False
TSH_41,2023-01,16.324508957941845,0,0,0,999,0,1,0,33.0,31.9,0,1128.1196909166845,False
TSH_41,2023-02,16.324508957941845,0,0,0,999,0,2,0,33.0,31.9,0,1128.1196909166845,False
TSH_41,2023-03,16.324508957941845,0,0,0,999,0,3,0,33.0,31.9,0,1128.1196909166845,False
TSH_41,2023-04,16.324508957941845,0,0,0,999,0,4,0,33.0,31.9,0,1128.1196909166845,False
TSH_41,2023-05,16.324508957941845,0,0,0,999,0,5,1,33.0,31.9,0,1128.1196909166845,False
TSH_41,2023-06,16.324508957941845,0,0,0,999,0,6,1,33.0,31.9,0,1128.1196909166845,False
TSH_41,2023-07,16.324508957941845,0,0,0,999,0,7,1,33.0,31.9,0,1128.1196909166845,False
TSH_41,2023-08,16.324508957941845,0,0,0,999,0,8,1,33.0,31.9,0,1128.1196909166845,False
TSH_41,2023-09,16.324508957941845,0,0,0,999,0,9,1,33.0,31.9,0,1128.1196909166845,False
TSH_41,2023-10,16.324508957941845,0,0,0,999,0,10,0,33.0,31.9,0,1128.1196909166845,False
TSH_41,2023-11,16.324508957941845,0,0,0,999,0,11,0,33.0,31.9,0,1128.1196909166845,False
TSH_41,2023-12,16.324508957941845,0,0,0,999,0,12,0,33.0,31.9,0,1128.1196909166845,False
TSH_41,2024-01,16.324508957941845,0,0,0,999,0,1,0,33.0,31.9,0,1128.1196909166845,False
TSH_41,2024-02,16.324508957941845,0,0,0,999,0,2,0,33.0,31.9,0,1128.1196909166845,False
TSH_41,2024-03,16.324508957941845,0,0,0,999,0,3,0,33.0,31.9,0,1128.1196909166845,False
TSH_41,2024-04,16.324508957941845,0,0,0,999,0,4,0,33.0,31.9,0,1128.1196909166845,False
TSH_41,2024-05,16.324508957941845,0,0,0,999,0,5,1,33.0,31.9,0,1128.1196909166845,False
TSH_41,2024-06,16.324508957941845,0,0,0,999,0,6,1,33.0,31.9,0,1128.1196909166845,False
TSH_41,2024-07,16.324508957941845,0,0,0,999,0,7,1,33.0,31.9,0,1128.1196909166845,False
TSH_41,2024-08,16.324508957941845,0,0,0,999,0,8,1,33.0,31.9,0,1128.1196909166845,False
TSH_41,2024-09,16.324508957941845,0,0,0,999,0,9,1,33.0,31.9,0,1128.1196909166845,False
TSH_41,2024-10,16.324508957941845,0,0,0,999,0,10,0,33.0,31.9,0,1128.1196909166845,False
TSH_41,2024-11,16.324508957941845,0,0,0,999,0,11,0,33.0,31.9,0,1128.1196909166845,False
TSH_41,2024-12,16.324508957941845,0,0,0,999,0,12,0,33.0,31.9,0,1128.1196909166845,False
TSH_41,2025-01,16.324508957941845,0,0,0,999,0,1,0,33.0,31.9,0,1128.1196909166845,False
TSH_41,2025-02,16.324508957941845,0,0,0,999,0,2,0,33.0,31.9,0,1128.1196909166845,False
TSH_41,2025-03,16.324508957941845,0,0,0,999,0,3,0,33.0,31.9,0,1128.1196909166845,False
TSH_41,2025-04,16.324508957941845,0,0,0,999,0,4,0,33.0,31.9,0,1128.1196909166845,False
TSH_41,2025-05,16.324508957941845,0,0,0,999,0,5,1,33.0,31.9,0,1128.1196909166845,False
TSH_41,2025-06,16.324508957941845,0,0,0,999,0,6,1,33.0,31.9,0,1128.1196909166845,False
TSH_41,2025-07,16.324508957941845,0,0,0,999,0,7,1,33.0,31.9,0,1128.1196909166845,False
TSH_41,2025-08,16.324508957941845,0,0,0,999,0,8,1,33.0,31.9,0,1128.1196909166845,False
TSH_41,2025-09,16.324508957941845,0,0,0,999,0,9,1,33.0,31.9,0,1128.1196909166845,False
TSH_41,2025-10,16.324508957941845,0,0,0,999,0,10,0,33.0,31.9,0,1128.1196909166845,False
TSH_41,2025-11,16.324508957941845,0,0,0,999,0,11,0,33.0,31.9,0,1128.1196909166845,False
TSH_41,2025-12,16.324508957941845,0,0,0,999,0,12,0,33.0,31.9,0,1128.1196909166845,False
TSH_41,2026-01,16.324508957941845,0,0,0,999,0,1,0,33.0,31.9,0,1128.1196909166845,False
TSH_41,2026-02,16.324508957941845,0,0,0,999,0,2,0,33.0,31.9,0,1128.1196909166845,False
TSH_41,2026-03,16.324508957941845,0,0,0,999,0,3,0,33.0,31.9,0,1128.1196909166845,False
TSH_42,2019-08,15.56683061725637,0,0,0,999,0,8,1,33.0,31.9,0,1310.0932682721264,False
TSH_42,2019-09,15.56683061725637,0,0,0,999,0,9,1,33.0,31.9,0,1310.0932682721264,False
TSH_42,2019-10,15.56683061725637,0,0,0,999,0,10,0,33.0,31.9,0,1310.0932682721264,False
TSH_42,2019-11,15.56683061725637,0,0,0,999,0,11,0,33.0,31.9,0,1310.0932682721264,False
TSH_42,2019-12,15.56683061725637,0,0,0,999,0,12,0,33.0,31.9,0,1310.0932682721264,False
TSH_42,2020-01,15.56683061725637,0,0,0,999,0,1,0,33.0,31.9,0,1310.0932682721264,False
TSH_42,2020-02,15.56683061725637,0,0,0,999,0,2,0,33.0,31.9,0,1310.0932682721264,False
TSH_42,2020-03,15.56683061725637,0,0,0,999,0,3,0,33.0,31.9,0,1310.0932682721264,False
TSH_42,2020-04,15.56683061725637,0,0,0,999,0,4,0,33.0,31.9,0,1310.0932682721264,False
TSH_42,2020-05,15.56683061725637,0,0,0,999,0,5,1,33.0,31.9,0,1310.0932682721264,False
TSH_42,2020-06,15.56683061725637,0,0,0,999,0,6,1,33.0,31.9,0,1310.0932682721264,False
TSH_42,2020-07,15.56683061725637,0,0,0,999,0,7,1,33.0,31.9,0,1310.0932682721264,False
TSH_42,2020-08,15.56683061725637,0,0,0,999,0,8,1,33.0,31.9,0,1310.0932682721264,False
TSH_42,2020-09,15.56683061725637,0,0,0,999,0,9,1,33.0,31.9,0,1310.0932682721264,False
TSH_42,2020-10,15.56683061725637,0,0,0,999,0,10,0,33.0,31.9,0,1310.0932682721264,False
TSH_42,2020-11,15.56683061725637,0,0,0,999,0,11,0,33.0,31.9,0,1310.0932682721264,False
TSH_42,2020-12,15.56683061725637,0,0,0,999,0,12,0,33.0,31.9,0,1310.0932682721264,False
TSH_42,2021-01,15.56683061725637,0,0,0,999,0,1,0,33.0,31.9,0,1310.0932682721264,False
TSH_42,2021-02,15.56683061725637,0,0,0,999,0,2,0,33.0,31.9,0,1310.0932682721264,False
TSH_42,2021-03,15.56683061725637,0,0,0,999,0,3,0,33.0,31.9,0,1310.0932682721264,False
TSH_42,2021-04,15.56683061725637,0,0,0,999,0,4,0,33.0,31.9,0,1310.0932682721264,False
TSH_42,2021-05,15.56683061725637,0,0,0,999,0,5,1,33.0,31.9,0,1310.0932682721264,False
TSH_42,2021-06,15.56683061725637,0,0,0,999,0,6,1,33.0,31.9,0,1310.0932682721264,False
TSH_42,2021-07,15.56683061725637,0,0,0,999,0,7,1,33.0,31.9,0,1310.0932682721264,False
TSH_42,2021-08,15.56683061725637,0,0,0,999,0,8,1,33.0,31.9,0,1310.0932682721264,False
TSH_42,2021-09,15.56683061725637,0,0,0,999,0,9,1,33.0,31.9,0,1310.0932682721264,False
TSH_42,2021-10,15.56683061725637,0,0,0,999,0,10,0,33.0,31.9,0,1310.0932682721264,False
TSH_42,2021-11,15.56683061725637,0,0,0,999,0,11,0,33.0,31.9,0,1310.0932682721264,False
TSH_42,2021-12,15.56683061725637,0,0,0,999,0,12,0,33.0,31.9,0,1310.0932682721264,False
TSH_42,2022-01,15.56683061725637,0,0,0,999,0,1,0,33.0,31.9,0,1310.0932682721264,False
TSH_42,2022-02,15.56683061725637,0,0,0,999,0,2,0,33.0,31.9,0,1310.0932682721264,False
TSH_42,2022-03,15.56683061725637,0,0,0,999,0,3,0,33.0,31.9,0,1310.0932682721264,False
TSH_42,2022-04,15.56683061725637,0,0,0,999,0,4,0,33.0,31.9,0,1310.0932682721264,False
TSH_42,2022-05,15.56683061725637,0,0,0,999,0,5,1,33.0,31.9,0,1310.0932682721264,False
TSH_42,2022-06,15.56683061725637,0,0,0,999,0,6,1,33.0,31.9,0,1310.0932682721264,False
TSH_42,2022-07,15.56683061725637,0,0,0,999,0,7,1,33.0,31.9,0,1310.0932682721264,False
TSH_42,2022-08,15.56683061725637,0,0,0,999,0,8,1,33.0,31.9,0,1310.0932682721264,False
TSH_42,2022-09,15.56683061725637,0,0,0,999,0,9,1,33.0,31.9,0,1310.0932682721264,False
TSH_42,2022-10,15.56683061725637,0,0,0,999,0,10,0,33.0,31.9,0,1310.0932682721264,False
TSH_42,2022-11,15.56683061725637,0,0,0,999,0,11,0,33.0,31.9,0,1310.0932682721264,False
TSH_42,2022-12,15.56683061725637,0,0,0,999,0,12,0,33.0,31.9,0,1310.0932682721264,False
TSH_42,2023-01,15.56683061725637,0,0,0,999,0,1,0,33.0,31.9,0,1310.0932682721264,False
TSH_42,2023-02,15.56683061725637,0,0,0,999,0,2,0,33.0,31.9,0,1310.0932682721264,False
TSH_42,2023-03,15.56683061725637,0,0,0,999,0,3,0,33.0,31.9,0,1310.0932682721264,False
TSH_42,2023-04,15.56683061725637,0,0,0,999,0,4,0,33.0,31.9,0,1310.0932682721264,False
TSH_42,2023-05,15.56683061725637,0,0,0,999,0,5,1,33.0,31.9,0,1310.0932682721264,False
TSH_42,2023-06,15.56683061725637,0,0,0,999,0,6,1,33.0,31.9,0,1310.0932682721264,False
TSH_42,2023-07,15.56683061725637,0,0,0,999,0,7,1,33.0,31.9,0,1310.0932682721264,False
TSH_42,2023-08,15.56683061725637,0,0,0,999,0,8,1,33.0,31.9,0,1310.0932682721264,False
TSH_42,2023-09,15.56683061725637,0,0,0,999,0,9,1,33.0,31.9,0,1310.0932682721264,False
TSH_42,2023-10,15.56683061725637,0,0,0,999,0,10,0,33.0,31.9,0,1310.0932682721264,False
TSH_42,2023-11,15.56683061725637,0,0,0,999,0,11,0,33.0,31.9,0,1310.0932682721264,False
TSH_42,2023-12,15.56683061725637,0,0,0,999,0,12,0,33.0,31.9,0,1310.0932682721264,False
TSH_42,2024-01,15.56683061725637,0,0,0,999,0,1,0,33.0,31.9,0,1310.0932682721264,False
TSH_42,2024-02,15.56683061725637,0,0,0,999,0,2,0,33.0,31.9,0,1310.0932682721264,False
TSH_42,2024-03,15.56683061725637,0,0,0,999,0,3,0,33.0,31.9,0,1310.0932682721264,False
TSH_42,2024-04,15.56683061725637,0,0,0,999,0,4,0,33.0,31.9,0,1310.0932682721264,False
TSH_42,2024-05,15.56683061725637,0,0,0,999,0,5,1,33.0,31.9,0,1310.0932682721264,False
TSH_42,2024-06,15.56683061725637,0,0,0,999,0,6,1,33.0,31.9,0,1310.0932682721264,False
TSH_42,2024-07,15.56683061725637,0,0,0,999,0,7,1,33.0,31.9,0,1310.0932682721264,False
TSH_42,2024-08,15.56683061725637,0,0,0,999,0,8,1,33.0,31.9,0,1310.0932682721264,False
TSH_42,2024-09,15.56683061725637,0,0,0,999,0,9,1,33.0,31.9,0,1310.0932682721264,False
TSH_42,2024-10,15.56683061725637,0,0,0,999,0,10,0,33.0,31.9,0,1310.0932682721264,False
TSH_42,2024-11,15.56683061725637,0,0,0,999,0,11,0,33.0,31.9,0,1310.0932682721264,False
TSH_42,2024-12,15.56683061725637,0,0,0,999,0,12,0,33.0,31.9,0,1310.0932682721264,False
TSH_42,2025-01,15.56683061725637,0,0,0,999,0,1,0,33.0,31.9,0,1310.0932682721264,False
TSH_42,2025-02,15.56683061725637,0,0,0,999,0,2,0,33.0,31.9,0,1310.0932682721264,False
TSH_42,2025-03,15.56683061725637,0,0,0,999,0,3,0,33.0,31.9,0,1310.0932682721264,False
TSH_42,2025-04,15.56683061725637,0,0,0,999,0,4,0,33.0,31.9,0,1310.0932682721264,False
TSH_42,2025-05,15.56683061725637,0,0,0,999,0,5,1,33.0,31.9,0,1310.0932682721264,False
TSH_42,2025-06,15.56683061725637,0,0,0,999,0,6,1,33.0,31.9,0,1310.0932682721264,False
TSH_42,2025-07,15.56683061725637,0,0,0,999,0,7,1,33.0,31.9,0,1310.0932682721264,False
TSH_42,2025-08,15.56683061725637,0,0,0,999,0,8,1,33.0,31.9,0,1310.0932682721264,False
TSH_42,2025-09,15.56683061725637,0,0,0,999,0,9,1,33.0,31.9,0,1310.0932682721264,False
TSH_42,2025-10,15.56683061725637,0,0,0,999,0,10,0,33.0,31.9,0,1310.0932682721264,False
TSH_42,2025-11,15.56683061725637,0,0,0,999,0,11,0,33.0,31.9,0,1310.0932682721264,False
TSH_42,2025-12,15.56683061725637,0,0,0,999,0,12,0,33.0,31.9,0,1310.0932682721264,False
TSH_42,2026-01,15.56683061725637,0,0,0,999,0,1,0,33.0,31.9,0,1310.0932682721264,False
TSH_42,2026-02,15.56683061725637,0,0,0,999,0,2,0,33.0,31.9,0,1310.0932682721264,False
TSH_42,2026-03,15.56683061725637,0,0,0,999,0,3,0,33.0,31.9,0,1310.0932682721264,False
TSH_43,2019-08,8.362014821224543,0,0,0,999,0,8,1,33.0,38.1,0,3128.073862486833,False
TSH_43,2019-09,8.362014821224543,0,0,0,999,0,9,1,33.0,38.1,0,3128.073862486833,False
TSH_43,2019-10,8.362014821224543,0,0,0,999,0,10,0,33.0,38.1,0,3128.073862486833,False
TSH_43,2019-11,8.362014821224543,0,0,0,999,0,11,0,33.0,38.1,0,3128.073862486833,False
TSH_43,2019-12,8.362014821224543,0,0,0,999,0,12,0,33.0,38.1,0,3128.073862486833,False
TSH_43,2020-01,8.362014821224543,0,0,0,999,0,1,0,33.0,38.1,0,3128.073862486833,False
TSH_43,2020-02,8.362014821224543,0,0,0,999,0,2,0,33.0,38.1,0,3128.073862486833,False
TSH_43,2020-03,8.362014821224543,0,0,0,999,0,3,0,33.0,38.1,0,3128.073862486833,False
TSH_43,2020-04,8.362014821224543,0,0,0,999,0,4,0,33.0,38.1,0,3128.073862486833,False
TSH_43,2020-05,8.362014821224543,0,0,0,999,0,5,1,33.0,38.1,0,3128.073862486833,False
TSH_43,2020-06,8.362014821224543,0,0,0,999,0,6,1,33.0,38.1,0,3128.073862486833,False
TSH_43,2020-07,8.362014821224543,0,0,0,999,0,7,1,33.0,38.1,0,3128.073862486833,False
TSH_43,2020-08,8.362014821224543,0,0,0,999,0,8,1,33.0,38.1,0,3128.073862486833,False
TSH_43,2020-09,8.362014821224543,0,0,0,999,0,9,1,33.0,38.1,0,3128.073862486833,False
TSH_43,2020-10,8.362014821224543,0,0,0,999,0,10,0,33.0,38.1,0,3128.073862486833,False
TSH_43,2020-11,8.362014821224543,0,0,0,999,0,11,0,33.0,38.1,0,3128.073862486833,False
TSH_43,2020-12,8.362014821224543,0,0,0,999,0,12,0,33.0,38.1,0,3128.073862486833,False
TSH_43,2021-01,8.362014821224543,0,0,0,999,0,1,0,33.0,38.1,0,3128.073862486833,False
TSH_43,2021-02,8.362014821224543,0,0,0,999,0,2,0,33.0,38.1,0,3128.073862486833,False
TSH_43,2021-03,8.362014821224543,0,0,0,999,0,3,0,33.0,38.1,0,3128.073862486833,False
TSH_43,2021-04,8.362014821224543,0,0,0,999,0,4,0,33.0,38.1,0,3128.073862486833,False
TSH_43,2021-05,8.362014821224543,0,0,0,999,0,5,1,33.0,38.1,0,3128.073862486833,False
TSH_43,2021-06,8.362014821224543,0,0,0,999,0,6,1,33.0,38.1,0,3128.073862486833,False
TSH_43,2021-07,8.362014821224543,0,0,0,999,0,7,1,33.0,38.1,0,3128.073862486833,False
TSH_43,2021-08,8.362014821224543,0,0,0,999,0,8,1,33.0,38.1,0,3128.073862486833,False
TSH_43,2021-09,8.362014821224543,0,0,0,999,0,9,1,33.0,38.1,0,3128.073862486833,False
TSH_43,2021-10,8.362014821224543,0,0,0,999,0,10,0,33.0,38.1,0,3128.073862486833,False
TSH_43,2021-11,8.362014821224543,0,0,0,999,0,11,0,33.0,38.1,0,3128.073862486833,False
TSH_43,2021-12,8.362014821224543,0,0,0,999,0,12,0,33.0,38.1,0,3128.073862486833,False
TSH_43,2022-01,8.362014821224543,0,0,0,999,0,1,0,33.0,38.1,0,3128.073862486833,False
TSH_43,2022-02,8.362014821224543,0,0,0,999,0,2,0,33.0,38.1,0,3128.073862486833,False
TSH_43,2022-03,8.362014821224543,0,0,0,999,0,3,0,33.0,38.1,0,3128.073862486833,False
TSH_43,2022-04,8.362014821224543,0,0,0,999,0,4,0,33.0,38.1,0,3128.073862486833,False
TSH_43,2022-05,8.362014821224543,0,0,0,999,0,5,1,33.0,38.1,0,3128.073862486833,False
TSH_43,2022-06,8.362014821224543,0,0,0,999,0,6,1,33.0,38.1,0,3128.073862486833,False
TSH_43,2022-07,8.362014821224543,0,0,0,999,0,7,1,33.0,38.1,0,3128.073862486833,False
TSH_43,2022-08,8.362014821224543,0,0,0,999,0,8,1,33.0,38.1,0,3128.073862486833,False
TSH_43,2022-09,8.362014821224543,0,0,0,999,0,9,1,33.0,38.1,0,3128.073862486833,False
TSH_43,2022-10,8.362014821224543,0,0,0,999,0,10,0,33.0,38.1,0,3128.073862486833,False
TSH_43,2022-11,8.362014821224543,0,0,0,999,0,11,0,33.0,38.1,0,3128.073862486833,False
TSH_43,2022-12,8.362014821224543,0,0,0,999,0,12,0,33.0,38.1,0,3128.073862486833,False
TSH_43,2023-01,8.362014821224543,0,0,0,999,0,1,0,33.0,38.1,0,3128.073862486833,False
TSH_43,2023-02,8.362014821224543,0,0,0,999,0,2,0,33.0,38.1,0,3128.073862486833,False
TSH_43,2023-03,8.362014821224543,0,0,0,999,0,3,0,33.0,38.1,0,3128.073862486833,False
TSH_43,2023-04,8.362014821224543,0,0,0,999,0,4,0,33.0,38.1,0,3128.073862486833,False
TSH_43,2023-05,8.362014821224543,0,0,0,999,0,5,1,33.0,38.1,0,3128.073862486833,False
TSH_43,2023-06,8.362014821224543,0,0,0,999,0,6,1,33.0,38.1,0,3128.073862486833,False
TSH_43,2023-07,8.362014821224543,0,0,0,999,0,7,1,33.0,38.1,0,3128.073862486833,False
TSH_43,2023-08,8.362014821224543,0,0,0,999,0,8,1,33.0,38.1,0,3128.073862486833,False
TSH_43,2023-09,8.362014821224543,0,0,0,999,0,9,1,33.0,38.1,0,3128.073862486833,False
TSH_43,2023-10,8.362014821224543,0,0,0,999,0,10,0,33.0,38.1,0,3128.073862486833,False
TSH_43,2023-11,8.362014821224543,0,0,0,999,0,11,0,33.0,38.1,0,3128.073862486833,False
TSH_43,2023-12,8.362014821224543,0,0,0,999,0,12,0,33.0,38.1,0,3128.073862486833,False
TSH_43,2024-01,8.362014821224543,0,0,0,999,0,1,0,33.0,38.1,0,3128.073862486833,False
TSH_43,2024-02,8.362014821224543,0,0,0,999,0,2,0,33.0,38.1,0,3128.073862486833,False
TSH_43,2024-03,8.362014821224543,0,0,0,999,0,3,0,33.0,38.1,0,3128.073862486833,False
TSH_43,2024-04,8.362014821224543,0,0,0,999,0,4,0,33.0,38.1,0,3128.073862486833,False
TSH_43,2024-05,8.362014821224543,0,0,0,999,0,5,1,33.0,38.1,0,3128.073862486833,False
TSH_43,2024-06,8.362014821224543,0,0,0,999,0,6,1,33.0,38.1,0,3128.073862486833,False
TSH_43,2024-07,8.362014821224543,0,0,0,999,0,7,1,33.0,38.1,0,3128.073862486833,False
TSH_43,2024-08,8.362014821224543,0,0,0,999,0,8,1,33.0,38.1,0,3128.073862486833,False
TSH_43,2024-09,8.362014821224543,0,0,0,999,0,9,1,33.0,38.1,0,3128.073862486833,False
TSH_43,2024-10,8.362014821224543,0,0,0,999,0,10,0,33.0,38.1,0,3128.073862486833,False
TSH_43,2024-11,8.362014821224543,0,0,0,999,0,11,0,33.0,38.1,0,3128.073862486833,False
TSH_43,2024-12,8.362014821224543,0,0,0,999,0,12,0,33.0,38.1,0,3128.073862486833,False
TSH_43,2025-01,8.362014821224543,0,0,0,999,0,1,0,33.0,38.1,0,3128.073862486833,False
TSH_43,2025-02,8.362014821224543,0,0,0,999,0,2,0,33.0,38.1,0,3128.073862486833,False
TSH_43,2025-03,8.362014821224543,0,0,0,999,0,3,0,33.0,38.1,0,3128.073862486833,False
TSH_43,2025-04,8.362014821224543,0,0,0,999,0,4,0,33.0,38.1,0,3128.073862486833,False
TSH_43,2025-05,8.362014821224543,0,0,0,999,0,5,1,33.0,38.1,0,3128.073862486833,False
TSH_43,2025-06,8.362014821224543,0,0,0,999,0,6,1,33.0,38.1,0,3128.073862486833,False
TSH_43,2025-07,8.362014821224543,0,0,0,999,0,7,1,33.0,38.1,0,3128.073862486833,False
TSH_43,2025-08,8.362014821224543,0,0,0,999,0,8,1,33.0,38.1,0,3128.073862486833,False
TSH_43,2025-09,8.362014821224543,0,0,0,999,0,9,1,33.0,38.1,0,3128.073862486833,False
TSH_43,2025-10,8.362014821224543,0,0,0,999,0,10,0,33.0,38.1,0,3128.073862486833,False
TSH_43,2025-11,8.362014821224543,0,0,0,999,0,11,0,33.0,38.1,0,3128.073862486833,False
TSH_43,2025-12,8.362014821224543,0,0,0,999,0,12,0,33.0,38.1,0,3128.073862486833,False
TSH_43,2026-01,8.362014821224543,0,0,0,999,0,1,0,33.0,38.1,0,3128.073862486833,False
TSH_43,2026-02,8.362014821224543,0,0,0,999,0,2,0,33.0,38.1,0,3128.073862486833,False
TSH_43,2026-03,8.362014821224543,0,0,0,999,0,3,0,33.0,38.1,0,3128.073862486833,False
TSH_44,2019-08,9.036037481771384,0,0,0,999,0,8,1,33.0,31.9,0,2002.4263994589953,False
TSH_44,2019-09,9.036037481771384,0,0,0,999,0,9,1,33.0,31.9,0,2002.4263994589953,False
TSH_44,2019-10,9.036037481771384,0,0,0,999,0,10,0,33.0,31.9,0,2002.4263994589953,False
TSH_44,2019-11,9.036037481771384,0,0,0,999,0,11,0,33.0,31.9,0,2002.4263994589953,False
TSH_44,2019-12,9.036037481771384,0,0,0,999,0,12,0,33.0,31.9,0,2002.4263994589953,False
TSH_44,2020-01,9.036037481771384,0,0,0,999,0,1,0,33.0,31.9,0,2002.4263994589953,False
TSH_44,2020-02,9.036037481771384,0,0,0,999,0,2,0,33.0,31.9,0,2002.4263994589953,False
TSH_44,2020-03,9.036037481771384,0,0,0,999,0,3,0,33.0,31.9,0,2002.4263994589953,False
TSH_44,2020-04,9.036037481771384,0,0,0,999,0,4,0,33.0,31.9,0,2002.4263994589953,False
TSH_44,2020-05,9.036037481771384,0,0,0,999,0,5,1,33.0,31.9,0,2002.4263994589953,False
TSH_44,2020-06,9.036037481771384,0,0,0,999,0,6,1,33.0,31.9,0,2002.4263994589953,False
TSH_44,2020-07,9.036037481771384,0,0,0,999,0,7,1,33.0,31.9,0,2002.4263994589953,False
TSH_44,2020-08,9.036037481771384,0,0,0,999,0,8,1,33.0,31.9,0,2002.4263994589953,False
TSH_44,2020-09,9.036037481771384,0,0,0,999,0,9,1,33.0,31.9,0,2002.4263994589953,False
TSH_44,2020-10,9.036037481771384,0,0,0,999,0,10,0,33.0,31.9,0,2002.4263994589953,False
TSH_44,2020-11,9.036037481771384,0,0,0,999,0,11,0,33.0,31.9,0,2002.4263994589953,False
TSH_44,2020-12,9.036037481771384,0,0,0,999,0,12,0,33.0,31.9,0,2002.4263994589953,False
TSH_44,2021-01,9.036037481771384,0,0,0,999,0,1,0,33.0,31.9,0,2002.4263994589953,False
TSH_44,2021-02,9.036037481771384,0,0,0,999,0,2,0,33.0,31.9,0,2002.4263994589953,False
TSH_44,2021-03,9.036037481771384,0,0,0,999,0,3,0,33.0,31.9,0,2002.4263994589953,False
TSH_44,2021-04,9.036037481771384,0,0,0,999,0,4,0,33.0,31.9,0,2002.4263994589953,False
TSH_44,2021-05,9.036037481771384,0,0,0,999,0,5,1,33.0,31.9,0,2002.4263994589953,False
TSH_44,2021-06,9.036037481771384,0,0,0,999,0,6,1,33.0,31.9,0,2002.4263994589953,False
TSH_44,2021-07,9.036037481771384,0,0,0,999,0,7,1,33.0,31.9,0,2002.4263994589953,False
TSH_44,2021-08,9.036037481771384,0,0,0,999,0,8,1,33.0,31.9,0,2002.4263994589953,False
TSH_44,2021-09,9.036037481771384,0,0,0,999,0,9,1,33.0,31.9,0,2002.4263994589953,False
TSH_44,2021-10,9.036037481771384,0,0,0,999,0,10,0,33.0,31.9,0,2002.4263994589953,False
TSH_44,2021-11,9.036037481771384,0,0,0,999,0,11,0,33.0,31.9,0,2002.4263994589953,False
TSH_44,2021-12,9.036037481771384,0,0,0,999,0,12,0,33.0,31.9,0,2002.4263994589953,False
TSH_44,2022-01,9.036037481771384,0,0,0,999,0,1,0,33.0,31.9,0,2002.4263994589953,False
TSH_44,2022-02,9.036037481771384,0,0,0,999,0,2,0,33.0,31.9,0,2002.4263994589953,False
TSH_44,2022-03,9.036037481771384,0,0,0,999,0,3,0,33.0,31.9,0,2002.4263994589953,False
TSH_44,2022-04,9.036037481771384,0,0,0,999,0,4,0,33.0,31.9,0,2002.4263994589953,False
TSH_44,2022-05,9.036037481771384,0,0,0,999,0,5,1,33.0,31.9,0,2002.4263994589953,False
TSH_44,2022-06,9.036037481771384,0,0,0,999,0,6,1,33.0,31.9,0,2002.4263994589953,False
TSH_44,2022-07,9.036037481771384,0,0,0,999,0,7,1,33.0,31.9,0,2002.4263994589953,False
TSH_44,2022-08,9.036037481771384,0,0,0,999,0,8,1,33.0,31.9,0,2002.4263994589953,False
TSH_44,2022-09,9.036037481771384,0,0,0,999,0,9,1,33.0,31.9,0,2002.4263994589953,False
TSH_44,2022-10,9.036037481771384,0,0,0,999,0,10,0,33.0,31.9,0,2002.4263994589953,False
TSH_44,2022-11,9.036037481771384,0,0,0,999,0,11,0,33.0,31.9,0,2002.4263994589953,False
TSH_44,2022-12,9.036037481771384,0,0,0,999,0,12,0,33.0,31.9,0,2002.4263994589953,False
TSH_44,2023-01,9.036037481771384,0,0,0,999,0,1,0,33.0,31.9,0,2002.4263994589953,False
TSH_44,2023-02,9.036037481771384,0,0,0,999,0,2,0,33.0,31.9,0,2002.4263994589953,False
TSH_44,2023-03,9.036037481771384,0,0,0,999,0,3,0,33.0,31.9,0,2002.4263994589953,False
TSH_44,2023-04,9.036037481771384,0,0,0,999,0,4,0,33.0,31.9,0,2002.4263994589953,False
TSH_44,2023-05,9.036037481771384,0,0,0,999,0,5,1,33.0,31.9,0,2002.4263994589953,False
TSH_44,2023-06,9.036037481771384,0,0,0,999,0,6,1,33.0,31.9,0,2002.4263994589953,False
TSH_44,2023-07,9.036037481771384,0,0,0,999,0,7,1,33.0,31.9,0,2002.4263994589953,False
TSH_44,2023-08,9.036037481771384,0,0,0,999,0,8,1,33.0,31.9,0,2002.4263994589953,False
TSH_44,2023-09,9.036037481771384,0,0,0,999,0,9,1,33.0,31.9,0,2002.4263994589953,False
TSH_44,2023-10,9.036037481771384,0,0,0,999,0,10,0,33.0,31.9,0,2002.4263994589953,False
TSH_44,2023-11,9.036037481771384,0,0,0,999,0,11,0,33.0,31.9,0,2002.4263994589953,False
TSH_44,2023-12,9.036037481771384,0,0,0,999,0,12,0,33.0,31.9,0,2002.4263994589953,False
TSH_44,2024-01,9.036037481771384,0,0,0,999,0,1,0,33.0,31.9,0,2002.4263994589953,False
TSH_44,2024-02,9.036037481771384,0,0,0,999,0,2,0,33.0,31.9,0,2002.4263994589953,False
TSH_44,2024-03,9.036037481771384,0,0,0,999,0,3,0,33.0,31.9,0,2002.4263994589953,False
TSH_44,2024-04,9.036037481771384,0,0,0,999,0,4,0,33.0,31.9,0,2002.4263994589953,False
TSH_44,2024-05,9.036037481771384,0,0,0,999,0,5,1,33.0,31.9,0,2002.4263994589953,False
TSH_44,2024-06,9.036037481771384,0,0,0,999,0,6,1,33.0,31.9,0,2002.4263994589953,False
TSH_44,2024-07,9.036037481771384,0,0,0,999,0,7,1,33.0,31.9,0,2002.4263994589953,False
TSH_44,2024-08,9.036037481771384,0,0,0,999,0,8,1,33.0,31.9,0,2002.4263994589953,False
TSH_44,2024-09,9.036037481771384,0,0,0,999,0,9,1,33.0,31.9,0,2002.4263994589953,False
TSH_44,2024-10,9.036037481771384,0,0,0,999,0,10,0,33.0,31.9,0,2002.4263994589953,False
TSH_44,2024-11,9.036037481771384,0,0,0,999,0,11,0,33.0,31.9,0,2002.4263994589953,False
TSH_44,2024-12,9.036037481771384,0,0,0,999,0,12,0,33.0,31.9,0,2002.4263994589953,False
TSH_44,2025-01,9.036037481771384,0,0,0,999,0,1,0,33.0,31.9,0,2002.4263994589953,False
TSH_44,2025-02,9.036037481771384,0,0,0,999,0,2,0,33.0,31.9,0,2002.4263994589953,False
TSH_44,2025-03,9.036037481771384,0,0,0,999,0,3,0,33.0,31.9,0,2002.4263994589953,False
TSH_44,2025-04,9.036037481771384,0,0,0,999,0,4,0,33.0,31.9,0,2002.4263994589953,False
TSH_44,2025-05,9.036037481771384,0,0,0,999,0,5,1,33.0,31.9,0,2002.4263994589953,False
TSH_44,2025-06,9.036037481771384,0,0,0,999,0,6,1,33.0,31.9,0,2002.4263994589953,False
TSH_44,2025-07,9.036037481771384,0,0,0,999,0,7,1,33.0,31.9,0,2002.4263994589953,False
TSH_44,2025-08,9.036037481771384,0,0,0,999,0,8,1,33.0,31.9,0,2002.4263994589953,False
TSH_44,2025-09,9.036037481771384,0,0,0,999,0,9,1,33.0,31.9,0,2002.4263994589953,False
TSH_44,2025-10,9.036037481771384,0,0,0,999,0,10,0,33.0,31.9,0,2002.4263994589953,False
TSH_44,2025-11,9.036037481771384,0,0,0,999,0,11,0,33.0,31.9,0,2002.4263994589953,False
TSH_44,2025-12,9.036037481771384,0,0,0,999,0,12,0,33.0,31.9,0,2002.4263994589953,False
TSH_44,2026-01,9.036037481771384,0,0,0,999,0,1,0,33.0,31.9,0,2002.4263994589953,False
TSH_44,2026-02,9.036037481771384,0,0,0,999,0,2,0,33.0,31.9,0,2002.4263994589953,False
TSH_44,2026-03,9.036037481771384,0,0,0,999,0,3,0,33.0,31.9,0,2002.4263994589953,False
TSH_45,2019-08,8.316279355030021,0,0,0,999,0,8,1,33.0,31.9,0,1337.3769116200945,False
TSH_45,2019-09,8.316279355030021,0,0,0,999,0,9,1,33.0,31.9,0,1337.3769116200945,False
TSH_45,2019-10,8.316279355030021,0,0,0,999,0,10,0,33.0,31.9,0,1337.3769116200945,False
TSH_45,2019-11,8.316279355030021,0,0,0,999,0,11,0,33.0,31.9,0,1337.3769116200945,False
TSH_45,2019-12,8.316279355030021,0,0,0,999,0,12,0,33.0,31.9,0,1337.3769116200945,False
TSH_45,2020-01,8.316279355030021,0,0,0,999,0,1,0,33.0,31.9,0,1337.3769116200945,False
TSH_45,2020-02,8.316279355030021,0,0,0,999,0,2,0,33.0,31.9,0,1337.3769116200945,False
TSH_45,2020-03,8.316279355030021,0,0,0,999,0,3,0,33.0,31.9,0,1337.3769116200945,False
TSH_45,2020-04,8.316279355030021,0,0,0,999,0,4,0,33.0,31.9,0,1337.3769116200945,False
TSH_45,2020-05,8.316279355030021,0,0,0,999,0,5,1,33.0,31.9,0,1337.3769116200945,False
TSH_45,2020-06,8.316279355030021,0,0,0,999,0,6,1,33.0,31.9,0,1337.3769116200945,False
TSH_45,2020-07,8.316279355030021,0,0,0,999,0,7,1,33.0,31.9,0,1337.3769116200945,False
TSH_45,2020-08,8.316279355030021,0,0,0,999,0,8,1,33.0,31.9,0,1337.3769116200945,False
TSH_45,2020-09,8.316279355030021,0,0,0,999,0,9,1,33.0,31.9,0,1337.3769116200945,False
TSH_45,2020-10,8.316279355030021,0,0,0,999,0,10,0,33.0,31.9,0,1337.3769116200945,False
TSH_45,2020-11,8.316279355030021,0,0,0,999,0,11,0,33.0,31.9,0,1337.3769116200945,False
TSH_45,2020-12,8.316279355030021,0,0,0,999,0,12,0,33.0,31.9,0,1337.3769116200945,False
TSH_45,2021-01,8.316279355030021,0,0,0,999,0,1,0,33.0,31.9,0,1337.3769116200945,False
TSH_45,2021-02,8.316279355030021,0,0,0,999,0,2,0,33.0,31.9,0,1337.3769116200945,False
TSH_45,2021-03,8.316279355030021,0,0,0,999,0,3,0,33.0,31.9,0,1337.3769116200945,False
TSH_45,2021-04,8.316279355030021,0,0,0,999,0,4,0,33.0,31.9,0,1337.3769116200945,False
TSH_45,2021-05,8.316279355030021,0,0,0,999,0,5,1,33.0,31.9,0,1337.3769116200945,False
TSH_45,2021-06,8.316279355030021,0,0,0,999,0,6,1,33.0,31.9,0,1337.3769116200945,False
TSH_45,2021-07,8.316279355030021,0,0,0,999,0,7,1,33.0,31.9,0,1337.3769116200945,False
TSH_45,2021-08,8.316279355030021,0,0,0,999,0,8,1,33.0,31.9,0,1337.3769116200945,False
TSH_45,2021-09,8.316279355030021,0,0,0,999,0,9,1,33.0,31.9,0,1337.3769116200945,False
TSH_45,2021-10,8.316279355030021,0,0,0,999,0,10,0,33.0,31.9,0,1337.3769116200945,False
TSH_45,2021-11,8.316279355030021,0,0,0,999,0,11,0,33.0,31.9,0,1337.3769116200945,False
TSH_45,2021-12,8.316279355030021,0,0,0,999,0,12,0,33.0,31.9,0,1337.3769116200945,False
TSH_45,2022-01,8.316279355030021,0,0,0,999,0,1,0,33.0,31.9,0,1337.3769116200945,False
TSH_45,2022-02,8.316279355030021,0,0,0,999,0,2,0,33.0,31.9,0,1337.3769116200945,False
TSH_45,2022-03,8.316279355030021,0,0,0,999,0,3,0,33.0,31.9,0,1337.3769116200945,False
TSH_45,2022-04,8.316279355030021,0,0,0,999,0,4,0,33.0,31.9,0,1337.3769116200945,False
TSH_45,2022-05,8.316279355030021,0,0,0,999,0,5,1,33.0,31.9,0,1337.3769116200945,False
TSH_45,2022-06,8.316279355030021,0,0,0,999,0,6,1,33.0,31.9,0,1337.3769116200945,False
TSH_45,2022-07,8.316279355030021,0,0,0,999,0,7,1,33.0,31.9,0,1337.3769116200945,False
TSH_45,2022-08,8.316279355030021,0,0,0,999,0,8,1,33.0,31.9,0,1337.3769116200945,False
TSH_45,2022-09,8.316279355030021,0,0,0,999,0,9,1,33.0,31.9,0,1337.3769116200945,False
TSH_45,2022-10,8.316279355030021,0,0,0,999,0,10,0,33.0,31.9,0,1337.3769116200945,False
TSH_45,2022-11,8.316279355030021,0,0,0,999,0,11,0,33.0,31.9,0,1337.3769116200945,False
TSH_45,2022-12,8.316279355030021,0,0,0,999,0,12,0,33.0,31.9,0,1337.3769116200945,False
TSH_45,2023-01,8.316279355030021,0,0,0,999,0,1,0,33.0,31.9,0,1337.3769116200945,False
TSH_45,2023-02,8.316279355030021,0,0,0,999,0,2,0,33.0,31.9,0,1337.3769116200945,False
TSH_45,2023-03,8.316279355030021,0,0,0,999,0,3,0,33.0,31.9,0,1337.3769116200945,False
TSH_45,2023-04,8.316279355030021,0,0,0,999,0,4,0,33.0,31.9,0,1337.3769116200945,False
TSH_45,2023-05,8.316279355030021,0,0,0,999,0,5,1,33.0,31.9,0,1337.3769116200945,False
TSH_45,2023-06,8.316279355030021,0,0,0,999,0,6,1,33.0,31.9,0,1337.3769116200945,False
TSH_45,2023-07,8.316279355030021,0,0,0,999,0,7,1,33.0,31.9,0,1337.3769116200945,False
TSH_45,2023-08,8.316279355030021,0,0,0,999,0,8,1,33.0,31.9,0,1337.3769116200945,False
TSH_45,2023-09,8.316279355030021,0,0,0,999,0,9,1,33.0,31.9,0,1337.3769116200945,False
TSH_45,2023-10,8.316279355030021,0,0,0,999,0,10,0,33.0,31.9,0,1337.3769116200945,False
TSH_45,2023-11,8.316279355030021,0,0,0,999,0,11,0,33.0,31.9,0,1337.3769116200945,False
TSH_45,2023-12,8.316279355030021,0,0,0,999,0,12,0,33.0,31.9,0,1337.3769116200945,False
TSH_45,2024-01,8.316279355030021,0,0,0,999,0,1,0,33.0,31.9,0,1337.3769116200945,False
TSH_45,2024-02,8.316279355030021,0,0,0,999,0,2,0,33.0,31.9,0,1337.3769116200945,False
TSH_45,2024-03,8.316279355030021,0,0,0,999,0,3,0,33.0,31.9,0,1337.3769116200945,False
TSH_45,2024-04,8.316279355030021,0,0,0,999,0,4,0,33.0,31.9,0,1337.3769116200945,False
TSH_45,2024-05,8.316279355030021,0,0,0,999,0,5,1,33.0,31.9,0,1337.3769116200945,False
TSH_45,2024-06,8.316279355030021,0,0,0,999,0,6,1,33.0,31.9,0,1337.3769116200945,False
TSH_45,2024-07,8.316279355030021,0,0,0,999,0,7,1,33.0,31.9,0,1337.3769116200945,False
TSH_45,2024-08,8.316279355030021,0,0,0,999,0,8,1,33.0,31.9,0,1337.3769116200945,False
TSH_45,2024-09,8.316279355030021,0,0,0,999,0,9,1,33.0,31.9,0,1337.3769116200945,False
TSH_45,2024-10,8.316279355030021,0,0,0,999,0,10,0,33.0,31.9,0,1337.3769116200945,False
TSH_45,2024-11,8.316279355030021,0,0,0,999,0,11,0,33.0,31.9,0,1337.3769116200945,False
TSH_45,2024-12,8.316279355030021,0,0,0,999,0,12,0,33.0,31.9,0,1337.3769116200945,False
TSH_45,2025-01,8.316279355030021,0,0,0,999,0,1,0,33.0,31.9,0,1337.3769116200945,False
TSH_45,2025-02,8.316279355030021,0,0,0,999,0,2,0,33.0,31.9,0,1337.3769116200945,False
TSH_45,2025-03,8.316279355030021,0,0,0,999,0,3,0,33.0,31.9,0,1337.3769116200945,False
TSH_45,2025-04,8.316279355030021,0,0,0,999,0,4,0,33.0,31.9,0,1337.3769116200945,False
TSH_45,2025-05,8.316279355030021,0,0,0,999,0,5,1,33.0,31.9,0,1337.3769116200945,False
TSH_45,2025-06,8.316279355030021,0,0,0,999,0,6,1,33.0,31.9,0,1337.3769116200945,False
TSH_45,2025-07,8.316279355030021,0,0,0,999,0,7,1,33.0,31.9,0,1337.3769116200945,False
TSH_45,2025-08,8.316279355030021,0,0,0,999,0,8,1,33.0,31.9,0,1337.3769116200945,False
TSH_45,2025-09,8.316279355030021,0,0,0,999,0,9,1,33.0,31.9,0,1337.3769116200945,False
TSH_45,2025-10,8.316279355030021,0,0,0,999,0,10,0,33.0,31.9,0,1337.3769116200945,False
TSH_45,2025-11,8.316279355030021,0,0,0,999,0,11,0,33.0,31.9,0,1337.3769116200945,False
TSH_45,2025-12,8.316279355030021,0,0,0,999,0,12,0,33.0,31.9,0,1337.3769116200945,False
TSH_45,2026-01,8.316279355030021,0,0,0,999,0,1,0,33.0,31.9,0,1337.3769116200945,False
TSH_45,2026-02,8.316279355030021,0,0,0,999,0,2,0,33.0,31.9,0,1337.3769116200945,False
TSH_45,2026-03,8.316279355030021,0,0,0,999,0,3,0,33.0,31.9,0,1337.3769116200945,False
TSH_46,2019-08,17.194857745469548,0,0,0,999,0,8,1,33.0,31.9,0,1203.9064414740064,False
TSH_46,2019-09,17.194857745469548,0,0,0,999,0,9,1,33.0,31.9,0,1203.9064414740064,False
TSH_46,2019-10,17.194857745469548,0,0,0,999,0,10,0,33.0,31.9,0,1203.9064414740064,False
TSH_46,2019-11,17.194857745469548,0,0,0,999,0,11,0,33.0,31.9,0,1203.9064414740064,False
TSH_46,2019-12,17.194857745469548,0,0,0,999,0,12,0,33.0,31.9,0,1203.9064414740064,False
TSH_46,2020-01,17.194857745469548,0,0,0,999,0,1,0,33.0,31.9,0,1203.9064414740064,False
TSH_46,2020-02,17.194857745469548,0,0,0,999,0,2,0,33.0,31.9,0,1203.9064414740064,False
TSH_46,2020-03,17.194857745469548,0,0,0,999,0,3,0,33.0,31.9,0,1203.9064414740064,False
TSH_46,2020-04,17.194857745469548,0,0,0,999,0,4,0,33.0,31.9,0,1203.9064414740064,False
TSH_46,2020-05,17.194857745469548,0,0,0,999,0,5,1,33.0,31.9,0,1203.9064414740064,False
TSH_46,2020-06,17.194857745469548,0,0,0,999,0,6,1,33.0,31.9,0,1203.9064414740064,False
TSH_46,2020-07,17.194857745469548,0,0,0,999,0,7,1,33.0,31.9,0,1203.9064414740064,False
TSH_46,2020-08,17.194857745469548,0,0,0,999,0,8,1,33.0,31.9,0,1203.9064414740064,False
TSH_46,2020-09,17.194857745469548,0,0,0,999,0,9,1,33.0,31.9,0,1203.9064414740064,False
TSH_46,2020-10,17.194857745469548,0,0,0,999,0,10,0,33.0,31.9,0,1203.9064414740064,False
TSH_46,2020-11,17.194857745469548,0,0,0,999,0,11,0,33.0,31.9,0,1203.9064414740064,False
TSH_46,2020-12,17.194857745469548,0,0,0,999,0,12,0,33.0,31.9,0,1203.9064414740064,False
TSH_46,2021-01,17.194857745469548,0,0,0,999,0,1,0,33.0,31.9,0,1203.9064414740064,False
TSH_46,2021-02,17.194857745469548,0,0,0,999,0,2,0,33.0,31.9,0,1203.9064414740064,False
TSH_46,2021-03,17.194857745469548,0,0,0,999,0,3,0,33.0,31.9,0,1203.9064414740064,False
TSH_46,2021-04,17.194857745469548,0,0,0,999,0,4,0,33.0,31.9,0,1203.9064414740064,False
TSH_46,2021-05,17.194857745469548,0,0,0,999,0,5,1,33.0,31.9,0,1203.9064414740064,False
TSH_46,2021-06,17.194857745469548,0,0,0,999,0,6,1,33.0,31.9,0,1203.9064414740064,False
TSH_46,2021-07,17.194857745469548,0,0,0,999,0,7,1,33.0,31.9,0,1203.9064414740064,False
TSH_46,2021-08,17.194857745469548,0,0,0,999,0,8,1,33.0,31.9,0,1203.9064414740064,False
TSH_46,2021-09,17.194857745469548,0,0,0,999,0,9,1,33.0,31.9,0,1203.9064414740064,False
TSH_46,2021-10,17.194857745469548,0,0,0,999,0,10,0,33.0,31.9,0,1203.9064414740064,False
TSH_46,2021-11,17.194857745469548,0,0,0,999,0,11,0,33.0,31.9,0,1203.9064414740064,False
TSH_46,2021-12,17.194857745469548,0,0,0,999,0,12,0,33.0,31.9,0,1203.9064414740064,False
TSH_46,2022-01,17.194857745469548,0,0,0,999,0,1,0,33.0,31.9,0,1203.9064414740064,False
TSH_46,2022-02,17.194857745469548,0,0,0,999,0,2,0,33.0,31.9,0,1203.9064414740064,False
TSH_46,2022-03,17.194857745469548,0,0,0,999,0,3,0,33.0,31.9,0,1203.9064414740064,False
TSH_46,2022-04,17.194857745469548,0,0,0,999,0,4,0,33.0,31.9,0,1203.9064414740064,False
TSH_46,2022-05,17.194857745469548,0,0,0,999,0,5,1,33.0,31.9,0,1203.9064414740064,False
TSH_46,2022-06,17.194857745469548,0,0,0,999,0,6,1,33.0,31.9,0,1203.9064414740064,False
TSH_46,2022-07,17.194857745469548,0,0,0,999,0,7,1,33.0,31.9,0,1203.9064414740064,False
TSH_46,2022-08,17.194857745469548,0,0,0,999,0,8,1,33.0,31.9,0,1203.9064414740064,False
TSH_46,2022-09,17.194857745469548,0,0,0,999,0,9,1,33.0,31.9,0,1203.9064414740064,False
TSH_46,2022-10,17.194857745469548,0,0,0,999,0,10,0,33.0,31.9,0,1203.9064414740064,False
TSH_46,2022-11,17.194857745469548,0,0,0,999,0,11,0,33.0,31.9,0,1203.9064414740064,False
TSH_46,2022-12,17.194857745469548,0,0,0,999,0,12,0,33.0,31.9,0,1203.9064414740064,False
TSH_46,2023-01,17.194857745469548,0,0,0,999,0,1,0,33.0,31.9,0,1203.9064414740064,False
TSH_46,2023-02,17.194857745469548,0,0,0,999,0,2,0,33.0,31.9,0,1203.9064414740064,False
TSH_46,2023-03,17.194857745469548,0,0,0,999,0,3,0,33.0,31.9,0,1203.9064414740064,False
TSH_46,2023-04,17.194857745469548,0,0,0,999,0,4,0,33.0,31.9,0,1203.9064414740064,False
TSH_46,2023-05,17.194857745469548,0,0,0,999,0,5,1,33.0,31.9,0,1203.9064414740064,False
TSH_46,2023-06,17.194857745469548,0,0,0,999,0,6,1,33.0,31.9,0,1203.9064414740064,False
TSH_46,2023-07,17.194857745469548,0,0,0,999,0,7,1,33.0,31.9,0,1203.9064414740064,False
TSH_46,2023-08,17.194857745469548,0,0,0,999,0,8,1,33.0,31.9,0,1203.9064414740064,False
TSH_46,2023-09,17.194857745469548,0,0,0,999,0,9,1,33.0,31.9,0,1203.9064414740064,False
TSH_46,2023-10,17.194857745469548,0,0,0,999,0,10,0,33.0,31.9,0,1203.9064414740064,False
TSH_46,2023-11,17.194857745469548,0,0,0,999,0,11,0,33.0,31.9,0,1203.9064414740064,False
TSH_46,2023-12,17.194857745469548,0,0,0,999,0,12,0,33.0,31.9,0,1203.9064414740064,False
TSH_46,2024-01,17.194857745469548,0,0,0,999,0,1,0,33.0,31.9,0,1203.9064414740064,False
TSH_46,2024-02,17.194857745469548,0,0,0,999,0,2,0,33.0,31.9,0,1203.9064414740064,False
TSH_46,2024-03,17.194857745469548,0,0,0,999,0,3,0,33.0,31.9,0,1203.9064414740064,False
TSH_46,2024-04,17.194857745469548,0,0,0,999,0,4,0,33.0,31.9,0,1203.9064414740064,False
TSH_46,2024-05,17.194857745469548,0,0,0,999,0,5,1,33.0,31.9,0,1203.9064414740064,False
TSH_46,2024-06,17.194857745469548,0,0,0,999,0,6,1,33.0,31.9,0,1203.9064414740064,False
TSH_46,2024-07,17.194857745469548,0,0,0,999,0,7,1,33.0,31.9,0,1203.9064414740064,False
TSH_46,2024-08,17.194857745469548,0,0,0,999,0,8,1,33.0,31.9,0,1203.9064414740064,False
TSH_46,2024-09,17.194857745469548,0,0,0,999,0,9,1,33.0,31.9,0,1203.9064414740064,False
TSH_46,2024-10,17.194857745469548,0,0,0,999,0,10,0,33.0,31.9,0,1203.9064414740064,False
TSH_46,2024-11,17.194857745469548,0,0,0,999,0,11,0,33.0,31.9,0,1203.9064414740064,False
TSH_46,2024-12,17.194857745469548,0,0,0,999,0,12,0,33.0,31.9,0,1203.9064414740064,False
TSH_46,2025-01,17.194857745469548,0,0,0,999,0,1,0,33.0,31.9,0,1203.9064414740064,False
TSH_46,2025-02,17.194857745469548,0,0,0,999,0,2,0,33.0,31.9,0,1203.9064414740064,False
TSH_46,2025-03,17.194857745469548,0,0,0,999,0,3,0,33.0,31.9,0,1203.9064414740064,False
TSH_46,2025-04,17.194857745469548,0,0,0,999,0,4,0,33.0,31.9,0,1203.9064414740064,False
TSH_46,2025-05,17.194857745469548,0,0,0,999,0,5,1,33.0,31.9,0,1203.9064414740064,False
TSH_46,2025-06,17.194857745469548,0,0,0,999,0,6,1,33.0,31.9,0,1203.9064414740064,False
TSH_46,2025-07,17.194857745469548,0,0,0,999,0,7,1,33.0,31.9,0,1203.9064414740064,False
TSH_46,2025-08,17.194857745469548,0,0,0,999,0,8,1,33.0,31.9,0,1203.9064414740064,False
TSH_46,2025-09,17.194857745469548,0,0,0,999,0,9,1,33.0,31.9,0,1203.9064414740064,False
TSH_46,2025-10,17.194857745469548,0,0,0,999,0,10,0,33.0,31.9,0,1203.9064414740064,False
TSH_46,2025-11,17.194857745469548,0,0,0,999,0,11,0,33.0,31.9,0,1203.9064414740064,False
TSH_46,2025-12,17.194857745469548,0,0,0,999,0,12,0,33.0,31.9,0,1203.9064414740064,False
TSH_46,2026-01,17.194857745469548,0,0,0,999,0,1,0,33.0,31.9,0,1203.9064414740064,False
TSH_46,2026-02,17.194857745469548,0,0,0,999,0,2,0,33.0,31.9,0,1203.9064414740064,False
TSH_46,2026-03,17.194857745469548,0,0,0,999,0,3,0,33.0,31.9,0,1203.9064414740064,False
TSH_47,2019-08,13.735185180523056,0,0,0,999,0,8,1,33.0,31.9,0,1194.5961983291702,False
TSH_47,2019-09,13.735185180523056,0,0,0,999,0,9,1,33.0,31.9,0,1194.5961983291702,False
TSH_47,2019-10,13.735185180523056,0,0,0,999,0,10,0,33.0,31.9,0,1194.5961983291702,False
TSH_47,2019-11,13.735185180523056,0,0,0,999,0,11,0,33.0,31.9,0,1194.5961983291702,False
TSH_47,2019-12,13.735185180523056,0,0,0,999,0,12,0,33.0,31.9,0,1194.5961983291702,False
TSH_47,2020-01,13.735185180523056,0,0,0,999,0,1,0,33.0,31.9,0,1194.5961983291702,False
TSH_47,2020-02,13.735185180523056,0,0,0,999,0,2,0,33.0,31.9,0,1194.5961983291702,False
TSH_47,2020-03,13.735185180523056,0,0,0,999,0,3,0,33.0,31.9,0,1194.5961983291702,False
TSH_47,2020-04,13.735185180523056,0,0,0,999,0,4,0,33.0,31.9,0,1194.5961983291702,False
TSH_47,2020-05,13.735185180523056,0,0,0,999,0,5,1,33.0,31.9,0,1194.5961983291702,False
TSH_47,2020-06,13.735185180523056,0,0,0,999,0,6,1,33.0,31.9,0,1194.5961983291702,False
TSH_47,2020-07,13.735185180523056,0,0,0,999,0,7,1,33.0,31.9,0,1194.5961983291702,False
TSH_47,2020-08,13.735185180523056,0,0,0,999,0,8,1,33.0,31.9,0,1194.5961983291702,False
TSH_47,2020-09,13.735185180523056,0,0,0,999,0,9,1,33.0,31.9,0,1194.5961983291702,False
TSH_47,2020-10,13.735185180523056,0,0,0,999,0,10,0,33.0,31.9,0,1194.5961983291702,False
TSH_47,2020-11,13.735185180523056,0,0,0,999,0,11,0,33.0,31.9,0,1194.5961983291702,False
TSH_47,2020-12,13.735185180523056,0,0,0,999,0,12,0,33.0,31.9,0,1194.5961983291702,False
TSH_47,2021-01,13.735185180523056,0,0,0,999,0,1,0,33.0,31.9,0,1194.5961983291702,False
TSH_47,2021-02,13.735185180523056,0,0,0,999,0,2,0,33.0,31.9,0,1194.5961983291702,False
TSH_47,2021-03,13.735185180523056,0,0,0,999,0,3,0,33.0,31.9,0,1194.5961983291702,False
TSH_47,2021-04,13.735185180523056,0,0,0,999,0,4,0,33.0,31.9,0,1194.5961983291702,False
TSH_47,2021-05,13.735185180523056,0,0,0,999,0,5,1,33.0,31.9,0,1194.5961983291702,False
TSH_47,2021-06,13.735185180523056,0,0,0,999,0,6,1,33.0,31.9,0,1194.5961983291702,False
TSH_47,2021-07,13.735185180523056,0,0,0,999,0,7,1,33.0,31.9,0,1194.5961983291702,False
TSH_47,2021-08,13.735185180523056,0,0,0,999,0,8,1,33.0,31.9,0,1194.5961983291702,False
TSH_47,2021-09,13.735185180523056,0,0,0,999,0,9,1,33.0,31.9,0,1194.5961983291702,False
TSH_47,2021-10,13.735185180523056,0,0,0,999,0,10,0,33.0,31.9,0,1194.5961983291702,False
TSH_47,2021-11,13.735185180523056,0,0,0,999,0,11,0,33.0,31.9,0,1194.5961983291702,False
TSH_47,2021-12,13.735185180523056,0,0,0,999,0,12,0,33.0,31.9,0,1194.5961983291702,False
TSH_47,2022-01,13.735185180523056,0,0,0,999,0,1,0,33.0,31.9,0,1194.5961983291702,False
TSH_47,2022-02,13.735185180523056,0,0,0,999,0,2,0,33.0,31.9,0,1194.5961983291702,False
TSH_47,2022-03,13.735185180523056,0,0,0,999,0,3,0,33.0,31.9,0,1194.5961983291702,False
TSH_47,2022-04,13.735185180523056,0,0,0,999,0,4,0,33.0,31.9,0,1194.5961983291702,False
TSH_47,2022-05,13.735185180523056,0,0,0,999,0,5,1,33.0,31.9,0,1194.5961983291702,False
TSH_47,2022-06,13.735185180523056,0,0,0,999,0,6,1,33.0,31.9,0,1194.5961983291702,False
TSH_47,2022-07,13.735185180523056,0,0,0,999,0,7,1,33.0,31.9,0,1194.5961983291702,False
TSH_47,2022-08,13.735185180523056,0,0,0,999,0,8,1,33.0,31.9,0,1194.5961983291702,False
TSH_47,2022-09,13.735185180523056,0,0,0,999,0,9,1,33.0,31.9,0,1194.5961983291702,False
TSH_47,2022-10,13.735185180523056,0,0,0,999,0,10,0,33.0,31.9,0,1194.5961983291702,False
TSH_47,2022-11,13.735185180523056,0,0,0,999,0,11,0,33.0,31.9,0,1194.5961983291702,False
TSH_47,2022-12,13.735185180523056,0,0,0,999,0,12,0,33.0,31.9,0,1194.5961983291702,False
TSH_47,2023-01,13.735185180523056,0,0,0,999,0,1,0,33.0,31.9,0,1194.5961983291702,False
TSH_47,2023-02,13.735185180523056,0,0,0,999,0,2,0,33.0,31.9,0,1194.5961983291702,False
TSH_47,2023-03,13.735185180523056,0,0,0,999,0,3,0,33.0,31.9,0,1194.5961983291702,False
TSH_47,2023-04,13.735185180523056,0,0,0,999,0,4,0,33.0,31.9,0,1194.5961983291702,False
TSH_47,2023-05,13.735185180523056,0,0,0,999,0,5,1,33.0,31.9,0,1194.5961983291702,False
TSH_47,2023-06,13.735185180523056,0,0,0,999,0,6,1,33.0,31.9,0,1194.5961983291702,False
TSH_47,2023-07,13.735185180523056,0,0,0,999,0,7,1,33.0,31.9,0,1194.5961983291702,False
TSH_47,2023-08,13.735185180523056,0,0,0,999,0,8,1,33.0,31.9,0,1194.5961983291702,False
TSH_47,2023-09,13.735185180523056,0,0,0,999,0,9,1,33.0,31.9,0,1194.5961983291702,False
TSH_47,2023-10,13.735185180523056,0,0,0,999,0,10,0,33.0,31.9,0,1194.5961983291702,False
TSH_47,2023-11,13.735185180523056,0,0,0,999,0,11,0,33.0,31.9,0,1194.5961983291702,False
TSH_47,2023-12,13.735185180523056,0,0,0,999,0,12,0,33.0,31.9,0,1194.5961983291702,False
TSH_47,2024-01,13.735185180523056,0,0,0,999,0,1,0,33.0,31.9,0,1194.5961983291702,False
TSH_47,2024-02,13.735185180523056,0,0,0,999,0,2,0,33.0,31.9,0,1194.5961983291702,False
TSH_47,2024-03,13.735185180523056,0,0,0,999,0,3,0,33.0,31.9,0,1194.5961983291702,False
TSH_47,2024-04,13.735185180523056,0,0,0,999,0,4,0,33.0,31.9,0,1194.5961983291702,False
TSH_47,2024-05,13.735185180523056,0,0,0,999,0,5,1,33.0,31.9,0,1194.5961983291702,False
TSH_47,2024-06,13.735185180523056,0,0,0,999,0,6,1,33.0,31.9,0,1194.5961983291702,False
TSH_47,2024-07,13.735185180523056,0,0,0,999,0,7,1,33.0,31.9,0,1194.5961983291702,False
TSH_47,2024-08,13.735185180523056,0,0,0,999,0,8,1,33.0,31.9,0,1194.5961983291702,False
TSH_47,2024-09,13.735185180523056,0,0,0,999,0,9,1,33.0,31.9,0,1194.5961983291702,False
TSH_47,2024-10,13.735185180523056,0,0,0,999,0,10,0,33.0,31.9,0,1194.5961983291702,False
TSH_47,2024-11,13.735185180523056,0,0,0,999,0,11,0,33.0,31.9,0,1194.5961983291702,False
TSH_47,2024-12,13.735185180523056,0,0,0,999,0,12,0,33.0,31.9,0,1194.5961983291702,False
TSH_47,2025-01,13.735185180523056,0,0,0,999,0,1,0,33.0,31.9,0,1194.5961983291702,False
TSH_47,2025-02,13.735185180523056,0,0,0,999,0,2,0,33.0,31.9,0,1194.5961983291702,False
TSH_47,2025-03,13.735185180523056,0,0,0,999,0,3,0,33.0,31.9,0,1194.5961983291702,False
TSH_47,2025-04,13.735185180523056,0,0,0,999,0,4,0,33.0,31.9,0,1194.5961983291702,False
TSH_47,2025-05,13.735185180523056,0,0,0,999,0,5,1,33.0,31.9,0,1194.5961983291702,False
TSH_47,2025-06,13.735185180523056,0,0,0,999,0,6,1,33.0,31.9,0,1194.5961983291702,False
TSH_47,2025-07,13.735185180523056,0,0,0,999,0,7,1,33.0,31.9,0,1194.5961983291702,False
TSH_47,2025-08,13.735185180523056,0,0,0,999,0,8,1,33.0,31.9,0,1194.5961983291702,False
TSH_47,2025-09,13.735185180523056,0,0,0,999,0,9,1,33.0,31.9,0,1194.5961983291702,False
TSH_47,2025-10,13.735185180523056,0,0,0,999,0,10,0,33.0,31.9,0,1194.5961983291702,False
TSH_47,2025-11,13.735185180523056,0,0,0,999,0,11,0,33.0,31.9,0,1194.5961983291702,False
TSH_47,2025-12,13.735185180523056,0,0,0,999,0,12,0,33.0,31.9,0,1194.5961983291702,False
TSH_47,2026-01,13.735185180523056,0,0,0,999,0,1,0,33.0,31.9,0,1194.5961983291702,False
TSH_47,2026-02,13.735185180523056,0,0,0,999,0,2,0,33.0,31.9,0,1194.5961983291702,False
TSH_47,2026-03,13.735185180523056,0,0,0,999,0,3,0,33.0,31.9,0,1194.5961983291702,False
TSH_48,2019-08,177.18363568224743,0,0,0,999,0,8,1,33.0,34.6,0,202.59771655423046,False
TSH_48,2019-09,177.18363568224743,0,0,0,999,0,9,1,33.0,34.6,0,202.59771655423046,False
TSH_48,2019-10,177.18363568224743,0,0,0,999,0,10,0,33.0,34.6,0,202.59771655423046,False
TSH_48,2019-11,177.18363568224743,0,0,0,999,0,11,0,33.0,34.6,0,202.59771655423046,False
TSH_48,2019-12,177.18363568224743,0,0,0,999,0,12,0,33.0,34.6,0,202.59771655423046,False
TSH_48,2020-01,177.18363568224743,0,0,0,999,0,1,0,33.0,34.6,0,202.59771655423046,False
TSH_48,2020-02,177.18363568224743,0,0,0,999,0,2,0,33.0,34.6,0,202.59771655423046,False
TSH_48,2020-03,177.18363568224743,0,0,0,999,0,3,0,33.0,34.6,0,202.59771655423046,False
TSH_48,2020-04,177.18363568224743,0,0,0,999,0,4,0,33.0,34.6,0,202.59771655423046,False
TSH_48,2020-05,177.18363568224743,0,0,0,999,0,5,1,33.0,34.6,0,202.59771655423046,False
TSH_48,2020-06,177.18363568224743,0,0,0,999,0,6,1,33.0,34.6,0,202.59771655423046,False
TSH_48,2020-07,177.18363568224743,0,0,0,999,0,7,1,33.0,34.6,0,202.59771655423046,False
TSH_48,2020-08,177.18363568224743,0,0,0,999,0,8,1,33.0,34.6,0,202.59771655423046,False
TSH_48,2020-09,177.18363568224743,0,0,0,999,0,9,1,33.0,34.6,0,202.59771655423046,False
TSH_48,2020-10,177.18363568224743,0,0,0,999,0,10,0,33.0,34.6,0,202.59771655423046,False
TSH_48,2020-11,177.18363568224743,0,0,0,999,0,11,0,33.0,34.6,0,202.59771655423046,False
TSH_48,2020-12,177.18363568224743,0,0,0,999,0,12,0,33.0,34.6,0,202.59771655423046,False
TSH_48,2021-01,177.18363568224743,0,0,0,999,0,1,0,33.0,34.6,0,202.59771655423046,False
TSH_48,2021-02,177.18363568224743,0,0,0,999,0,2,0,33.0,34.6,0,202.59771655423046,False
TSH_48,2021-03,177.18363568224743,0,0,0,999,0,3,0,33.0,34.6,0,202.59771655423046,False
TSH_48,2021-04,177.18363568224743,0,0,0,999,0,4,0,33.0,34.6,0,202.59771655423046,False
TSH_48,2021-05,177.18363568224743,0,0,0,999,0,5,1,33.0,34.6,0,202.59771655423046,False
TSH_48,2021-06,177.18363568224743,0,0,0,999,0,6,1,33.0,34.6,0,202.59771655423046,False
TSH_48,2021-07,177.18363568224743,0,0,0,999,0,7,1,33.0,34.6,0,202.59771655423046,False
TSH_48,2021-08,177.18363568224743,0,0,0,999,0,8,1,33.0,34.6,0,202.59771655423046,False
TSH_48,2021-09,177.18363568224743,0,0,0,999,0,9,1,33.0,34.6,0,202.59771655423046,False
TSH_48,2021-10,177.18363568224743,0,0,0,999,0,10,0,33.0,34.6,0,202.59771655423046,False
TSH_48,2021-11,177.18363568224743,0,0,0,999,0,11,0,33.0,34.6,0,202.59771655423046,False
TSH_48,2021-12,177.18363568224743,0,0,0,999,0,12,0,33.0,34.6,0,202.59771655423046,False
TSH_48,2022-01,177.18363568224743,0,0,0,999,0,1,0,33.0,34.6,0,202.59771655423046,False
TSH_48,2022-02,177.18363568224743,0,0,0,999,0,2,0,33.0,34.6,0,202.59771655423046,False
TSH_48,2022-03,177.18363568224743,0,0,0,999,0,3,0,33.0,34.6,0,202.59771655423046,False
TSH_48,2022-04,177.18363568224743,0,0,0,999,0,4,0,33.0,34.6,0,202.59771655423046,False
TSH_48,2022-05,177.18363568224743,0,0,0,999,0,5,1,33.0,34.6,0,202.59771655423046,False
TSH_48,2022-06,177.18363568224743,0,0,0,999,0,6,1,33.0,34.6,0,202.59771655423046,False
TSH_48,2022-07,177.18363568224743,0,0,0,999,0,7,1,33.0,34.6,0,202.59771655423046,False
TSH_48,2022-08,177.18363568224743,0,0,0,999,0,8,1,33.0,34.6,0,202.59771655423046,False
TSH_48,2022-09,177.18363568224743,0,0,0,999,0,9,1,33.0,34.6,0,202.59771655423046,False
TSH_48,2022-10,177.18363568224743,0,0,0,999,0,10,0,33.0,34.6,0,202.59771655423046,False
TSH_48,2022-11,177.18363568224743,0,0,0,999,0,11,0,33.0,34.6,0,202.59771655423046,False
TSH_48,2022-12,177.18363568224743,0,0,0,999,0,12,0,33.0,34.6,0,202.59771655423046,False
TSH_48,2023-01,177.18363568224743,0,0,0,999,0,1,0,33.0,34.6,0,202.59771655423046,False
TSH_48,2023-02,177.18363568224743,0,0,0,999,0,2,0,33.0,34.6,0,202.59771655423046,False
TSH_48,2023-03,177.18363568224743,0,0,0,999,0,3,0,33.0,34.6,0,202.59771655423046,False
TSH_48,2023-04,177.18363568224743,0,0,0,999,0,4,0,33.0,34.6,0,202.59771655423046,False
TSH_48,2023-05,177.18363568224743,0,0,0,999,0,5,1,33.0,34.6,0,202.59771655423046,False
TSH_48,2023-06,177.18363568224743,0,0,0,999,0,6,1,33.0,34.6,0,202.59771655423046,False
TSH_48,2023-07,177.18363568224743,0,0,0,999,0,7,1,33.0,34.6,0,202.59771655423046,False
TSH_48,2023-08,177.18363568224743,0,0,0,999,0,8,1,33.0,34.6,0,202.59771655423046,False
TSH_48,2023-09,177.18363568224743,0,0,0,999,0,9,1,33.0,34.6,0,202.59771655423046,False
TSH_48,2023-10,177.18363568224743,0,0,0,999,0,10,0,33.0,34.6,0,202.59771655423046,False
TSH_48,2023-11,177.18363568224743,0,0,0,999,0,11,0,33.0,34.6,0,202.59771655423046,False
TSH_48,2023-12,177.18363568224743,0,0,0,999,0,12,0,33.0,34.6,0,202.59771655423046,False
TSH_48,2024-01,177.18363568224743,0,0,0,999,0,1,0,33.0,34.6,0,202.59771655423046,False
TSH_48,2024-02,177.18363568224743,0,0,0,999,0,2,0,33.0,34.6,0,202.59771655423046,False
TSH_48,2024-03,177.18363568224743,0,0,0,999,0,3,0,33.0,34.6,0,202.59771655423046,False
TSH_48,2024-04,177.18363568224743,0,0,0,999,0,4,0,33.0,34.6,0,202.59771655423046,False
TSH_48,2024-05,177.18363568224743,0,0,0,999,0,5,1,33.0,34.6,0,202.59771655423046,False
TSH_48,2024-06,177.18363568224743,0,0,0,999,0,6,1,33.0,34.6,0,202.59771655423046,False
TSH_48,2024-07,177.18363568224743,0,0,0,999,0,7,1,33.0,34.6,0,202.59771655423046,False
TSH_48,2024-08,177.18363568224743,0,0,0,999,0,8,1,33.0,34.6,0,202.59771655423046,False
TSH_48,2024-09,177.18363568224743,0,0,0,999,0,9,1,33.0,34.6,0,202.59771655423046,False
TSH_48,2024-10,177.18363568224743,0,0,0,999,0,10,0,33.0,34.6,0,202.59771655423046,False
TSH_48,2024-11,177.18363568224743,0,0,0,999,0,11,0,33.0,34.6,0,202.59771655423046,False
TSH_48,2024-12,177.18363568224743,0,0,0,999,0,12,0,33.0,34.6,0,202.59771655423046,False
TSH_48,2025-01,177.18363568224743,0,0,0,999,0,1,0,33.0,34.6,0,202.59771655423046,False
TSH_48,2025-02,177.18363568224743,0,0,0,999,0,2,0,33.0,34.6,0,202.59771655423046,False
TSH_48,2025-03,177.18363568224743,0,0,0,999,0,3,0,33.0,34.6,0,202.59771655423046,False
TSH_48,2025-04,177.18363568224743,0,0,0,999,0,4,0,33.0,34.6,0,202.59771655423046,False
TSH_48,2025-05,177.18363568224743,0,0,0,999,0,5,1,33.0,34.6,0,202.59771655423046,False
TSH_48,2025-06,177.18363568224743,0,0,0,999,0,6,1,33.0,34.6,0,202.59771655423046,False
TSH_48,2025-07,177.18363568224743,0,0,0,999,0,7,1,33.0,34.6,0,202.59771655423046,False
TSH_48,2025-08,177.18363568224743,0,0,0,999,0,8,1,33.0,34.6,0,202.59771655423046,False
TSH_48,2025-09,177.18363568224743,0,0,0,999,0,9,1,33.0,34.6,0,202.59771655423046,False
TSH_48,2025-10,177.18363568224743,0,0,0,999,0,10,0,33.0,34.6,0,202.59771655423046,False
TSH_48,2025-11,177.18363568224743,0,0,0,999,0,11,0,33.0,34.6,0,202.59771655423046,False
TSH_48,2025-12,177.18363568224743,0,0,0,999,0,12,0,33.0,34.6,0,202.59771655423046,False
TSH_48,2026-01,177.18363568224743,0,0,0,999,0,1,0,33.0,34.6,0,202.59771655423046,False
TSH_48,2026-02,177.18363568224743,0,0,0,999,0,2,0,33.0,34.6,0,202.59771655423046,False
TSH_48,2026-03,177.18363568224743,0,0,0,999,0,3,0,33.0,34.6,0,202.59771655423046,False
TSH_49,2019-08,105.23103819378156,0,0,0,999,0,8,1,33.0,73.3,0,336.6402214408009,False
TSH_49,2019-09,105.23103819378156,0,0,0,999,0,9,1,33.0,73.3,0,336.6402214408009,False
TSH_49,2019-10,105.23103819378156,0,0,0,999,0,10,0,33.0,73.3,0,336.6402214408009,False
TSH_49,2019-11,105.23103819378156,0,0,0,999,0,11,0,33.0,73.3,0,336.6402214408009,False
TSH_49,2019-12,105.23103819378156,0,0,0,999,0,12,0,33.0,73.3,0,336.6402214408009,False
TSH_49,2020-01,105.23103819378156,0,0,0,999,0,1,0,33.0,73.3,0,336.6402214408009,False
TSH_49,2020-02,105.23103819378156,0,0,0,999,0,2,0,33.0,73.3,0,336.6402214408009,False
TSH_49,2020-03,105.23103819378156,0,0,0,999,0,3,0,33.0,73.3,0,336.6402214408009,False
TSH_49,2020-04,105.23103819378156,0,0,0,999,0,4,0,33.0,73.3,0,336.6402214408009,False
TSH_49,2020-05,105.23103819378156,0,0,0,999,0,5,1,33.0,73.3,0,336.6402214408009,False
TSH_49,2020-06,105.23103819378156,0,0,0,999,0,6,1,33.0,73.3,0,336.6402214408009,False
TSH_49,2020-07,105.23103819378156,0,0,0,999,0,7,1,33.0,73.3,0,336.6402214408009,False
TSH_49,2020-08,105.23103819378156,0,0,0,999,0,8,1,33.0,73.3,0,336.6402214408009,False
TSH_49,2020-09,105.23103819378156,0,0,0,999,0,9,1,33.0,73.3,0,336.6402214408009,False
TSH_49,2020-10,105.23103819378156,0,0,0,999,0,10,0,33.0,73.3,0,336.6402214408009,False
TSH_49,2020-11,105.23103819378156,0,0,0,999,0,11,0,33.0,73.3,0,336.6402214408009,False
TSH_49,2020-12,105.23103819378156,0,0,0,999,0,12,0,33.0,73.3,0,336.6402214408009,False
TSH_49,2021-01,105.23103819378156,0,0,0,999,0,1,0,33.0,73.3,0,336.6402214408009,False
TSH_49,2021-02,105.23103819378156,0,0,0,999,0,2,0,33.0,73.3,0,336.6402214408009,False
TSH_49,2021-03,105.23103819378156,0,0,0,999,0,3,0,33.0,73.3,0,336.6402214408009,False
TSH_49,2021-04,105.23103819378156,0,0,0,999,0,4,0,33.0,73.3,0,336.6402214408009,False
TSH_49,2021-05,105.23103819378156,0,0,0,999,0,5,1,33.0,73.3,0,336.6402214408009,False
TSH_49,2021-06,105.23103819378156,0,0,0,999,0,6,1,33.0,73.3,0,336.6402214408009,False
TSH_49,2021-07,105.23103819378156,0,0,0,999,0,7,1,33.0,73.3,0,336.6402214408009,False
TSH_49,2021-08,105.23103819378156,0,0,0,999,0,8,1,33.0,73.3,0,336.6402214408009,False
TSH_49,2021-09,105.23103819378156,0,0,0,999,0,9,1,33.0,73.3,0,336.6402214408009,False
TSH_49,2021-10,105.23103819378156,0,0,0,999,0,10,0,33.0,73.3,0,336.6402214408009,False
TSH_49,2021-11,105.23103819378156,0,0,0,999,0,11,0,33.0,73.3,0,336.6402214408009,False
TSH_49,2021-12,105.23103819378156,0,0,0,999,0,12,0,33.0,73.3,0,336.6402214408009,False
TSH_49,2022-01,105.23103819378156,0,0,0,999,0,1,0,33.0,73.3,0,336.6402214408009,False
TSH_49,2022-02,105.23103819378156,0,0,0,999,0,2,0,33.0,73.3,0,336.6402214408009,False
TSH_49,2022-03,105.23103819378156,0,0,0,999,0,3,0,33.0,73.3,0,336.6402214408009,False
TSH_49,2022-04,105.23103819378156,0,0,0,999,0,4,0,33.0,73.3,0,336.6402214408009,False
TSH_49,2022-05,105.23103819378156,0,0,0,999,0,5,1,33.0,73.3,0,336.6402214408009,False
TSH_49,2022-06,105.23103819378156,0,0,0,999,0,6,1,33.0,73.3,0,336.6402214408009,False
TSH_49,2022-07,105.23103819378156,0,0,0,999,0,7,1,33.0,73.3,0,336.6402214408009,False
TSH_49,2022-08,105.23103819378156,0,0,0,999,0,8,1,33.0,73.3,0,336.6402214408009,False
TSH_49,2022-09,105.23103819378156,0,0,0,999,0,9,1,33.0,73.3,0,336.6402214408009,False
TSH_49,2022-10,105.23103819378156,0,0,0,999,0,10,0,33.0,73.3,0,336.6402214408009,False
TSH_49,2022-11,105.23103819378156,0,0,0,999,0,11,0,33.0,73.3,0,336.6402214408009,False
TSH_49,2022-12,105.23103819378156,0,0,0,999,0,12,0,33.0,73.3,0,336.6402214408009,False
TSH_49,2023-01,105.23103819378156,0,0,0,999,0,1,0,33.0,73.3,0,336.6402214408009,False
TSH_49,2023-02,105.23103819378156,0,0,0,999,0,2,0,33.0,73.3,0,336.6402214408009,False
TSH_49,2023-03,105.23103819378156,0,0,0,999,0,3,0,33.0,73.3,0,336.6402214408009,False
TSH_49,2023-04,105.23103819378156,0,0,0,999,0,4,0,33.0,73.3,0,336.6402214408009,False
TSH_49,2023-05,105.23103819378156,0,0,0,999,0,5,1,33.0,73.3,0,336.6402214408009,False
TSH_49,2023-06,105.23103819378156,0,0,0,999,0,6,1,33.0,73.3,0,336.6402214408009,False
TSH_49,2023-07,105.23103819378156,0,0,0,999,0,7,1,33.0,73.3,0,336.6402214408009,False
TSH_49,2023-08,105.23103819378156,0,0,0,999,0,8,1,33.0,73.3,0,336.6402214408009,False
TSH_49,2023-09,105.23103819378156,0,0,0,999,0,9,1,33.0,73.3,0,336.6402214408009,False
TSH_49,2023-10,105.23103819378156,0,0,0,999,0,10,0,33.0,73.3,0,336.6402214408009,False
TSH_49,2023-11,105.23103819378156,0,0,0,999,0,11,0,33.0,73.3,0,336.6402214408009,False
TSH_49,2023-12,105.23103819378156,0,0,0,999,0,12,0,33.0,73.3,0,336.6402214408009,False
TSH_49,2024-01,105.23103819378156,0,0,0,999,0,1,0,33.0,73.3,0,336.6402214408009,False
TSH_49,2024-02,105.23103819378156,0,0,0,999,0,2,0,33.0,73.3,0,336.6402214408009,False
TSH_49,2024-03,105.23103819378156,0,0,0,999,0,3,0,33.0,73.3,0,336.6402214408009,False
TSH_49,2024-04,105.23103819378156,0,0,0,999,0,4,0,33.0,73.3,0,336.6402214408009,False
TSH_49,2024-05,105.23103819378156,0,0,0,999,0,5,1,33.0,73.3,0,336.6402214408009,False
TSH_49,2024-06,105.23103819378156,0,0,0,999,0,6,1,33.0,73.3,0,336.6402214408009,False
TSH_49,2024-07,105.23103819378156,0,0,0,999,0,7,1,33.0,73.3,0,336.6402214408009,False
TSH_49,2024-08,105.23103819378156,0,0,0,999,0,8,1,33.0,73.3,0,336.6402214408009,False
TSH_49,2024-09,105.23103819378156,0,0,0,999,0,9,1,33.0,73.3,0,336.6402214408009,False
TSH_49,2024-10,105.23103819378156,0,0,0,999,0,10,0,33.0,73.3,1,336.6402214408009,False
TSH_49,2024-11,105.23103819378156,0,0,0,999,0,11,0,33.0,73.3,1,336.6402214408009,False
TSH_49,2024-12,105.23103819378156,0,0,0,999,0,12,0,33.0,73.3,1,336.6402214408009,False
TSH_49,2025-01,105.23103819378156,1,1,1,0,0,1,0,33.0,73.3,0,336.6402214408009,False
TSH_49,2025-02,105.23103819378156,0,0,1,1,0,2,0,33.0,73.3,0,336.6402214408009,False
TSH_49,2025-03,105.23103819378156,0,0,1,2,0,3,0,33.0,73.3,0,336.6402214408009,False
TSH_49,2025-04,105.23103819378156,0,0,1,3,0,4,0,33.0,73.3,0,336.6402214408009,False
TSH_49,2025-05,105.23103819378156,0,0,1,4,0,5,1,33.0,73.3,0,336.6402214408009,False
TSH_49,2025-06,105.23103819378156,0,0,1,5,0,6,1,33.0,73.3,0,336.6402214408009,False
TSH_49,2025-07,105.23103819378156,0,0,1,6,0,7,1,33.0,73.3,0,336.6402214408009,False
TSH_49,2025-08,105.23103819378156,0,0,1,7,0,8,1,33.0,73.3,0,336.6402214408009,False
TSH_49,2025-09,105.23103819378156,0,0,1,8,0,9,1,33.0,73.3,0,336.6402214408009,False
TSH_49,2025-10,105.23103819378156,0,0,1,9,0,10,0,33.0,73.3,0,336.6402214408009,False
TSH_49,2025-11,105.23103819378156,0,0,1,10,0,11,0,33.0,73.3,0,336.6402214408009,False
TSH_49,2025-12,105.23103819378156,0,0,1,11,0,12,0,33.0,73.3,0,336.6402214408009,False
TSH_49,2026-01,105.23103819378156,0,0,1,12,0,1,0,33.0,73.3,0,336.6402214408009,False
TSH_49,2026-02,105.23103819378156,0,0,1,13,0,2,0,33.0,73.3,0,336.6402214408009,False
TSH_49,2026-03,105.23103819378156,0,0,1,14,0,3,0,33.0,73.3,0,336.6402214408009,False
TSH_5,2019-08,13.161588934779893,0,0,0,999,0,8,1,33.0,38.1,0,2084.626722195898,False
TSH_5,2019-09,13.161588934779893,0,0,0,999,0,9,1,33.0,38.1,0,2084.626722195898,False
TSH_5,2019-10,13.161588934779893,0,0,0,999,0,10,0,33.0,38.1,0,2084.626722195898,False
TSH_5,2019-11,13.161588934779893,0,0,0,999,0,11,0,33.0,38.1,0,2084.626722195898,False
TSH_5,2019-12,13.161588934779893,0,0,0,999,0,12,0,33.0,38.1,0,2084.626722195898,False
TSH_5,2020-01,13.161588934779893,0,0,0,999,0,1,0,33.0,38.1,0,2084.626722195898,False
TSH_5,2020-02,13.161588934779893,0,0,0,999,0,2,0,33.0,38.1,0,2084.626722195898,False
TSH_5,2020-03,13.161588934779893,0,0,0,999,0,3,0,33.0,38.1,0,2084.626722195898,False
TSH_5,2020-04,13.161588934779893,0,0,0,999,0,4,0,33.0,38.1,0,2084.626722195898,False
TSH_5,2020-05,13.161588934779893,0,0,0,999,0,5,1,33.0,38.1,0,2084.626722195898,False
TSH_5,2020-06,13.161588934779893,0,0,0,999,0,6,1,33.0,38.1,0,2084.626722195898,False
TSH_5,2020-07,13.161588934779893,0,0,0,999,0,7,1,33.0,38.1,0,2084.626722195898,False
TSH_5,2020-08,13.161588934779893,0,0,0,999,0,8,1,33.0,38.1,0,2084.626722195898,False
TSH_5,2020-09,13.161588934779893,0,0,0,999,0,9,1,33.0,38.1,0,2084.626722195898,False
TSH_5,2020-10,13.161588934779893,0,0,0,999,0,10,0,33.0,38.1,0,2084.626722195898,False
TSH_5,2020-11,13.161588934779893,0,0,0,999,0,11,0,33.0,38.1,0,2084.626722195898,False
TSH_5,2020-12,13.161588934779893,0,0,0,999,0,12,0,33.0,38.1,0,2084.626722195898,False
TSH_5,2021-01,13.161588934779893,0,0,0,999,0,1,0,33.0,38.1,0,2084.626722195898,False
TSH_5,2021-02,13.161588934779893,0,0,0,999,0,2,0,33.0,38.1,0,2084.626722195898,False
TSH_5,2021-03,13.161588934779893,0,0,0,999,0,3,0,33.0,38.1,0,2084.626722195898,False
TSH_5,2021-04,13.161588934779893,0,0,0,999,0,4,0,33.0,38.1,0,2084.626722195898,False
TSH_5,2021-05,13.161588934779893,0,0,0,999,0,5,1,33.0,38.1,0,2084.626722195898,False
TSH_5,2021-06,13.161588934779893,0,0,0,999,0,6,1,33.0,38.1,0,2084.626722195898,False
TSH_5,2021-07,13.161588934779893,0,0,0,999,0,7,1,33.0,38.1,0,2084.626722195898,False
TSH_5,2021-08,13.161588934779893,0,0,0,999,0,8,1,33.0,38.1,0,2084.626722195898,False
TSH_5,2021-09,13.161588934779893,0,0,0,999,0,9,1,33.0,38.1,0,2084.626722195898,False
TSH_5,2021-10,13.161588934779893,0,0,0,999,0,10,0,33.0,38.1,0,2084.626722195898,False
TSH_5,2021-11,13.161588934779893,0,0,0,999,0,11,0,33.0,38.1,0,2084.626722195898,False
TSH_5,2021-12,13.161588934779893,0,0,0,999,0,12,0,33.0,38.1,0,2084.626722195898,False
TSH_5,2022-01,13.161588934779893,0,0,0,999,0,1,0,33.0,38.1,0,2084.626722195898,False
TSH_5,2022-02,13.161588934779893,0,0,0,999,0,2,0,33.0,38.1,0,2084.626722195898,False
TSH_5,2022-03,13.161588934779893,0,0,0,999,0,3,0,33.0,38.1,0,2084.626722195898,False
TSH_5,2022-04,13.161588934779893,0,0,0,999,0,4,0,33.0,38.1,0,2084.626722195898,False
TSH_5,2022-05,13.161588934779893,0,0,0,999,0,5,1,33.0,38.1,0,2084.626722195898,False
TSH_5,2022-06,13.161588934779893,0,0,0,999,0,6,1,33.0,38.1,0,2084.626722195898,False
TSH_5,2022-07,13.161588934779893,0,0,0,999,0,7,1,33.0,38.1,0,2084.626722195898,False
TSH_5,2022-08,13.161588934779893,0,0,0,999,0,8,1,33.0,38.1,1,2084.626722195898,False
TSH_5,2022-09,13.161588934779893,0,0,0,999,0,9,1,33.0,38.1,1,2084.626722195898,False
TSH_5,2022-10,13.161588934779893,0,0,0,999,0,10,0,33.0,38.1,1,2084.626722195898,False
TSH_5,2022-11,13.161588934779893,1,1,1,0,0,11,0,33.0,38.1,0,2084.626722195898,False
TSH_5,2022-12,13.161588934779893,0,0,1,1,0,12,0,33.0,38.1,0,2084.626722195898,False
TSH_5,2023-01,13.161588934779893,0,0,1,2,0,1,0,33.0,38.1,0,2084.626722195898,False
TSH_5,2023-02,13.161588934779893,0,0,1,3,0,2,0,33.0,38.1,0,2084.626722195898,False
TSH_5,2023-03,13.161588934779893,0,0,1,4,0,3,0,33.0,38.1,0,2084.626722195898,False
TSH_5,2023-04,13.161588934779893,0,0,1,5,0,4,0,33.0,38.1,0,2084.626722195898,False
TSH_5,2023-05,13.161588934779893,0,0,1,6,0,5,1,33.0,38.1,0,2084.626722195898,False
TSH_5,2023-06,13.161588934779893,0,0,1,7,0,6,1,33.0,38.1,0,2084.626722195898,False
TSH_5,2023-07,13.161588934779893,0,0,1,8,0,7,1,33.0,38.1,0,2084.626722195898,False
TSH_5,2023-08,13.161588934779893,0,0,1,9,0,8,1,33.0,38.1,0,2084.626722195898,False
TSH_5,2023-09,13.161588934779893,0,0,1,10,0,9,1,33.0,38.1,0,2084.626722195898,False
TSH_5,2023-10,13.161588934779893,0,0,1,11,0,10,0,33.0,38.1,0,2084.626722195898,False
TSH_5,2023-11,13.161588934779893,0,0,1,12,0,11,0,33.0,38.1,0,2084.626722195898,False
TSH_5,2023-12,13.161588934779893,0,0,1,13,0,12,0,33.0,38.1,0,2084.626722195898,False
TSH_5,2024-01,13.161588934779893,0,0,1,14,0,1,0,33.0,38.1,0,2084.626722195898,False
TSH_5,2024-02,13.161588934779893,0,0,1,15,0,2,0,33.0,38.1,0,2084.626722195898,False
TSH_5,2024-03,13.161588934779893,0,0,1,16,0,3,0,33.0,38.1,0,2084.626722195898,False
TSH_5,2024-04,13.161588934779893,0,0,1,17,0,4,0,33.0,38.1,0,2084.626722195898,False
TSH_5,2024-05,13.161588934779893,0,0,1,18,0,5,1,33.0,38.1,0,2084.626722195898,False
TSH_5,2024-06,13.161588934779893,0,0,1,19,0,6,1,33.0,38.1,0,2084.626722195898,False
TSH_5,2024-07,13.161588934779893,0,0,1,20,0,7,1,33.0,38.1,0,2084.626722195898,False
TSH_5,2024-08,13.161588934779893,0,0,1,21,0,8,1,33.0,38.1,0,2084.626722195898,False
TSH_5,2024-09,13.161588934779893,0,0,1,22,0,9,1,33.0,38.1,0,2084.626722195898,False
TSH_5,2024-10,13.161588934779893,0,0,1,23,0,10,0,33.0,38.1,0,2084.626722195898,False
TSH_5,2024-11,13.161588934779893,0,0,1,24,0,11,0,33.0,38.1,0,2084.626722195898,False
TSH_5,2024-12,13.161588934779893,0,0,1,25,0,12,0,33.0,38.1,0,2084.626722195898,False
TSH_5,2025-01,13.161588934779893,0,0,1,26,0,1,0,33.0,38.1,0,2084.626722195898,False
TSH_5,2025-02,13.161588934779893,0,0,1,27,0,2,0,33.0,38.1,0,2084.626722195898,False
TSH_5,2025-03,13.161588934779893,0,0,1,28,0,3,0,33.0,38.1,0,2084.626722195898,False
TSH_5,2025-04,13.161588934779893,0,0,1,29,0,4,0,33.0,38.1,0,2084.626722195898,False
TSH_5,2025-05,13.161588934779893,0,0,1,30,0,5,1,33.0,38.1,0,2084.626722195898,False
TSH_5,2025-06,13.161588934779893,0,0,1,31,0,6,1,33.0,38.1,0,2084.626722195898,False
TSH_5,2025-07,13.161588934779893,0,0,1,32,0,7,1,33.0,38.1,0,2084.626722195898,False
TSH_5,2025-08,13.161588934779893,0,0,1,33,0,8,1,33.0,38.1,0,2084.626722195898,False
TSH_5,2025-09,13.161588934779893,0,0,1,34,0,9,1,33.0,38.1,0,2084.626722195898,False
TSH_5,2025-10,13.161588934779893,0,0,1,35,0,10,0,33.0,38.1,0,2084.626722195898,False
TSH_5,2025-11,13.161588934779893,0,0,1,36,0,11,0,33.0,38.1,0,2084.626722195898,False
TSH_5,2025-12,13.161588934779893,0,0,1,37,0,12,0,33.0,38.1,0,2084.626722195898,False
TSH_5,2026-01,13.161588934779893,0,0,1,38,0,1,0,33.0,38.1,0,2084.626722195898,False
TSH_5,2026-02,13.161588934779893,0,0,1,39,0,2,0,33.0,38.1,0,2084.626722195898,False
TSH_5,2026-03,13.161588934779893,0,0,1,40,0,3,0,33.0,38.1,1,2084.626722195898,False
TSH_50,2019-08,15.018383339276006,0,0,0,999,0,8,1,33.0,38.1,0,1388.1653923081326,False
TSH_50,2019-09,15.018383339276006,0,0,0,999,0,9,1,33.0,38.1,0,1388.1653923081326,False
TSH_50,2019-10,15.018383339276006,0,0,0,999,0,10,0,33.0,38.1,0,1388.1653923081326,False
TSH_50,2019-11,15.018383339276006,0,0,0,999,0,11,0,33.0,38.1,0,1388.1653923081326,False
TSH_50,2019-12,15.018383339276006,0,0,0,999,0,12,0,33.0,38.1,0,1388.1653923081326,False
TSH_50,2020-01,15.018383339276006,0,0,0,999,0,1,0,33.0,38.1,0,1388.1653923081326,False
TSH_50,2020-02,15.018383339276006,0,0,0,999,0,2,0,33.0,38.1,0,1388.1653923081326,False
TSH_50,2020-03,15.018383339276006,0,0,0,999,0,3,0,33.0,38.1,0,1388.1653923081326,False
TSH_50,2020-04,15.018383339276006,0,0,0,999,0,4,0,33.0,38.1,0,1388.1653923081326,False
TSH_50,2020-05,15.018383339276006,0,0,0,999,0,5,1,33.0,38.1,0,1388.1653923081326,False
TSH_50,2020-06,15.018383339276006,0,0,0,999,0,6,1,33.0,38.1,0,1388.1653923081326,False
TSH_50,2020-07,15.018383339276006,0,0,0,999,0,7,1,33.0,38.1,0,1388.1653923081326,False
TSH_50,2020-08,15.018383339276006,0,0,0,999,0,8,1,33.0,38.1,0,1388.1653923081326,False
TSH_50,2020-09,15.018383339276006,0,0,0,999,0,9,1,33.0,38.1,0,1388.1653923081326,False
TSH_50,2020-10,15.018383339276006,0,0,0,999,0,10,0,33.0,38.1,0,1388.1653923081326,False
TSH_50,2020-11,15.018383339276006,0,0,0,999,0,11,0,33.0,38.1,0,1388.1653923081326,False
TSH_50,2020-12,15.018383339276006,0,0,0,999,0,12,0,33.0,38.1,0,1388.1653923081326,False
TSH_50,2021-01,15.018383339276006,0,0,0,999,0,1,0,33.0,38.1,0,1388.1653923081326,False
TSH_50,2021-02,15.018383339276006,0,0,0,999,0,2,0,33.0,38.1,0,1388.1653923081326,False
TSH_50,2021-03,15.018383339276006,0,0,0,999,0,3,0,33.0,38.1,0,1388.1653923081326,False
TSH_50,2021-04,15.018383339276006,0,0,0,999,0,4,0,33.0,38.1,0,1388.1653923081326,False
TSH_50,2021-05,15.018383339276006,0,0,0,999,0,5,1,33.0,38.1,0,1388.1653923081326,False
TSH_50,2021-06,15.018383339276006,0,0,0,999,0,6,1,33.0,38.1,0,1388.1653923081326,False
TSH_50,2021-07,15.018383339276006,0,0,0,999,0,7,1,33.0,38.1,0,1388.1653923081326,False
TSH_50,2021-08,15.018383339276006,0,0,0,999,0,8,1,33.0,38.1,0,1388.1653923081326,False
TSH_50,2021-09,15.018383339276006,0,0,0,999,0,9,1,33.0,38.1,0,1388.1653923081326,False
TSH_50,2021-10,15.018383339276006,0,0,0,999,0,10,0,33.0,38.1,0,1388.1653923081326,False
TSH_50,2021-11,15.018383339276006,0,0,0,999,0,11,0,33.0,38.1,0,1388.1653923081326,False
TSH_50,2021-12,15.018383339276006,0,0,0,999,0,12,0,33.0,38.1,0,1388.1653923081326,False
TSH_50,2022-01,15.018383339276006,0,0,0,999,0,1,0,33.0,38.1,0,1388.1653923081326,False
TSH_50,2022-02,15.018383339276006,0,0,0,999,0,2,0,33.0,38.1,0,1388.1653923081326,False
TSH_50,2022-03,15.018383339276006,0,0,0,999,0,3,0,33.0,38.1,0,1388.1653923081326,False
TSH_50,2022-04,15.018383339276006,0,0,0,999,0,4,0,33.0,38.1,0,1388.1653923081326,False
TSH_50,2022-05,15.018383339276006,0,0,0,999,0,5,1,33.0,38.1,0,1388.1653923081326,False
TSH_50,2022-06,15.018383339276006,0,0,0,999,0,6,1,33.0,38.1,0,1388.1653923081326,False
TSH_50,2022-07,15.018383339276006,0,0,0,999,0,7,1,33.0,38.1,0,1388.1653923081326,False
TSH_50,2022-08,15.018383339276006,0,0,0,999,0,8,1,33.0,38.1,0,1388.1653923081326,False
TSH_50,2022-09,15.018383339276006,0,0,0,999,0,9,1,33.0,38.1,0,1388.1653923081326,False
TSH_50,2022-10,15.018383339276006,0,0,0,999,0,10,0,33.0,38.1,0,1388.1653923081326,False
TSH_50,2022-11,15.018383339276006,0,0,0,999,0,11,0,33.0,38.1,0,1388.1653923081326,False
TSH_50,2022-12,15.018383339276006,0,0,0,999,0,12,0,33.0,38.1,0,1388.1653923081326,False
TSH_50,2023-01,15.018383339276006,0,0,0,999,0,1,0,33.0,38.1,0,1388.1653923081326,False
TSH_50,2023-02,15.018383339276006,0,0,0,999,0,2,0,33.0,38.1,0,1388.1653923081326,False
TSH_50,2023-03,15.018383339276006,0,0,0,999,0,3,0,33.0,38.1,0,1388.1653923081326,False
TSH_50,2023-04,15.018383339276006,0,0,0,999,0,4,0,33.0,38.1,0,1388.1653923081326,False
TSH_50,2023-05,15.018383339276006,0,0,0,999,0,5,1,33.0,38.1,0,1388.1653923081326,False
TSH_50,2023-06,15.018383339276006,0,0,0,999,0,6,1,33.0,38.1,0,1388.1653923081326,False
TSH_50,2023-07,15.018383339276006,0,0,0,999,0,7,1,33.0,38.1,0,1388.1653923081326,False
TSH_50,2023-08,15.018383339276006,0,0,0,999,0,8,1,33.0,38.1,0,1388.1653923081326,False
TSH_50,2023-09,15.018383339276006,0,0,0,999,0,9,1,33.0,38.1,0,1388.1653923081326,False
TSH_50,2023-10,15.018383339276006,0,0,0,999,0,10,0,33.0,38.1,0,1388.1653923081326,False
TSH_50,2023-11,15.018383339276006,0,0,0,999,0,11,0,33.0,38.1,0,1388.1653923081326,False
TSH_50,2023-12,15.018383339276006,0,0,0,999,0,12,0,33.0,38.1,0,1388.1653923081326,False
TSH_50,2024-01,15.018383339276006,0,0,0,999,0,1,0,33.0,38.1,0,1388.1653923081326,False
TSH_50,2024-02,15.018383339276006,0,0,0,999,0,2,0,33.0,38.1,0,1388.1653923081326,False
TSH_50,2024-03,15.018383339276006,0,0,0,999,0,3,0,33.0,38.1,0,1388.1653923081326,False
TSH_50,2024-04,15.018383339276006,0,0,0,999,0,4,0,33.0,38.1,0,1388.1653923081326,False
TSH_50,2024-05,15.018383339276006,0,0,0,999,0,5,1,33.0,38.1,0,1388.1653923081326,False
TSH_50,2024-06,15.018383339276006,0,0,0,999,0,6,1,33.0,38.1,0,1388.1653923081326,False
TSH_50,2024-07,15.018383339276006,0,0,0,999,0,7,1,33.0,38.1,0,1388.1653923081326,False
TSH_50,2024-08,15.018383339276006,0,0,0,999,0,8,1,33.0,38.1,0,1388.1653923081326,False
TSH_50,2024-09,15.018383339276006,0,0,0,999,0,9,1,33.0,38.1,0,1388.1653923081326,False
TSH_50,2024-10,15.018383339276006,0,0,0,999,0,10,0,33.0,38.1,0,1388.1653923081326,False
TSH_50,2024-11,15.018383339276006,0,0,0,999,0,11,0,33.0,38.1,0,1388.1653923081326,False
TSH_50,2024-12,15.018383339276006,0,0,0,999,0,12,0,33.0,38.1,0,1388.1653923081326,False
TSH_50,2025-01,15.018383339276006,0,0,0,999,0,1,0,33.0,38.1,0,1388.1653923081326,False
TSH_50,2025-02,15.018383339276006,0,0,0,999,0,2,0,33.0,38.1,0,1388.1653923081326,False
TSH_50,2025-03,15.018383339276006,0,0,0,999,0,3,0,33.0,38.1,0,1388.1653923081326,False
TSH_50,2025-04,15.018383339276006,0,0,0,999,0,4,0,33.0,38.1,0,1388.1653923081326,False
TSH_50,2025-05,15.018383339276006,0,0,0,999,0,5,1,33.0,38.1,0,1388.1653923081326,False
TSH_50,2025-06,15.018383339276006,0,0,0,999,0,6,1,33.0,38.1,0,1388.1653923081326,False
TSH_50,2025-07,15.018383339276006,0,0,0,999,0,7,1,33.0,38.1,0,1388.1653923081326,False
TSH_50,2025-08,15.018383339276006,0,0,0,999,0,8,1,33.0,38.1,0,1388.1653923081326,False
TSH_50,2025-09,15.018383339276006,0,0,0,999,0,9,1,33.0,38.1,0,1388.1653923081326,False
TSH_50,2025-10,15.018383339276006,0,0,0,999,0,10,0,33.0,38.1,0,1388.1653923081326,False
TSH_50,2025-11,15.018383339276006,0,0,0,999,0,11,0,33.0,38.1,0,1388.1653923081326,False
TSH_50,2025-12,15.018383339276006,0,0,0,999,0,12,0,33.0,38.1,0,1388.1653923081326,False
TSH_50,2026-01,15.018383339276006,0,0,0,999,0,1,0,33.0,38.1,0,1388.1653923081326,False
TSH_50,2026-02,15.018383339276006,0,0,0,999,0,2,0,33.0,38.1,0,1388.1653923081326,False
TSH_50,2026-03,15.018383339276006,0,0,0,999,0,3,0,33.0,38.1,0,1388.1653923081326,False
TSH_51,2019-08,20.048261695096297,0,0,0,999,0,8,1,33.0,34.6,0,1280.709539335284,False
TSH_51,2019-09,20.048261695096297,0,0,0,999,0,9,1,33.0,34.6,0,1280.709539335284,False
TSH_51,2019-10,20.048261695096297,0,0,0,999,0,10,0,33.0,34.6,0,1280.709539335284,False
TSH_51,2019-11,20.048261695096297,0,0,0,999,0,11,0,33.0,34.6,0,1280.709539335284,False
TSH_51,2019-12,20.048261695096297,0,0,0,999,0,12,0,33.0,34.6,0,1280.709539335284,False
TSH_51,2020-01,20.048261695096297,0,0,0,999,0,1,0,33.0,34.6,0,1280.709539335284,False
TSH_51,2020-02,20.048261695096297,0,0,0,999,0,2,0,33.0,34.6,0,1280.709539335284,False
TSH_51,2020-03,20.048261695096297,0,0,0,999,0,3,0,33.0,34.6,0,1280.709539335284,False
TSH_51,2020-04,20.048261695096297,0,0,0,999,0,4,0,33.0,34.6,0,1280.709539335284,False
TSH_51,2020-05,20.048261695096297,0,0,0,999,0,5,1,33.0,34.6,0,1280.709539335284,False
TSH_51,2020-06,20.048261695096297,0,0,0,999,0,6,1,33.0,34.6,0,1280.709539335284,False
TSH_51,2020-07,20.048261695096297,0,0,0,999,0,7,1,33.0,34.6,0,1280.709539335284,False
TSH_51,2020-08,20.048261695096297,0,0,0,999,0,8,1,33.0,34.6,0,1280.709539335284,False
TSH_51,2020-09,20.048261695096297,0,0,0,999,0,9,1,33.0,34.6,0,1280.709539335284,False
TSH_51,2020-10,20.048261695096297,0,0,0,999,0,10,0,33.0,34.6,0,1280.709539335284,False
TSH_51,2020-11,20.048261695096297,0,0,0,999,0,11,0,33.0,34.6,0,1280.709539335284,False
TSH_51,2020-12,20.048261695096297,0,0,0,999,0,12,0,33.0,34.6,0,1280.709539335284,False
TSH_51,2021-01,20.048261695096297,0,0,0,999,0,1,0,33.0,34.6,0,1280.709539335284,False
TSH_51,2021-02,20.048261695096297,0,0,0,999,0,2,0,33.0,34.6,0,1280.709539335284,False
TSH_51,2021-03,20.048261695096297,0,0,0,999,0,3,0,33.0,34.6,0,1280.709539335284,False
TSH_51,2021-04,20.048261695096297,0,0,0,999,0,4,0,33.0,34.6,0,1280.709539335284,False
TSH_51,2021-05,20.048261695096297,0,0,0,999,0,5,1,33.0,34.6,0,1280.709539335284,False
TSH_51,2021-06,20.048261695096297,0,0,0,999,0,6,1,33.0,34.6,0,1280.709539335284,False
TSH_51,2021-07,20.048261695096297,0,0,0,999,0,7,1,33.0,34.6,0,1280.709539335284,False
TSH_51,2021-08,20.048261695096297,0,0,0,999,0,8,1,33.0,34.6,0,1280.709539335284,False
TSH_51,2021-09,20.048261695096297,0,0,0,999,0,9,1,33.0,34.6,0,1280.709539335284,False
TSH_51,2021-10,20.048261695096297,0,0,0,999,0,10,0,33.0,34.6,0,1280.709539335284,False
TSH_51,2021-11,20.048261695096297,0,0,0,999,0,11,0,33.0,34.6,0,1280.709539335284,False
TSH_51,2021-12,20.048261695096297,0,0,0,999,0,12,0,33.0,34.6,0,1280.709539335284,False
TSH_51,2022-01,20.048261695096297,0,0,0,999,0,1,0,33.0,34.6,0,1280.709539335284,False
TSH_51,2022-02,20.048261695096297,0,0,0,999,0,2,0,33.0,34.6,0,1280.709539335284,False
TSH_51,2022-03,20.048261695096297,0,0,0,999,0,3,0,33.0,34.6,0,1280.709539335284,False
TSH_51,2022-04,20.048261695096297,0,0,0,999,0,4,0,33.0,34.6,0,1280.709539335284,False
TSH_51,2022-05,20.048261695096297,0,0,0,999,0,5,1,33.0,34.6,0,1280.709539335284,False
TSH_51,2022-06,20.048261695096297,0,0,0,999,0,6,1,33.0,34.6,0,1280.709539335284,False
TSH_51,2022-07,20.048261695096297,0,0,0,999,0,7,1,33.0,34.6,0,1280.709539335284,False
TSH_51,2022-08,20.048261695096297,0,0,0,999,0,8,1,33.0,34.6,0,1280.709539335284,False
TSH_51,2022-09,20.048261695096297,0,0,0,999,0,9,1,33.0,34.6,0,1280.709539335284,False
TSH_51,2022-10,20.048261695096297,0,0,0,999,0,10,0,33.0,34.6,0,1280.709539335284,False
TSH_51,2022-11,20.048261695096297,0,0,0,999,0,11,0,33.0,34.6,0,1280.709539335284,False
TSH_51,2022-12,20.048261695096297,0,0,0,999,0,12,0,33.0,34.6,0,1280.709539335284,False
TSH_51,2023-01,20.048261695096297,0,0,0,999,0,1,0,33.0,34.6,0,1280.709539335284,False
TSH_51,2023-02,20.048261695096297,0,0,0,999,0,2,0,33.0,34.6,0,1280.709539335284,False
TSH_51,2023-03,20.048261695096297,0,0,0,999,0,3,0,33.0,34.6,0,1280.709539335284,False
TSH_51,2023-04,20.048261695096297,0,0,0,999,0,4,0,33.0,34.6,0,1280.709539335284,False
TSH_51,2023-05,20.048261695096297,0,0,0,999,0,5,1,33.0,34.6,0,1280.709539335284,False
TSH_51,2023-06,20.048261695096297,0,0,0,999,0,6,1,33.0,34.6,0,1280.709539335284,False
TSH_51,2023-07,20.048261695096297,0,0,0,999,0,7,1,33.0,34.6,0,1280.709539335284,False
TSH_51,2023-08,20.048261695096297,0,0,0,999,0,8,1,33.0,34.6,0,1280.709539335284,False
TSH_51,2023-09,20.048261695096297,0,0,0,999,0,9,1,33.0,34.6,0,1280.709539335284,False
TSH_51,2023-10,20.048261695096297,0,0,0,999,0,10,0,33.0,34.6,0,1280.709539335284,False
TSH_51,2023-11,20.048261695096297,0,0,0,999,0,11,0,33.0,34.6,0,1280.709539335284,False
TSH_51,2023-12,20.048261695096297,0,0,0,999,0,12,0,33.0,34.6,0,1280.709539335284,False
TSH_51,2024-01,20.048261695096297,0,0,0,999,0,1,0,33.0,34.6,0,1280.709539335284,False
TSH_51,2024-02,20.048261695096297,0,0,0,999,0,2,0,33.0,34.6,0,1280.709539335284,False
TSH_51,2024-03,20.048261695096297,0,0,0,999,0,3,0,33.0,34.6,0,1280.709539335284,False
TSH_51,2024-04,20.048261695096297,0,0,0,999,0,4,0,33.0,34.6,0,1280.709539335284,False
TSH_51,2024-05,20.048261695096297,0,0,0,999,0,5,1,33.0,34.6,0,1280.709539335284,False
TSH_51,2024-06,20.048261695096297,0,0,0,999,0,6,1,33.0,34.6,0,1280.709539335284,False
TSH_51,2024-07,20.048261695096297,0,0,0,999,0,7,1,33.0,34.6,0,1280.709539335284,False
TSH_51,2024-08,20.048261695096297,0,0,0,999,0,8,1,33.0,34.6,0,1280.709539335284,False
TSH_51,2024-09,20.048261695096297,0,0,0,999,0,9,1,33.0,34.6,0,1280.709539335284,False
TSH_51,2024-10,20.048261695096297,0,0,0,999,0,10,0,33.0,34.6,0,1280.709539335284,False
TSH_51,2024-11,20.048261695096297,0,0,0,999,0,11,0,33.0,34.6,0,1280.709539335284,False
TSH_51,2024-12,20.048261695096297,0,0,0,999,0,12,0,33.0,34.6,0,1280.709539335284,False
TSH_51,2025-01,20.048261695096297,0,0,0,999,0,1,0,33.0,34.6,0,1280.709539335284,False
TSH_51,2025-02,20.048261695096297,0,0,0,999,0,2,0,33.0,34.6,0,1280.709539335284,False
TSH_51,2025-03,20.048261695096297,0,0,0,999,0,3,0,33.0,34.6,0,1280.709539335284,False
TSH_51,2025-04,20.048261695096297,0,0,0,999,0,4,0,33.0,34.6,0,1280.709539335284,False
TSH_51,2025-05,20.048261695096297,0,0,0,999,0,5,1,33.0,34.6,0,1280.709539335284,False
TSH_51,2025-06,20.048261695096297,0,0,0,999,0,6,1,33.0,34.6,0,1280.709539335284,False
TSH_51,2025-07,20.048261695096297,0,0,0,999,0,7,1,33.0,34.6,0,1280.709539335284,False
TSH_51,2025-08,20.048261695096297,0,0,0,999,0,8,1,33.0,34.6,0,1280.709539335284,False
TSH_51,2025-09,20.048261695096297,0,0,0,999,0,9,1,33.0,34.6,0,1280.709539335284,False
TSH_51,2025-10,20.048261695096297,0,0,0,999,0,10,0,33.0,34.6,0,1280.709539335284,False
TSH_51,2025-11,20.048261695096297,0,0,0,999,0,11,0,33.0,34.6,0,1280.709539335284,False
TSH_51,2025-12,20.048261695096297,0,0,0,999,0,12,0,33.0,34.6,0,1280.709539335284,False
TSH_51,2026-01,20.048261695096297,0,0,0,999,0,1,0,33.0,34.6,0,1280.709539335284,False
TSH_51,2026-02,20.048261695096297,0,0,0,999,0,2,0,33.0,34.6,0,1280.709539335284,False
TSH_51,2026-03,20.048261695096297,0,0,0,999,0,3,0,33.0,34.6,0,1280.709539335284,False
TSH_52,2019-08,15.22978443257048,0,0,0,999,0,8,1,33.0,34.6,0,1394.963933604034,False
TSH_52,2019-09,15.22978443257048,0,0,0,999,0,9,1,33.0,34.6,0,1394.963933604034,False
TSH_52,2019-10,15.22978443257048,0,0,0,999,0,10,0,33.0,34.6,0,1394.963933604034,False
TSH_52,2019-11,15.22978443257048,0,0,0,999,0,11,0,33.0,34.6,0,1394.963933604034,False
TSH_52,2019-12,15.22978443257048,0,0,0,999,0,12,0,33.0,34.6,0,1394.963933604034,False
TSH_52,2020-01,15.22978443257048,0,0,0,999,0,1,0,33.0,34.6,0,1394.963933604034,False
TSH_52,2020-02,15.22978443257048,0,0,0,999,0,2,0,33.0,34.6,0,1394.963933604034,False
TSH_52,2020-03,15.22978443257048,0,0,0,999,0,3,0,33.0,34.6,0,1394.963933604034,False
TSH_52,2020-04,15.22978443257048,0,0,0,999,0,4,0,33.0,34.6,0,1394.963933604034,False
TSH_52,2020-05,15.22978443257048,0,0,0,999,0,5,1,33.0,34.6,0,1394.963933604034,False
TSH_52,2020-06,15.22978443257048,0,0,0,999,0,6,1,33.0,34.6,0,1394.963933604034,False
TSH_52,2020-07,15.22978443257048,0,0,0,999,0,7,1,33.0,34.6,0,1394.963933604034,False
TSH_52,2020-08,15.22978443257048,0,0,0,999,0,8,1,33.0,34.6,0,1394.963933604034,False
TSH_52,2020-09,15.22978443257048,0,0,0,999,0,9,1,33.0,34.6,0,1394.963933604034,False
TSH_52,2020-10,15.22978443257048,0,0,0,999,0,10,0,33.0,34.6,0,1394.963933604034,False
TSH_52,2020-11,15.22978443257048,0,0,0,999,0,11,0,33.0,34.6,0,1394.963933604034,False
TSH_52,2020-12,15.22978443257048,0,0,0,999,0,12,0,33.0,34.6,0,1394.963933604034,False
TSH_52,2021-01,15.22978443257048,0,0,0,999,0,1,0,33.0,34.6,0,1394.963933604034,False
TSH_52,2021-02,15.22978443257048,0,0,0,999,0,2,0,33.0,34.6,0,1394.963933604034,False
TSH_52,2021-03,15.22978443257048,0,0,0,999,0,3,0,33.0,34.6,0,1394.963933604034,False
TSH_52,2021-04,15.22978443257048,0,0,0,999,0,4,0,33.0,34.6,0,1394.963933604034,False
TSH_52,2021-05,15.22978443257048,0,0,0,999,0,5,1,33.0,34.6,0,1394.963933604034,False
TSH_52,2021-06,15.22978443257048,0,0,0,999,0,6,1,33.0,34.6,0,1394.963933604034,False
TSH_52,2021-07,15.22978443257048,0,0,0,999,0,7,1,33.0,34.6,0,1394.963933604034,False
TSH_52,2021-08,15.22978443257048,0,0,0,999,0,8,1,33.0,34.6,0,1394.963933604034,False
TSH_52,2021-09,15.22978443257048,0,0,0,999,0,9,1,33.0,34.6,0,1394.963933604034,False
TSH_52,2021-10,15.22978443257048,0,0,0,999,0,10,0,33.0,34.6,0,1394.963933604034,False
TSH_52,2021-11,15.22978443257048,0,0,0,999,0,11,0,33.0,34.6,0,1394.963933604034,False
TSH_52,2021-12,15.22978443257048,0,0,0,999,0,12,0,33.0,34.6,0,1394.963933604034,False
TSH_52,2022-01,15.22978443257048,0,0,0,999,0,1,0,33.0,34.6,0,1394.963933604034,False
TSH_52,2022-02,15.22978443257048,0,0,0,999,0,2,0,33.0,34.6,0,1394.963933604034,False
TSH_52,2022-03,15.22978443257048,0,0,0,999,0,3,0,33.0,34.6,0,1394.963933604034,False
TSH_52,2022-04,15.22978443257048,0,0,0,999,0,4,0,33.0,34.6,0,1394.963933604034,False
TSH_52,2022-05,15.22978443257048,0,0,0,999,0,5,1,33.0,34.6,0,1394.963933604034,False
TSH_52,2022-06,15.22978443257048,0,0,0,999,0,6,1,33.0,34.6,0,1394.963933604034,False
TSH_52,2022-07,15.22978443257048,0,0,0,999,0,7,1,33.0,34.6,0,1394.963933604034,False
TSH_52,2022-08,15.22978443257048,0,0,0,999,0,8,1,33.0,34.6,0,1394.963933604034,False
TSH_52,2022-09,15.22978443257048,0,0,0,999,0,9,1,33.0,34.6,0,1394.963933604034,False
TSH_52,2022-10,15.22978443257048,0,0,0,999,0,10,0,33.0,34.6,0,1394.963933604034,False
TSH_52,2022-11,15.22978443257048,0,0,0,999,0,11,0,33.0,34.6,0,1394.963933604034,False
TSH_52,2022-12,15.22978443257048,0,0,0,999,0,12,0,33.0,34.6,0,1394.963933604034,False
TSH_52,2023-01,15.22978443257048,0,0,0,999,0,1,0,33.0,34.6,0,1394.963933604034,False
TSH_52,2023-02,15.22978443257048,0,0,0,999,0,2,0,33.0,34.6,0,1394.963933604034,False
TSH_52,2023-03,15.22978443257048,0,0,0,999,0,3,0,33.0,34.6,0,1394.963933604034,False
TSH_52,2023-04,15.22978443257048,0,0,0,999,0,4,0,33.0,34.6,0,1394.963933604034,False
TSH_52,2023-05,15.22978443257048,0,0,0,999,0,5,1,33.0,34.6,0,1394.963933604034,False
TSH_52,2023-06,15.22978443257048,0,0,0,999,0,6,1,33.0,34.6,0,1394.963933604034,False
TSH_52,2023-07,15.22978443257048,0,0,0,999,0,7,1,33.0,34.6,0,1394.963933604034,False
TSH_52,2023-08,15.22978443257048,0,0,0,999,0,8,1,33.0,34.6,0,1394.963933604034,False
TSH_52,2023-09,15.22978443257048,0,0,0,999,0,9,1,33.0,34.6,0,1394.963933604034,False
TSH_52,2023-10,15.22978443257048,0,0,0,999,0,10,0,33.0,34.6,0,1394.963933604034,False
TSH_52,2023-11,15.22978443257048,0,0,0,999,0,11,0,33.0,34.6,0,1394.963933604034,False
TSH_52,2023-12,15.22978443257048,0,0,0,999,0,12,0,33.0,34.6,0,1394.963933604034,False
TSH_52,2024-01,15.22978443257048,0,0,0,999,0,1,0,33.0,34.6,0,1394.963933604034,False
TSH_52,2024-02,15.22978443257048,0,0,0,999,0,2,0,33.0,34.6,0,1394.963933604034,False
TSH_52,2024-03,15.22978443257048,0,0,0,999,0,3,0,33.0,34.6,0,1394.963933604034,False
TSH_52,2024-04,15.22978443257048,0,0,0,999,0,4,0,33.0,34.6,0,1394.963933604034,False
TSH_52,2024-05,15.22978443257048,0,0,0,999,0,5,1,33.0,34.6,0,1394.963933604034,False
TSH_52,2024-06,15.22978443257048,0,0,0,999,0,6,1,33.0,34.6,0,1394.963933604034,False
TSH_52,2024-07,15.22978443257048,0,0,0,999,0,7,1,33.0,34.6,0,1394.963933604034,False
TSH_52,2024-08,15.22978443257048,0,0,0,999,0,8,1,33.0,34.6,0,1394.963933604034,False
TSH_52,2024-09,15.22978443257048,0,0,0,999,0,9,1,33.0,34.6,0,1394.963933604034,False
TSH_52,2024-10,15.22978443257048,0,0,0,999,0,10,0,33.0,34.6,0,1394.963933604034,False
TSH_52,2024-11,15.22978443257048,0,0,0,999,0,11,0,33.0,34.6,0,1394.963933604034,False
TSH_52,2024-12,15.22978443257048,0,0,0,999,0,12,0,33.0,34.6,0,1394.963933604034,False
TSH_52,2025-01,15.22978443257048,0,0,0,999,0,1,0,33.0,34.6,0,1394.963933604034,False
TSH_52,2025-02,15.22978443257048,0,0,0,999,0,2,0,33.0,34.6,0,1394.963933604034,False
TSH_52,2025-03,15.22978443257048,0,0,0,999,0,3,0,33.0,34.6,0,1394.963933604034,False
TSH_52,2025-04,15.22978443257048,0,0,0,999,0,4,0,33.0,34.6,0,1394.963933604034,False
TSH_52,2025-05,15.22978443257048,0,0,0,999,0,5,1,33.0,34.6,0,1394.963933604034,False
TSH_52,2025-06,15.22978443257048,0,0,0,999,0,6,1,33.0,34.6,0,1394.963933604034,False
TSH_52,2025-07,15.22978443257048,0,0,0,999,0,7,1,33.0,34.6,0,1394.963933604034,False
TSH_52,2025-08,15.22978443257048,0,0,0,999,0,8,1,33.0,34.6,0,1394.963933604034,False
TSH_52,2025-09,15.22978443257048,0,0,0,999,0,9,1,33.0,34.6,0,1394.963933604034,False
TSH_52,2025-10,15.22978443257048,0,0,0,999,0,10,0,33.0,34.6,0,1394.963933604034,False
TSH_52,2025-11,15.22978443257048,0,0,0,999,0,11,0,33.0,34.6,0,1394.963933604034,False
TSH_52,2025-12,15.22978443257048,0,0,0,999,0,12,0,33.0,34.6,0,1394.963933604034,False
TSH_52,2026-01,15.22978443257048,0,0,0,999,0,1,0,33.0,34.6,0,1394.963933604034,False
TSH_52,2026-02,15.22978443257048,0,0,0,999,0,2,0,33.0,34.6,0,1394.963933604034,False
TSH_52,2026-03,15.22978443257048,0,0,0,999,0,3,0,33.0,34.6,0,1394.963933604034,False
TSH_53,2019-08,10.342948140610115,0,0,0,999,0,8,1,33.0,34.6,0,2308.5294130259003,False
TSH_53,2019-09,10.342948140610115,0,0,0,999,0,9,1,33.0,34.6,0,2308.5294130259003,False
TSH_53,2019-10,10.342948140610115,0,0,0,999,0,10,0,33.0,34.6,0,2308.5294130259003,False
TSH_53,2019-11,10.342948140610115,0,0,0,999,0,11,0,33.0,34.6,0,2308.5294130259003,False
TSH_53,2019-12,10.342948140610115,0,0,0,999,0,12,0,33.0,34.6,0,2308.5294130259003,False
TSH_53,2020-01,10.342948140610115,0,0,0,999,0,1,0,33.0,34.6,0,2308.5294130259003,False
TSH_53,2020-02,10.342948140610115,0,0,0,999,0,2,0,33.0,34.6,0,2308.5294130259003,False
TSH_53,2020-03,10.342948140610115,0,0,0,999,0,3,0,33.0,34.6,0,2308.5294130259003,False
TSH_53,2020-04,10.342948140610115,0,0,0,999,0,4,0,33.0,34.6,0,2308.5294130259003,False
TSH_53,2020-05,10.342948140610115,0,0,0,999,0,5,1,33.0,34.6,0,2308.5294130259003,False
TSH_53,2020-06,10.342948140610115,0,0,0,999,0,6,1,33.0,34.6,0,2308.5294130259003,False
TSH_53,2020-07,10.342948140610115,0,0,0,999,0,7,1,33.0,34.6,0,2308.5294130259003,False
TSH_53,2020-08,10.342948140610115,0,0,0,999,0,8,1,33.0,34.6,0,2308.5294130259003,False
TSH_53,2020-09,10.342948140610115,0,0,0,999,0,9,1,33.0,34.6,0,2308.5294130259003,False
TSH_53,2020-10,10.342948140610115,0,0,0,999,0,10,0,33.0,34.6,0,2308.5294130259003,False
TSH_53,2020-11,10.342948140610115,0,0,0,999,0,11,0,33.0,34.6,0,2308.5294130259003,False
TSH_53,2020-12,10.342948140610115,0,0,0,999,0,12,0,33.0,34.6,0,2308.5294130259003,False
TSH_53,2021-01,10.342948140610115,0,0,0,999,0,1,0,33.0,34.6,0,2308.5294130259003,False
TSH_53,2021-02,10.342948140610115,0,0,0,999,0,2,0,33.0,34.6,0,2308.5294130259003,False
TSH_53,2021-03,10.342948140610115,0,0,0,999,0,3,0,33.0,34.6,0,2308.5294130259003,False
TSH_53,2021-04,10.342948140610115,0,0,0,999,0,4,0,33.0,34.6,0,2308.5294130259003,False
TSH_53,2021-05,10.342948140610115,0,0,0,999,0,5,1,33.0,34.6,0,2308.5294130259003,False
TSH_53,2021-06,10.342948140610115,0,0,0,999,0,6,1,33.0,34.6,0,2308.5294130259003,False
TSH_53,2021-07,10.342948140610115,0,0,0,999,0,7,1,33.0,34.6,0,2308.5294130259003,False
TSH_53,2021-08,10.342948140610115,0,0,0,999,0,8,1,33.0,34.6,0,2308.5294130259003,False
TSH_53,2021-09,10.342948140610115,0,0,0,999,0,9,1,33.0,34.6,0,2308.5294130259003,False
TSH_53,2021-10,10.342948140610115,0,0,0,999,0,10,0,33.0,34.6,0,2308.5294130259003,False
TSH_53,2021-11,10.342948140610115,0,0,0,999,0,11,0,33.0,34.6,0,2308.5294130259003,False
TSH_53,2021-12,10.342948140610115,0,0,0,999,0,12,0,33.0,34.6,0,2308.5294130259003,False
TSH_53,2022-01,10.342948140610115,0,0,0,999,0,1,0,33.0,34.6,0,2308.5294130259003,False
TSH_53,2022-02,10.342948140610115,0,0,0,999,0,2,0,33.0,34.6,0,2308.5294130259003,False
TSH_53,2022-03,10.342948140610115,0,0,0,999,0,3,0,33.0,34.6,0,2308.5294130259003,False
TSH_53,2022-04,10.342948140610115,0,0,0,999,0,4,0,33.0,34.6,0,2308.5294130259003,False
TSH_53,2022-05,10.342948140610115,0,0,0,999,0,5,1,33.0,34.6,0,2308.5294130259003,False
TSH_53,2022-06,10.342948140610115,0,0,0,999,0,6,1,33.0,34.6,0,2308.5294130259003,False
TSH_53,2022-07,10.342948140610115,0,0,0,999,0,7,1,33.0,34.6,0,2308.5294130259003,False
TSH_53,2022-08,10.342948140610115,0,0,0,999,0,8,1,33.0,34.6,0,2308.5294130259003,False
TSH_53,2022-09,10.342948140610115,0,0,0,999,0,9,1,33.0,34.6,0,2308.5294130259003,False
TSH_53,2022-10,10.342948140610115,0,0,0,999,0,10,0,33.0,34.6,0,2308.5294130259003,False
TSH_53,2022-11,10.342948140610115,0,0,0,999,0,11,0,33.0,34.6,0,2308.5294130259003,False
TSH_53,2022-12,10.342948140610115,0,0,0,999,0,12,0,33.0,34.6,0,2308.5294130259003,False
TSH_53,2023-01,10.342948140610115,0,0,0,999,0,1,0,33.0,34.6,0,2308.5294130259003,False
TSH_53,2023-02,10.342948140610115,0,0,0,999,0,2,0,33.0,34.6,0,2308.5294130259003,False
TSH_53,2023-03,10.342948140610115,0,0,0,999,0,3,0,33.0,34.6,0,2308.5294130259003,False
TSH_53,2023-04,10.342948140610115,0,0,0,999,0,4,0,33.0,34.6,0,2308.5294130259003,False
TSH_53,2023-05,10.342948140610115,0,0,0,999,0,5,1,33.0,34.6,0,2308.5294130259003,False
TSH_53,2023-06,10.342948140610115,0,0,0,999,0,6,1,33.0,34.6,0,2308.5294130259003,False
TSH_53,2023-07,10.342948140610115,0,0,0,999,0,7,1,33.0,34.6,0,2308.5294130259003,False
TSH_53,2023-08,10.342948140610115,0,0,0,999,0,8,1,33.0,34.6,0,2308.5294130259003,False
TSH_53,2023-09,10.342948140610115,0,0,0,999,0,9,1,33.0,34.6,0,2308.5294130259003,False
TSH_53,2023-10,10.342948140610115,0,0,0,999,0,10,0,33.0,34.6,0,2308.5294130259003,False
TSH_53,2023-11,10.342948140610115,0,0,0,999,0,11,0,33.0,34.6,0,2308.5294130259003,False
TSH_53,2023-12,10.342948140610115,0,0,0,999,0,12,0,33.0,34.6,0,2308.5294130259003,False
TSH_53,2024-01,10.342948140610115,0,0,0,999,0,1,0,33.0,34.6,0,2308.5294130259003,False
TSH_53,2024-02,10.342948140610115,0,0,0,999,0,2,0,33.0,34.6,0,2308.5294130259003,False
TSH_53,2024-03,10.342948140610115,0,0,0,999,0,3,0,33.0,34.6,0,2308.5294130259003,False
TSH_53,2024-04,10.342948140610115,0,0,0,999,0,4,0,33.0,34.6,0,2308.5294130259003,False
TSH_53,2024-05,10.342948140610115,0,0,0,999,0,5,1,33.0,34.6,0,2308.5294130259003,False
TSH_53,2024-06,10.342948140610115,0,0,0,999,0,6,1,33.0,34.6,0,2308.5294130259003,False
TSH_53,2024-07,10.342948140610115,0,0,0,999,0,7,1,33.0,34.6,0,2308.5294130259003,False
TSH_53,2024-08,10.342948140610115,0,0,0,999,0,8,1,33.0,34.6,0,2308.5294130259003,False
TSH_53,2024-09,10.342948140610115,0,0,0,999,0,9,1,33.0,34.6,0,2308.5294130259003,False
TSH_53,2024-10,10.342948140610115,0,0,0,999,0,10,0,33.0,34.6,0,2308.5294130259003,False
TSH_53,2024-11,10.342948140610115,0,0,0,999,0,11,0,33.0,34.6,0,2308.5294130259003,False
TSH_53,2024-12,10.342948140610115,0,0,0,999,0,12,0,33.0,34.6,0,2308.5294130259003,False
TSH_53,2025-01,10.342948140610115,0,0,0,999,0,1,0,33.0,34.6,0,2308.5294130259003,False
TSH_53,2025-02,10.342948140610115,0,0,0,999,0,2,0,33.0,34.6,0,2308.5294130259003,False
TSH_53,2025-03,10.342948140610115,0,0,0,999,0,3,0,33.0,34.6,0,2308.5294130259003,False
TSH_53,2025-04,10.342948140610115,0,0,0,999,0,4,0,33.0,34.6,0,2308.5294130259003,False
TSH_53,2025-05,10.342948140610115,0,0,0,999,0,5,1,33.0,34.6,0,2308.5294130259003,False
TSH_53,2025-06,10.342948140610115,0,0,0,999,0,6,1,33.0,34.6,0,2308.5294130259003,False
TSH_53,2025-07,10.342948140610115,0,0,0,999,0,7,1,33.0,34.6,0,2308.5294130259003,False
TSH_53,2025-08,10.342948140610115,0,0,0,999,0,8,1,33.0,34.6,0,2308.5294130259003,False
TSH_53,2025-09,10.342948140610115,0,0,0,999,0,9,1,33.0,34.6,0,2308.5294130259003,False
TSH_53,2025-10,10.342948140610115,0,0,0,999,0,10,0,33.0,34.6,0,2308.5294130259003,False
TSH_53,2025-11,10.342948140610115,0,0,0,999,0,11,0,33.0,34.6,0,2308.5294130259003,False
TSH_53,2025-12,10.342948140610115,0,0,0,999,0,12,0,33.0,34.6,0,2308.5294130259003,False
TSH_53,2026-01,10.342948140610115,0,0,0,999,0,1,0,33.0,34.6,0,2308.5294130259003,False
TSH_53,2026-02,10.342948140610115,0,0,0,999,0,2,0,33.0,34.6,0,2308.5294130259003,False
TSH_53,2026-03,10.342948140610115,0,0,0,999,0,3,0,33.0,34.6,0,2308.5294130259003,False
TSH_54,2019-08,10.952609533464562,0,0,0,999,0,8,1,33.0,34.6,0,1901.9211756205716,False
TSH_54,2019-09,10.952609533464562,0,0,0,999,0,9,1,33.0,34.6,0,1901.9211756205716,False
TSH_54,2019-10,10.952609533464562,0,0,0,999,0,10,0,33.0,34.6,0,1901.9211756205716,False
TSH_54,2019-11,10.952609533464562,0,0,0,999,0,11,0,33.0,34.6,0,1901.9211756205716,False
TSH_54,2019-12,10.952609533464562,0,0,0,999,0,12,0,33.0,34.6,0,1901.9211756205716,False
TSH_54,2020-01,10.952609533464562,0,0,0,999,0,1,0,33.0,34.6,0,1901.9211756205716,False
TSH_54,2020-02,10.952609533464562,0,0,0,999,0,2,0,33.0,34.6,0,1901.9211756205716,False
TSH_54,2020-03,10.952609533464562,0,0,0,999,0,3,0,33.0,34.6,0,1901.9211756205716,False
TSH_54,2020-04,10.952609533464562,0,0,0,999,0,4,0,33.0,34.6,0,1901.9211756205716,False
TSH_54,2020-05,10.952609533464562,0,0,0,999,0,5,1,33.0,34.6,0,1901.9211756205716,False
TSH_54,2020-06,10.952609533464562,0,0,0,999,0,6,1,33.0,34.6,0,1901.9211756205716,False
TSH_54,2020-07,10.952609533464562,0,0,0,999,0,7,1,33.0,34.6,0,1901.9211756205716,False
TSH_54,2020-08,10.952609533464562,0,0,0,999,0,8,1,33.0,34.6,0,1901.9211756205716,False
TSH_54,2020-09,10.952609533464562,0,0,0,999,0,9,1,33.0,34.6,0,1901.9211756205716,False
TSH_54,2020-10,10.952609533464562,0,0,0,999,0,10,0,33.0,34.6,0,1901.9211756205716,False
TSH_54,2020-11,10.952609533464562,0,0,0,999,0,11,0,33.0,34.6,0,1901.9211756205716,False
TSH_54,2020-12,10.952609533464562,0,0,0,999,0,12,0,33.0,34.6,0,1901.9211756205716,False
TSH_54,2021-01,10.952609533464562,0,0,0,999,0,1,0,33.0,34.6,0,1901.9211756205716,False
TSH_54,2021-02,10.952609533464562,0,0,0,999,0,2,0,33.0,34.6,0,1901.9211756205716,False
TSH_54,2021-03,10.952609533464562,0,0,0,999,0,3,0,33.0,34.6,0,1901.9211756205716,False
TSH_54,2021-04,10.952609533464562,0,0,0,999,0,4,0,33.0,34.6,0,1901.9211756205716,False
TSH_54,2021-05,10.952609533464562,0,0,0,999,0,5,1,33.0,34.6,0,1901.9211756205716,False
TSH_54,2021-06,10.952609533464562,0,0,0,999,0,6,1,33.0,34.6,0,1901.9211756205716,False
TSH_54,2021-07,10.952609533464562,0,0,0,999,0,7,1,33.0,34.6,0,1901.9211756205716,False
TSH_54,2021-08,10.952609533464562,0,0,0,999,0,8,1,33.0,34.6,0,1901.9211756205716,False
TSH_54,2021-09,10.952609533464562,0,0,0,999,0,9,1,33.0,34.6,0,1901.9211756205716,False
TSH_54,2021-10,10.952609533464562,0,0,0,999,0,10,0,33.0,34.6,0,1901.9211756205716,False
TSH_54,2021-11,10.952609533464562,0,0,0,999,0,11,0,33.0,34.6,0,1901.9211756205716,False
TSH_54,2021-12,10.952609533464562,0,0,0,999,0,12,0,33.0,34.6,0,1901.9211756205716,False
TSH_54,2022-01,10.952609533464562,0,0,0,999,0,1,0,33.0,34.6,0,1901.9211756205716,False
TSH_54,2022-02,10.952609533464562,0,0,0,999,0,2,0,33.0,34.6,0,1901.9211756205716,False
TSH_54,2022-03,10.952609533464562,0,0,0,999,0,3,0,33.0,34.6,0,1901.9211756205716,False
TSH_54,2022-04,10.952609533464562,0,0,0,999,0,4,0,33.0,34.6,0,1901.9211756205716,False
TSH_54,2022-05,10.952609533464562,0,0,0,999,0,5,1,33.0,34.6,0,1901.9211756205716,False
TSH_54,2022-06,10.952609533464562,0,0,0,999,0,6,1,33.0,34.6,0,1901.9211756205716,False
TSH_54,2022-07,10.952609533464562,0,0,0,999,0,7,1,33.0,34.6,0,1901.9211756205716,False
TSH_54,2022-08,10.952609533464562,0,0,0,999,0,8,1,33.0,34.6,0,1901.9211756205716,False
TSH_54,2022-09,10.952609533464562,0,0,0,999,0,9,1,33.0,34.6,0,1901.9211756205716,False
TSH_54,2022-10,10.952609533464562,0,0,0,999,0,10,0,33.0,34.6,0,1901.9211756205716,False
TSH_54,2022-11,10.952609533464562,0,0,0,999,0,11,0,33.0,34.6,0,1901.9211756205716,False
TSH_54,2022-12,10.952609533464562,0,0,0,999,0,12,0,33.0,34.6,0,1901.9211756205716,False
TSH_54,2023-01,10.952609533464562,0,0,0,999,0,1,0,33.0,34.6,0,1901.9211756205716,False
TSH_54,2023-02,10.952609533464562,0,0,0,999,0,2,0,33.0,34.6,0,1901.9211756205716,False
TSH_54,2023-03,10.952609533464562,0,0,0,999,0,3,0,33.0,34.6,0,1901.9211756205716,False
TSH_54,2023-04,10.952609533464562,0,0,0,999,0,4,0,33.0,34.6,0,1901.9211756205716,False
TSH_54,2023-05,10.952609533464562,0,0,0,999,0,5,1,33.0,34.6,0,1901.9211756205716,False
TSH_54,2023-06,10.952609533464562,0,0,0,999,0,6,1,33.0,34.6,0,1901.9211756205716,False
TSH_54,2023-07,10.952609533464562,0,0,0,999,0,7,1,33.0,34.6,0,1901.9211756205716,False
TSH_54,2023-08,10.952609533464562,0,0,0,999,0,8,1,33.0,34.6,0,1901.9211756205716,False
TSH_54,2023-09,10.952609533464562,0,0,0,999,0,9,1,33.0,34.6,0,1901.9211756205716,False
TSH_54,2023-10,10.952609533464562,0,0,0,999,0,10,0,33.0,34.6,0,1901.9211756205716,False
TSH_54,2023-11,10.952609533464562,0,0,0,999,0,11,0,33.0,34.6,0,1901.9211756205716,False
TSH_54,2023-12,10.952609533464562,0,0,0,999,0,12,0,33.0,34.6,0,1901.9211756205716,False
TSH_54,2024-01,10.952609533464562,0,0,0,999,0,1,0,33.0,34.6,0,1901.9211756205716,False
TSH_54,2024-02,10.952609533464562,0,0,0,999,0,2,0,33.0,34.6,0,1901.9211756205716,False
TSH_54,2024-03,10.952609533464562,0,0,0,999,0,3,0,33.0,34.6,0,1901.9211756205716,False
TSH_54,2024-04,10.952609533464562,0,0,0,999,0,4,0,33.0,34.6,0,1901.9211756205716,False
TSH_54,2024-05,10.952609533464562,0,0,0,999,0,5,1,33.0,34.6,0,1901.9211756205716,False
TSH_54,2024-06,10.952609533464562,0,0,0,999,0,6,1,33.0,34.6,0,1901.9211756205716,False
TSH_54,2024-07,10.952609533464562,0,0,0,999,0,7,1,33.0,34.6,0,1901.9211756205716,False
TSH_54,2024-08,10.952609533464562,0,0,0,999,0,8,1,33.0,34.6,0,1901.9211756205716,False
TSH_54,2024-09,10.952609533464562,0,0,0,999,0,9,1,33.0,34.6,0,1901.9211756205716,False
TSH_54,2024-10,10.952609533464562,0,0,0,999,0,10,0,33.0,34.6,0,1901.9211756205716,False
TSH_54,2024-11,10.952609533464562,0,0,0,999,0,11,0,33.0,34.6,0,1901.9211756205716,False
TSH_54,2024-12,10.952609533464562,0,0,0,999,0,12,0,33.0,34.6,0,1901.9211756205716,False
TSH_54,2025-01,10.952609533464562,0,0,0,999,0,1,0,33.0,34.6,0,1901.9211756205716,False
TSH_54,2025-02,10.952609533464562,0,0,0,999,0,2,0,33.0,34.6,0,1901.9211756205716,False
TSH_54,2025-03,10.952609533464562,0,0,0,999,0,3,0,33.0,34.6,0,1901.9211756205716,False
TSH_54,2025-04,10.952609533464562,0,0,0,999,0,4,0,33.0,34.6,0,1901.9211756205716,False
TSH_54,2025-05,10.952609533464562,0,0,0,999,0,5,1,33.0,34.6,0,1901.9211756205716,False
TSH_54,2025-06,10.952609533464562,0,0,0,999,0,6,1,33.0,34.6,0,1901.9211756205716,False
TSH_54,2025-07,10.952609533464562,0,0,0,999,0,7,1,33.0,34.6,0,1901.9211756205716,False
TSH_54,2025-08,10.952609533464562,0,0,0,999,0,8,1,33.0,34.6,0,1901.9211756205716,False
TSH_54,2025-09,10.952609533464562,0,0,0,999,0,9,1,33.0,34.6,0,1901.9211756205716,False
TSH_54,2025-10,10.952609533464562,0,0,0,999,0,10,0,33.0,34.6,0,1901.9211756205716,False
TSH_54,2025-11,10.952609533464562,0,0,0,999,0,11,0,33.0,34.6,0,1901.9211756205716,False
TSH_54,2025-12,10.952609533464562,0,0,0,999,0,12,0,33.0,34.6,0,1901.9211756205716,False
TSH_54,2026-01,10.952609533464562,0,0,0,999,0,1,0,33.0,34.6,0,1901.9211756205716,False
TSH_54,2026-02,10.952609533464562,0,0,0,999,0,2,0,33.0,34.6,0,1901.9211756205716,False
TSH_54,2026-03,10.952609533464562,0,0,0,999,0,3,0,33.0,34.6,0,1901.9211756205716,False
TSH_55,2019-08,108.6404416060091,0,0,0,999,0,8,1,33.0,34.6,0,237.68312810845327,False
TSH_55,2019-09,108.6404416060091,0,0,0,999,0,9,1,33.0,34.6,0,237.68312810845327,False
TSH_55,2019-10,108.6404416060091,0,0,0,999,0,10,0,33.0,34.6,0,237.68312810845327,False
TSH_55,2019-11,108.6404416060091,0,0,0,999,0,11,0,33.0,34.6,0,237.68312810845327,False
TSH_55,2019-12,108.6404416060091,0,0,0,999,0,12,0,33.0,34.6,0,237.68312810845327,False
TSH_55,2020-01,108.6404416060091,0,0,0,999,0,1,0,33.0,34.6,0,237.68312810845327,False
TSH_55,2020-02,108.6404416060091,0,0,0,999,0,2,0,33.0,34.6,0,237.68312810845327,False
TSH_55,2020-03,108.6404416060091,0,0,0,999,0,3,0,33.0,34.6,0,237.68312810845327,False
TSH_55,2020-04,108.6404416060091,0,0,0,999,0,4,0,33.0,34.6,0,237.68312810845327,False
TSH_55,2020-05,108.6404416060091,0,0,0,999,0,5,1,33.0,34.6,0,237.68312810845327,False
TSH_55,2020-06,108.6404416060091,0,0,0,999,0,6,1,33.0,34.6,0,237.68312810845327,False
TSH_55,2020-07,108.6404416060091,0,0,0,999,0,7,1,33.0,34.6,0,237.68312810845327,False
TSH_55,2020-08,108.6404416060091,0,0,0,999,0,8,1,33.0,34.6,0,237.68312810845327,False
TSH_55,2020-09,108.6404416060091,0,0,0,999,0,9,1,33.0,34.6,0,237.68312810845327,False
TSH_55,2020-10,108.6404416060091,0,0,0,999,0,10,0,33.0,34.6,0,237.68312810845327,False
TSH_55,2020-11,108.6404416060091,0,0,0,999,0,11,0,33.0,34.6,0,237.68312810845327,False
TSH_55,2020-12,108.6404416060091,0,0,0,999,0,12,0,33.0,34.6,0,237.68312810845327,False
TSH_55,2021-01,108.6404416060091,0,0,0,999,0,1,0,33.0,34.6,0,237.68312810845327,False
TSH_55,2021-02,108.6404416060091,0,0,0,999,0,2,0,33.0,34.6,0,237.68312810845327,False
TSH_55,2021-03,108.6404416060091,0,0,0,999,0,3,0,33.0,34.6,0,237.68312810845327,False
TSH_55,2021-04,108.6404416060091,0,0,0,999,0,4,0,33.0,34.6,0,237.68312810845327,False
TSH_55,2021-05,108.6404416060091,0,0,0,999,0,5,1,33.0,34.6,0,237.68312810845327,False
TSH_55,2021-06,108.6404416060091,0,0,0,999,0,6,1,33.0,34.6,0,237.68312810845327,False
TSH_55,2021-07,108.6404416060091,0,0,0,999,0,7,1,33.0,34.6,0,237.68312810845327,False
TSH_55,2021-08,108.6404416060091,0,0,0,999,0,8,1,33.0,34.6,0,237.68312810845327,False
TSH_55,2021-09,108.6404416060091,0,0,0,999,0,9,1,33.0,34.6,0,237.68312810845327,False
TSH_55,2021-10,108.6404416060091,0,0,0,999,0,10,0,33.0,34.6,0,237.68312810845327,False
TSH_55,2021-11,108.6404416060091,0,0,0,999,0,11,0,33.0,34.6,0,237.68312810845327,False
TSH_55,2021-12,108.6404416060091,0,0,0,999,0,12,0,33.0,34.6,0,237.68312810845327,False
TSH_55,2022-01,108.6404416060091,0,0,0,999,0,1,0,33.0,34.6,0,237.68312810845327,False
TSH_55,2022-02,108.6404416060091,0,0,0,999,0,2,0,33.0,34.6,0,237.68312810845327,False
TSH_55,2022-03,108.6404416060091,0,0,0,999,0,3,0,33.0,34.6,0,237.68312810845327,False
TSH_55,2022-04,108.6404416060091,0,0,0,999,0,4,0,33.0,34.6,0,237.68312810845327,False
TSH_55,2022-05,108.6404416060091,0,0,0,999,0,5,1,33.0,34.6,0,237.68312810845327,False
TSH_55,2022-06,108.6404416060091,0,0,0,999,0,6,1,33.0,34.6,0,237.68312810845327,False
TSH_55,2022-07,108.6404416060091,0,0,0,999,0,7,1,33.0,34.6,0,237.68312810845327,False
TSH_55,2022-08,108.6404416060091,0,0,0,999,0,8,1,33.0,34.6,0,237.68312810845327,False
TSH_55,2022-09,108.6404416060091,0,0,0,999,0,9,1,33.0,34.6,0,237.68312810845327,False
TSH_55,2022-10,108.6404416060091,0,0,0,999,0,10,0,33.0,34.6,0,237.68312810845327,False
TSH_55,2022-11,108.6404416060091,0,0,0,999,0,11,0,33.0,34.6,0,237.68312810845327,False
TSH_55,2022-12,108.6404416060091,0,0,0,999,0,12,0,33.0,34.6,0,237.68312810845327,False
TSH_55,2023-01,108.6404416060091,0,0,0,999,0,1,0,33.0,34.6,0,237.68312810845327,False
TSH_55,2023-02,108.6404416060091,0,0,0,999,0,2,0,33.0,34.6,0,237.68312810845327,False
TSH_55,2023-03,108.6404416060091,0,0,0,999,0,3,0,33.0,34.6,0,237.68312810845327,False
TSH_55,2023-04,108.6404416060091,0,0,0,999,0,4,0,33.0,34.6,0,237.68312810845327,False
TSH_55,2023-05,108.6404416060091,0,0,0,999,0,5,1,33.0,34.6,0,237.68312810845327,False
TSH_55,2023-06,108.6404416060091,0,0,0,999,0,6,1,33.0,34.6,0,237.68312810845327,False
TSH_55,2023-07,108.6404416060091,0,0,0,999,0,7,1,33.0,34.6,0,237.68312810845327,False
TSH_55,2023-08,108.6404416060091,0,0,0,999,0,8,1,33.0,34.6,0,237.68312810845327,False
TSH_55,2023-09,108.6404416060091,0,0,0,999,0,9,1,33.0,34.6,0,237.68312810845327,False
TSH_55,2023-10,108.6404416060091,0,0,0,999,0,10,0,33.0,34.6,0,237.68312810845327,False
TSH_55,2023-11,108.6404416060091,0,0,0,999,0,11,0,33.0,34.6,0,237.68312810845327,False
TSH_55,2023-12,108.6404416060091,0,0,0,999,0,12,0,33.0,34.6,0,237.68312810845327,False
TSH_55,2024-01,108.6404416060091,0,0,0,999,0,1,0,33.0,34.6,0,237.68312810845327,False
TSH_55,2024-02,108.6404416060091,0,0,0,999,0,2,0,33.0,34.6,0,237.68312810845327,False
TSH_55,2024-03,108.6404416060091,0,0,0,999,0,3,0,33.0,34.6,0,237.68312810845327,False
TSH_55,2024-04,108.6404416060091,0,0,0,999,0,4,0,33.0,34.6,0,237.68312810845327,False
TSH_55,2024-05,108.6404416060091,0,0,0,999,0,5,1,33.0,34.6,0,237.68312810845327,False
TSH_55,2024-06,108.6404416060091,0,0,0,999,0,6,1,33.0,34.6,0,237.68312810845327,False
TSH_55,2024-07,108.6404416060091,0,0,0,999,0,7,1,33.0,34.6,0,237.68312810845327,False
TSH_55,2024-08,108.6404416060091,0,0,0,999,0,8,1,33.0,34.6,0,237.68312810845327,False
TSH_55,2024-09,108.6404416060091,0,0,0,999,0,9,1,33.0,34.6,0,237.68312810845327,False
TSH_55,2024-10,108.6404416060091,0,0,0,999,0,10,0,33.0,34.6,0,237.68312810845327,False
TSH_55,2024-11,108.6404416060091,0,0,0,999,0,11,0,33.0,34.6,0,237.68312810845327,False
TSH_55,2024-12,108.6404416060091,0,0,0,999,0,12,0,33.0,34.6,0,237.68312810845327,False
TSH_55,2025-01,108.6404416060091,0,0,0,999,0,1,0,33.0,34.6,0,237.68312810845327,False
TSH_55,2025-02,108.6404416060091,0,0,0,999,0,2,0,33.0,34.6,0,237.68312810845327,False
TSH_55,2025-03,108.6404416060091,0,0,0,999,0,3,0,33.0,34.6,0,237.68312810845327,False
TSH_55,2025-04,108.6404416060091,0,0,0,999,0,4,0,33.0,34.6,0,237.68312810845327,False
TSH_55,2025-05,108.6404416060091,0,0,0,999,0,5,1,33.0,34.6,0,237.68312810845327,False
TSH_55,2025-06,108.6404416060091,0,0,0,999,0,6,1,33.0,34.6,0,237.68312810845327,False
TSH_55,2025-07,108.6404416060091,0,0,0,999,0,7,1,33.0,34.6,0,237.68312810845327,False
TSH_55,2025-08,108.6404416060091,0,0,0,999,0,8,1,33.0,34.6,0,237.68312810845327,False
TSH_55,2025-09,108.6404416060091,0,0,0,999,0,9,1,33.0,34.6,0,237.68312810845327,False
TSH_55,2025-10,108.6404416060091,0,0,0,999,0,10,0,33.0,34.6,0,237.68312810845327,False
TSH_55,2025-11,108.6404416060091,0,0,0,999,0,11,0,33.0,34.6,0,237.68312810845327,False
TSH_55,2025-12,108.6404416060091,0,0,0,999,0,12,0,33.0,34.6,0,237.68312810845327,False
TSH_55,2026-01,108.6404416060091,0,0,0,999,0,1,0,33.0,34.6,0,237.68312810845327,False
TSH_55,2026-02,108.6404416060091,0,0,0,999,0,2,0,33.0,34.6,0,237.68312810845327,False
TSH_55,2026-03,108.6404416060091,0,0,0,999,0,3,0,33.0,34.6,0,237.68312810845327,False
TSH_56,2019-08,7.255355673800725,0,0,0,999,0,8,1,33.0,31.9,0,2671.26807717853,False
TSH_56,2019-09,7.255355673800725,0,0,0,999,0,9,1,33.0,31.9,0,2671.26807717853,False
TSH_56,2019-10,7.255355673800725,0,0,0,999,0,10,0,33.0,31.9,0,2671.26807717853,False
TSH_56,2019-11,7.255355673800725,0,0,0,999,0,11,0,33.0,31.9,0,2671.26807717853,False
TSH_56,2019-12,7.255355673800725,0,0,0,999,0,12,0,33.0,31.9,0,2671.26807717853,False
TSH_56,2020-01,7.255355673800725,0,0,0,999,0,1,0,33.0,31.9,0,2671.26807717853,False
TSH_56,2020-02,7.255355673800725,0,0,0,999,0,2,0,33.0,31.9,0,2671.26807717853,False
TSH_56,2020-03,7.255355673800725,0,0,0,999,0,3,0,33.0,31.9,0,2671.26807717853,False
TSH_56,2020-04,7.255355673800725,0,0,0,999,0,4,0,33.0,31.9,0,2671.26807717853,False
TSH_56,2020-05,7.255355673800725,0,0,0,999,0,5,1,33.0,31.9,0,2671.26807717853,False
TSH_56,2020-06,7.255355673800725,0,0,0,999,0,6,1,33.0,31.9,0,2671.26807717853,False
TSH_56,2020-07,7.255355673800725,0,0,0,999,0,7,1,33.0,31.9,0,2671.26807717853,False
TSH_56,2020-08,7.255355673800725,0,0,0,999,0,8,1,33.0,31.9,0,2671.26807717853,False
TSH_56,2020-09,7.255355673800725,0,0,0,999,0,9,1,33.0,31.9,0,2671.26807717853,False
TSH_56,2020-10,7.255355673800725,0,0,0,999,0,10,0,33.0,31.9,0,2671.26807717853,False
TSH_56,2020-11,7.255355673800725,0,0,0,999,0,11,0,33.0,31.9,0,2671.26807717853,False
TSH_56,2020-12,7.255355673800725,0,0,0,999,0,12,0,33.0,31.9,0,2671.26807717853,False
TSH_56,2021-01,7.255355673800725,0,0,0,999,0,1,0,33.0,31.9,0,2671.26807717853,False
TSH_56,2021-02,7.255355673800725,0,0,0,999,0,2,0,33.0,31.9,0,2671.26807717853,False
TSH_56,2021-03,7.255355673800725,0,0,0,999,0,3,0,33.0,31.9,0,2671.26807717853,False
TSH_56,2021-04,7.255355673800725,0,0,0,999,0,4,0,33.0,31.9,0,2671.26807717853,False
TSH_56,2021-05,7.255355673800725,0,0,0,999,0,5,1,33.0,31.9,0,2671.26807717853,False
TSH_56,2021-06,7.255355673800725,0,0,0,999,0,6,1,33.0,31.9,0,2671.26807717853,False
TSH_56,2021-07,7.255355673800725,0,0,0,999,0,7,1,33.0,31.9,0,2671.26807717853,False
TSH_56,2021-08,7.255355673800725,0,0,0,999,0,8,1,33.0,31.9,0,2671.26807717853,False
TSH_56,2021-09,7.255355673800725,0,0,0,999,0,9,1,33.0,31.9,0,2671.26807717853,False
TSH_56,2021-10,7.255355673800725,0,0,0,999,0,10,0,33.0,31.9,0,2671.26807717853,False
TSH_56,2021-11,7.255355673800725,0,0,0,999,0,11,0,33.0,31.9,0,2671.26807717853,False
TSH_56,2021-12,7.255355673800725,0,0,0,999,0,12,0,33.0,31.9,0,2671.26807717853,False
TSH_56,2022-01,7.255355673800725,0,0,0,999,0,1,0,33.0,31.9,0,2671.26807717853,False
TSH_56,2022-02,7.255355673800725,0,0,0,999,0,2,0,33.0,31.9,0,2671.26807717853,False
TSH_56,2022-03,7.255355673800725,0,0,0,999,0,3,0,33.0,31.9,0,2671.26807717853,False
TSH_56,2022-04,7.255355673800725,0,0,0,999,0,4,0,33.0,31.9,0,2671.26807717853,False
TSH_56,2022-05,7.255355673800725,0,0,0,999,0,5,1,33.0,31.9,0,2671.26807717853,False
TSH_56,2022-06,7.255355673800725,0,0,0,999,0,6,1,33.0,31.9,0,2671.26807717853,False
TSH_56,2022-07,7.255355673800725,0,0,0,999,0,7,1,33.0,31.9,0,2671.26807717853,False
TSH_56,2022-08,7.255355673800725,0,0,0,999,0,8,1,33.0,31.9,0,2671.26807717853,False
TSH_56,2022-09,7.255355673800725,0,0,0,999,0,9,1,33.0,31.9,0,2671.26807717853,False
TSH_56,2022-10,7.255355673800725,0,0,0,999,0,10,0,33.0,31.9,0,2671.26807717853,False
TSH_56,2022-11,7.255355673800725,0,0,0,999,0,11,0,33.0,31.9,0,2671.26807717853,False
TSH_56,2022-12,7.255355673800725,0,0,0,999,0,12,0,33.0,31.9,0,2671.26807717853,False
TSH_56,2023-01,7.255355673800725,0,0,0,999,0,1,0,33.0,31.9,0,2671.26807717853,False
TSH_56,2023-02,7.255355673800725,0,0,0,999,0,2,0,33.0,31.9,0,2671.26807717853,False
TSH_56,2023-03,7.255355673800725,0,0,0,999,0,3,0,33.0,31.9,0,2671.26807717853,False
TSH_56,2023-04,7.255355673800725,0,0,0,999,0,4,0,33.0,31.9,1,2671.26807717853,False
TSH_56,2023-05,7.255355673800725,0,0,0,999,0,5,1,33.0,31.9,1,2671.26807717853,False
TSH_56,2023-06,7.255355673800725,0,0,0,999,0,6,1,33.0,31.9,1,2671.26807717853,False
TSH_56,2023-07,7.255355673800725,1,1,1,0,0,7,1,33.0,31.9,0,2671.26807717853,False
TSH_56,2023-08,7.255355673800725,0,0,1,1,0,8,1,33.0,31.9,0,2671.26807717853,False
TSH_56,2023-09,7.255355673800725,0,0,1,2,0,9,1,33.0,31.9,0,2671.26807717853,False
TSH_56,2023-10,7.255355673800725,0,0,1,3,0,10,0,33.0,31.9,0,2671.26807717853,False
TSH_56,2023-11,7.255355673800725,0,0,1,4,0,11,0,33.0,31.9,0,2671.26807717853,False
TSH_56,2023-12,7.255355673800725,0,0,1,5,0,12,0,33.0,31.9,0,2671.26807717853,False
TSH_56,2024-01,7.255355673800725,0,0,1,6,0,1,0,33.0,31.9,0,2671.26807717853,False
TSH_56,2024-02,7.255355673800725,0,0,1,7,0,2,0,33.0,31.9,0,2671.26807717853,False
TSH_56,2024-03,7.255355673800725,0,0,1,8,0,3,0,33.0,31.9,0,2671.26807717853,False
TSH_56,2024-04,7.255355673800725,0,0,1,9,0,4,0,33.0,31.9,0,2671.26807717853,False
TSH_56,2024-05,7.255355673800725,0,0,1,10,0,5,1,33.0,31.9,0,2671.26807717853,False
TSH_56,2024-06,7.255355673800725,0,0,1,11,0,6,1,33.0,31.9,0,2671.26807717853,False
TSH_56,2024-07,7.255355673800725,0,0,1,12,0,7,1,33.0,31.9,0,2671.26807717853,False
TSH_56,2024-08,7.255355673800725,0,0,1,13,0,8,1,33.0,31.9,0,2671.26807717853,False
TSH_56,2024-09,7.255355673800725,0,0,1,14,0,9,1,33.0,31.9,0,2671.26807717853,False
TSH_56,2024-10,7.255355673800725,0,0,1,15,0,10,0,33.0,31.9,0,2671.26807717853,False
TSH_56,2024-11,7.255355673800725,0,0,1,16,0,11,0,33.0,31.9,0,2671.26807717853,False
TSH_56,2024-12,7.255355673800725,0,0,1,17,0,12,0,33.0,31.9,0,2671.26807717853,False
TSH_56,2025-01,7.255355673800725,0,0,1,18,0,1,0,33.0,31.9,0,2671.26807717853,False
TSH_56,2025-02,7.255355673800725,0,0,1,19,0,2,0,33.0,31.9,0,2671.26807717853,False
TSH_56,2025-03,7.255355673800725,0,0,1,20,0,3,0,33.0,31.9,0,2671.26807717853,False
TSH_56,2025-04,7.255355673800725,0,0,1,21,0,4,0,33.0,31.9,0,2671.26807717853,False
TSH_56,2025-05,7.255355673800725,0,0,1,22,0,5,1,33.0,31.9,0,2671.26807717853,False
TSH_56,2025-06,7.255355673800725,0,0,1,23,0,6,1,33.0,31.9,0,2671.26807717853,False
TSH_56,2025-07,7.255355673800725,0,0,1,24,0,7,1,33.0,31.9,0,2671.26807717853,False
TSH_56,2025-08,7.255355673800725,0,0,1,25,0,8,1,33.0,31.9,0,2671.26807717853,False
TSH_56,2025-09,7.255355673800725,0,0,1,26,0,9,1,33.0,31.9,0,2671.26807717853,False
TSH_56,2025-10,7.255355673800725,0,0,1,27,0,10,0,33.0,31.9,0,2671.26807717853,False
TSH_56,2025-11,7.255355673800725,0,0,1,28,0,11,0,33.0,31.9,0,2671.26807717853,False
TSH_56,2025-12,7.255355673800725,0,0,1,29,0,12,0,33.0,31.9,0,2671.26807717853,False
TSH_56,2026-01,7.255355673800725,0,0,1,30,0,1,0,33.0,31.9,0,2671.26807717853,False
TSH_56,2026-02,7.255355673800725,0,0,1,31,0,2,0,33.0,31.9,0,2671.26807717853,False
TSH_56,2026-03,7.255355673800725,0,0,1,32,0,3,0,33.0,31.9,0,2671.26807717853,False
TSH_57,2019-08,8.84383673624741,0,0,0,999,0,8,1,33.0,31.9,0,3180.9723357621465,False
TSH_57,2019-09,8.84383673624741,0,0,0,999,0,9,1,33.0,31.9,0,3180.9723357621465,False
TSH_57,2019-10,8.84383673624741,0,0,0,999,0,10,0,33.0,31.9,0,3180.9723357621465,False
TSH_57,2019-11,8.84383673624741,0,0,0,999,0,11,0,33.0,31.9,0,3180.9723357621465,False
TSH_57,2019-12,8.84383673624741,0,0,0,999,0,12,0,33.0,31.9,0,3180.9723357621465,False
TSH_57,2020-01,8.84383673624741,0,0,0,999,0,1,0,33.0,31.9,0,3180.9723357621465,False
TSH_57,2020-02,8.84383673624741,0,0,0,999,0,2,0,33.0,31.9,0,3180.9723357621465,False
TSH_57,2020-03,8.84383673624741,0,0,0,999,0,3,0,33.0,31.9,0,3180.9723357621465,False
TSH_57,2020-04,8.84383673624741,0,0,0,999,0,4,0,33.0,31.9,0,3180.9723357621465,False
TSH_57,2020-05,8.84383673624741,0,0,0,999,0,5,1,33.0,31.9,0,3180.9723357621465,False
TSH_57,2020-06,8.84383673624741,0,0,0,999,0,6,1,33.0,31.9,0,3180.9723357621465,False
TSH_57,2020-07,8.84383673624741,0,0,0,999,0,7,1,33.0,31.9,0,3180.9723357621465,False
TSH_57,2020-08,8.84383673624741,0,0,0,999,0,8,1,33.0,31.9,0,3180.9723357621465,False
TSH_57,2020-09,8.84383673624741,0,0,0,999,0,9,1,33.0,31.9,0,3180.9723357621465,False
TSH_57,2020-10,8.84383673624741,0,0,0,999,0,10,0,33.0,31.9,0,3180.9723357621465,False
TSH_57,2020-11,8.84383673624741,0,0,0,999,0,11,0,33.0,31.9,0,3180.9723357621465,False
TSH_57,2020-12,8.84383673624741,0,0,0,999,0,12,0,33.0,31.9,0,3180.9723357621465,False
TSH_57,2021-01,8.84383673624741,0,0,0,999,0,1,0,33.0,31.9,0,3180.9723357621465,False
TSH_57,2021-02,8.84383673624741,0,0,0,999,0,2,0,33.0,31.9,0,3180.9723357621465,False
TSH_57,2021-03,8.84383673624741,0,0,0,999,0,3,0,33.0,31.9,0,3180.9723357621465,False
TSH_57,2021-04,8.84383673624741,0,0,0,999,0,4,0,33.0,31.9,0,3180.9723357621465,False
TSH_57,2021-05,8.84383673624741,0,0,0,999,0,5,1,33.0,31.9,0,3180.9723357621465,False
TSH_57,2021-06,8.84383673624741,0,0,0,999,0,6,1,33.0,31.9,0,3180.9723357621465,False
TSH_57,2021-07,8.84383673624741,0,0,0,999,0,7,1,33.0,31.9,0,3180.9723357621465,False
TSH_57,2021-08,8.84383673624741,0,0,0,999,0,8,1,33.0,31.9,0,3180.9723357621465,False
TSH_57,2021-09,8.84383673624741,0,0,0,999,0,9,1,33.0,31.9,0,3180.9723357621465,False
TSH_57,2021-10,8.84383673624741,0,0,0,999,0,10,0,33.0,31.9,0,3180.9723357621465,False
TSH_57,2021-11,8.84383673624741,0,0,0,999,0,11,0,33.0,31.9,0,3180.9723357621465,False
TSH_57,2021-12,8.84383673624741,0,0,0,999,0,12,0,33.0,31.9,0,3180.9723357621465,False
TSH_57,2022-01,8.84383673624741,0,0,0,999,0,1,0,33.0,31.9,0,3180.9723357621465,False
TSH_57,2022-02,8.84383673624741,0,0,0,999,0,2,0,33.0,31.9,0,3180.9723357621465,False
TSH_57,2022-03,8.84383673624741,0,0,0,999,0,3,0,33.0,31.9,0,3180.9723357621465,False
TSH_57,2022-04,8.84383673624741,0,0,0,999,0,4,0,33.0,31.9,0,3180.9723357621465,False
TSH_57,2022-05,8.84383673624741,0,0,0,999,0,5,1,33.0,31.9,0,3180.9723357621465,False
TSH_57,2022-06,8.84383673624741,0,0,0,999,0,6,1,33.0,31.9,0,3180.9723357621465,False
TSH_57,2022-07,8.84383673624741,0,0,0,999,0,7,1,33.0,31.9,0,3180.9723357621465,False
TSH_57,2022-08,8.84383673624741,0,0,0,999,0,8,1,33.0,31.9,0,3180.9723357621465,False
TSH_57,2022-09,8.84383673624741,0,0,0,999,0,9,1,33.0,31.9,0,3180.9723357621465,False
TSH_57,2022-10,8.84383673624741,0,0,0,999,0,10,0,33.0,31.9,0,3180.9723357621465,False
TSH_57,2022-11,8.84383673624741,0,0,0,999,0,11,0,33.0,31.9,0,3180.9723357621465,False
TSH_57,2022-12,8.84383673624741,0,0,0,999,0,12,0,33.0,31.9,0,3180.9723357621465,False
TSH_57,2023-01,8.84383673624741,0,0,0,999,0,1,0,33.0,31.9,0,3180.9723357621465,False
TSH_57,2023-02,8.84383673624741,0,0,0,999,0,2,0,33.0,31.9,0,3180.9723357621465,False
TSH_57,2023-03,8.84383673624741,0,0,0,999,0,3,0,33.0,31.9,0,3180.9723357621465,False
TSH_57,2023-04,8.84383673624741,0,0,0,999,0,4,0,33.0,31.9,0,3180.9723357621465,False
TSH_57,2023-05,8.84383673624741,0,0,0,999,0,5,1,33.0,31.9,0,3180.9723357621465,False
TSH_57,2023-06,8.84383673624741,0,0,0,999,0,6,1,33.0,31.9,0,3180.9723357621465,False
TSH_57,2023-07,8.84383673624741,0,0,0,999,0,7,1,33.0,31.9,0,3180.9723357621465,False
TSH_57,2023-08,8.84383673624741,0,0,0,999,0,8,1,33.0,31.9,0,3180.9723357621465,False
TSH_57,2023-09,8.84383673624741,0,0,0,999,0,9,1,33.0,31.9,0,3180.9723357621465,False
TSH_57,2023-10,8.84383673624741,0,0,0,999,0,10,0,33.0,31.9,0,3180.9723357621465,False
TSH_57,2023-11,8.84383673624741,0,0,0,999,0,11,0,33.0,31.9,0,3180.9723357621465,False
TSH_57,2023-12,8.84383673624741,0,0,0,999,0,12,0,33.0,31.9,0,3180.9723357621465,False
TSH_57,2024-01,8.84383673624741,0,0,0,999,0,1,0,33.0,31.9,0,3180.9723357621465,False
TSH_57,2024-02,8.84383673624741,0,0,0,999,0,2,0,33.0,31.9,0,3180.9723357621465,False
TSH_57,2024-03,8.84383673624741,0,0,0,999,0,3,0,33.0,31.9,0,3180.9723357621465,False
TSH_57,2024-04,8.84383673624741,0,0,0,999,0,4,0,33.0,31.9,0,3180.9723357621465,False
TSH_57,2024-05,8.84383673624741,0,0,0,999,0,5,1,33.0,31.9,0,3180.9723357621465,False
TSH_57,2024-06,8.84383673624741,0,0,0,999,0,6,1,33.0,31.9,0,3180.9723357621465,False
TSH_57,2024-07,8.84383673624741,0,0,0,999,0,7,1,33.0,31.9,0,3180.9723357621465,False
TSH_57,2024-08,8.84383673624741,0,0,0,999,0,8,1,33.0,31.9,0,3180.9723357621465,False
TSH_57,2024-09,8.84383673624741,0,0,0,999,0,9,1,33.0,31.9,0,3180.9723357621465,False
TSH_57,2024-10,8.84383673624741,0,0,0,999,0,10,0,33.0,31.9,0,3180.9723357621465,False
TSH_57,2024-11,8.84383673624741,0,0,0,999,0,11,0,33.0,31.9,0,3180.9723357621465,False
TSH_57,2024-12,8.84383673624741,0,0,0,999,0,12,0,33.0,31.9,0,3180.9723357621465,False
TSH_57,2025-01,8.84383673624741,0,0,0,999,0,1,0,33.0,31.9,0,3180.9723357621465,False
TSH_57,2025-02,8.84383673624741,0,0,0,999,0,2,0,33.0,31.9,0,3180.9723357621465,False
TSH_57,2025-03,8.84383673624741,0,0,0,999,0,3,0,33.0,31.9,0,3180.9723357621465,False
TSH_57,2025-04,8.84383673624741,0,0,0,999,0,4,0,33.0,31.9,0,3180.9723357621465,False
TSH_57,2025-05,8.84383673624741,0,0,0,999,0,5,1,33.0,31.9,0,3180.9723357621465,False
TSH_57,2025-06,8.84383673624741,0,0,0,999,0,6,1,33.0,31.9,0,3180.9723357621465,False
TSH_57,2025-07,8.84383673624741,0,0,0,999,0,7,1,33.0,31.9,0,3180.9723357621465,False
TSH_57,2025-08,8.84383673624741,0,0,0,999,0,8,1,33.0,31.9,0,3180.9723357621465,False
TSH_57,2025-09,8.84383673624741,0,0,0,999,0,9,1,33.0,31.9,0,3180.9723357621465,False
TSH_57,2025-10,8.84383673624741,0,0,0,999,0,10,0,33.0,31.9,0,3180.9723357621465,False
TSH_57,2025-11,8.84383673624741,0,0,0,999,0,11,0,33.0,31.9,0,3180.9723357621465,False
TSH_57,2025-12,8.84383673624741,0,0,0,999,0,12,0,33.0,31.9,0,3180.9723357621465,False
TSH_57,2026-01,8.84383673624741,0,0,0,999,0,1,0,33.0,31.9,0,3180.9723357621465,False
TSH_57,2026-02,8.84383673624741,0,0,0,999,0,2,0,33.0,31.9,0,3180.9723357621465,False
TSH_57,2026-03,8.84383673624741,0,0,0,999,0,3,0,33.0,31.9,0,3180.9723357621465,False
TSH_58,2019-08,9.75908053475707,0,0,0,999,1,8,1,33.0,34.6,0,3449.197891145174,False
TSH_58,2019-09,9.75908053475707,0,0,0,999,1,9,1,33.0,34.6,0,3449.197891145174,False
TSH_58,2019-10,9.75908053475707,0,0,0,999,1,10,0,33.0,34.6,0,3449.197891145174,False
TSH_58,2019-11,9.75908053475707,0,0,0,999,1,11,0,33.0,34.6,0,3449.197891145174,False
TSH_58,2019-12,9.75908053475707,0,0,0,999,1,12,0,33.0,34.6,0,3449.197891145174,False
TSH_58,2020-01,9.75908053475707,0,0,0,999,1,1,0,33.0,34.6,0,3449.197891145174,False
TSH_58,2020-02,9.75908053475707,0,0,0,999,1,2,0,33.0,34.6,0,3449.197891145174,False
TSH_58,2020-03,9.75908053475707,0,0,0,999,1,3,0,33.0,34.6,0,3449.197891145174,False
TSH_58,2020-04,9.75908053475707,0,0,0,999,1,4,0,33.0,34.6,0,3449.197891145174,False
TSH_58,2020-05,9.75908053475707,0,0,0,999,1,5,1,33.0,34.6,0,3449.197891145174,False
TSH_58,2020-06,9.75908053475707,0,0,0,999,1,6,1,33.0,34.6,0,3449.197891145174,False
TSH_58,2020-07,9.75908053475707,0,0,0,999,1,7,1,33.0,34.6,0,3449.197891145174,False
TSH_58,2020-08,9.75908053475707,0,0,0,999,1,8,1,33.0,34.6,0,3449.197891145174,False
TSH_58,2020-09,9.75908053475707,0,0,0,999,1,9,1,33.0,34.6,0,3449.197891145174,False
TSH_58,2020-10,9.75908053475707,0,0,0,999,1,10,0,33.0,34.6,0,3449.197891145174,False
TSH_58,2020-11,9.75908053475707,0,0,0,999,1,11,0,33.0,34.6,0,3449.197891145174,False
TSH_58,2020-12,9.75908053475707,0,0,0,999,1,12,0,33.0,34.6,0,3449.197891145174,False
TSH_58,2021-01,9.75908053475707,0,0,0,999,1,1,0,33.0,34.6,0,3449.197891145174,False
TSH_58,2021-02,9.75908053475707,0,0,0,999,1,2,0,33.0,34.6,0,3449.197891145174,False
TSH_58,2021-03,9.75908053475707,0,0,0,999,1,3,0,33.0,34.6,0,3449.197891145174,False
TSH_58,2021-04,9.75908053475707,0,0,0,999,1,4,0,33.0,34.6,0,3449.197891145174,False
TSH_58,2021-05,9.75908053475707,0,0,0,999,1,5,1,33.0,34.6,0,3449.197891145174,False
TSH_58,2021-06,9.75908053475707,0,0,0,999,1,6,1,33.0,34.6,0,3449.197891145174,False
TSH_58,2021-07,9.75908053475707,0,0,0,999,1,7,1,33.0,34.6,0,3449.197891145174,False
TSH_58,2021-08,9.75908053475707,0,0,0,999,1,8,1,33.0,34.6,0,3449.197891145174,False
TSH_58,2021-09,9.75908053475707,0,0,0,999,1,9,1,33.0,34.6,0,3449.197891145174,False
TSH_58,2021-10,9.75908053475707,0,0,0,999,1,10,0,33.0,34.6,0,3449.197891145174,False
TSH_58,2021-11,9.75908053475707,0,0,0,999,1,11,0,33.0,34.6,0,3449.197891145174,False
TSH_58,2021-12,9.75908053475707,0,0,0,999,1,12,0,33.0,34.6,0,3449.197891145174,False
TSH_58,2022-01,9.75908053475707,0,0,0,999,1,1,0,33.0,34.6,0,3449.197891145174,False
TSH_58,2022-02,9.75908053475707,0,0,0,999,1,2,0,33.0,34.6,0,3449.197891145174,False
TSH_58,2022-03,9.75908053475707,0,0,0,999,1,3,0,33.0,34.6,0,3449.197891145174,False
TSH_58,2022-04,9.75908053475707,0,0,0,999,1,4,0,33.0,34.6,0,3449.197891145174,False
TSH_58,2022-05,9.75908053475707,0,0,0,999,1,5,1,33.0,34.6,0,3449.197891145174,False
TSH_58,2022-06,9.75908053475707,0,0,0,999,1,6,1,33.0,34.6,0,3449.197891145174,False
TSH_58,2022-07,9.75908053475707,0,0,0,999,1,7,1,33.0,34.6,0,3449.197891145174,False
TSH_58,2022-08,9.75908053475707,0,0,0,999,1,8,1,33.0,34.6,0,3449.197891145174,False
TSH_58,2022-09,9.75908053475707,0,0,0,999,1,9,1,33.0,34.6,0,3449.197891145174,False
TSH_58,2022-10,9.75908053475707,0,0,0,999,1,10,0,33.0,34.6,0,3449.197891145174,False
TSH_58,2022-11,9.75908053475707,0,0,0,999,1,11,0,33.0,34.6,0,3449.197891145174,False
TSH_58,2022-12,9.75908053475707,0,0,0,999,1,12,0,33.0,34.6,0,3449.197891145174,False
TSH_58,2023-01,9.75908053475707,0,0,0,999,1,1,0,33.0,34.6,0,3449.197891145174,False
TSH_58,2023-02,9.75908053475707,0,0,0,999,1,2,0,33.0,34.6,0,3449.197891145174,False
TSH_58,2023-03,9.75908053475707,0,0,0,999,1,3,0,33.0,34.6,0,3449.197891145174,False
TSH_58,2023-04,9.75908053475707,0,0,0,999,1,4,0,33.0,34.6,1,3449.197891145174,False
TSH_58,2023-05,9.75908053475707,0,0,0,999,1,5,1,33.0,34.6,1,3449.197891145174,False
TSH_58,2023-06,9.75908053475707,0,0,0,999,1,6,1,33.0,34.6,1,3449.197891145174,False
TSH_58,2023-07,9.75908053475707,1,1,1,0,1,7,1,33.0,34.6,0,3449.197891145174,False
TSH_58,2023-08,9.75908053475707,0,0,1,1,1,8,1,33.0,34.6,0,3449.197891145174,False
TSH_58,2023-09,9.75908053475707,0,0,1,2,1,9,1,33.0,34.6,0,3449.197891145174,False
TSH_58,2023-10,9.75908053475707,0,0,1,3,1,10,0,33.0,34.6,0,3449.197891145174,False
TSH_58,2023-11,9.75908053475707,0,0,1,4,1,11,0,33.0,34.6,0,3449.197891145174,False
TSH_58,2023-12,9.75908053475707,0,0,1,5,1,12,0,33.0,34.6,0,3449.197891145174,False
TSH_58,2024-01,9.75908053475707,0,0,1,6,1,1,0,33.0,34.6,0,3449.197891145174,False
TSH_58,2024-02,9.75908053475707,0,0,1,7,1,2,0,33.0,34.6,0,3449.197891145174,False
TSH_58,2024-03,9.75908053475707,0,0,1,8,1,3,0,33.0,34.6,0,3449.197891145174,False
TSH_58,2024-04,9.75908053475707,0,0,1,9,1,4,0,33.0,34.6,1,3449.197891145174,False
TSH_58,2024-05,9.75908053475707,0,0,1,10,1,5,1,33.0,34.6,1,3449.197891145174,False
TSH_58,2024-06,9.75908053475707,0,0,1,11,1,6,1,33.0,34.6,1,3449.197891145174,False
TSH_58,2024-07,9.75908053475707,1,1,2,0,1,7,1,33.0,34.6,0,3449.197891145174,False
TSH_58,2024-08,9.75908053475707,0,0,2,1,1,8,1,33.0,34.6,0,3449.197891145174,False
TSH_58,2024-09,9.75908053475707,0,0,2,2,1,9,1,33.0,34.6,0,3449.197891145174,False
TSH_58,2024-10,9.75908053475707,0,0,2,3,1,10,0,33.0,34.6,0,3449.197891145174,False
TSH_58,2024-11,9.75908053475707,0,0,2,4,1,11,0,33.0,34.6,0,3449.197891145174,False
TSH_58,2024-12,9.75908053475707,0,0,2,5,1,12,0,33.0,34.6,0,3449.197891145174,False
TSH_58,2025-01,9.75908053475707,0,0,2,6,1,1,0,33.0,34.6,0,3449.197891145174,False
TSH_58,2025-02,9.75908053475707,0,0,2,7,1,2,0,33.0,34.6,1,3449.197891145174,False
TSH_58,2025-03,9.75908053475707,0,0,2,8,1,3,0,33.0,34.6,1,3449.197891145174,False
TSH_58,2025-04,9.75908053475707,0,0,2,9,1,4,0,33.0,34.6,1,3449.197891145174,False
TSH_58,2025-05,9.75908053475707,1,1,3,0,1,5,1,33.0,34.6,0,3449.197891145174,False
TSH_58,2025-06,9.75908053475707,0,0,3,1,1,6,1,33.0,34.6,0,3449.197891145174,False
TSH_58,2025-07,9.75908053475707,0,0,3,2,1,7,1,33.0,34.6,0,3449.197891145174,False
TSH_58,2025-08,9.75908053475707,0,0,3,3,1,8,1,33.0,34.6,0,3449.197891145174,False
TSH_58,2025-09,9.75908053475707,0,0,3,4,1,9,1,33.0,34.6,0,3449.197891145174,False
TSH_58,2025-10,9.75908053475707,0,0,3,5,1,10,0,33.0,34.6,0,3449.197891145174,False
TSH_58,2025-11,9.75908053475707,0,0,3,6,1,11,0,33.0,34.6,0,3449.197891145174,False
TSH_58,2025-12,9.75908053475707,0,0,3,7,1,12,0,33.0,34.6,0,3449.197891145174,False
TSH_58,2026-01,9.75908053475707,0,0,3,8,1,1,0,33.0,34.6,0,3449.197891145174,False
TSH_58,2026-02,9.75908053475707,0,0,3,9,1,2,0,33.0,34.6,0,3449.197891145174,False
TSH_58,2026-03,9.75908053475707,0,0,3,10,1,3,0,33.0,34.6,1,3449.197891145174,False
TSH_59,2019-08,32.770037941087175,1,1,1,0,0,8,1,33.0,34.6,0,724.0760612684479,False
TSH_59,2019-09,32.770037941087175,0,0,1,1,0,9,1,33.0,34.6,0,724.0760612684479,False
TSH_59,2019-10,32.770037941087175,0,0,1,2,0,10,0,33.0,34.6,0,724.0760612684479,False
TSH_59,2019-11,32.770037941087175,0,0,1,3,0,11,0,33.0,34.6,0,724.0760612684479,False
TSH_59,2019-12,32.770037941087175,0,0,1,4,0,12,0,33.0,34.6,0,724.0760612684479,False
TSH_59,2020-01,32.770037941087175,0,0,1,5,0,1,0,33.0,34.6,0,724.0760612684479,False
TSH_59,2020-02,32.770037941087175,0,0,1,6,0,2,0,33.0,34.6,0,724.0760612684479,False
TSH_59,2020-03,32.770037941087175,0,0,1,7,0,3,0,33.0,34.6,0,724.0760612684479,False
TSH_59,2020-04,32.770037941087175,0,0,1,8,0,4,0,33.0,34.6,0,724.0760612684479,False
TSH_59,2020-05,32.770037941087175,0,0,1,9,0,5,1,33.0,34.6,0,724.0760612684479,False
TSH_59,2020-06,32.770037941087175,0,0,1,10,0,6,1,33.0,34.6,0,724.0760612684479,False
TSH_59,2020-07,32.770037941087175,0,0,1,11,0,7,1,33.0,34.6,0,724.0760612684479,False
TSH_59,2020-08,32.770037941087175,0,0,1,12,0,8,1,33.0,34.6,0,724.0760612684479,False
TSH_59,2020-09,32.770037941087175,0,0,1,13,0,9,1,33.0,34.6,0,724.0760612684479,False
TSH_59,2020-10,32.770037941087175,0,0,1,14,0,10,0,33.0,34.6,0,724.0760612684479,False
TSH_59,2020-11,32.770037941087175,0,0,1,15,0,11,0,33.0,34.6,0,724.0760612684479,False
TSH_59,2020-12,32.770037941087175,0,0,1,16,0,12,0,33.0,34.6,0,724.0760612684479,False
TSH_59,2021-01,32.770037941087175,0,0,1,17,0,1,0,33.0,34.6,0,724.0760612684479,False
TSH_59,2021-02,32.770037941087175,0,0,1,18,0,2,0,33.0,34.6,0,724.0760612684479,False
TSH_59,2021-03,32.770037941087175,0,0,1,19,0,3,0,33.0,34.6,0,724.0760612684479,False
TSH_59,2021-04,32.770037941087175,0,0,1,20,0,4,0,33.0,34.6,0,724.0760612684479,False
TSH_59,2021-05,32.770037941087175,0,0,1,21,0,5,1,33.0,34.6,0,724.0760612684479,False
TSH_59,2021-06,32.770037941087175,0,0,1,22,0,6,1,33.0,34.6,0,724.0760612684479,False
TSH_59,2021-07,32.770037941087175,0,0,1,23,0,7,1,33.0,34.6,0,724.0760612684479,False
TSH_59,2021-08,32.770037941087175,0,0,1,24,0,8,1,33.0,34.6,0,724.0760612684479,False
TSH_59,2021-09,32.770037941087175,0,0,1,25,0,9,1,33.0,34.6,0,724.0760612684479,False
TSH_59,2021-10,32.770037941087175,0,0,1,26,0,10,0,33.0,34.6,0,724.0760612684479,False
TSH_59,2021-11,32.770037941087175,0,0,1,27,0,11,0,33.0,34.6,0,724.0760612684479,False
TSH_59,2021-12,32.770037941087175,0,0,1,28,0,12,0,33.0,34.6,0,724.0760612684479,False
TSH_59,2022-01,32.770037941087175,0,0,1,29,0,1,0,33.0,34.6,0,724.0760612684479,False
TSH_59,2022-02,32.770037941087175,0,0,1,30,0,2,0,33.0,34.6,0,724.0760612684479,False
TSH_59,2022-03,32.770037941087175,0,0,1,31,0,3,0,33.0,34.6,0,724.0760612684479,False
TSH_59,2022-04,32.770037941087175,0,0,1,32,0,4,0,33.0,34.6,0,724.0760612684479,False
TSH_59,2022-05,32.770037941087175,0,0,1,33,0,5,1,33.0,34.6,0,724.0760612684479,False
TSH_59,2022-06,32.770037941087175,0,0,1,34,0,6,1,33.0,34.6,0,724.0760612684479,False
TSH_59,2022-07,32.770037941087175,0,0,1,35,0,7,1,33.0,34.6,0,724.0760612684479,False
TSH_59,2022-08,32.770037941087175,0,0,1,36,0,8,1,33.0,34.6,0,724.0760612684479,False
TSH_59,2022-09,32.770037941087175,0,0,1,37,0,9,1,33.0,34.6,0,724.0760612684479,False
TSH_59,2022-10,32.770037941087175,0,0,1,38,0,10,0,33.0,34.6,0,724.0760612684479,False
TSH_59,2022-11,32.770037941087175,0,0,1,39,0,11,0,33.0,34.6,0,724.0760612684479,False
TSH_59,2022-12,32.770037941087175,0,0,1,40,0,12,0,33.0,34.6,0,724.0760612684479,False
TSH_59,2023-01,32.770037941087175,0,0,1,41,0,1,0,33.0,34.6,0,724.0760612684479,False
TSH_59,2023-02,32.770037941087175,0,0,1,42,0,2,0,33.0,34.6,0,724.0760612684479,False
TSH_59,2023-03,32.770037941087175,0,0,1,43,0,3,0,33.0,34.6,0,724.0760612684479,False
TSH_59,2023-04,32.770037941087175,0,0,1,44,0,4,0,33.0,34.6,0,724.0760612684479,False
TSH_59,2023-05,32.770037941087175,0,0,1,45,0,5,1,33.0,34.6,0,724.0760612684479,False
TSH_59,2023-06,32.770037941087175,0,0,1,46,0,6,1,33.0,34.6,0,724.0760612684479,False
TSH_59,2023-07,32.770037941087175,0,0,1,47,0,7,1,33.0,34.6,0,724.0760612684479,False
TSH_59,2023-08,32.770037941087175,0,0,1,48,0,8,1,33.0,34.6,0,724.0760612684479,False
TSH_59,2023-09,32.770037941087175,0,0,1,49,0,9,1,33.0,34.6,0,724.0760612684479,False
TSH_59,2023-10,32.770037941087175,0,0,1,50,0,10,0,33.0,34.6,0,724.0760612684479,False
TSH_59,2023-11,32.770037941087175,0,0,1,51,0,11,0,33.0,34.6,0,724.0760612684479,False
TSH_59,2023-12,32.770037941087175,0,0,1,52,0,12,0,33.0,34.6,0,724.0760612684479,False
TSH_59,2024-01,32.770037941087175,0,0,1,53,0,1,0,33.0,34.6,0,724.0760612684479,False
TSH_59,2024-02,32.770037941087175,0,0,1,54,0,2,0,33.0,34.6,0,724.0760612684479,False
TSH_59,2024-03,32.770037941087175,0,0,1,55,0,3,0,33.0,34.6,0,724.0760612684479,False
TSH_59,2024-04,32.770037941087175,0,0,1,56,0,4,0,33.0,34.6,0,724.0760612684479,False
TSH_59,2024-05,32.770037941087175,0,0,1,57,0,5,1,33.0,34.6,0,724.0760612684479,False
TSH_59,2024-06,32.770037941087175,0,0,1,58,0,6,1,33.0,34.6,0,724.0760612684479,False
TSH_59,2024-07,32.770037941087175,0,0,1,59,0,7,1,33.0,34.6,0,724.0760612684479,False
TSH_59,2024-08,32.770037941087175,0,0,1,60,0,8,1,33.0,34.6,0,724.0760612684479,False
TSH_59,2024-09,32.770037941087175,0,0,1,61,0,9,1,33.0,34.6,0,724.0760612684479,False
TSH_59,2024-10,32.770037941087175,0,0,1,62,0,10,0,33.0,34.6,0,724.0760612684479,False
TSH_59,2024-11,32.770037941087175,0,0,1,63,0,11,0,33.0,34.6,0,724.0760612684479,False
TSH_59,2024-12,32.770037941087175,0,0,1,64,0,12,0,33.0,34.6,0,724.0760612684479,False
TSH_59,2025-01,32.770037941087175,0,0,1,65,0,1,0,33.0,34.6,0,724.0760612684479,False
TSH_59,2025-02,32.770037941087175,0,0,1,66,0,2,0,33.0,34.6,0,724.0760612684479,False
TSH_59,2025-03,32.770037941087175,0,0,1,67,0,3,0,33.0,34.6,0,724.0760612684479,False
TSH_59,2025-04,32.770037941087175,0,0,1,68,0,4,0,33.0,34.6,0,724.0760612684479,False
TSH_59,2025-05,32.770037941087175,0,0,1,69,0,5,1,33.0,34.6,0,724.0760612684479,False
TSH_59,2025-06,32.770037941087175,0,0,1,70,0,6,1,33.0,34.6,0,724.0760612684479,False
TSH_59,2025-07,32.770037941087175,0,0,1,71,0,7,1,33.0,34.6,0,724.0760612684479,False
TSH_59,2025-08,32.770037941087175,0,0,1,72,0,8,1,33.0,34.6,0,724.0760612684479,False
TSH_59,2025-09,32.770037941087175,0,0,1,73,0,9,1,33.0,34.6,0,724.0760612684479,False
TSH_59,2025-10,32.770037941087175,0,0,1,74,0,10,0,33.0,34.6,0,724.0760612684479,False
TSH_59,2025-11,32.770037941087175,0,0,1,75,0,11,0,33.0,34.6,0,724.0760612684479,False
TSH_59,2025-12,32.770037941087175,0,0,1,76,0,12,0,33.0,34.6,0,724.0760612684479,False
TSH_59,2026-01,32.770037941087175,0,0,1,77,0,1,0,33.0,34.6,0,724.0760612684479,False
TSH_59,2026-02,32.770037941087175,0,0,1,78,0,2,0,33.0,34.6,0,724.0760612684479,False
TSH_59,2026-03,32.770037941087175,0,0,1,79,0,3,0,33.0,34.6,0,724.0760612684479,False
TSH_6,2019-08,2.5444498613694995,0,0,0,999,0,8,1,33.0,38.1,0,6749.592617539902,False
TSH_6,2019-09,2.5444498613694995,0,0,0,999,0,9,1,33.0,38.1,0,6749.592617539902,False
TSH_6,2019-10,2.5444498613694995,0,0,0,999,0,10,0,33.0,38.1,0,6749.592617539902,False
TSH_6,2019-11,2.5444498613694995,0,0,0,999,0,11,0,33.0,38.1,0,6749.592617539902,False
TSH_6,2019-12,2.5444498613694995,0,0,0,999,0,12,0,33.0,38.1,0,6749.592617539902,False
TSH_6,2020-01,2.5444498613694995,0,0,0,999,0,1,0,33.0,38.1,0,6749.592617539902,False
TSH_6,2020-02,2.5444498613694995,0,0,0,999,0,2,0,33.0,38.1,0,6749.592617539902,False
TSH_6,2020-03,2.5444498613694995,0,0,0,999,0,3,0,33.0,38.1,0,6749.592617539902,False
TSH_6,2020-04,2.5444498613694995,0,0,0,999,0,4,0,33.0,38.1,0,6749.592617539902,False
TSH_6,2020-05,2.5444498613694995,0,0,0,999,0,5,1,33.0,38.1,0,6749.592617539902,False
TSH_6,2020-06,2.5444498613694995,0,0,0,999,0,6,1,33.0,38.1,0,6749.592617539902,False
TSH_6,2020-07,2.5444498613694995,0,0,0,999,0,7,1,33.0,38.1,0,6749.592617539902,False
TSH_6,2020-08,2.5444498613694995,0,0,0,999,0,8,1,33.0,38.1,0,6749.592617539902,False
TSH_6,2020-09,2.5444498613694995,0,0,0,999,0,9,1,33.0,38.1,0,6749.592617539902,False
TSH_6,2020-10,2.5444498613694995,0,0,0,999,0,10,0,33.0,38.1,0,6749.592617539902,False
TSH_6,2020-11,2.5444498613694995,0,0,0,999,0,11,0,33.0,38.1,0,6749.592617539902,False
TSH_6,2020-12,2.5444498613694995,0,0,0,999,0,12,0,33.0,38.1,0,6749.592617539902,False
TSH_6,2021-01,2.5444498613694995,0,0,0,999,0,1,0,33.0,38.1,0,6749.592617539902,False
TSH_6,2021-02,2.5444498613694995,0,0,0,999,0,2,0,33.0,38.1,0,6749.592617539902,False
TSH_6,2021-03,2.5444498613694995,0,0,0,999,0,3,0,33.0,38.1,0,6749.592617539902,False
TSH_6,2021-04,2.5444498613694995,0,0,0,999,0,4,0,33.0,38.1,0,6749.592617539902,False
TSH_6,2021-05,2.5444498613694995,0,0,0,999,0,5,1,33.0,38.1,0,6749.592617539902,False
TSH_6,2021-06,2.5444498613694995,0,0,0,999,0,6,1,33.0,38.1,0,6749.592617539902,False
TSH_6,2021-07,2.5444498613694995,0,0,0,999,0,7,1,33.0,38.1,0,6749.592617539902,False
TSH_6,2021-08,2.5444498613694995,0,0,0,999,0,8,1,33.0,38.1,0,6749.592617539902,False
TSH_6,2021-09,2.5444498613694995,0,0,0,999,0,9,1,33.0,38.1,0,6749.592617539902,False
TSH_6,2021-10,2.5444498613694995,0,0,0,999,0,10,0,33.0,38.1,0,6749.592617539902,False
TSH_6,2021-11,2.5444498613694995,0,0,0,999,0,11,0,33.0,38.1,0,6749.592617539902,False
TSH_6,2021-12,2.5444498613694995,0,0,0,999,0,12,0,33.0,38.1,0,6749.592617539902,False
TSH_6,2022-01,2.5444498613694995,0,0,0,999,0,1,0,33.0,38.1,0,6749.592617539902,False
TSH_6,2022-02,2.5444498613694995,0,0,0,999,0,2,0,33.0,38.1,0,6749.592617539902,False
TSH_6,2022-03,2.5444498613694995,0,0,0,999,0,3,0,33.0,38.1,0,6749.592617539902,False
TSH_6,2022-04,2.5444498613694995,0,0,0,999,0,4,0,33.0,38.1,0,6749.592617539902,False
TSH_6,2022-05,2.5444498613694995,0,0,0,999,0,5,1,33.0,38.1,0,6749.592617539902,False
TSH_6,2022-06,2.5444498613694995,0,0,0,999,0,6,1,33.0,38.1,0,6749.592617539902,False
TSH_6,2022-07,2.5444498613694995,0,0,0,999,0,7,1,33.0,38.1,0,6749.592617539902,False
TSH_6,2022-08,2.5444498613694995,0,0,0,999,0,8,1,33.0,38.1,0,6749.592617539902,False
TSH_6,2022-09,2.5444498613694995,0,0,0,999,0,9,1,33.0,38.1,0,6749.592617539902,False
TSH_6,2022-10,2.5444498613694995,0,0,0,999,0,10,0,33.0,38.1,0,6749.592617539902,False
TSH_6,2022-11,2.5444498613694995,0,0,0,999,0,11,0,33.0,38.1,0,6749.592617539902,False
TSH_6,2022-12,2.5444498613694995,0,0,0,999,0,12,0,33.0,38.1,0,6749.592617539902,False
TSH_6,2023-01,2.5444498613694995,0,0,0,999,0,1,0,33.0,38.1,0,6749.592617539902,False
TSH_6,2023-02,2.5444498613694995,0,0,0,999,0,2,0,33.0,38.1,0,6749.592617539902,False
TSH_6,2023-03,2.5444498613694995,0,0,0,999,0,3,0,33.0,38.1,0,6749.592617539902,False
TSH_6,2023-04,2.5444498613694995,0,0,0,999,0,4,0,33.0,38.1,0,6749.592617539902,False
TSH_6,2023-05,2.5444498613694995,0,0,0,999,0,5,1,33.0,38.1,0,6749.592617539902,False
TSH_6,2023-06,2.5444498613694995,0,0,0,999,0,6,1,33.0,38.1,0,6749.592617539902,False
TSH_6,2023-07,2.5444498613694995,0,0,0,999,0,7,1,33.0,38.1,0,6749.592617539902,False
TSH_6,2023-08,2.5444498613694995,0,0,0,999,0,8,1,33.0,38.1,0,6749.592617539902,False
TSH_6,2023-09,2.5444498613694995,0,0,0,999,0,9,1,33.0,38.1,0,6749.592617539902,False
TSH_6,2023-10,2.5444498613694995,0,0,0,999,0,10,0,33.0,38.1,0,6749.592617539902,False
TSH_6,2023-11,2.5444498613694995,0,0,0,999,0,11,0,33.0,38.1,0,6749.592617539902,False
TSH_6,2023-12,2.5444498613694995,0,0,0,999,0,12,0,33.0,38.1,0,6749.592617539902,False
TSH_6,2024-01,2.5444498613694995,0,0,0,999,0,1,0,33.0,38.1,0,6749.592617539902,False
TSH_6,2024-02,2.5444498613694995,0,0,0,999,0,2,0,33.0,38.1,0,6749.592617539902,False
TSH_6,2024-03,2.5444498613694995,0,0,0,999,0,3,0,33.0,38.1,0,6749.592617539902,False
TSH_6,2024-04,2.5444498613694995,0,0,0,999,0,4,0,33.0,38.1,0,6749.592617539902,False
TSH_6,2024-05,2.5444498613694995,0,0,0,999,0,5,1,33.0,38.1,0,6749.592617539902,False
TSH_6,2024-06,2.5444498613694995,0,0,0,999,0,6,1,33.0,38.1,0,6749.592617539902,False
TSH_6,2024-07,2.5444498613694995,0,0,0,999,0,7,1,33.0,38.1,0,6749.592617539902,False
TSH_6,2024-08,2.5444498613694995,0,0,0,999,0,8,1,33.0,38.1,0,6749.592617539902,False
TSH_6,2024-09,2.5444498613694995,0,0,0,999,0,9,1,33.0,38.1,0,6749.592617539902,False
TSH_6,2024-10,2.5444498613694995,0,0,0,999,0,10,0,33.0,38.1,0,6749.592617539902,False
TSH_6,2024-11,2.5444498613694995,0,0,0,999,0,11,0,33.0,38.1,0,6749.592617539902,False
TSH_6,2024-12,2.5444498613694995,0,0,0,999,0,12,0,33.0,38.1,0,6749.592617539902,False
TSH_6,2025-01,2.5444498613694995,0,0,0,999,0,1,0,33.0,38.1,0,6749.592617539902,False
TSH_6,2025-02,2.5444498613694995,0,0,0,999,0,2,0,33.0,38.1,0,6749.592617539902,False
TSH_6,2025-03,2.5444498613694995,0,0,0,999,0,3,0,33.0,38.1,0,6749.592617539902,False
TSH_6,2025-04,2.5444498613694995,0,0,0,999,0,4,0,33.0,38.1,0,6749.592617539902,False
TSH_6,2025-05,2.5444498613694995,0,0,0,999,0,5,1,33.0,38.1,0,6749.592617539902,False
TSH_6,2025-06,2.5444498613694995,0,0,0,999,0,6,1,33.0,38.1,0,6749.592617539902,False
TSH_6,2025-07,2.5444498613694995,0,0,0,999,0,7,1,33.0,38.1,0,6749.592617539902,False
TSH_6,2025-08,2.5444498613694995,0,0,0,999,0,8,1,33.0,38.1,0,6749.592617539902,False
TSH_6,2025-09,2.5444498613694995,0,0,0,999,0,9,1,33.0,38.1,0,6749.592617539902,False
TSH_6,2025-10,2.5444498613694995,0,0,0,999,0,10,0,33.0,38.1,0,6749.592617539902,False
TSH_6,2025-11,2.5444498613694995,0,0,0,999,0,11,0,33.0,38.1,0,6749.592617539902,False
TSH_6,2025-12,2.5444498613694995,0,0,0,999,0,12,0,33.0,38.1,0,6749.592617539902,False
TSH_6,2026-01,2.5444498613694995,0,0,0,999,0,1,0,33.0,38.1,0,6749.592617539902,False
TSH_6,2026-02,2.5444498613694995,0,0,0,999,0,2,0,33.0,38.1,0,6749.592617539902,False
TSH_6,2026-03,2.5444498613694995,0,0,0,999,0,3,0,33.0,38.1,0,6749.592617539902,False
TSH_60,2019-08,6.846689150375504,0,0,0,999,0,8,1,33.0,31.9,0,4773.109934194644,False
TSH_60,2019-09,6.846689150375504,0,0,0,999,0,9,1,33.0,31.9,0,4773.109934194644,False
TSH_60,2019-10,6.846689150375504,0,0,0,999,0,10,0,33.0,31.9,0,4773.109934194644,False
TSH_60,2019-11,6.846689150375504,0,0,0,999,0,11,0,33.0,31.9,0,4773.109934194644,False
TSH_60,2019-12,6.846689150375504,0,0,0,999,0,12,0,33.0,31.9,0,4773.109934194644,False
TSH_60,2020-01,6.846689150375504,0,0,0,999,0,1,0,33.0,31.9,0,4773.109934194644,False
TSH_60,2020-02,6.846689150375504,0,0,0,999,0,2,0,33.0,31.9,0,4773.109934194644,False
TSH_60,2020-03,6.846689150375504,0,0,0,999,0,3,0,33.0,31.9,0,4773.109934194644,False
TSH_60,2020-04,6.846689150375504,0,0,0,999,0,4,0,33.0,31.9,0,4773.109934194644,False
TSH_60,2020-05,6.846689150375504,0,0,0,999,0,5,1,33.0,31.9,0,4773.109934194644,False
TSH_60,2020-06,6.846689150375504,0,0,0,999,0,6,1,33.0,31.9,0,4773.109934194644,False
TSH_60,2020-07,6.846689150375504,0,0,0,999,0,7,1,33.0,31.9,0,4773.109934194644,False
TSH_60,2020-08,6.846689150375504,0,0,0,999,0,8,1,33.0,31.9,0,4773.109934194644,False
TSH_60,2020-09,6.846689150375504,0,0,0,999,0,9,1,33.0,31.9,0,4773.109934194644,False
TSH_60,2020-10,6.846689150375504,0,0,0,999,0,10,0,33.0,31.9,0,4773.109934194644,False
TSH_60,2020-11,6.846689150375504,0,0,0,999,0,11,0,33.0,31.9,0,4773.109934194644,False
TSH_60,2020-12,6.846689150375504,0,0,0,999,0,12,0,33.0,31.9,0,4773.109934194644,False
TSH_60,2021-01,6.846689150375504,0,0,0,999,0,1,0,33.0,31.9,0,4773.109934194644,False
TSH_60,2021-02,6.846689150375504,0,0,0,999,0,2,0,33.0,31.9,0,4773.109934194644,False
TSH_60,2021-03,6.846689150375504,0,0,0,999,0,3,0,33.0,31.9,0,4773.109934194644,False
TSH_60,2021-04,6.846689150375504,0,0,0,999,0,4,0,33.0,31.9,0,4773.109934194644,False
TSH_60,2021-05,6.846689150375504,0,0,0,999,0,5,1,33.0,31.9,0,4773.109934194644,False
TSH_60,2021-06,6.846689150375504,0,0,0,999,0,6,1,33.0,31.9,0,4773.109934194644,False
TSH_60,2021-07,6.846689150375504,0,0,0,999,0,7,1,33.0,31.9,0,4773.109934194644,False
TSH_60,2021-08,6.846689150375504,0,0,0,999,0,8,1,33.0,31.9,0,4773.109934194644,False
TSH_60,2021-09,6.846689150375504,0,0,0,999,0,9,1,33.0,31.9,0,4773.109934194644,False
TSH_60,2021-10,6.846689150375504,0,0,0,999,0,10,0,33.0,31.9,0,4773.109934194644,False
TSH_60,2021-11,6.846689150375504,0,0,0,999,0,11,0,33.0,31.9,0,4773.109934194644,False
TSH_60,2021-12,6.846689150375504,0,0,0,999,0,12,0,33.0,31.9,0,4773.109934194644,False
TSH_60,2022-01,6.846689150375504,0,0,0,999,0,1,0,33.0,31.9,0,4773.109934194644,False
TSH_60,2022-02,6.846689150375504,0,0,0,999,0,2,0,33.0,31.9,0,4773.109934194644,False
TSH_60,2022-03,6.846689150375504,0,0,0,999,0,3,0,33.0,31.9,0,4773.109934194644,False
TSH_60,2022-04,6.846689150375504,0,0,0,999,0,4,0,33.0,31.9,0,4773.109934194644,False
TSH_60,2022-05,6.846689150375504,0,0,0,999,0,5,1,33.0,31.9,0,4773.109934194644,False
TSH_60,2022-06,6.846689150375504,0,0,0,999,0,6,1,33.0,31.9,0,4773.109934194644,False
TSH_60,2022-07,6.846689150375504,0,0,0,999,0,7,1,33.0,31.9,0,4773.109934194644,False
TSH_60,2022-08,6.846689150375504,0,0,0,999,0,8,1,33.0,31.9,0,4773.109934194644,False
TSH_60,2022-09,6.846689150375504,0,0,0,999,0,9,1,33.0,31.9,0,4773.109934194644,False
TSH_60,2022-10,6.846689150375504,0,0,0,999,0,10,0,33.0,31.9,0,4773.109934194644,False
TSH_60,2022-11,6.846689150375504,0,0,0,999,0,11,0,33.0,31.9,0,4773.109934194644,False
TSH_60,2022-12,6.846689150375504,0,0,0,999,0,12,0,33.0,31.9,0,4773.109934194644,False
TSH_60,2023-01,6.846689150375504,0,0,0,999,0,1,0,33.0,31.9,0,4773.109934194644,False
TSH_60,2023-02,6.846689150375504,0,0,0,999,0,2,0,33.0,31.9,0,4773.109934194644,False
TSH_60,2023-03,6.846689150375504,0,0,0,999,0,3,0,33.0,31.9,0,4773.109934194644,False
TSH_60,2023-04,6.846689150375504,0,0,0,999,0,4,0,33.0,31.9,0,4773.109934194644,False
TSH_60,2023-05,6.846689150375504,0,0,0,999,0,5,1,33.0,31.9,0,4773.109934194644,False
TSH_60,2023-06,6.846689150375504,0,0,0,999,0,6,1,33.0,31.9,0,4773.109934194644,False
TSH_60,2023-07,6.846689150375504,0,0,0,999,0,7,1,33.0,31.9,0,4773.109934194644,False
TSH_60,2023-08,6.846689150375504,0,0,0,999,0,8,1,33.0,31.9,0,4773.109934194644,False
TSH_60,2023-09,6.846689150375504,0,0,0,999,0,9,1,33.0,31.9,0,4773.109934194644,False
TSH_60,2023-10,6.846689150375504,0,0,0,999,0,10,0,33.0,31.9,0,4773.109934194644,False
TSH_60,2023-11,6.846689150375504,0,0,0,999,0,11,0,33.0,31.9,0,4773.109934194644,False
TSH_60,2023-12,6.846689150375504,0,0,0,999,0,12,0,33.0,31.9,0,4773.109934194644,False
TSH_60,2024-01,6.846689150375504,0,0,0,999,0,1,0,33.0,31.9,0,4773.109934194644,False
TSH_60,2024-02,6.846689150375504,0,0,0,999,0,2,0,33.0,31.9,0,4773.109934194644,False
TSH_60,2024-03,6.846689150375504,0,0,0,999,0,3,0,33.0,31.9,0,4773.109934194644,False
TSH_60,2024-04,6.846689150375504,0,0,0,999,0,4,0,33.0,31.9,0,4773.109934194644,False
TSH_60,2024-05,6.846689150375504,0,0,0,999,0,5,1,33.0,31.9,0,4773.109934194644,False
TSH_60,2024-06,6.846689150375504,0,0,0,999,0,6,1,33.0,31.9,0,4773.109934194644,False
TSH_60,2024-07,6.846689150375504,0,0,0,999,0,7,1,33.0,31.9,0,4773.109934194644,False
TSH_60,2024-08,6.846689150375504,0,0,0,999,0,8,1,33.0,31.9,0,4773.109934194644,False
TSH_60,2024-09,6.846689150375504,0,0,0,999,0,9,1,33.0,31.9,0,4773.109934194644,False
TSH_60,2024-10,6.846689150375504,0,0,0,999,0,10,0,33.0,31.9,0,4773.109934194644,False
TSH_60,2024-11,6.846689150375504,0,0,0,999,0,11,0,33.0,31.9,0,4773.109934194644,False
TSH_60,2024-12,6.846689150375504,0,0,0,999,0,12,0,33.0,31.9,0,4773.109934194644,False
TSH_60,2025-01,6.846689150375504,0,0,0,999,0,1,0,33.0,31.9,0,4773.109934194644,False
TSH_60,2025-02,6.846689150375504,0,0,0,999,0,2,0,33.0,31.9,0,4773.109934194644,False
TSH_60,2025-03,6.846689150375504,0,0,0,999,0,3,0,33.0,31.9,0,4773.109934194644,False
TSH_60,2025-04,6.846689150375504,0,0,0,999,0,4,0,33.0,31.9,0,4773.109934194644,False
TSH_60,2025-05,6.846689150375504,0,0,0,999,0,5,1,33.0,31.9,0,4773.109934194644,False
TSH_60,2025-06,6.846689150375504,0,0,0,999,0,6,1,33.0,31.9,0,4773.109934194644,False
TSH_60,2025-07,6.846689150375504,0,0,0,999,0,7,1,33.0,31.9,0,4773.109934194644,False
TSH_60,2025-08,6.846689150375504,0,0,0,999,0,8,1,33.0,31.9,0,4773.109934194644,False
TSH_60,2025-09,6.846689150375504,0,0,0,999,0,9,1,33.0,31.9,0,4773.109934194644,False
TSH_60,2025-10,6.846689150375504,0,0,0,999,0,10,0,33.0,31.9,0,4773.109934194644,False
TSH_60,2025-11,6.846689150375504,0,0,0,999,0,11,0,33.0,31.9,0,4773.109934194644,False
TSH_60,2025-12,6.846689150375504,0,0,0,999,0,12,0,33.0,31.9,0,4773.109934194644,False
TSH_60,2026-01,6.846689150375504,0,0,0,999,0,1,0,33.0,31.9,0,4773.109934194644,False
TSH_60,2026-02,6.846689150375504,0,0,0,999,0,2,0,33.0,31.9,0,4773.109934194644,False
TSH_60,2026-03,6.846689150375504,0,0,0,999,0,3,0,33.0,31.9,0,4773.109934194644,False
TSH_61,2019-08,58.08103644252696,0,0,0,999,0,8,1,33.0,34.6,0,736.1611055668646,False
TSH_61,2019-09,58.08103644252696,0,0,0,999,0,9,1,33.0,34.6,0,736.1611055668646,False
TSH_61,2019-10,58.08103644252696,0,0,0,999,0,10,0,33.0,34.6,0,736.1611055668646,False
TSH_61,2019-11,58.08103644252696,0,0,0,999,0,11,0,33.0,34.6,0,736.1611055668646,False
TSH_61,2019-12,58.08103644252696,0,0,0,999,0,12,0,33.0,34.6,0,736.1611055668646,False
TSH_61,2020-01,58.08103644252696,0,0,0,999,0,1,0,33.0,34.6,0,736.1611055668646,False
TSH_61,2020-02,58.08103644252696,0,0,0,999,0,2,0,33.0,34.6,0,736.1611055668646,False
TSH_61,2020-03,58.08103644252696,0,0,0,999,0,3,0,33.0,34.6,0,736.1611055668646,False
TSH_61,2020-04,58.08103644252696,0,0,0,999,0,4,0,33.0,34.6,0,736.1611055668646,False
TSH_61,2020-05,58.08103644252696,0,0,0,999,0,5,1,33.0,34.6,0,736.1611055668646,False
TSH_61,2020-06,58.08103644252696,0,0,0,999,0,6,1,33.0,34.6,0,736.1611055668646,False
TSH_61,2020-07,58.08103644252696,0,0,0,999,0,7,1,33.0,34.6,0,736.1611055668646,False
TSH_61,2020-08,58.08103644252696,0,0,0,999,0,8,1,33.0,34.6,0,736.1611055668646,False
TSH_61,2020-09,58.08103644252696,0,0,0,999,0,9,1,33.0,34.6,0,736.1611055668646,False
TSH_61,2020-10,58.08103644252696,0,0,0,999,0,10,0,33.0,34.6,0,736.1611055668646,False
TSH_61,2020-11,58.08103644252696,0,0,0,999,0,11,0,33.0,34.6,0,736.1611055668646,False
TSH_61,2020-12,58.08103644252696,0,0,0,999,0,12,0,33.0,34.6,0,736.1611055668646,False
TSH_61,2021-01,58.08103644252696,0,0,0,999,0,1,0,33.0,34.6,0,736.1611055668646,False
TSH_61,2021-02,58.08103644252696,0,0,0,999,0,2,0,33.0,34.6,0,736.1611055668646,False
TSH_61,2021-03,58.08103644252696,0,0,0,999,0,3,0,33.0,34.6,0,736.1611055668646,False
TSH_61,2021-04,58.08103644252696,0,0,0,999,0,4,0,33.0,34.6,0,736.1611055668646,False
TSH_61,2021-05,58.08103644252696,0,0,0,999,0,5,1,33.0,34.6,0,736.1611055668646,False
TSH_61,2021-06,58.08103644252696,0,0,0,999,0,6,1,33.0,34.6,0,736.1611055668646,False
TSH_61,2021-07,58.08103644252696,0,0,0,999,0,7,1,33.0,34.6,0,736.1611055668646,False
TSH_61,2021-08,58.08103644252696,0,0,0,999,0,8,1,33.0,34.6,0,736.1611055668646,False
TSH_61,2021-09,58.08103644252696,0,0,0,999,0,9,1,33.0,34.6,0,736.1611055668646,False
TSH_61,2021-10,58.08103644252696,0,0,0,999,0,10,0,33.0,34.6,0,736.1611055668646,False
TSH_61,2021-11,58.08103644252696,0,0,0,999,0,11,0,33.0,34.6,0,736.1611055668646,False
TSH_61,2021-12,58.08103644252696,0,0,0,999,0,12,0,33.0,34.6,0,736.1611055668646,False
TSH_61,2022-01,58.08103644252696,0,0,0,999,0,1,0,33.0,34.6,0,736.1611055668646,False
TSH_61,2022-02,58.08103644252696,0,0,0,999,0,2,0,33.0,34.6,0,736.1611055668646,False
TSH_61,2022-03,58.08103644252696,0,0,0,999,0,3,0,33.0,34.6,0,736.1611055668646,False
TSH_61,2022-04,58.08103644252696,0,0,0,999,0,4,0,33.0,34.6,0,736.1611055668646,False
TSH_61,2022-05,58.08103644252696,0,0,0,999,0,5,1,33.0,34.6,0,736.1611055668646,False
TSH_61,2022-06,58.08103644252696,0,0,0,999,0,6,1,33.0,34.6,1,736.1611055668646,False
TSH_61,2022-07,58.08103644252696,0,0,0,999,0,7,1,33.0,34.6,1,736.1611055668646,False
TSH_61,2022-08,58.08103644252696,0,0,0,999,0,8,1,33.0,34.6,1,736.1611055668646,False
TSH_61,2022-09,58.08103644252696,1,1,1,0,0,9,1,33.0,34.6,0,736.1611055668646,False
TSH_61,2022-10,58.08103644252696,0,0,1,1,0,10,0,33.0,34.6,0,736.1611055668646,False
TSH_61,2022-11,58.08103644252696,0,0,1,2,0,11,0,33.0,34.6,0,736.1611055668646,False
TSH_61,2022-12,58.08103644252696,0,0,1,3,0,12,0,33.0,34.6,0,736.1611055668646,False
TSH_61,2023-01,58.08103644252696,0,0,1,4,0,1,0,33.0,34.6,0,736.1611055668646,False
TSH_61,2023-02,58.08103644252696,0,0,1,5,0,2,0,33.0,34.6,1,736.1611055668646,False
TSH_61,2023-03,58.08103644252696,0,0,1,6,0,3,0,33.0,34.6,1,736.1611055668646,False
TSH_61,2023-04,58.08103644252696,0,0,1,7,0,4,0,33.0,34.6,1,736.1611055668646,False
TSH_61,2023-05,58.08103644252696,1,1,2,0,0,5,1,33.0,34.6,0,736.1611055668646,False
TSH_61,2023-06,58.08103644252696,0,0,2,1,0,6,1,33.0,34.6,0,736.1611055668646,False
TSH_61,2023-07,58.08103644252696,0,0,2,2,0,7,1,33.0,34.6,0,736.1611055668646,False
TSH_61,2023-08,58.08103644252696,0,0,2,3,0,8,1,33.0,34.6,0,736.1611055668646,False
TSH_61,2023-09,58.08103644252696,0,0,2,4,0,9,1,33.0,34.6,0,736.1611055668646,False
TSH_61,2023-10,58.08103644252696,0,0,2,5,0,10,0,33.0,34.6,0,736.1611055668646,False
TSH_61,2023-11,58.08103644252696,0,0,2,6,0,11,0,33.0,34.6,0,736.1611055668646,False
TSH_61,2023-12,58.08103644252696,0,0,2,7,0,12,0,33.0,34.6,0,736.1611055668646,False
TSH_61,2024-01,58.08103644252696,0,0,2,8,0,1,0,33.0,34.6,0,736.1611055668646,False
TSH_61,2024-02,58.08103644252696,0,0,2,9,0,2,0,33.0,34.6,0,736.1611055668646,False
TSH_61,2024-03,58.08103644252696,0,0,2,10,0,3,0,33.0,34.6,0,736.1611055668646,False
TSH_61,2024-04,58.08103644252696,0,0,2,11,0,4,0,33.0,34.6,0,736.1611055668646,False
TSH_61,2024-05,58.08103644252696,0,0,2,12,0,5,1,33.0,34.6,0,736.1611055668646,False
TSH_61,2024-06,58.08103644252696,0,0,2,13,0,6,1,33.0,34.6,0,736.1611055668646,False
TSH_61,2024-07,58.08103644252696,0,0,2,14,0,7,1,33.0,34.6,0,736.1611055668646,False
TSH_61,2024-08,58.08103644252696,0,0,2,15,0,8,1,33.0,34.6,0,736.1611055668646,False
TSH_61,2024-09,58.08103644252696,0,0,2,16,0,9,1,33.0,34.6,0,736.1611055668646,False
TSH_61,2024-10,58.08103644252696,0,0,2,17,0,10,0,33.0,34.6,0,736.1611055668646,False
TSH_61,2024-11,58.08103644252696,0,0,2,18,0,11,0,33.0,34.6,0,736.1611055668646,False
TSH_61,2024-12,58.08103644252696,0,0,2,19,0,12,0,33.0,34.6,0,736.1611055668646,False
TSH_61,2025-01,58.08103644252696,0,0,2,20,0,1,0,33.0,34.6,0,736.1611055668646,False
TSH_61,2025-02,58.08103644252696,0,0,2,21,0,2,0,33.0,34.6,0,736.1611055668646,False
TSH_61,2025-03,58.08103644252696,0,0,2,22,0,3,0,33.0,34.6,0,736.1611055668646,False
TSH_61,2025-04,58.08103644252696,0,0,2,23,0,4,0,33.0,34.6,0,736.1611055668646,False
TSH_61,2025-05,58.08103644252696,0,0,2,24,0,5,1,33.0,34.6,0,736.1611055668646,False
TSH_61,2025-06,58.08103644252696,0,0,2,25,0,6,1,33.0,34.6,0,736.1611055668646,False
TSH_61,2025-07,58.08103644252696,0,0,2,26,0,7,1,33.0,34.6,0,736.1611055668646,False
TSH_61,2025-08,58.08103644252696,0,0,2,27,0,8,1,33.0,34.6,0,736.1611055668646,False
TSH_61,2025-09,58.08103644252696,0,0,2,28,0,9,1,33.0,34.6,0,736.1611055668646,False
TSH_61,2025-10,58.08103644252696,0,0,2,29,0,10,0,33.0,34.6,0,736.1611055668646,False
TSH_61,2025-11,58.08103644252696,0,0,2,30,0,11,0,33.0,34.6,0,736.1611055668646,False
TSH_61,2025-12,58.08103644252696,0,0,2,31,0,12,0,33.0,34.6,0,736.1611055668646,False
TSH_61,2026-01,58.08103644252696,0,0,2,32,0,1,0,33.0,34.6,0,736.1611055668646,False
TSH_61,2026-02,58.08103644252696,0,0,2,33,0,2,0,33.0,34.6,0,736.1611055668646,False
TSH_61,2026-03,58.08103644252696,0,0,2,34,0,3,0,33.0,34.6,0,736.1611055668646,False
TSH_62,2019-08,2.6120168051682278,0,0,0,999,0,8,1,33.0,34.6,0,7763.73259156498,False
TSH_62,2019-09,2.6120168051682278,0,0,0,999,0,9,1,33.0,34.6,0,7763.73259156498,False
TSH_62,2019-10,2.6120168051682278,0,0,0,999,0,10,0,33.0,34.6,0,7763.73259156498,False
TSH_62,2019-11,2.6120168051682278,0,0,0,999,0,11,0,33.0,34.6,0,7763.73259156498,False
TSH_62,2019-12,2.6120168051682278,0,0,0,999,0,12,0,33.0,34.6,0,7763.73259156498,False
TSH_62,2020-01,2.6120168051682278,0,0,0,999,0,1,0,33.0,34.6,0,7763.73259156498,False
TSH_62,2020-02,2.6120168051682278,0,0,0,999,0,2,0,33.0,34.6,0,7763.73259156498,False
TSH_62,2020-03,2.6120168051682278,0,0,0,999,0,3,0,33.0,34.6,0,7763.73259156498,False
TSH_62,2020-04,2.6120168051682278,0,0,0,999,0,4,0,33.0,34.6,0,7763.73259156498,False
TSH_62,2020-05,2.6120168051682278,0,0,0,999,0,5,1,33.0,34.6,0,7763.73259156498,False
TSH_62,2020-06,2.6120168051682278,0,0,0,999,0,6,1,33.0,34.6,0,7763.73259156498,False
TSH_62,2020-07,2.6120168051682278,0,0,0,999,0,7,1,33.0,34.6,0,7763.73259156498,False
TSH_62,2020-08,2.6120168051682278,0,0,0,999,0,8,1,33.0,34.6,0,7763.73259156498,False
TSH_62,2020-09,2.6120168051682278,0,0,0,999,0,9,1,33.0,34.6,0,7763.73259156498,False
TSH_62,2020-10,2.6120168051682278,0,0,0,999,0,10,0,33.0,34.6,0,7763.73259156498,False
TSH_62,2020-11,2.6120168051682278,0,0,0,999,0,11,0,33.0,34.6,0,7763.73259156498,False
TSH_62,2020-12,2.6120168051682278,0,0,0,999,0,12,0,33.0,34.6,0,7763.73259156498,False
TSH_62,2021-01,2.6120168051682278,0,0,0,999,0,1,0,33.0,34.6,0,7763.73259156498,False
TSH_62,2021-02,2.6120168051682278,0,0,0,999,0,2,0,33.0,34.6,0,7763.73259156498,False
TSH_62,2021-03,2.6120168051682278,0,0,0,999,0,3,0,33.0,34.6,0,7763.73259156498,False
TSH_62,2021-04,2.6120168051682278,0,0,0,999,0,4,0,33.0,34.6,0,7763.73259156498,False
TSH_62,2021-05,2.6120168051682278,0,0,0,999,0,5,1,33.0,34.6,0,7763.73259156498,False
TSH_62,2021-06,2.6120168051682278,0,0,0,999,0,6,1,33.0,34.6,0,7763.73259156498,False
TSH_62,2021-07,2.6120168051682278,0,0,0,999,0,7,1,33.0,34.6,0,7763.73259156498,False
TSH_62,2021-08,2.6120168051682278,0,0,0,999,0,8,1,33.0,34.6,0,7763.73259156498,False
TSH_62,2021-09,2.6120168051682278,0,0,0,999,0,9,1,33.0,34.6,0,7763.73259156498,False
TSH_62,2021-10,2.6120168051682278,0,0,0,999,0,10,0,33.0,34.6,0,7763.73259156498,False
TSH_62,2021-11,2.6120168051682278,0,0,0,999,0,11,0,33.0,34.6,0,7763.73259156498,False
TSH_62,2021-12,2.6120168051682278,0,0,0,999,0,12,0,33.0,34.6,0,7763.73259156498,False
TSH_62,2022-01,2.6120168051682278,0,0,0,999,0,1,0,33.0,34.6,0,7763.73259156498,False
TSH_62,2022-02,2.6120168051682278,0,0,0,999,0,2,0,33.0,34.6,0,7763.73259156498,False
TSH_62,2022-03,2.6120168051682278,0,0,0,999,0,3,0,33.0,34.6,0,7763.73259156498,False
TSH_62,2022-04,2.6120168051682278,0,0,0,999,0,4,0,33.0,34.6,0,7763.73259156498,False
TSH_62,2022-05,2.6120168051682278,0,0,0,999,0,5,1,33.0,34.6,0,7763.73259156498,False
TSH_62,2022-06,2.6120168051682278,0,0,0,999,0,6,1,33.0,34.6,0,7763.73259156498,False
TSH_62,2022-07,2.6120168051682278,0,0,0,999,0,7,1,33.0,34.6,0,7763.73259156498,False
TSH_62,2022-08,2.6120168051682278,0,0,0,999,0,8,1,33.0,34.6,0,7763.73259156498,False
TSH_62,2022-09,2.6120168051682278,0,0,0,999,0,9,1,33.0,34.6,0,7763.73259156498,False
TSH_62,2022-10,2.6120168051682278,0,0,0,999,0,10,0,33.0,34.6,0,7763.73259156498,False
TSH_62,2022-11,2.6120168051682278,0,0,0,999,0,11,0,33.0,34.6,0,7763.73259156498,False
TSH_62,2022-12,2.6120168051682278,0,0,0,999,0,12,0,33.0,34.6,0,7763.73259156498,False
TSH_62,2023-01,2.6120168051682278,0,0,0,999,0,1,0,33.0,34.6,0,7763.73259156498,False
TSH_62,2023-02,2.6120168051682278,0,0,0,999,0,2,0,33.0,34.6,0,7763.73259156498,False
TSH_62,2023-03,2.6120168051682278,0,0,0,999,0,3,0,33.0,34.6,0,7763.73259156498,False
TSH_62,2023-04,2.6120168051682278,0,0,0,999,0,4,0,33.0,34.6,0,7763.73259156498,False
TSH_62,2023-05,2.6120168051682278,0,0,0,999,0,5,1,33.0,34.6,0,7763.73259156498,False
TSH_62,2023-06,2.6120168051682278,0,0,0,999,0,6,1,33.0,34.6,0,7763.73259156498,False
TSH_62,2023-07,2.6120168051682278,0,0,0,999,0,7,1,33.0,34.6,0,7763.73259156498,False
TSH_62,2023-08,2.6120168051682278,0,0,0,999,0,8,1,33.0,34.6,0,7763.73259156498,False
TSH_62,2023-09,2.6120168051682278,0,0,0,999,0,9,1,33.0,34.6,0,7763.73259156498,False
TSH_62,2023-10,2.6120168051682278,0,0,0,999,0,10,0,33.0,34.6,0,7763.73259156498,False
TSH_62,2023-11,2.6120168051682278,0,0,0,999,0,11,0,33.0,34.6,0,7763.73259156498,False
TSH_62,2023-12,2.6120168051682278,0,0,0,999,0,12,0,33.0,34.6,0,7763.73259156498,False
TSH_62,2024-01,2.6120168051682278,0,0,0,999,0,1,0,33.0,34.6,0,7763.73259156498,False
TSH_62,2024-02,2.6120168051682278,0,0,0,999,0,2,0,33.0,34.6,0,7763.73259156498,False
TSH_62,2024-03,2.6120168051682278,0,0,0,999,0,3,0,33.0,34.6,0,7763.73259156498,False
TSH_62,2024-04,2.6120168051682278,0,0,0,999,0,4,0,33.0,34.6,0,7763.73259156498,False
TSH_62,2024-05,2.6120168051682278,0,0,0,999,0,5,1,33.0,34.6,0,7763.73259156498,False
TSH_62,2024-06,2.6120168051682278,0,0,0,999,0,6,1,33.0,34.6,0,7763.73259156498,False
TSH_62,2024-07,2.6120168051682278,0,0,0,999,0,7,1,33.0,34.6,0,7763.73259156498,False
TSH_62,2024-08,2.6120168051682278,0,0,0,999,0,8,1,33.0,34.6,0,7763.73259156498,False
TSH_62,2024-09,2.6120168051682278,0,0,0,999,0,9,1,33.0,34.6,0,7763.73259156498,False
TSH_62,2024-10,2.6120168051682278,0,0,0,999,0,10,0,33.0,34.6,0,7763.73259156498,False
TSH_62,2024-11,2.6120168051682278,0,0,0,999,0,11,0,33.0,34.6,0,7763.73259156498,False
TSH_62,2024-12,2.6120168051682278,0,0,0,999,0,12,0,33.0,34.6,0,7763.73259156498,False
TSH_62,2025-01,2.6120168051682278,0,0,0,999,0,1,0,33.0,34.6,0,7763.73259156498,False
TSH_62,2025-02,2.6120168051682278,0,0,0,999,0,2,0,33.0,34.6,0,7763.73259156498,False
TSH_62,2025-03,2.6120168051682278,0,0,0,999,0,3,0,33.0,34.6,0,7763.73259156498,False
TSH_62,2025-04,2.6120168051682278,0,0,0,999,0,4,0,33.0,34.6,0,7763.73259156498,False
TSH_62,2025-05,2.6120168051682278,0,0,0,999,0,5,1,33.0,34.6,0,7763.73259156498,False
TSH_62,2025-06,2.6120168051682278,0,0,0,999,0,6,1,33.0,34.6,0,7763.73259156498,False
TSH_62,2025-07,2.6120168051682278,0,0,0,999,0,7,1,33.0,34.6,0,7763.73259156498,False
TSH_62,2025-08,2.6120168051682278,0,0,0,999,0,8,1,33.0,34.6,0,7763.73259156498,False
TSH_62,2025-09,2.6120168051682278,0,0,0,999,0,9,1,33.0,34.6,0,7763.73259156498,False
TSH_62,2025-10,2.6120168051682278,0,0,0,999,0,10,0,33.0,34.6,0,7763.73259156498,False
TSH_62,2025-11,2.6120168051682278,0,0,0,999,0,11,0,33.0,34.6,0,7763.73259156498,False
TSH_62,2025-12,2.6120168051682278,0,0,0,999,0,12,0,33.0,34.6,0,7763.73259156498,False
TSH_62,2026-01,2.6120168051682278,0,0,0,999,0,1,0,33.0,34.6,0,7763.73259156498,False
TSH_62,2026-02,2.6120168051682278,0,0,0,999,0,2,0,33.0,34.6,0,7763.73259156498,False
TSH_62,2026-03,2.6120168051682278,0,0,0,999,0,3,0,33.0,34.6,0,7763.73259156498,False
TSH_63,2019-08,2.2331069432255557,0,0,0,999,0,8,1,33.0,34.6,0,7640.923804282198,False
TSH_63,2019-09,2.2331069432255557,0,0,0,999,0,9,1,33.0,34.6,0,7640.923804282198,False
TSH_63,2019-10,2.2331069432255557,0,0,0,999,0,10,0,33.0,34.6,0,7640.923804282198,False
TSH_63,2019-11,2.2331069432255557,0,0,0,999,0,11,0,33.0,34.6,0,7640.923804282198,False
TSH_63,2019-12,2.2331069432255557,0,0,0,999,0,12,0,33.0,34.6,0,7640.923804282198,False
TSH_63,2020-01,2.2331069432255557,0,0,0,999,0,1,0,33.0,34.6,0,7640.923804282198,False
TSH_63,2020-02,2.2331069432255557,0,0,0,999,0,2,0,33.0,34.6,0,7640.923804282198,False
TSH_63,2020-03,2.2331069432255557,0,0,0,999,0,3,0,33.0,34.6,0,7640.923804282198,False
TSH_63,2020-04,2.2331069432255557,0,0,0,999,0,4,0,33.0,34.6,0,7640.923804282198,False
TSH_63,2020-05,2.2331069432255557,0,0,0,999,0,5,1,33.0,34.6,0,7640.923804282198,False
TSH_63,2020-06,2.2331069432255557,0,0,0,999,0,6,1,33.0,34.6,0,7640.923804282198,False
TSH_63,2020-07,2.2331069432255557,0,0,0,999,0,7,1,33.0,34.6,0,7640.923804282198,False
TSH_63,2020-08,2.2331069432255557,0,0,0,999,0,8,1,33.0,34.6,0,7640.923804282198,False
TSH_63,2020-09,2.2331069432255557,0,0,0,999,0,9,1,33.0,34.6,0,7640.923804282198,False
TSH_63,2020-10,2.2331069432255557,0,0,0,999,0,10,0,33.0,34.6,0,7640.923804282198,False
TSH_63,2020-11,2.2331069432255557,0,0,0,999,0,11,0,33.0,34.6,0,7640.923804282198,False
TSH_63,2020-12,2.2331069432255557,0,0,0,999,0,12,0,33.0,34.6,0,7640.923804282198,False
TSH_63,2021-01,2.2331069432255557,0,0,0,999,0,1,0,33.0,34.6,0,7640.923804282198,False
TSH_63,2021-02,2.2331069432255557,0,0,0,999,0,2,0,33.0,34.6,0,7640.923804282198,False
TSH_63,2021-03,2.2331069432255557,0,0,0,999,0,3,0,33.0,34.6,0,7640.923804282198,False
TSH_63,2021-04,2.2331069432255557,0,0,0,999,0,4,0,33.0,34.6,0,7640.923804282198,False
TSH_63,2021-05,2.2331069432255557,0,0,0,999,0,5,1,33.0,34.6,0,7640.923804282198,False
TSH_63,2021-06,2.2331069432255557,0,0,0,999,0,6,1,33.0,34.6,0,7640.923804282198,False
TSH_63,2021-07,2.2331069432255557,0,0,0,999,0,7,1,33.0,34.6,0,7640.923804282198,False
TSH_63,2021-08,2.2331069432255557,0,0,0,999,0,8,1,33.0,34.6,0,7640.923804282198,False
TSH_63,2021-09,2.2331069432255557,0,0,0,999,0,9,1,33.0,34.6,0,7640.923804282198,False
TSH_63,2021-10,2.2331069432255557,0,0,0,999,0,10,0,33.0,34.6,0,7640.923804282198,False
TSH_63,2021-11,2.2331069432255557,0,0,0,999,0,11,0,33.0,34.6,0,7640.923804282198,False
TSH_63,2021-12,2.2331069432255557,0,0,0,999,0,12,0,33.0,34.6,0,7640.923804282198,False
TSH_63,2022-01,2.2331069432255557,0,0,0,999,0,1,0,33.0,34.6,0,7640.923804282198,False
TSH_63,2022-02,2.2331069432255557,0,0,0,999,0,2,0,33.0,34.6,0,7640.923804282198,False
TSH_63,2022-03,2.2331069432255557,0,0,0,999,0,3,0,33.0,34.6,0,7640.923804282198,False
TSH_63,2022-04,2.2331069432255557,0,0,0,999,0,4,0,33.0,34.6,0,7640.923804282198,False
TSH_63,2022-05,2.2331069432255557,0,0,0,999,0,5,1,33.0,34.6,0,7640.923804282198,False
TSH_63,2022-06,2.2331069432255557,0,0,0,999,0,6,1,33.0,34.6,0,7640.923804282198,False
TSH_63,2022-07,2.2331069432255557,0,0,0,999,0,7,1,33.0,34.6,0,7640.923804282198,False
TSH_63,2022-08,2.2331069432255557,0,0,0,999,0,8,1,33.0,34.6,0,7640.923804282198,False
TSH_63,2022-09,2.2331069432255557,0,0,0,999,0,9,1,33.0,34.6,0,7640.923804282198,False
TSH_63,2022-10,2.2331069432255557,0,0,0,999,0,10,0,33.0,34.6,0,7640.923804282198,False
TSH_63,2022-11,2.2331069432255557,0,0,0,999,0,11,0,33.0,34.6,0,7640.923804282198,False
TSH_63,2022-12,2.2331069432255557,0,0,0,999,0,12,0,33.0,34.6,0,7640.923804282198,False
TSH_63,2023-01,2.2331069432255557,0,0,0,999,0,1,0,33.0,34.6,0,7640.923804282198,False
TSH_63,2023-02,2.2331069432255557,0,0,0,999,0,2,0,33.0,34.6,0,7640.923804282198,False
TSH_63,2023-03,2.2331069432255557,0,0,0,999,0,3,0,33.0,34.6,0,7640.923804282198,False
TSH_63,2023-04,2.2331069432255557,0,0,0,999,0,4,0,33.0,34.6,0,7640.923804282198,False
TSH_63,2023-05,2.2331069432255557,0,0,0,999,0,5,1,33.0,34.6,0,7640.923804282198,False
TSH_63,2023-06,2.2331069432255557,0,0,0,999,0,6,1,33.0,34.6,0,7640.923804282198,False
TSH_63,2023-07,2.2331069432255557,0,0,0,999,0,7,1,33.0,34.6,0,7640.923804282198,False
TSH_63,2023-08,2.2331069432255557,0,0,0,999,0,8,1,33.0,34.6,0,7640.923804282198,False
TSH_63,2023-09,2.2331069432255557,0,0,0,999,0,9,1,33.0,34.6,0,7640.923804282198,False
TSH_63,2023-10,2.2331069432255557,0,0,0,999,0,10,0,33.0,34.6,0,7640.923804282198,False
TSH_63,2023-11,2.2331069432255557,0,0,0,999,0,11,0,33.0,34.6,0,7640.923804282198,False
TSH_63,2023-12,2.2331069432255557,0,0,0,999,0,12,0,33.0,34.6,0,7640.923804282198,False
TSH_63,2024-01,2.2331069432255557,0,0,0,999,0,1,0,33.0,34.6,0,7640.923804282198,False
TSH_63,2024-02,2.2331069432255557,0,0,0,999,0,2,0,33.0,34.6,0,7640.923804282198,False
TSH_63,2024-03,2.2331069432255557,0,0,0,999,0,3,0,33.0,34.6,0,7640.923804282198,False
TSH_63,2024-04,2.2331069432255557,0,0,0,999,0,4,0,33.0,34.6,0,7640.923804282198,False
TSH_63,2024-05,2.2331069432255557,0,0,0,999,0,5,1,33.0,34.6,0,7640.923804282198,False
TSH_63,2024-06,2.2331069432255557,0,0,0,999,0,6,1,33.0,34.6,0,7640.923804282198,False
TSH_63,2024-07,2.2331069432255557,0,0,0,999,0,7,1,33.0,34.6,0,7640.923804282198,False
TSH_63,2024-08,2.2331069432255557,0,0,0,999,0,8,1,33.0,34.6,0,7640.923804282198,False
TSH_63,2024-09,2.2331069432255557,0,0,0,999,0,9,1,33.0,34.6,0,7640.923804282198,False
TSH_63,2024-10,2.2331069432255557,0,0,0,999,0,10,0,33.0,34.6,0,7640.923804282198,False
TSH_63,2024-11,2.2331069432255557,0,0,0,999,0,11,0,33.0,34.6,0,7640.923804282198,False
TSH_63,2024-12,2.2331069432255557,0,0,0,999,0,12,0,33.0,34.6,0,7640.923804282198,False
TSH_63,2025-01,2.2331069432255557,0,0,0,999,0,1,0,33.0,34.6,0,7640.923804282198,False
TSH_63,2025-02,2.2331069432255557,0,0,0,999,0,2,0,33.0,34.6,0,7640.923804282198,False
TSH_63,2025-03,2.2331069432255557,0,0,0,999,0,3,0,33.0,34.6,0,7640.923804282198,False
TSH_63,2025-04,2.2331069432255557,0,0,0,999,0,4,0,33.0,34.6,0,7640.923804282198,False
TSH_63,2025-05,2.2331069432255557,0,0,0,999,0,5,1,33.0,34.6,0,7640.923804282198,False
TSH_63,2025-06,2.2331069432255557,0,0,0,999,0,6,1,33.0,34.6,0,7640.923804282198,False
TSH_63,2025-07,2.2331069432255557,0,0,0,999,0,7,1,33.0,34.6,0,7640.923804282198,False
TSH_63,2025-08,2.2331069432255557,0,0,0,999,0,8,1,33.0,34.6,0,7640.923804282198,False
TSH_63,2025-09,2.2331069432255557,0,0,0,999,0,9,1,33.0,34.6,0,7640.923804282198,False
TSH_63,2025-10,2.2331069432255557,0,0,0,999,0,10,0,33.0,34.6,0,7640.923804282198,False
TSH_63,2025-11,2.2331069432255557,0,0,0,999,0,11,0,33.0,34.6,0,7640.923804282198,False
TSH_63,2025-12,2.2331069432255557,0,0,0,999,0,12,0,33.0,34.6,0,7640.923804282198,False
TSH_63,2026-01,2.2331069432255557,0,0,0,999,0,1,0,33.0,34.6,0,7640.923804282198,False
TSH_63,2026-02,2.2331069432255557,0,0,0,999,0,2,0,33.0,34.6,0,7640.923804282198,False
TSH_63,2026-03,2.2331069432255557,0,0,0,999,0,3,0,33.0,34.6,0,7640.923804282198,False
TSH_64,2019-08,9.111454001527113,0,0,0,999,0,8,1,33.0,31.9,0,3865.135026099841,False
TSH_64,2019-09,9.111454001527113,0,0,0,999,0,9,1,33.0,31.9,0,3865.135026099841,False
TSH_64,2019-10,9.111454001527113,0,0,0,999,0,10,0,33.0,31.9,0,3865.135026099841,False
TSH_64,2019-11,9.111454001527113,0,0,0,999,0,11,0,33.0,31.9,0,3865.135026099841,False
TSH_64,2019-12,9.111454001527113,0,0,0,999,0,12,0,33.0,31.9,0,3865.135026099841,False
TSH_64,2020-01,9.111454001527113,0,0,0,999,0,1,0,33.0,31.9,0,3865.135026099841,False
TSH_64,2020-02,9.111454001527113,0,0,0,999,0,2,0,33.0,31.9,0,3865.135026099841,False
TSH_64,2020-03,9.111454001527113,0,0,0,999,0,3,0,33.0,31.9,0,3865.135026099841,False
TSH_64,2020-04,9.111454001527113,0,0,0,999,0,4,0,33.0,31.9,0,3865.135026099841,False
TSH_64,2020-05,9.111454001527113,0,0,0,999,0,5,1,33.0,31.9,0,3865.135026099841,False
TSH_64,2020-06,9.111454001527113,0,0,0,999,0,6,1,33.0,31.9,0,3865.135026099841,False
TSH_64,2020-07,9.111454001527113,0,0,0,999,0,7,1,33.0,31.9,0,3865.135026099841,False
TSH_64,2020-08,9.111454001527113,0,0,0,999,0,8,1,33.0,31.9,0,3865.135026099841,False
TSH_64,2020-09,9.111454001527113,0,0,0,999,0,9,1,33.0,31.9,0,3865.135026099841,False
TSH_64,2020-10,9.111454001527113,0,0,0,999,0,10,0,33.0,31.9,0,3865.135026099841,False
TSH_64,2020-11,9.111454001527113,0,0,0,999,0,11,0,33.0,31.9,0,3865.135026099841,False
TSH_64,2020-12,9.111454001527113,0,0,0,999,0,12,0,33.0,31.9,0,3865.135026099841,False
TSH_64,2021-01,9.111454001527113,0,0,0,999,0,1,0,33.0,31.9,0,3865.135026099841,False
TSH_64,2021-02,9.111454001527113,0,0,0,999,0,2,0,33.0,31.9,0,3865.135026099841,False
TSH_64,2021-03,9.111454001527113,0,0,0,999,0,3,0,33.0,31.9,0,3865.135026099841,False
TSH_64,2021-04,9.111454001527113,0,0,0,999,0,4,0,33.0,31.9,0,3865.135026099841,False
TSH_64,2021-05,9.111454001527113,0,0,0,999,0,5,1,33.0,31.9,0,3865.135026099841,False
TSH_64,2021-06,9.111454001527113,0,0,0,999,0,6,1,33.0,31.9,0,3865.135026099841,False
TSH_64,2021-07,9.111454001527113,0,0,0,999,0,7,1,33.0,31.9,0,3865.135026099841,False
TSH_64,2021-08,9.111454001527113,0,0,0,999,0,8,1,33.0,31.9,0,3865.135026099841,False
TSH_64,2021-09,9.111454001527113,0,0,0,999,0,9,1,33.0,31.9,0,3865.135026099841,False
TSH_64,2021-10,9.111454001527113,0,0,0,999,0,10,0,33.0,31.9,0,3865.135026099841,False
TSH_64,2021-11,9.111454001527113,0,0,0,999,0,11,0,33.0,31.9,0,3865.135026099841,False
TSH_64,2021-12,9.111454001527113,0,0,0,999,0,12,0,33.0,31.9,0,3865.135026099841,False
TSH_64,2022-01,9.111454001527113,0,0,0,999,0,1,0,33.0,31.9,0,3865.135026099841,False
TSH_64,2022-02,9.111454001527113,0,0,0,999,0,2,0,33.0,31.9,0,3865.135026099841,False
TSH_64,2022-03,9.111454001527113,0,0,0,999,0,3,0,33.0,31.9,0,3865.135026099841,False
TSH_64,2022-04,9.111454001527113,0,0,0,999,0,4,0,33.0,31.9,0,3865.135026099841,False
TSH_64,2022-05,9.111454001527113,0,0,0,999,0,5,1,33.0,31.9,0,3865.135026099841,False
TSH_64,2022-06,9.111454001527113,0,0,0,999,0,6,1,33.0,31.9,0,3865.135026099841,False
TSH_64,2022-07,9.111454001527113,0,0,0,999,0,7,1,33.0,31.9,0,3865.135026099841,False
TSH_64,2022-08,9.111454001527113,0,0,0,999,0,8,1,33.0,31.9,0,3865.135026099841,False
TSH_64,2022-09,9.111454001527113,0,0,0,999,0,9,1,33.0,31.9,0,3865.135026099841,False
TSH_64,2022-10,9.111454001527113,0,0,0,999,0,10,0,33.0,31.9,0,3865.135026099841,False
TSH_64,2022-11,9.111454001527113,0,0,0,999,0,11,0,33.0,31.9,0,3865.135026099841,False
TSH_64,2022-12,9.111454001527113,0,0,0,999,0,12,0,33.0,31.9,0,3865.135026099841,False
TSH_64,2023-01,9.111454001527113,0,0,0,999,0,1,0,33.0,31.9,0,3865.135026099841,False
TSH_64,2023-02,9.111454001527113,0,0,0,999,0,2,0,33.0,31.9,0,3865.135026099841,False
TSH_64,2023-03,9.111454001527113,0,0,0,999,0,3,0,33.0,31.9,0,3865.135026099841,False
TSH_64,2023-04,9.111454001527113,0,0,0,999,0,4,0,33.0,31.9,0,3865.135026099841,False
TSH_64,2023-05,9.111454001527113,0,0,0,999,0,5,1,33.0,31.9,0,3865.135026099841,False
TSH_64,2023-06,9.111454001527113,0,0,0,999,0,6,1,33.0,31.9,0,3865.135026099841,False
TSH_64,2023-07,9.111454001527113,0,0,0,999,0,7,1,33.0,31.9,0,3865.135026099841,False
TSH_64,2023-08,9.111454001527113,0,0,0,999,0,8,1,33.0,31.9,0,3865.135026099841,False
TSH_64,2023-09,9.111454001527113,0,0,0,999,0,9,1,33.0,31.9,0,3865.135026099841,False
TSH_64,2023-10,9.111454001527113,0,0,0,999,0,10,0,33.0,31.9,0,3865.135026099841,False
TSH_64,2023-11,9.111454001527113,0,0,0,999,0,11,0,33.0,31.9,0,3865.135026099841,False
TSH_64,2023-12,9.111454001527113,0,0,0,999,0,12,0,33.0,31.9,0,3865.135026099841,False
TSH_64,2024-01,9.111454001527113,0,0,0,999,0,1,0,33.0,31.9,0,3865.135026099841,False
TSH_64,2024-02,9.111454001527113,0,0,0,999,0,2,0,33.0,31.9,0,3865.135026099841,False
TSH_64,2024-03,9.111454001527113,0,0,0,999,0,3,0,33.0,31.9,0,3865.135026099841,False
TSH_64,2024-04,9.111454001527113,0,0,0,999,0,4,0,33.0,31.9,0,3865.135026099841,False
TSH_64,2024-05,9.111454001527113,0,0,0,999,0,5,1,33.0,31.9,0,3865.135026099841,False
TSH_64,2024-06,9.111454001527113,0,0,0,999,0,6,1,33.0,31.9,0,3865.135026099841,False
TSH_64,2024-07,9.111454001527113,0,0,0,999,0,7,1,33.0,31.9,0,3865.135026099841,False
TSH_64,2024-08,9.111454001527113,0,0,0,999,0,8,1,33.0,31.9,0,3865.135026099841,False
TSH_64,2024-09,9.111454001527113,0,0,0,999,0,9,1,33.0,31.9,0,3865.135026099841,False
TSH_64,2024-10,9.111454001527113,0,0,0,999,0,10,0,33.0,31.9,0,3865.135026099841,False
TSH_64,2024-11,9.111454001527113,0,0,0,999,0,11,0,33.0,31.9,0,3865.135026099841,False
TSH_64,2024-12,9.111454001527113,0,0,0,999,0,12,0,33.0,31.9,0,3865.135026099841,False
TSH_64,2025-01,9.111454001527113,0,0,0,999,0,1,0,33.0,31.9,0,3865.135026099841,False
TSH_64,2025-02,9.111454001527113,0,0,0,999,0,2,0,33.0,31.9,0,3865.135026099841,False
TSH_64,2025-03,9.111454001527113,0,0,0,999,0,3,0,33.0,31.9,0,3865.135026099841,False
TSH_64,2025-04,9.111454001527113,0,0,0,999,0,4,0,33.0,31.9,0,3865.135026099841,False
TSH_64,2025-05,9.111454001527113,0,0,0,999,0,5,1,33.0,31.9,0,3865.135026099841,False
TSH_64,2025-06,9.111454001527113,0,0,0,999,0,6,1,33.0,31.9,0,3865.135026099841,False
TSH_64,2025-07,9.111454001527113,0,0,0,999,0,7,1,33.0,31.9,0,3865.135026099841,False
TSH_64,2025-08,9.111454001527113,0,0,0,999,0,8,1,33.0,31.9,0,3865.135026099841,False
TSH_64,2025-09,9.111454001527113,0,0,0,999,0,9,1,33.0,31.9,0,3865.135026099841,False
TSH_64,2025-10,9.111454001527113,0,0,0,999,0,10,0,33.0,31.9,0,3865.135026099841,False
TSH_64,2025-11,9.111454001527113,0,0,0,999,0,11,0,33.0,31.9,0,3865.135026099841,False
TSH_64,2025-12,9.111454001527113,0,0,0,999,0,12,0,33.0,31.9,0,3865.135026099841,False
TSH_64,2026-01,9.111454001527113,0,0,0,999,0,1,0,33.0,31.9,0,3865.135026099841,False
TSH_64,2026-02,9.111454001527113,0,0,0,999,0,2,0,33.0,31.9,0,3865.135026099841,False
TSH_64,2026-03,9.111454001527113,0,0,0,999,0,3,0,33.0,31.9,0,3865.135026099841,False
TSH_65,2019-08,59.60705278528746,0,0,0,999,0,8,1,33.0,31.9,0,358.9675885683334,False
TSH_65,2019-09,59.60705278528746,0,0,0,999,0,9,1,33.0,31.9,0,358.9675885683334,False
TSH_65,2019-10,59.60705278528746,0,0,0,999,0,10,0,33.0,31.9,0,358.9675885683334,False
TSH_65,2019-11,59.60705278528746,0,0,0,999,0,11,0,33.0,31.9,0,358.9675885683334,False
TSH_65,2019-12,59.60705278528746,0,0,0,999,0,12,0,33.0,31.9,0,358.9675885683334,False
TSH_65,2020-01,59.60705278528746,0,0,0,999,0,1,0,33.0,31.9,0,358.9675885683334,False
TSH_65,2020-02,59.60705278528746,0,0,0,999,0,2,0,33.0,31.9,0,358.9675885683334,False
TSH_65,2020-03,59.60705278528746,0,0,0,999,0,3,0,33.0,31.9,0,358.9675885683334,False
TSH_65,2020-04,59.60705278528746,0,0,0,999,0,4,0,33.0,31.9,0,358.9675885683334,False
TSH_65,2020-05,59.60705278528746,0,0,0,999,0,5,1,33.0,31.9,0,358.9675885683334,False
TSH_65,2020-06,59.60705278528746,0,0,0,999,0,6,1,33.0,31.9,0,358.9675885683334,False
TSH_65,2020-07,59.60705278528746,0,0,0,999,0,7,1,33.0,31.9,0,358.9675885683334,False
TSH_65,2020-08,59.60705278528746,0,0,0,999,0,8,1,33.0,31.9,0,358.9675885683334,False
TSH_65,2020-09,59.60705278528746,0,0,0,999,0,9,1,33.0,31.9,0,358.9675885683334,False
TSH_65,2020-10,59.60705278528746,0,0,0,999,0,10,0,33.0,31.9,0,358.9675885683334,False
TSH_65,2020-11,59.60705278528746,0,0,0,999,0,11,0,33.0,31.9,0,358.9675885683334,False
TSH_65,2020-12,59.60705278528746,0,0,0,999,0,12,0,33.0,31.9,0,358.9675885683334,False
TSH_65,2021-01,59.60705278528746,0,0,0,999,0,1,0,33.0,31.9,0,358.9675885683334,False
TSH_65,2021-02,59.60705278528746,0,0,0,999,0,2,0,33.0,31.9,0,358.9675885683334,False
TSH_65,2021-03,59.60705278528746,0,0,0,999,0,3,0,33.0,31.9,0,358.9675885683334,False
TSH_65,2021-04,59.60705278528746,0,0,0,999,0,4,0,33.0,31.9,0,358.9675885683334,False
TSH_65,2021-05,59.60705278528746,0,0,0,999,0,5,1,33.0,31.9,0,358.9675885683334,False
TSH_65,2021-06,59.60705278528746,0,0,0,999,0,6,1,33.0,31.9,0,358.9675885683334,False
TSH_65,2021-07,59.60705278528746,0,0,0,999,0,7,1,33.0,31.9,0,358.9675885683334,False
TSH_65,2021-08,59.60705278528746,0,0,0,999,0,8,1,33.0,31.9,0,358.9675885683334,False
TSH_65,2021-09,59.60705278528746,0,0,0,999,0,9,1,33.0,31.9,0,358.9675885683334,False
TSH_65,2021-10,59.60705278528746,0,0,0,999,0,10,0,33.0,31.9,0,358.9675885683334,False
TSH_65,2021-11,59.60705278528746,0,0,0,999,0,11,0,33.0,31.9,0,358.9675885683334,False
TSH_65,2021-12,59.60705278528746,0,0,0,999,0,12,0,33.0,31.9,0,358.9675885683334,False
TSH_65,2022-01,59.60705278528746,0,0,0,999,0,1,0,33.0,31.9,0,358.9675885683334,False
TSH_65,2022-02,59.60705278528746,0,0,0,999,0,2,0,33.0,31.9,0,358.9675885683334,False
TSH_65,2022-03,59.60705278528746,0,0,0,999,0,3,0,33.0,31.9,0,358.9675885683334,False
TSH_65,2022-04,59.60705278528746,0,0,0,999,0,4,0,33.0,31.9,0,358.9675885683334,False
TSH_65,2022-05,59.60705278528746,0,0,0,999,0,5,1,33.0,31.9,0,358.9675885683334,False
TSH_65,2022-06,59.60705278528746,0,0,0,999,0,6,1,33.0,31.9,0,358.9675885683334,False
TSH_65,2022-07,59.60705278528746,0,0,0,999,0,7,1,33.0,31.9,0,358.9675885683334,False
TSH_65,2022-08,59.60705278528746,0,0,0,999,0,8,1,33.0,31.9,0,358.9675885683334,False
TSH_65,2022-09,59.60705278528746,0,0,0,999,0,9,1,33.0,31.9,0,358.9675885683334,False
TSH_65,2022-10,59.60705278528746,0,0,0,999,0,10,0,33.0,31.9,0,358.9675885683334,False
TSH_65,2022-11,59.60705278528746,0,0,0,999,0,11,0,33.0,31.9,0,358.9675885683334,False
TSH_65,2022-12,59.60705278528746,0,0,0,999,0,12,0,33.0,31.9,0,358.9675885683334,False
TSH_65,2023-01,59.60705278528746,0,0,0,999,0,1,0,33.0,31.9,0,358.9675885683334,False
TSH_65,2023-02,59.60705278528746,0,0,0,999,0,2,0,33.0,31.9,0,358.9675885683334,False
TSH_65,2023-03,59.60705278528746,0,0,0,999,0,3,0,33.0,31.9,0,358.9675885683334,False
TSH_65,2023-04,59.60705278528746,0,0,0,999,0,4,0,33.0,31.9,0,358.9675885683334,False
TSH_65,2023-05,59.60705278528746,0,0,0,999,0,5,1,33.0,31.9,0,358.9675885683334,False
TSH_65,2023-06,59.60705278528746,0,0,0,999,0,6,1,33.0,31.9,0,358.9675885683334,False
TSH_65,2023-07,59.60705278528746,0,0,0,999,0,7,1,33.0,31.9,0,358.9675885683334,False
TSH_65,2023-08,59.60705278528746,0,0,0,999,0,8,1,33.0,31.9,0,358.9675885683334,False
TSH_65,2023-09,59.60705278528746,0,0,0,999,0,9,1,33.0,31.9,0,358.9675885683334,False
TSH_65,2023-10,59.60705278528746,0,0,0,999,0,10,0,33.0,31.9,0,358.9675885683334,False
TSH_65,2023-11,59.60705278528746,0,0,0,999,0,11,0,33.0,31.9,0,358.9675885683334,False
TSH_65,2023-12,59.60705278528746,0,0,0,999,0,12,0,33.0,31.9,0,358.9675885683334,False
TSH_65,2024-01,59.60705278528746,0,0,0,999,0,1,0,33.0,31.9,0,358.9675885683334,False
TSH_65,2024-02,59.60705278528746,0,0,0,999,0,2,0,33.0,31.9,0,358.9675885683334,False
TSH_65,2024-03,59.60705278528746,0,0,0,999,0,3,0,33.0,31.9,0,358.9675885683334,False
TSH_65,2024-04,59.60705278528746,0,0,0,999,0,4,0,33.0,31.9,0,358.9675885683334,False
TSH_65,2024-05,59.60705278528746,0,0,0,999,0,5,1,33.0,31.9,0,358.9675885683334,False
TSH_65,2024-06,59.60705278528746,0,0,0,999,0,6,1,33.0,31.9,0,358.9675885683334,False
TSH_65,2024-07,59.60705278528746,0,0,0,999,0,7,1,33.0,31.9,0,358.9675885683334,False
TSH_65,2024-08,59.60705278528746,0,0,0,999,0,8,1,33.0,31.9,0,358.9675885683334,False
TSH_65,2024-09,59.60705278528746,0,0,0,999,0,9,1,33.0,31.9,0,358.9675885683334,False
TSH_65,2024-10,59.60705278528746,0,0,0,999,0,10,0,33.0,31.9,0,358.9675885683334,False
TSH_65,2024-11,59.60705278528746,0,0,0,999,0,11,0,33.0,31.9,0,358.9675885683334,False
TSH_65,2024-12,59.60705278528746,0,0,0,999,0,12,0,33.0,31.9,0,358.9675885683334,False
TSH_65,2025-01,59.60705278528746,0,0,0,999,0,1,0,33.0,31.9,0,358.9675885683334,False
TSH_65,2025-02,59.60705278528746,0,0,0,999,0,2,0,33.0,31.9,0,358.9675885683334,False
TSH_65,2025-03,59.60705278528746,0,0,0,999,0,3,0,33.0,31.9,0,358.9675885683334,False
TSH_65,2025-04,59.60705278528746,0,0,0,999,0,4,0,33.0,31.9,0,358.9675885683334,False
TSH_65,2025-05,59.60705278528746,0,0,0,999,0,5,1,33.0,31.9,0,358.9675885683334,False
TSH_65,2025-06,59.60705278528746,0,0,0,999,0,6,1,33.0,31.9,0,358.9675885683334,False
TSH_65,2025-07,59.60705278528746,0,0,0,999,0,7,1,33.0,31.9,0,358.9675885683334,False
TSH_65,2025-08,59.60705278528746,0,0,0,999,0,8,1,33.0,31.9,0,358.9675885683334,False
TSH_65,2025-09,59.60705278528746,0,0,0,999,0,9,1,33.0,31.9,0,358.9675885683334,False
TSH_65,2025-10,59.60705278528746,0,0,0,999,0,10,0,33.0,31.9,0,358.9675885683334,False
TSH_65,2025-11,59.60705278528746,0,0,0,999,0,11,0,33.0,31.9,0,358.9675885683334,False
TSH_65,2025-12,59.60705278528746,0,0,0,999,0,12,0,33.0,31.9,0,358.9675885683334,False
TSH_65,2026-01,59.60705278528746,0,0,0,999,0,1,0,33.0,31.9,0,358.9675885683334,False
TSH_65,2026-02,59.60705278528746,0,0,0,999,0,2,0,33.0,31.9,0,358.9675885683334,False
TSH_65,2026-03,59.60705278528746,0,0,0,999,0,3,0,33.0,31.9,0,358.9675885683334,False
TSH_66,2019-08,32.503510916943206,0,0,0,999,0,8,1,33.0,34.6,0,722.5373301983171,False
TSH_66,2019-09,32.503510916943206,0,0,0,999,0,9,1,33.0,34.6,0,722.5373301983171,False
TSH_66,2019-10,32.503510916943206,0,0,0,999,0,10,0,33.0,34.6,0,722.5373301983171,False
TSH_66,2019-11,32.503510916943206,0,0,0,999,0,11,0,33.0,34.6,0,722.5373301983171,False
TSH_66,2019-12,32.503510916943206,0,0,0,999,0,12,0,33.0,34.6,0,722.5373301983171,False
TSH_66,2020-01,32.503510916943206,0,0,0,999,0,1,0,33.0,34.6,0,722.5373301983171,False
TSH_66,2020-02,32.503510916943206,0,0,0,999,0,2,0,33.0,34.6,0,722.5373301983171,False
TSH_66,2020-03,32.503510916943206,0,0,0,999,0,3,0,33.0,34.6,0,722.5373301983171,False
TSH_66,2020-04,32.503510916943206,0,0,0,999,0,4,0,33.0,34.6,0,722.5373301983171,False
TSH_66,2020-05,32.503510916943206,0,0,0,999,0,5,1,33.0,34.6,0,722.5373301983171,False
TSH_66,2020-06,32.503510916943206,0,0,0,999,0,6,1,33.0,34.6,0,722.5373301983171,False
TSH_66,2020-07,32.503510916943206,0,0,0,999,0,7,1,33.0,34.6,0,722.5373301983171,False
TSH_66,2020-08,32.503510916943206,0,0,0,999,0,8,1,33.0,34.6,0,722.5373301983171,False
TSH_66,2020-09,32.503510916943206,0,0,0,999,0,9,1,33.0,34.6,0,722.5373301983171,False
TSH_66,2020-10,32.503510916943206,0,0,0,999,0,10,0,33.0,34.6,0,722.5373301983171,False
TSH_66,2020-11,32.503510916943206,0,0,0,999,0,11,0,33.0,34.6,0,722.5373301983171,False
TSH_66,2020-12,32.503510916943206,0,0,0,999,0,12,0,33.0,34.6,0,722.5373301983171,False
TSH_66,2021-01,32.503510916943206,0,0,0,999,0,1,0,33.0,34.6,0,722.5373301983171,False
TSH_66,2021-02,32.503510916943206,0,0,0,999,0,2,0,33.0,34.6,0,722.5373301983171,False
TSH_66,2021-03,32.503510916943206,0,0,0,999,0,3,0,33.0,34.6,0,722.5373301983171,False
TSH_66,2021-04,32.503510916943206,0,0,0,999,0,4,0,33.0,34.6,0,722.5373301983171,False
TSH_66,2021-05,32.503510916943206,0,0,0,999,0,5,1,33.0,34.6,0,722.5373301983171,False
TSH_66,2021-06,32.503510916943206,0,0,0,999,0,6,1,33.0,34.6,0,722.5373301983171,False
TSH_66,2021-07,32.503510916943206,0,0,0,999,0,7,1,33.0,34.6,0,722.5373301983171,False
TSH_66,2021-08,32.503510916943206,0,0,0,999,0,8,1,33.0,34.6,0,722.5373301983171,False
TSH_66,2021-09,32.503510916943206,0,0,0,999,0,9,1,33.0,34.6,0,722.5373301983171,False
TSH_66,2021-10,32.503510916943206,0,0,0,999,0,10,0,33.0,34.6,0,722.5373301983171,False
TSH_66,2021-11,32.503510916943206,0,0,0,999,0,11,0,33.0,34.6,0,722.5373301983171,False
TSH_66,2021-12,32.503510916943206,0,0,0,999,0,12,0,33.0,34.6,0,722.5373301983171,False
TSH_66,2022-01,32.503510916943206,0,0,0,999,0,1,0,33.0,34.6,0,722.5373301983171,False
TSH_66,2022-02,32.503510916943206,0,0,0,999,0,2,0,33.0,34.6,0,722.5373301983171,False
TSH_66,2022-03,32.503510916943206,0,0,0,999,0,3,0,33.0,34.6,0,722.5373301983171,False
TSH_66,2022-04,32.503510916943206,0,0,0,999,0,4,0,33.0,34.6,0,722.5373301983171,False
TSH_66,2022-05,32.503510916943206,0,0,0,999,0,5,1,33.0,34.6,0,722.5373301983171,False
TSH_66,2022-06,32.503510916943206,0,0,0,999,0,6,1,33.0,34.6,0,722.5373301983171,False
TSH_66,2022-07,32.503510916943206,0,0,0,999,0,7,1,33.0,34.6,0,722.5373301983171,False
TSH_66,2022-08,32.503510916943206,0,0,0,999,0,8,1,33.0,34.6,0,722.5373301983171,False
TSH_66,2022-09,32.503510916943206,0,0,0,999,0,9,1,33.0,34.6,0,722.5373301983171,False
TSH_66,2022-10,32.503510916943206,0,0,0,999,0,10,0,33.0,34.6,0,722.5373301983171,False
TSH_66,2022-11,32.503510916943206,0,0,0,999,0,11,0,33.0,34.6,0,722.5373301983171,False
TSH_66,2022-12,32.503510916943206,0,0,0,999,0,12,0,33.0,34.6,0,722.5373301983171,False
TSH_66,2023-01,32.503510916943206,0,0,0,999,0,1,0,33.0,34.6,0,722.5373301983171,False
TSH_66,2023-02,32.503510916943206,0,0,0,999,0,2,0,33.0,34.6,0,722.5373301983171,False
TSH_66,2023-03,32.503510916943206,0,0,0,999,0,3,0,33.0,34.6,0,722.5373301983171,False
TSH_66,2023-04,32.503510916943206,0,0,0,999,0,4,0,33.0,34.6,0,722.5373301983171,False
TSH_66,2023-05,32.503510916943206,0,0,0,999,0,5,1,33.0,34.6,0,722.5373301983171,False
TSH_66,2023-06,32.503510916943206,0,0,0,999,0,6,1,33.0,34.6,0,722.5373301983171,False
TSH_66,2023-07,32.503510916943206,0,0,0,999,0,7,1,33.0,34.6,0,722.5373301983171,False
TSH_66,2023-08,32.503510916943206,0,0,0,999,0,8,1,33.0,34.6,0,722.5373301983171,False
TSH_66,2023-09,32.503510916943206,0,0,0,999,0,9,1,33.0,34.6,0,722.5373301983171,False
TSH_66,2023-10,32.503510916943206,0,0,0,999,0,10,0,33.0,34.6,0,722.5373301983171,False
TSH_66,2023-11,32.503510916943206,0,0,0,999,0,11,0,33.0,34.6,0,722.5373301983171,False
TSH_66,2023-12,32.503510916943206,0,0,0,999,0,12,0,33.0,34.6,0,722.5373301983171,False
TSH_66,2024-01,32.503510916943206,0,0,0,999,0,1,0,33.0,34.6,0,722.5373301983171,False
TSH_66,2024-02,32.503510916943206,0,0,0,999,0,2,0,33.0,34.6,0,722.5373301983171,False
TSH_66,2024-03,32.503510916943206,0,0,0,999,0,3,0,33.0,34.6,0,722.5373301983171,False
TSH_66,2024-04,32.503510916943206,0,0,0,999,0,4,0,33.0,34.6,0,722.5373301983171,False
TSH_66,2024-05,32.503510916943206,0,0,0,999,0,5,1,33.0,34.6,0,722.5373301983171,False
TSH_66,2024-06,32.503510916943206,0,0,0,999,0,6,1,33.0,34.6,0,722.5373301983171,False
TSH_66,2024-07,32.503510916943206,0,0,0,999,0,7,1,33.0,34.6,0,722.5373301983171,False
TSH_66,2024-08,32.503510916943206,0,0,0,999,0,8,1,33.0,34.6,0,722.5373301983171,False
TSH_66,2024-09,32.503510916943206,0,0,0,999,0,9,1,33.0,34.6,0,722.5373301983171,False
TSH_66,2024-10,32.503510916943206,0,0,0,999,0,10,0,33.0,34.6,0,722.5373301983171,False
TSH_66,2024-11,32.503510916943206,0,0,0,999,0,11,0,33.0,34.6,0,722.5373301983171,False
TSH_66,2024-12,32.503510916943206,0,0,0,999,0,12,0,33.0,34.6,0,722.5373301983171,False
TSH_66,2025-01,32.503510916943206,0,0,0,999,0,1,0,33.0,34.6,0,722.5373301983171,False
TSH_66,2025-02,32.503510916943206,0,0,0,999,0,2,0,33.0,34.6,0,722.5373301983171,False
TSH_66,2025-03,32.503510916943206,0,0,0,999,0,3,0,33.0,34.6,0,722.5373301983171,False
TSH_66,2025-04,32.503510916943206,0,0,0,999,0,4,0,33.0,34.6,0,722.5373301983171,False
TSH_66,2025-05,32.503510916943206,0,0,0,999,0,5,1,33.0,34.6,0,722.5373301983171,False
TSH_66,2025-06,32.503510916943206,0,0,0,999,0,6,1,33.0,34.6,0,722.5373301983171,False
TSH_66,2025-07,32.503510916943206,0,0,0,999,0,7,1,33.0,34.6,0,722.5373301983171,False
TSH_66,2025-08,32.503510916943206,0,0,0,999,0,8,1,33.0,34.6,0,722.5373301983171,False
TSH_66,2025-09,32.503510916943206,0,0,0,999,0,9,1,33.0,34.6,0,722.5373301983171,False
TSH_66,2025-10,32.503510916943206,0,0,0,999,0,10,0,33.0,34.6,0,722.5373301983171,False
TSH_66,2025-11,32.503510916943206,0,0,0,999,0,11,0,33.0,34.6,0,722.5373301983171,False
TSH_66,2025-12,32.503510916943206,0,0,0,999,0,12,0,33.0,34.6,0,722.5373301983171,False
TSH_66,2026-01,32.503510916943206,0,0,0,999,0,1,0,33.0,34.6,0,722.5373301983171,False
TSH_66,2026-02,32.503510916943206,0,0,0,999,0,2,0,33.0,34.6,0,722.5373301983171,False
TSH_66,2026-03,32.503510916943206,0,0,0,999,0,3,0,33.0,34.6,0,722.5373301983171,False
TSH_67,2019-08,4.684794510739335,0,0,0,999,0,8,1,33.0,38.1,0,4406.169780271188,False
TSH_67,2019-09,4.684794510739335,0,0,0,999,0,9,1,33.0,38.1,0,4406.169780271188,False
TSH_67,2019-10,4.684794510739335,0,0,0,999,0,10,0,33.0,38.1,0,4406.169780271188,False
TSH_67,2019-11,4.684794510739335,0,0,0,999,0,11,0,33.0,38.1,0,4406.169780271188,False
TSH_67,2019-12,4.684794510739335,0,0,0,999,0,12,0,33.0,38.1,0,4406.169780271188,False
TSH_67,2020-01,4.684794510739335,0,0,0,999,0,1,0,33.0,38.1,0,4406.169780271188,False
TSH_67,2020-02,4.684794510739335,0,0,0,999,0,2,0,33.0,38.1,0,4406.169780271188,False
TSH_67,2020-03,4.684794510739335,0,0,0,999,0,3,0,33.0,38.1,0,4406.169780271188,False
TSH_67,2020-04,4.684794510739335,0,0,0,999,0,4,0,33.0,38.1,0,4406.169780271188,False
TSH_67,2020-05,4.684794510739335,0,0,0,999,0,5,1,33.0,38.1,0,4406.169780271188,False
TSH_67,2020-06,4.684794510739335,0,0,0,999,0,6,1,33.0,38.1,0,4406.169780271188,False
TSH_67,2020-07,4.684794510739335,0,0,0,999,0,7,1,33.0,38.1,0,4406.169780271188,False
TSH_67,2020-08,4.684794510739335,0,0,0,999,0,8,1,33.0,38.1,0,4406.169780271188,False
TSH_67,2020-09,4.684794510739335,0,0,0,999,0,9,1,33.0,38.1,0,4406.169780271188,False
TSH_67,2020-10,4.684794510739335,0,0,0,999,0,10,0,33.0,38.1,0,4406.169780271188,False
TSH_67,2020-11,4.684794510739335,0,0,0,999,0,11,0,33.0,38.1,0,4406.169780271188,False
TSH_67,2020-12,4.684794510739335,0,0,0,999,0,12,0,33.0,38.1,0,4406.169780271188,False
TSH_67,2021-01,4.684794510739335,0,0,0,999,0,1,0,33.0,38.1,0,4406.169780271188,False
TSH_67,2021-02,4.684794510739335,0,0,0,999,0,2,0,33.0,38.1,0,4406.169780271188,False
TSH_67,2021-03,4.684794510739335,0,0,0,999,0,3,0,33.0,38.1,0,4406.169780271188,False
TSH_67,2021-04,4.684794510739335,0,0,0,999,0,4,0,33.0,38.1,0,4406.169780271188,False
TSH_67,2021-05,4.684794510739335,0,0,0,999,0,5,1,33.0,38.1,0,4406.169780271188,False
TSH_67,2021-06,4.684794510739335,0,0,0,999,0,6,1,33.0,38.1,0,4406.169780271188,False
TSH_67,2021-07,4.684794510739335,0,0,0,999,0,7,1,33.0,38.1,0,4406.169780271188,False
TSH_67,2021-08,4.684794510739335,0,0,0,999,0,8,1,33.0,38.1,0,4406.169780271188,False
TSH_67,2021-09,4.684794510739335,0,0,0,999,0,9,1,33.0,38.1,0,4406.169780271188,False
TSH_67,2021-10,4.684794510739335,0,0,0,999,0,10,0,33.0,38.1,0,4406.169780271188,False
TSH_67,2021-11,4.684794510739335,0,0,0,999,0,11,0,33.0,38.1,0,4406.169780271188,False
TSH_67,2021-12,4.684794510739335,0,0,0,999,0,12,0,33.0,38.1,0,4406.169780271188,False
TSH_67,2022-01,4.684794510739335,0,0,0,999,0,1,0,33.0,38.1,0,4406.169780271188,False
TSH_67,2022-02,4.684794510739335,0,0,0,999,0,2,0,33.0,38.1,0,4406.169780271188,False
TSH_67,2022-03,4.684794510739335,0,0,0,999,0,3,0,33.0,38.1,0,4406.169780271188,False
TSH_67,2022-04,4.684794510739335,0,0,0,999,0,4,0,33.0,38.1,0,4406.169780271188,False
TSH_67,2022-05,4.684794510739335,0,0,0,999,0,5,1,33.0,38.1,0,4406.169780271188,False
TSH_67,2022-06,4.684794510739335,0,0,0,999,0,6,1,33.0,38.1,0,4406.169780271188,False
TSH_67,2022-07,4.684794510739335,0,0,0,999,0,7,1,33.0,38.1,0,4406.169780271188,False
TSH_67,2022-08,4.684794510739335,0,0,0,999,0,8,1,33.0,38.1,0,4406.169780271188,False
TSH_67,2022-09,4.684794510739335,0,0,0,999,0,9,1,33.0,38.1,0,4406.169780271188,False
TSH_67,2022-10,4.684794510739335,0,0,0,999,0,10,0,33.0,38.1,0,4406.169780271188,False
TSH_67,2022-11,4.684794510739335,0,0,0,999,0,11,0,33.0,38.1,0,4406.169780271188,False
TSH_67,2022-12,4.684794510739335,0,0,0,999,0,12,0,33.0,38.1,0,4406.169780271188,False
TSH_67,2023-01,4.684794510739335,0,0,0,999,0,1,0,33.0,38.1,0,4406.169780271188,False
TSH_67,2023-02,4.684794510739335,0,0,0,999,0,2,0,33.0,38.1,0,4406.169780271188,False
TSH_67,2023-03,4.684794510739335,0,0,0,999,0,3,0,33.0,38.1,0,4406.169780271188,False
TSH_67,2023-04,4.684794510739335,0,0,0,999,0,4,0,33.0,38.1,0,4406.169780271188,False
TSH_67,2023-05,4.684794510739335,0,0,0,999,0,5,1,33.0,38.1,0,4406.169780271188,False
TSH_67,2023-06,4.684794510739335,0,0,0,999,0,6,1,33.0,38.1,0,4406.169780271188,False
TSH_67,2023-07,4.684794510739335,0,0,0,999,0,7,1,33.0,38.1,0,4406.169780271188,False
TSH_67,2023-08,4.684794510739335,0,0,0,999,0,8,1,33.0,38.1,0,4406.169780271188,False
TSH_67,2023-09,4.684794510739335,0,0,0,999,0,9,1,33.0,38.1,0,4406.169780271188,False
TSH_67,2023-10,4.684794510739335,0,0,0,999,0,10,0,33.0,38.1,0,4406.169780271188,False
TSH_67,2023-11,4.684794510739335,0,0,0,999,0,11,0,33.0,38.1,0,4406.169780271188,False
TSH_67,2023-12,4.684794510739335,0,0,0,999,0,12,0,33.0,38.1,0,4406.169780271188,False
TSH_67,2024-01,4.684794510739335,0,0,0,999,0,1,0,33.0,38.1,0,4406.169780271188,False
TSH_67,2024-02,4.684794510739335,0,0,0,999,0,2,0,33.0,38.1,0,4406.169780271188,False
TSH_67,2024-03,4.684794510739335,0,0,0,999,0,3,0,33.0,38.1,0,4406.169780271188,False
TSH_67,2024-04,4.684794510739335,0,0,0,999,0,4,0,33.0,38.1,0,4406.169780271188,False
TSH_67,2024-05,4.684794510739335,0,0,0,999,0,5,1,33.0,38.1,0,4406.169780271188,False
TSH_67,2024-06,4.684794510739335,0,0,0,999,0,6,1,33.0,38.1,0,4406.169780271188,False
TSH_67,2024-07,4.684794510739335,0,0,0,999,0,7,1,33.0,38.1,0,4406.169780271188,False
TSH_67,2024-08,4.684794510739335,0,0,0,999,0,8,1,33.0,38.1,0,4406.169780271188,False
TSH_67,2024-09,4.684794510739335,0,0,0,999,0,9,1,33.0,38.1,0,4406.169780271188,False
TSH_67,2024-10,4.684794510739335,0,0,0,999,0,10,0,33.0,38.1,0,4406.169780271188,False
TSH_67,2024-11,4.684794510739335,0,0,0,999,0,11,0,33.0,38.1,0,4406.169780271188,False
TSH_67,2024-12,4.684794510739335,0,0,0,999,0,12,0,33.0,38.1,0,4406.169780271188,False
TSH_67,2025-01,4.684794510739335,0,0,0,999,0,1,0,33.0,38.1,0,4406.169780271188,False
TSH_67,2025-02,4.684794510739335,0,0,0,999,0,2,0,33.0,38.1,0,4406.169780271188,False
TSH_67,2025-03,4.684794510739335,0,0,0,999,0,3,0,33.0,38.1,0,4406.169780271188,False
TSH_67,2025-04,4.684794510739335,0,0,0,999,0,4,0,33.0,38.1,0,4406.169780271188,False
TSH_67,2025-05,4.684794510739335,0,0,0,999,0,5,1,33.0,38.1,0,4406.169780271188,False
TSH_67,2025-06,4.684794510739335,0,0,0,999,0,6,1,33.0,38.1,0,4406.169780271188,False
TSH_67,2025-07,4.684794510739335,0,0,0,999,0,7,1,33.0,38.1,0,4406.169780271188,False
TSH_67,2025-08,4.684794510739335,0,0,0,999,0,8,1,33.0,38.1,0,4406.169780271188,False
TSH_67,2025-09,4.684794510739335,0,0,0,999,0,9,1,33.0,38.1,0,4406.169780271188,False
TSH_67,2025-10,4.684794510739335,0,0,0,999,0,10,0,33.0,38.1,0,4406.169780271188,False
TSH_67,2025-11,4.684794510739335,0,0,0,999,0,11,0,33.0,38.1,0,4406.169780271188,False
TSH_67,2025-12,4.684794510739335,0,0,0,999,0,12,0,33.0,38.1,0,4406.169780271188,False
TSH_67,2026-01,4.684794510739335,0,0,0,999,0,1,0,33.0,38.1,0,4406.169780271188,False
TSH_67,2026-02,4.684794510739335,0,0,0,999,0,2,0,33.0,38.1,0,4406.169780271188,False
TSH_67,2026-03,4.684794510739335,0,0,0,999,0,3,0,33.0,38.1,0,4406.169780271188,False
TSH_68,2019-08,2.364930151178175,0,0,0,999,0,8,1,33.0,34.6,0,12347.933398985155,False
TSH_68,2019-09,2.364930151178175,0,0,0,999,0,9,1,33.0,34.6,0,12347.933398985155,False
TSH_68,2019-10,2.364930151178175,0,0,0,999,0,10,0,33.0,34.6,0,12347.933398985155,False
TSH_68,2019-11,2.364930151178175,0,0,0,999,0,11,0,33.0,34.6,0,12347.933398985155,False
TSH_68,2019-12,2.364930151178175,0,0,0,999,0,12,0,33.0,34.6,0,12347.933398985155,False
TSH_68,2020-01,2.364930151178175,0,0,0,999,0,1,0,33.0,34.6,0,12347.933398985155,False
TSH_68,2020-02,2.364930151178175,0,0,0,999,0,2,0,33.0,34.6,0,12347.933398985155,False
TSH_68,2020-03,2.364930151178175,0,0,0,999,0,3,0,33.0,34.6,0,12347.933398985155,False
TSH_68,2020-04,2.364930151178175,0,0,0,999,0,4,0,33.0,34.6,0,12347.933398985155,False
TSH_68,2020-05,2.364930151178175,0,0,0,999,0,5,1,33.0,34.6,0,12347.933398985155,False
TSH_68,2020-06,2.364930151178175,0,0,0,999,0,6,1,33.0,34.6,0,12347.933398985155,False
TSH_68,2020-07,2.364930151178175,0,0,0,999,0,7,1,33.0,34.6,0,12347.933398985155,False
TSH_68,2020-08,2.364930151178175,0,0,0,999,0,8,1,33.0,34.6,0,12347.933398985155,False
TSH_68,2020-09,2.364930151178175,0,0,0,999,0,9,1,33.0,34.6,0,12347.933398985155,False
TSH_68,2020-10,2.364930151178175,0,0,0,999,0,10,0,33.0,34.6,0,12347.933398985155,False
TSH_68,2020-11,2.364930151178175,0,0,0,999,0,11,0,33.0,34.6,0,12347.933398985155,False
TSH_68,2020-12,2.364930151178175,0,0,0,999,0,12,0,33.0,34.6,0,12347.933398985155,False
TSH_68,2021-01,2.364930151178175,0,0,0,999,0,1,0,33.0,34.6,0,12347.933398985155,False
TSH_68,2021-02,2.364930151178175,0,0,0,999,0,2,0,33.0,34.6,0,12347.933398985155,False
TSH_68,2021-03,2.364930151178175,0,0,0,999,0,3,0,33.0,34.6,0,12347.933398985155,False
TSH_68,2021-04,2.364930151178175,0,0,0,999,0,4,0,33.0,34.6,0,12347.933398985155,False
TSH_68,2021-05,2.364930151178175,0,0,0,999,0,5,1,33.0,34.6,0,12347.933398985155,False
TSH_68,2021-06,2.364930151178175,0,0,0,999,0,6,1,33.0,34.6,0,12347.933398985155,False
TSH_68,2021-07,2.364930151178175,0,0,0,999,0,7,1,33.0,34.6,0,12347.933398985155,False
TSH_68,2021-08,2.364930151178175,0,0,0,999,0,8,1,33.0,34.6,0,12347.933398985155,False
TSH_68,2021-09,2.364930151178175,0,0,0,999,0,9,1,33.0,34.6,0,12347.933398985155,False
TSH_68,2021-10,2.364930151178175,0,0,0,999,0,10,0,33.0,34.6,0,12347.933398985155,False
TSH_68,2021-11,2.364930151178175,0,0,0,999,0,11,0,33.0,34.6,0,12347.933398985155,False
TSH_68,2021-12,2.364930151178175,0,0,0,999,0,12,0,33.0,34.6,0,12347.933398985155,False
TSH_68,2022-01,2.364930151178175,0,0,0,999,0,1,0,33.0,34.6,0,12347.933398985155,False
TSH_68,2022-02,2.364930151178175,0,0,0,999,0,2,0,33.0,34.6,0,12347.933398985155,False
TSH_68,2022-03,2.364930151178175,0,0,0,999,0,3,0,33.0,34.6,0,12347.933398985155,False
TSH_68,2022-04,2.364930151178175,0,0,0,999,0,4,0,33.0,34.6,0,12347.933398985155,False
TSH_68,2022-05,2.364930151178175,0,0,0,999,0,5,1,33.0,34.6,0,12347.933398985155,False
TSH_68,2022-06,2.364930151178175,0,0,0,999,0,6,1,33.0,34.6,0,12347.933398985155,False
TSH_68,2022-07,2.364930151178175,0,0,0,999,0,7,1,33.0,34.6,0,12347.933398985155,False
TSH_68,2022-08,2.364930151178175,0,0,0,999,0,8,1,33.0,34.6,0,12347.933398985155,False
TSH_68,2022-09,2.364930151178175,0,0,0,999,0,9,1,33.0,34.6,0,12347.933398985155,False
TSH_68,2022-10,2.364930151178175,0,0,0,999,0,10,0,33.0,34.6,0,12347.933398985155,False
TSH_68,2022-11,2.364930151178175,0,0,0,999,0,11,0,33.0,34.6,0,12347.933398985155,False
TSH_68,2022-12,2.364930151178175,0,0,0,999,0,12,0,33.0,34.6,0,12347.933398985155,False
TSH_68,2023-01,2.364930151178175,0,0,0,999,0,1,0,33.0,34.6,0,12347.933398985155,False
TSH_68,2023-02,2.364930151178175,0,0,0,999,0,2,0,33.0,34.6,0,12347.933398985155,False
TSH_68,2023-03,2.364930151178175,0,0,0,999,0,3,0,33.0,34.6,0,12347.933398985155,False
TSH_68,2023-04,2.364930151178175,0,0,0,999,0,4,0,33.0,34.6,0,12347.933398985155,False
TSH_68,2023-05,2.364930151178175,0,0,0,999,0,5,1,33.0,34.6,0,12347.933398985155,False
TSH_68,2023-06,2.364930151178175,0,0,0,999,0,6,1,33.0,34.6,0,12347.933398985155,False
TSH_68,2023-07,2.364930151178175,0,0,0,999,0,7,1,33.0,34.6,0,12347.933398985155,False
TSH_68,2023-08,2.364930151178175,0,0,0,999,0,8,1,33.0,34.6,0,12347.933398985155,False
TSH_68,2023-09,2.364930151178175,0,0,0,999,0,9,1,33.0,34.6,0,12347.933398985155,False
TSH_68,2023-10,2.364930151178175,0,0,0,999,0,10,0,33.0,34.6,0,12347.933398985155,False
TSH_68,2023-11,2.364930151178175,0,0,0,999,0,11,0,33.0,34.6,0,12347.933398985155,False
TSH_68,2023-12,2.364930151178175,0,0,0,999,0,12,0,33.0,34.6,0,12347.933398985155,False
TSH_68,2024-01,2.364930151178175,0,0,0,999,0,1,0,33.0,34.6,0,12347.933398985155,False
TSH_68,2024-02,2.364930151178175,0,0,0,999,0,2,0,33.0,34.6,0,12347.933398985155,False
TSH_68,2024-03,2.364930151178175,0,0,0,999,0,3,0,33.0,34.6,0,12347.933398985155,False
TSH_68,2024-04,2.364930151178175,0,0,0,999,0,4,0,33.0,34.6,0,12347.933398985155,False
TSH_68,2024-05,2.364930151178175,0,0,0,999,0,5,1,33.0,34.6,0,12347.933398985155,False
TSH_68,2024-06,2.364930151178175,0,0,0,999,0,6,1,33.0,34.6,0,12347.933398985155,False
TSH_68,2024-07,2.364930151178175,0,0,0,999,0,7,1,33.0,34.6,0,12347.933398985155,False
TSH_68,2024-08,2.364930151178175,0,0,0,999,0,8,1,33.0,34.6,0,12347.933398985155,False
TSH_68,2024-09,2.364930151178175,0,0,0,999,0,9,1,33.0,34.6,0,12347.933398985155,False
TSH_68,2024-10,2.364930151178175,0,0,0,999,0,10,0,33.0,34.6,0,12347.933398985155,False
TSH_68,2024-11,2.364930151178175,0,0,0,999,0,11,0,33.0,34.6,0,12347.933398985155,False
TSH_68,2024-12,2.364930151178175,0,0,0,999,0,12,0,33.0,34.6,0,12347.933398985155,False
TSH_68,2025-01,2.364930151178175,0,0,0,999,0,1,0,33.0,34.6,0,12347.933398985155,False
TSH_68,2025-02,2.364930151178175,0,0,0,999,0,2,0,33.0,34.6,0,12347.933398985155,False
TSH_68,2025-03,2.364930151178175,0,0,0,999,0,3,0,33.0,34.6,0,12347.933398985155,False
TSH_68,2025-04,2.364930151178175,0,0,0,999,0,4,0,33.0,34.6,0,12347.933398985155,False
TSH_68,2025-05,2.364930151178175,0,0,0,999,0,5,1,33.0,34.6,0,12347.933398985155,False
TSH_68,2025-06,2.364930151178175,0,0,0,999,0,6,1,33.0,34.6,0,12347.933398985155,False
TSH_68,2025-07,2.364930151178175,0,0,0,999,0,7,1,33.0,34.6,0,12347.933398985155,False
TSH_68,2025-08,2.364930151178175,0,0,0,999,0,8,1,33.0,34.6,0,12347.933398985155,False
TSH_68,2025-09,2.364930151178175,0,0,0,999,0,9,1,33.0,34.6,0,12347.933398985155,False
TSH_68,2025-10,2.364930151178175,0,0,0,999,0,10,0,33.0,34.6,0,12347.933398985155,False
TSH_68,2025-11,2.364930151178175,0,0,0,999,0,11,0,33.0,34.6,0,12347.933398985155,False
TSH_68,2025-12,2.364930151178175,0,0,0,999,0,12,0,33.0,34.6,0,12347.933398985155,False
TSH_68,2026-01,2.364930151178175,0,0,0,999,0,1,0,33.0,34.6,0,12347.933398985155,False
TSH_68,2026-02,2.364930151178175,0,0,0,999,0,2,0,33.0,34.6,0,12347.933398985155,False
TSH_68,2026-03,2.364930151178175,0,0,0,999,0,3,0,33.0,34.6,0,12347.933398985155,False
TSH_69,2019-08,9.829401220637266,0,0,0,999,0,8,1,33.0,34.6,0,2505.7477507671797,False
TSH_69,2019-09,9.829401220637266,0,0,0,999,0,9,1,33.0,34.6,0,2505.7477507671797,False
TSH_69,2019-10,9.829401220637266,0,0,0,999,0,10,0,33.0,34.6,0,2505.7477507671797,False
TSH_69,2019-11,9.829401220637266,0,0,0,999,0,11,0,33.0,34.6,0,2505.7477507671797,False
TSH_69,2019-12,9.829401220637266,0,0,0,999,0,12,0,33.0,34.6,0,2505.7477507671797,False
TSH_69,2020-01,9.829401220637266,0,0,0,999,0,1,0,33.0,34.6,0,2505.7477507671797,False
TSH_69,2020-02,9.829401220637266,0,0,0,999,0,2,0,33.0,34.6,0,2505.7477507671797,False
TSH_69,2020-03,9.829401220637266,0,0,0,999,0,3,0,33.0,34.6,0,2505.7477507671797,False
TSH_69,2020-04,9.829401220637266,0,0,0,999,0,4,0,33.0,34.6,0,2505.7477507671797,False
TSH_69,2020-05,9.829401220637266,0,0,0,999,0,5,1,33.0,34.6,0,2505.7477507671797,False
TSH_69,2020-06,9.829401220637266,0,0,0,999,0,6,1,33.0,34.6,0,2505.7477507671797,False
TSH_69,2020-07,9.829401220637266,0,0,0,999,0,7,1,33.0,34.6,0,2505.7477507671797,False
TSH_69,2020-08,9.829401220637266,0,0,0,999,0,8,1,33.0,34.6,0,2505.7477507671797,False
TSH_69,2020-09,9.829401220637266,0,0,0,999,0,9,1,33.0,34.6,0,2505.7477507671797,False
TSH_69,2020-10,9.829401220637266,0,0,0,999,0,10,0,33.0,34.6,0,2505.7477507671797,False
TSH_69,2020-11,9.829401220637266,0,0,0,999,0,11,0,33.0,34.6,0,2505.7477507671797,False
TSH_69,2020-12,9.829401220637266,0,0,0,999,0,12,0,33.0,34.6,0,2505.7477507671797,False
TSH_69,2021-01,9.829401220637266,0,0,0,999,0,1,0,33.0,34.6,0,2505.7477507671797,False
TSH_69,2021-02,9.829401220637266,0,0,0,999,0,2,0,33.0,34.6,0,2505.7477507671797,False
TSH_69,2021-03,9.829401220637266,0,0,0,999,0,3,0,33.0,34.6,0,2505.7477507671797,False
TSH_69,2021-04,9.829401220637266,0,0,0,999,0,4,0,33.0,34.6,0,2505.7477507671797,False
TSH_69,2021-05,9.829401220637266,0,0,0,999,0,5,1,33.0,34.6,0,2505.7477507671797,False
TSH_69,2021-06,9.829401220637266,0,0,0,999,0,6,1,33.0,34.6,0,2505.7477507671797,False
TSH_69,2021-07,9.829401220637266,0,0,0,999,0,7,1,33.0,34.6,0,2505.7477507671797,False
TSH_69,2021-08,9.829401220637266,0,0,0,999,0,8,1,33.0,34.6,0,2505.7477507671797,False
TSH_69,2021-09,9.829401220637266,0,0,0,999,0,9,1,33.0,34.6,0,2505.7477507671797,False
TSH_69,2021-10,9.829401220637266,0,0,0,999,0,10,0,33.0,34.6,0,2505.7477507671797,False
TSH_69,2021-11,9.829401220637266,0,0,0,999,0,11,0,33.0,34.6,0,2505.7477507671797,False
TSH_69,2021-12,9.829401220637266,0,0,0,999,0,12,0,33.0,34.6,0,2505.7477507671797,False
TSH_69,2022-01,9.829401220637266,0,0,0,999,0,1,0,33.0,34.6,0,2505.7477507671797,False
TSH_69,2022-02,9.829401220637266,0,0,0,999,0,2,0,33.0,34.6,0,2505.7477507671797,False
TSH_69,2022-03,9.829401220637266,0,0,0,999,0,3,0,33.0,34.6,0,2505.7477507671797,False
TSH_69,2022-04,9.829401220637266,0,0,0,999,0,4,0,33.0,34.6,0,2505.7477507671797,False
TSH_69,2022-05,9.829401220637266,0,0,0,999,0,5,1,33.0,34.6,0,2505.7477507671797,False
TSH_69,2022-06,9.829401220637266,0,0,0,999,0,6,1,33.0,34.6,0,2505.7477507671797,False
TSH_69,2022-07,9.829401220637266,0,0,0,999,0,7,1,33.0,34.6,0,2505.7477507671797,False
TSH_69,2022-08,9.829401220637266,0,0,0,999,0,8,1,33.0,34.6,0,2505.7477507671797,False
TSH_69,2022-09,9.829401220637266,0,0,0,999,0,9,1,33.0,34.6,0,2505.7477507671797,False
TSH_69,2022-10,9.829401220637266,0,0,0,999,0,10,0,33.0,34.6,0,2505.7477507671797,False
TSH_69,2022-11,9.829401220637266,0,0,0,999,0,11,0,33.0,34.6,0,2505.7477507671797,False
TSH_69,2022-12,9.829401220637266,0,0,0,999,0,12,0,33.0,34.6,0,2505.7477507671797,False
TSH_69,2023-01,9.829401220637266,0,0,0,999,0,1,0,33.0,34.6,0,2505.7477507671797,False
TSH_69,2023-02,9.829401220637266,0,0,0,999,0,2,0,33.0,34.6,0,2505.7477507671797,False
TSH_69,2023-03,9.829401220637266,0,0,0,999,0,3,0,33.0,34.6,0,2505.7477507671797,False
TSH_69,2023-04,9.829401220637266,0,0,0,999,0,4,0,33.0,34.6,0,2505.7477507671797,False
TSH_69,2023-05,9.829401220637266,0,0,0,999,0,5,1,33.0,34.6,0,2505.7477507671797,False
TSH_69,2023-06,9.829401220637266,0,0,0,999,0,6,1,33.0,34.6,0,2505.7477507671797,False
TSH_69,2023-07,9.829401220637266,0,0,0,999,0,7,1,33.0,34.6,0,2505.7477507671797,False
TSH_69,2023-08,9.829401220637266,0,0,0,999,0,8,1,33.0,34.6,0,2505.7477507671797,False
TSH_69,2023-09,9.829401220637266,0,0,0,999,0,9,1,33.0,34.6,0,2505.7477507671797,False
TSH_69,2023-10,9.829401220637266,0,0,0,999,0,10,0,33.0,34.6,0,2505.7477507671797,False
TSH_69,2023-11,9.829401220637266,0,0,0,999,0,11,0,33.0,34.6,0,2505.7477507671797,False
TSH_69,2023-12,9.829401220637266,0,0,0,999,0,12,0,33.0,34.6,0,2505.7477507671797,False
TSH_69,2024-01,9.829401220637266,0,0,0,999,0,1,0,33.0,34.6,0,2505.7477507671797,False
TSH_69,2024-02,9.829401220637266,0,0,0,999,0,2,0,33.0,34.6,0,2505.7477507671797,False
TSH_69,2024-03,9.829401220637266,0,0,0,999,0,3,0,33.0,34.6,0,2505.7477507671797,False
TSH_69,2024-04,9.829401220637266,0,0,0,999,0,4,0,33.0,34.6,0,2505.7477507671797,False
TSH_69,2024-05,9.829401220637266,0,0,0,999,0,5,1,33.0,34.6,0,2505.7477507671797,False
TSH_69,2024-06,9.829401220637266,0,0,0,999,0,6,1,33.0,34.6,0,2505.7477507671797,False
TSH_69,2024-07,9.829401220637266,0,0,0,999,0,7,1,33.0,34.6,0,2505.7477507671797,False
TSH_69,2024-08,9.829401220637266,0,0,0,999,0,8,1,33.0,34.6,0,2505.7477507671797,False
TSH_69,2024-09,9.829401220637266,0,0,0,999,0,9,1,33.0,34.6,0,2505.7477507671797,False
TSH_69,2024-10,9.829401220637266,0,0,0,999,0,10,0,33.0,34.6,0,2505.7477507671797,False
TSH_69,2024-11,9.829401220637266,0,0,0,999,0,11,0,33.0,34.6,0,2505.7477507671797,False
TSH_69,2024-12,9.829401220637266,0,0,0,999,0,12,0,33.0,34.6,0,2505.7477507671797,False
TSH_69,2025-01,9.829401220637266,0,0,0,999,0,1,0,33.0,34.6,0,2505.7477507671797,False
TSH_69,2025-02,9.829401220637266,0,0,0,999,0,2,0,33.0,34.6,0,2505.7477507671797,False
TSH_69,2025-03,9.829401220637266,0,0,0,999,0,3,0,33.0,34.6,0,2505.7477507671797,False
TSH_69,2025-04,9.829401220637266,0,0,0,999,0,4,0,33.0,34.6,0,2505.7477507671797,False
TSH_69,2025-05,9.829401220637266,0,0,0,999,0,5,1,33.0,34.6,0,2505.7477507671797,False
TSH_69,2025-06,9.829401220637266,0,0,0,999,0,6,1,33.0,34.6,0,2505.7477507671797,False
TSH_69,2025-07,9.829401220637266,0,0,0,999,0,7,1,33.0,34.6,0,2505.7477507671797,False
TSH_69,2025-08,9.829401220637266,0,0,0,999,0,8,1,33.0,34.6,0,2505.7477507671797,False
TSH_69,2025-09,9.829401220637266,0,0,0,999,0,9,1,33.0,34.6,0,2505.7477507671797,False
TSH_69,2025-10,9.829401220637266,0,0,0,999,0,10,0,33.0,34.6,0,2505.7477507671797,False
TSH_69,2025-11,9.829401220637266,0,0,0,999,0,11,0,33.0,34.6,0,2505.7477507671797,False
TSH_69,2025-12,9.829401220637266,0,0,0,999,0,12,0,33.0,34.6,0,2505.7477507671797,False
TSH_69,2026-01,9.829401220637266,0,0,0,999,0,1,0,33.0,34.6,0,2505.7477507671797,False
TSH_69,2026-02,9.829401220637266,0,0,0,999,0,2,0,33.0,34.6,0,2505.7477507671797,False
TSH_69,2026-03,9.829401220637266,0,0,0,999,0,3,0,33.0,34.6,0,2505.7477507671797,False
TSH_7,2019-08,67.77590615405869,0,0,0,999,0,8,1,33.0,34.6,0,632.1715552221239,False
TSH_7,2019-09,67.77590615405869,0,0,0,999,0,9,1,33.0,34.6,0,632.1715552221239,False
TSH_7,2019-10,67.77590615405869,0,0,0,999,0,10,0,33.0,34.6,0,632.1715552221239,False
TSH_7,2019-11,67.77590615405869,0,0,0,999,0,11,0,33.0,34.6,0,632.1715552221239,False
TSH_7,2019-12,67.77590615405869,0,0,0,999,0,12,0,33.0,34.6,0,632.1715552221239,False
TSH_7,2020-01,67.77590615405869,0,0,0,999,0,1,0,33.0,34.6,0,632.1715552221239,False
TSH_7,2020-02,67.77590615405869,0,0,0,999,0,2,0,33.0,34.6,0,632.1715552221239,False
TSH_7,2020-03,67.77590615405869,0,0,0,999,0,3,0,33.0,34.6,0,632.1715552221239,False
TSH_7,2020-04,67.77590615405869,0,0,0,999,0,4,0,33.0,34.6,0,632.1715552221239,False
TSH_7,2020-05,67.77590615405869,0,0,0,999,0,5,1,33.0,34.6,0,632.1715552221239,False
TSH_7,2020-06,67.77590615405869,0,0,0,999,0,6,1,33.0,34.6,0,632.1715552221239,False
TSH_7,2020-07,67.77590615405869,0,0,0,999,0,7,1,33.0,34.6,0,632.1715552221239,False
TSH_7,2020-08,67.77590615405869,0,0,0,999,0,8,1,33.0,34.6,0,632.1715552221239,False
TSH_7,2020-09,67.77590615405869,0,0,0,999,0,9,1,33.0,34.6,0,632.1715552221239,False
TSH_7,2020-10,67.77590615405869,0,0,0,999,0,10,0,33.0,34.6,0,632.1715552221239,False
TSH_7,2020-11,67.77590615405869,0,0,0,999,0,11,0,33.0,34.6,0,632.1715552221239,False
TSH_7,2020-12,67.77590615405869,0,0,0,999,0,12,0,33.0,34.6,0,632.1715552221239,False
TSH_7,2021-01,67.77590615405869,0,0,0,999,0,1,0,33.0,34.6,0,632.1715552221239,False
TSH_7,2021-02,67.77590615405869,0,0,0,999,0,2,0,33.0,34.6,0,632.1715552221239,False
TSH_7,2021-03,67.77590615405869,0,0,0,999,0,3,0,33.0,34.6,0,632.1715552221239,False
TSH_7,2021-04,67.77590615405869,0,0,0,999,0,4,0,33.0,34.6,0,632.1715552221239,False
TSH_7,2021-05,67.77590615405869,0,0,0,999,0,5,1,33.0,34.6,0,632.1715552221239,False
TSH_7,2021-06,67.77590615405869,0,0,0,999,0,6,1,33.0,34.6,0,632.1715552221239,False
TSH_7,2021-07,67.77590615405869,0,0,0,999,0,7,1,33.0,34.6,0,632.1715552221239,False
TSH_7,2021-08,67.77590615405869,0,0,0,999,0,8,1,33.0,34.6,0,632.1715552221239,False
TSH_7,2021-09,67.77590615405869,0,0,0,999,0,9,1,33.0,34.6,0,632.1715552221239,False
TSH_7,2021-10,67.77590615405869,0,0,0,999,0,10,0,33.0,34.6,0,632.1715552221239,False
TSH_7,2021-11,67.77590615405869,0,0,0,999,0,11,0,33.0,34.6,0,632.1715552221239,False
TSH_7,2021-12,67.77590615405869,0,0,0,999,0,12,0,33.0,34.6,0,632.1715552221239,False
TSH_7,2022-01,67.77590615405869,0,0,0,999,0,1,0,33.0,34.6,0,632.1715552221239,False
TSH_7,2022-02,67.77590615405869,0,0,0,999,0,2,0,33.0,34.6,0,632.1715552221239,False
TSH_7,2022-03,67.77590615405869,0,0,0,999,0,3,0,33.0,34.6,0,632.1715552221239,False
TSH_7,2022-04,67.77590615405869,0,0,0,999,0,4,0,33.0,34.6,0,632.1715552221239,False
TSH_7,2022-05,67.77590615405869,0,0,0,999,0,5,1,33.0,34.6,0,632.1715552221239,False
TSH_7,2022-06,67.77590615405869,0,0,0,999,0,6,1,33.0,34.6,0,632.1715552221239,False
TSH_7,2022-07,67.77590615405869,0,0,0,999,0,7,1,33.0,34.6,0,632.1715552221239,False
TSH_7,2022-08,67.77590615405869,0,0,0,999,0,8,1,33.0,34.6,0,632.1715552221239,False
TSH_7,2022-09,67.77590615405869,0,0,0,999,0,9,1,33.0,34.6,0,632.1715552221239,False
TSH_7,2022-10,67.77590615405869,0,0,0,999,0,10,0,33.0,34.6,0,632.1715552221239,False
TSH_7,2022-11,67.77590615405869,0,0,0,999,0,11,0,33.0,34.6,0,632.1715552221239,False
TSH_7,2022-12,67.77590615405869,0,0,0,999,0,12,0,33.0,34.6,0,632.1715552221239,False
TSH_7,2023-01,67.77590615405869,0,0,0,999,0,1,0,33.0,34.6,0,632.1715552221239,False
TSH_7,2023-02,67.77590615405869,0,0,0,999,0,2,0,33.0,34.6,0,632.1715552221239,False
TSH_7,2023-03,67.77590615405869,0,0,0,999,0,3,0,33.0,34.6,0,632.1715552221239,False
TSH_7,2023-04,67.77590615405869,0,0,0,999,0,4,0,33.0,34.6,0,632.1715552221239,False
TSH_7,2023-05,67.77590615405869,0,0,0,999,0,5,1,33.0,34.6,0,632.1715552221239,False
TSH_7,2023-06,67.77590615405869,0,0,0,999,0,6,1,33.0,34.6,0,632.1715552221239,False
TSH_7,2023-07,67.77590615405869,0,0,0,999,0,7,1,33.0,34.6,0,632.1715552221239,False
TSH_7,2023-08,67.77590615405869,0,0,0,999,0,8,1,33.0,34.6,0,632.1715552221239,False
TSH_7,2023-09,67.77590615405869,0,0,0,999,0,9,1,33.0,34.6,0,632.1715552221239,False
TSH_7,2023-10,67.77590615405869,0,0,0,999,0,10,0,33.0,34.6,0,632.1715552221239,False
TSH_7,2023-11,67.77590615405869,0,0,0,999,0,11,0,33.0,34.6,0,632.1715552221239,False
TSH_7,2023-12,67.77590615405869,0,0,0,999,0,12,0,33.0,34.6,0,632.1715552221239,False
TSH_7,2024-01,67.77590615405869,0,0,0,999,0,1,0,33.0,34.6,0,632.1715552221239,False
TSH_7,2024-02,67.77590615405869,0,0,0,999,0,2,0,33.0,34.6,0,632.1715552221239,False
TSH_7,2024-03,67.77590615405869,0,0,0,999,0,3,0,33.0,34.6,0,632.1715552221239,False
TSH_7,2024-04,67.77590615405869,0,0,0,999,0,4,0,33.0,34.6,0,632.1715552221239,False
TSH_7,2024-05,67.77590615405869,0,0,0,999,0,5,1,33.0,34.6,0,632.1715552221239,False
TSH_7,2024-06,67.77590615405869,0,0,0,999,0,6,1,33.0,34.6,0,632.1715552221239,False
TSH_7,2024-07,67.77590615405869,0,0,0,999,0,7,1,33.0,34.6,0,632.1715552221239,False
TSH_7,2024-08,67.77590615405869,0,0,0,999,0,8,1,33.0,34.6,0,632.1715552221239,False
TSH_7,2024-09,67.77590615405869,0,0,0,999,0,9,1,33.0,34.6,0,632.1715552221239,False
TSH_7,2024-10,67.77590615405869,0,0,0,999,0,10,0,33.0,34.6,0,632.1715552221239,False
TSH_7,2024-11,67.77590615405869,0,0,0,999,0,11,0,33.0,34.6,0,632.1715552221239,False
TSH_7,2024-12,67.77590615405869,0,0,0,999,0,12,0,33.0,34.6,0,632.1715552221239,False
TSH_7,2025-01,67.77590615405869,0,0,0,999,0,1,0,33.0,34.6,0,632.1715552221239,False
TSH_7,2025-02,67.77590615405869,0,0,0,999,0,2,0,33.0,34.6,0,632.1715552221239,False
TSH_7,2025-03,67.77590615405869,0,0,0,999,0,3,0,33.0,34.6,0,632.1715552221239,False
TSH_7,2025-04,67.77590615405869,0,0,0,999,0,4,0,33.0,34.6,0,632.1715552221239,False
TSH_7,2025-05,67.77590615405869,0,0,0,999,0,5,1,33.0,34.6,0,632.1715552221239,False
TSH_7,2025-06,67.77590615405869,0,0,0,999,0,6,1,33.0,34.6,0,632.1715552221239,False
TSH_7,2025-07,67.77590615405869,0,0,0,999,0,7,1,33.0,34.6,0,632.1715552221239,False
TSH_7,2025-08,67.77590615405869,0,0,0,999,0,8,1,33.0,34.6,0,632.1715552221239,False
TSH_7,2025-09,67.77590615405869,0,0,0,999,0,9,1,33.0,34.6,0,632.1715552221239,False
TSH_7,2025-10,67.77590615405869,0,0,0,999,0,10,0,33.0,34.6,0,632.1715552221239,False
TSH_7,2025-11,67.77590615405869,0,0,0,999,0,11,0,33.0,34.6,0,632.1715552221239,False
TSH_7,2025-12,67.77590615405869,0,0,0,999,0,12,0,33.0,34.6,0,632.1715552221239,False
TSH_7,2026-01,67.77590615405869,0,0,0,999,0,1,0,33.0,34.6,0,632.1715552221239,False
TSH_7,2026-02,67.77590615405869,0,0,0,999,0,2,0,33.0,34.6,0,632.1715552221239,False
TSH_7,2026-03,67.77590615405869,0,0,0,999,0,3,0,33.0,34.6,0,632.1715552221239,False
TSH_70,2019-08,34.86930068529167,0,0,0,999,0,8,1,33.0,34.6,0,894.9706299433623,False
TSH_70,2019-09,34.86930068529167,0,0,0,999,0,9,1,33.0,34.6,0,894.9706299433623,False
TSH_70,2019-10,34.86930068529167,0,0,0,999,0,10,0,33.0,34.6,0,894.9706299433623,False
TSH_70,2019-11,34.86930068529167,0,0,0,999,0,11,0,33.0,34.6,0,894.9706299433623,False
TSH_70,2019-12,34.86930068529167,0,0,0,999,0,12,0,33.0,34.6,0,894.9706299433623,False
TSH_70,2020-01,34.86930068529167,0,0,0,999,0,1,0,33.0,34.6,0,894.9706299433623,False
TSH_70,2020-02,34.86930068529167,0,0,0,999,0,2,0,33.0,34.6,0,894.9706299433623,False
TSH_70,2020-03,34.86930068529167,0,0,0,999,0,3,0,33.0,34.6,0,894.9706299433623,False
TSH_70,2020-04,34.86930068529167,0,0,0,999,0,4,0,33.0,34.6,0,894.9706299433623,False
TSH_70,2020-05,34.86930068529167,0,0,0,999,0,5,1,33.0,34.6,0,894.9706299433623,False
TSH_70,2020-06,34.86930068529167,0,0,0,999,0,6,1,33.0,34.6,0,894.9706299433623,False
TSH_70,2020-07,34.86930068529167,0,0,0,999,0,7,1,33.0,34.6,0,894.9706299433623,False
TSH_70,2020-08,34.86930068529167,0,0,0,999,0,8,1,33.0,34.6,0,894.9706299433623,False
TSH_70,2020-09,34.86930068529167,0,0,0,999,0,9,1,33.0,34.6,0,894.9706299433623,False
TSH_70,2020-10,34.86930068529167,0,0,0,999,0,10,0,33.0,34.6,0,894.9706299433623,False
TSH_70,2020-11,34.86930068529167,0,0,0,999,0,11,0,33.0,34.6,0,894.9706299433623,False
TSH_70,2020-12,34.86930068529167,0,0,0,999,0,12,0,33.0,34.6,0,894.9706299433623,False
TSH_70,2021-01,34.86930068529167,0,0,0,999,0,1,0,33.0,34.6,0,894.9706299433623,False
TSH_70,2021-02,34.86930068529167,0,0,0,999,0,2,0,33.0,34.6,0,894.9706299433623,False
TSH_70,2021-03,34.86930068529167,0,0,0,999,0,3,0,33.0,34.6,0,894.9706299433623,False
TSH_70,2021-04,34.86930068529167,0,0,0,999,0,4,0,33.0,34.6,0,894.9706299433623,False
TSH_70,2021-05,34.86930068529167,0,0,0,999,0,5,1,33.0,34.6,0,894.9706299433623,False
TSH_70,2021-06,34.86930068529167,0,0,0,999,0,6,1,33.0,34.6,0,894.9706299433623,False
TSH_70,2021-07,34.86930068529167,0,0,0,999,0,7,1,33.0,34.6,0,894.9706299433623,False
TSH_70,2021-08,34.86930068529167,0,0,0,999,0,8,1,33.0,34.6,0,894.9706299433623,False
TSH_70,2021-09,34.86930068529167,0,0,0,999,0,9,1,33.0,34.6,0,894.9706299433623,False
TSH_70,2021-10,34.86930068529167,0,0,0,999,0,10,0,33.0,34.6,0,894.9706299433623,False
TSH_70,2021-11,34.86930068529167,0,0,0,999,0,11,0,33.0,34.6,0,894.9706299433623,False
TSH_70,2021-12,34.86930068529167,0,0,0,999,0,12,0,33.0,34.6,0,894.9706299433623,False
TSH_70,2022-01,34.86930068529167,0,0,0,999,0,1,0,33.0,34.6,0,894.9706299433623,False
TSH_70,2022-02,34.86930068529167,0,0,0,999,0,2,0,33.0,34.6,0,894.9706299433623,False
TSH_70,2022-03,34.86930068529167,0,0,0,999,0,3,0,33.0,34.6,0,894.9706299433623,False
TSH_70,2022-04,34.86930068529167,0,0,0,999,0,4,0,33.0,34.6,0,894.9706299433623,False
TSH_70,2022-05,34.86930068529167,0,0,0,999,0,5,1,33.0,34.6,0,894.9706299433623,False
TSH_70,2022-06,34.86930068529167,0,0,0,999,0,6,1,33.0,34.6,0,894.9706299433623,False
TSH_70,2022-07,34.86930068529167,0,0,0,999,0,7,1,33.0,34.6,0,894.9706299433623,False
TSH_70,2022-08,34.86930068529167,0,0,0,999,0,8,1,33.0,34.6,0,894.9706299433623,False
TSH_70,2022-09,34.86930068529167,0,0,0,999,0,9,1,33.0,34.6,0,894.9706299433623,False
TSH_70,2022-10,34.86930068529167,0,0,0,999,0,10,0,33.0,34.6,0,894.9706299433623,False
TSH_70,2022-11,34.86930068529167,0,0,0,999,0,11,0,33.0,34.6,0,894.9706299433623,False
TSH_70,2022-12,34.86930068529167,0,0,0,999,0,12,0,33.0,34.6,0,894.9706299433623,False
TSH_70,2023-01,34.86930068529167,0,0,0,999,0,1,0,33.0,34.6,0,894.9706299433623,False
TSH_70,2023-02,34.86930068529167,0,0,0,999,0,2,0,33.0,34.6,0,894.9706299433623,False
TSH_70,2023-03,34.86930068529167,0,0,0,999,0,3,0,33.0,34.6,0,894.9706299433623,False
TSH_70,2023-04,34.86930068529167,0,0,0,999,0,4,0,33.0,34.6,0,894.9706299433623,False
TSH_70,2023-05,34.86930068529167,0,0,0,999,0,5,1,33.0,34.6,0,894.9706299433623,False
TSH_70,2023-06,34.86930068529167,0,0,0,999,0,6,1,33.0,34.6,0,894.9706299433623,False
TSH_70,2023-07,34.86930068529167,0,0,0,999,0,7,1,33.0,34.6,0,894.9706299433623,False
TSH_70,2023-08,34.86930068529167,0,0,0,999,0,8,1,33.0,34.6,0,894.9706299433623,False
TSH_70,2023-09,34.86930068529167,0,0,0,999,0,9,1,33.0,34.6,0,894.9706299433623,False
TSH_70,2023-10,34.86930068529167,0,0,0,999,0,10,0,33.0,34.6,0,894.9706299433623,False
TSH_70,2023-11,34.86930068529167,0,0,0,999,0,11,0,33.0,34.6,0,894.9706299433623,False
TSH_70,2023-12,34.86930068529167,0,0,0,999,0,12,0,33.0,34.6,0,894.9706299433623,False
TSH_70,2024-01,34.86930068529167,0,0,0,999,0,1,0,33.0,34.6,0,894.9706299433623,False
TSH_70,2024-02,34.86930068529167,0,0,0,999,0,2,0,33.0,34.6,0,894.9706299433623,False
TSH_70,2024-03,34.86930068529167,0,0,0,999,0,3,0,33.0,34.6,0,894.9706299433623,False
TSH_70,2024-04,34.86930068529167,0,0,0,999,0,4,0,33.0,34.6,0,894.9706299433623,False
TSH_70,2024-05,34.86930068529167,0,0,0,999,0,5,1,33.0,34.6,0,894.9706299433623,False
TSH_70,2024-06,34.86930068529167,0,0,0,999,0,6,1,33.0,34.6,0,894.9706299433623,False
TSH_70,2024-07,34.86930068529167,0,0,0,999,0,7,1,33.0,34.6,0,894.9706299433623,False
TSH_70,2024-08,34.86930068529167,0,0,0,999,0,8,1,33.0,34.6,0,894.9706299433623,False
TSH_70,2024-09,34.86930068529167,0,0,0,999,0,9,1,33.0,34.6,0,894.9706299433623,False
TSH_70,2024-10,34.86930068529167,0,0,0,999,0,10,0,33.0,34.6,0,894.9706299433623,False
TSH_70,2024-11,34.86930068529167,0,0,0,999,0,11,0,33.0,34.6,0,894.9706299433623,False
TSH_70,2024-12,34.86930068529167,0,0,0,999,0,12,0,33.0,34.6,1,894.9706299433623,False
TSH_70,2025-01,34.86930068529167,0,0,0,999,0,1,0,33.0,34.6,1,894.9706299433623,False
TSH_70,2025-02,34.86930068529167,0,0,0,999,0,2,0,33.0,34.6,1,894.9706299433623,False
TSH_70,2025-03,34.86930068529167,1,1,1,0,0,3,0,33.0,34.6,0,894.9706299433623,False
TSH_70,2025-04,34.86930068529167,0,0,1,1,0,4,0,33.0,34.6,0,894.9706299433623,False
TSH_70,2025-05,34.86930068529167,0,0,1,2,0,5,1,33.0,34.6,0,894.9706299433623,False
TSH_70,2025-06,34.86930068529167,0,0,1,3,0,6,1,33.0,34.6,0,894.9706299433623,False
TSH_70,2025-07,34.86930068529167,0,0,1,4,0,7,1,33.0,34.6,0,894.9706299433623,False
TSH_70,2025-08,34.86930068529167,0,0,1,5,0,8,1,33.0,34.6,0,894.9706299433623,False
TSH_70,2025-09,34.86930068529167,0,0,1,6,0,9,1,33.0,34.6,0,894.9706299433623,False
TSH_70,2025-10,34.86930068529167,0,0,1,7,0,10,0,33.0,34.6,0,894.9706299433623,False
TSH_70,2025-11,34.86930068529167,0,0,1,8,0,11,0,33.0,34.6,0,894.9706299433623,False
TSH_70,2025-12,34.86930068529167,0,0,1,9,0,12,0,33.0,34.6,0,894.9706299433623,False
TSH_70,2026-01,34.86930068529167,0,0,1,10,0,1,0,33.0,34.6,0,894.9706299433623,False
TSH_70,2026-02,34.86930068529167,0,0,1,11,0,2,0,33.0,34.6,0,894.9706299433623,False
TSH_70,2026-03,34.86930068529167,0,0,1,12,0,3,0,33.0,34.6,0,894.9706299433623,False
TSH_71,2019-08,1.6724743417237375,0,0,0,999,0,8,1,33.0,34.6,0,18415.230196151755,False
TSH_71,2019-09,1.6724743417237375,0,0,0,999,0,9,1,33.0,34.6,0,18415.230196151755,False
TSH_71,2019-10,1.6724743417237375,0,0,0,999,0,10,0,33.0,34.6,0,18415.230196151755,False
TSH_71,2019-11,1.6724743417237375,0,0,0,999,0,11,0,33.0,34.6,0,18415.230196151755,False
TSH_71,2019-12,1.6724743417237375,0,0,0,999,0,12,0,33.0,34.6,0,18415.230196151755,False
TSH_71,2020-01,1.6724743417237375,0,0,0,999,0,1,0,33.0,34.6,0,18415.230196151755,False
TSH_71,2020-02,1.6724743417237375,0,0,0,999,0,2,0,33.0,34.6,0,18415.230196151755,False
TSH_71,2020-03,1.6724743417237375,0,0,0,999,0,3,0,33.0,34.6,0,18415.230196151755,False
TSH_71,2020-04,1.6724743417237375,0,0,0,999,0,4,0,33.0,34.6,0,18415.230196151755,False
TSH_71,2020-05,1.6724743417237375,0,0,0,999,0,5,1,33.0,34.6,0,18415.230196151755,False
TSH_71,2020-06,1.6724743417237375,0,0,0,999,0,6,1,33.0,34.6,0,18415.230196151755,False
TSH_71,2020-07,1.6724743417237375,0,0,0,999,0,7,1,33.0,34.6,0,18415.230196151755,False
TSH_71,2020-08,1.6724743417237375,0,0,0,999,0,8,1,33.0,34.6,0,18415.230196151755,False
TSH_71,2020-09,1.6724743417237375,0,0,0,999,0,9,1,33.0,34.6,0,18415.230196151755,False
TSH_71,2020-10,1.6724743417237375,0,0,0,999,0,10,0,33.0,34.6,0,18415.230196151755,False
TSH_71,2020-11,1.6724743417237375,0,0,0,999,0,11,0,33.0,34.6,0,18415.230196151755,False
TSH_71,2020-12,1.6724743417237375,0,0,0,999,0,12,0,33.0,34.6,0,18415.230196151755,False
TSH_71,2021-01,1.6724743417237375,0,0,0,999,0,1,0,33.0,34.6,0,18415.230196151755,False
TSH_71,2021-02,1.6724743417237375,0,0,0,999,0,2,0,33.0,34.6,0,18415.230196151755,False
TSH_71,2021-03,1.6724743417237375,0,0,0,999,0,3,0,33.0,34.6,0,18415.230196151755,False
TSH_71,2021-04,1.6724743417237375,0,0,0,999,0,4,0,33.0,34.6,0,18415.230196151755,False
TSH_71,2021-05,1.6724743417237375,0,0,0,999,0,5,1,33.0,34.6,0,18415.230196151755,False
TSH_71,2021-06,1.6724743417237375,0,0,0,999,0,6,1,33.0,34.6,0,18415.230196151755,False
TSH_71,2021-07,1.6724743417237375,0,0,0,999,0,7,1,33.0,34.6,0,18415.230196151755,False
TSH_71,2021-08,1.6724743417237375,0,0,0,999,0,8,1,33.0,34.6,0,18415.230196151755,False
TSH_71,2021-09,1.6724743417237375,0,0,0,999,0,9,1,33.0,34.6,0,18415.230196151755,False
TSH_71,2021-10,1.6724743417237375,0,0,0,999,0,10,0,33.0,34.6,0,18415.230196151755,False
TSH_71,2021-11,1.6724743417237375,0,0,0,999,0,11,0,33.0,34.6,0,18415.230196151755,False
TSH_71,2021-12,1.6724743417237375,0,0,0,999,0,12,0,33.0,34.6,0,18415.230196151755,False
TSH_71,2022-01,1.6724743417237375,0,0,0,999,0,1,0,33.0,34.6,0,18415.230196151755,False
TSH_71,2022-02,1.6724743417237375,0,0,0,999,0,2,0,33.0,34.6,0,18415.230196151755,False
TSH_71,2022-03,1.6724743417237375,0,0,0,999,0,3,0,33.0,34.6,0,18415.230196151755,False
TSH_71,2022-04,1.6724743417237375,0,0,0,999,0,4,0,33.0,34.6,0,18415.230196151755,False
TSH_71,2022-05,1.6724743417237375,0,0,0,999,0,5,1,33.0,34.6,0,18415.230196151755,False
TSH_71,2022-06,1.6724743417237375,0,0,0,999,0,6,1,33.0,34.6,0,18415.230196151755,False
TSH_71,2022-07,1.6724743417237375,0,0,0,999,0,7,1,33.0,34.6,0,18415.230196151755,False
TSH_71,2022-08,1.6724743417237375,0,0,0,999,0,8,1,33.0,34.6,0,18415.230196151755,False
TSH_71,2022-09,1.6724743417237375,0,0,0,999,0,9,1,33.0,34.6,0,18415.230196151755,False
TSH_71,2022-10,1.6724743417237375,0,0,0,999,0,10,0,33.0,34.6,0,18415.230196151755,False
TSH_71,2022-11,1.6724743417237375,0,0,0,999,0,11,0,33.0,34.6,0,18415.230196151755,False
TSH_71,2022-12,1.6724743417237375,0,0,0,999,0,12,0,33.0,34.6,0,18415.230196151755,False
TSH_71,2023-01,1.6724743417237375,0,0,0,999,0,1,0,33.0,34.6,0,18415.230196151755,False
TSH_71,2023-02,1.6724743417237375,0,0,0,999,0,2,0,33.0,34.6,0,18415.230196151755,False
TSH_71,2023-03,1.6724743417237375,0,0,0,999,0,3,0,33.0,34.6,0,18415.230196151755,False
TSH_71,2023-04,1.6724743417237375,0,0,0,999,0,4,0,33.0,34.6,0,18415.230196151755,False
TSH_71,2023-05,1.6724743417237375,0,0,0,999,0,5,1,33.0,34.6,0,18415.230196151755,False
TSH_71,2023-06,1.6724743417237375,0,0,0,999,0,6,1,33.0,34.6,0,18415.230196151755,False
TSH_71,2023-07,1.6724743417237375,0,0,0,999,0,7,1,33.0,34.6,0,18415.230196151755,False
TSH_71,2023-08,1.6724743417237375,0,0,0,999,0,8,1,33.0,34.6,0,18415.230196151755,False
TSH_71,2023-09,1.6724743417237375,0,0,0,999,0,9,1,33.0,34.6,0,18415.230196151755,False
TSH_71,2023-10,1.6724743417237375,0,0,0,999,0,10,0,33.0,34.6,0,18415.230196151755,False
TSH_71,2023-11,1.6724743417237375,0,0,0,999,0,11,0,33.0,34.6,0,18415.230196151755,False
TSH_71,2023-12,1.6724743417237375,0,0,0,999,0,12,0,33.0,34.6,0,18415.230196151755,False
TSH_71,2024-01,1.6724743417237375,0,0,0,999,0,1,0,33.0,34.6,0,18415.230196151755,False
TSH_71,2024-02,1.6724743417237375,0,0,0,999,0,2,0,33.0,34.6,0,18415.230196151755,False
TSH_71,2024-03,1.6724743417237375,0,0,0,999,0,3,0,33.0,34.6,0,18415.230196151755,False
TSH_71,2024-04,1.6724743417237375,0,0,0,999,0,4,0,33.0,34.6,0,18415.230196151755,False
TSH_71,2024-05,1.6724743417237375,0,0,0,999,0,5,1,33.0,34.6,0,18415.230196151755,False
TSH_71,2024-06,1.6724743417237375,0,0,0,999,0,6,1,33.0,34.6,0,18415.230196151755,False
TSH_71,2024-07,1.6724743417237375,0,0,0,999,0,7,1,33.0,34.6,0,18415.230196151755,False
TSH_71,2024-08,1.6724743417237375,0,0,0,999,0,8,1,33.0,34.6,0,18415.230196151755,False
TSH_71,2024-09,1.6724743417237375,0,0,0,999,0,9,1,33.0,34.6,0,18415.230196151755,False
TSH_71,2024-10,1.6724743417237375,0,0,0,999,0,10,0,33.0,34.6,0,18415.230196151755,False
TSH_71,2024-11,1.6724743417237375,0,0,0,999,0,11,0,33.0,34.6,0,18415.230196151755,False
TSH_71,2024-12,1.6724743417237375,0,0,0,999,0,12,0,33.0,34.6,0,18415.230196151755,False
TSH_71,2025-01,1.6724743417237375,0,0,0,999,0,1,0,33.0,34.6,0,18415.230196151755,False
TSH_71,2025-02,1.6724743417237375,0,0,0,999,0,2,0,33.0,34.6,0,18415.230196151755,False
TSH_71,2025-03,1.6724743417237375,0,0,0,999,0,3,0,33.0,34.6,0,18415.230196151755,False
TSH_71,2025-04,1.6724743417237375,0,0,0,999,0,4,0,33.0,34.6,0,18415.230196151755,False
TSH_71,2025-05,1.6724743417237375,0,0,0,999,0,5,1,33.0,34.6,0,18415.230196151755,False
TSH_71,2025-06,1.6724743417237375,0,0,0,999,0,6,1,33.0,34.6,0,18415.230196151755,False
TSH_71,2025-07,1.6724743417237375,0,0,0,999,0,7,1,33.0,34.6,0,18415.230196151755,False
TSH_71,2025-08,1.6724743417237375,0,0,0,999,0,8,1,33.0,34.6,0,18415.230196151755,False
TSH_71,2025-09,1.6724743417237375,0,0,0,999,0,9,1,33.0,34.6,0,18415.230196151755,False
TSH_71,2025-10,1.6724743417237375,0,0,0,999,0,10,0,33.0,34.6,0,18415.230196151755,False
TSH_71,2025-11,1.6724743417237375,0,0,0,999,0,11,0,33.0,34.6,0,18415.230196151755,False
TSH_71,2025-12,1.6724743417237375,0,0,0,999,0,12,0,33.0,34.6,0,18415.230196151755,False
TSH_71,2026-01,1.6724743417237375,0,0,0,999,0,1,0,33.0,34.6,0,18415.230196151755,False
TSH_71,2026-02,1.6724743417237375,0,0,0,999,0,2,0,33.0,34.6,0,18415.230196151755,False
TSH_71,2026-03,1.6724743417237375,0,0,0,999,0,3,0,33.0,34.6,0,18415.230196151755,False
TSH_72,2019-08,2.136528314352078,0,0,0,999,0,8,1,33.0,34.6,0,10365.413765516128,False
TSH_72,2019-09,2.136528314352078,0,0,0,999,0,9,1,33.0,34.6,0,10365.413765516128,False
TSH_72,2019-10,2.136528314352078,0,0,0,999,0,10,0,33.0,34.6,0,10365.413765516128,False
TSH_72,2019-11,2.136528314352078,0,0,0,999,0,11,0,33.0,34.6,0,10365.413765516128,False
TSH_72,2019-12,2.136528314352078,0,0,0,999,0,12,0,33.0,34.6,0,10365.413765516128,False
TSH_72,2020-01,2.136528314352078,0,0,0,999,0,1,0,33.0,34.6,0,10365.413765516128,False
TSH_72,2020-02,2.136528314352078,0,0,0,999,0,2,0,33.0,34.6,0,10365.413765516128,False
TSH_72,2020-03,2.136528314352078,0,0,0,999,0,3,0,33.0,34.6,0,10365.413765516128,False
TSH_72,2020-04,2.136528314352078,0,0,0,999,0,4,0,33.0,34.6,0,10365.413765516128,False
TSH_72,2020-05,2.136528314352078,0,0,0,999,0,5,1,33.0,34.6,0,10365.413765516128,False
TSH_72,2020-06,2.136528314352078,0,0,0,999,0,6,1,33.0,34.6,0,10365.413765516128,False
TSH_72,2020-07,2.136528314352078,0,0,0,999,0,7,1,33.0,34.6,0,10365.413765516128,False
TSH_72,2020-08,2.136528314352078,0,0,0,999,0,8,1,33.0,34.6,0,10365.413765516128,False
TSH_72,2020-09,2.136528314352078,0,0,0,999,0,9,1,33.0,34.6,0,10365.413765516128,False
TSH_72,2020-10,2.136528314352078,0,0,0,999,0,10,0,33.0,34.6,0,10365.413765516128,False
TSH_72,2020-11,2.136528314352078,0,0,0,999,0,11,0,33.0,34.6,0,10365.413765516128,False
TSH_72,2020-12,2.136528314352078,0,0,0,999,0,12,0,33.0,34.6,0,10365.413765516128,False
TSH_72,2021-01,2.136528314352078,0,0,0,999,0,1,0,33.0,34.6,0,10365.413765516128,False
TSH_72,2021-02,2.136528314352078,0,0,0,999,0,2,0,33.0,34.6,0,10365.413765516128,False
TSH_72,2021-03,2.136528314352078,0,0,0,999,0,3,0,33.0,34.6,0,10365.413765516128,False
TSH_72,2021-04,2.136528314352078,0,0,0,999,0,4,0,33.0,34.6,0,10365.413765516128,False
TSH_72,2021-05,2.136528314352078,0,0,0,999,0,5,1,33.0,34.6,0,10365.413765516128,False
TSH_72,2021-06,2.136528314352078,0,0,0,999,0,6,1,33.0,34.6,0,10365.413765516128,False
TSH_72,2021-07,2.136528314352078,0,0,0,999,0,7,1,33.0,34.6,0,10365.413765516128,False
TSH_72,2021-08,2.136528314352078,0,0,0,999,0,8,1,33.0,34.6,0,10365.413765516128,False
TSH_72,2021-09,2.136528314352078,0,0,0,999,0,9,1,33.0,34.6,0,10365.413765516128,False
TSH_72,2021-10,2.136528314352078,0,0,0,999,0,10,0,33.0,34.6,0,10365.413765516128,False
TSH_72,2021-11,2.136528314352078,0,0,0,999,0,11,0,33.0,34.6,0,10365.413765516128,False
TSH_72,2021-12,2.136528314352078,0,0,0,999,0,12,0,33.0,34.6,0,10365.413765516128,False
TSH_72,2022-01,2.136528314352078,0,0,0,999,0,1,0,33.0,34.6,0,10365.413765516128,False
TSH_72,2022-02,2.136528314352078,0,0,0,999,0,2,0,33.0,34.6,0,10365.413765516128,False
TSH_72,2022-03,2.136528314352078,0,0,0,999,0,3,0,33.0,34.6,0,10365.413765516128,False
TSH_72,2022-04,2.136528314352078,0,0,0,999,0,4,0,33.0,34.6,0,10365.413765516128,False
TSH_72,2022-05,2.136528314352078,0,0,0,999,0,5,1,33.0,34.6,0,10365.413765516128,False
TSH_72,2022-06,2.136528314352078,0,0,0,999,0,6,1,33.0,34.6,0,10365.413765516128,False
TSH_72,2022-07,2.136528314352078,0,0,0,999,0,7,1,33.0,34.6,0,10365.413765516128,False
TSH_72,2022-08,2.136528314352078,0,0,0,999,0,8,1,33.0,34.6,0,10365.413765516128,False
TSH_72,2022-09,2.136528314352078,0,0,0,999,0,9,1,33.0,34.6,0,10365.413765516128,False
TSH_72,2022-10,2.136528314352078,0,0,0,999,0,10,0,33.0,34.6,0,10365.413765516128,False
TSH_72,2022-11,2.136528314352078,0,0,0,999,0,11,0,33.0,34.6,0,10365.413765516128,False
TSH_72,2022-12,2.136528314352078,0,0,0,999,0,12,0,33.0,34.6,0,10365.413765516128,False
TSH_72,2023-01,2.136528314352078,0,0,0,999,0,1,0,33.0,34.6,0,10365.413765516128,False
TSH_72,2023-02,2.136528314352078,0,0,0,999,0,2,0,33.0,34.6,0,10365.413765516128,False
TSH_72,2023-03,2.136528314352078,0,0,0,999,0,3,0,33.0,34.6,0,10365.413765516128,False
TSH_72,2023-04,2.136528314352078,0,0,0,999,0,4,0,33.0,34.6,0,10365.413765516128,False
TSH_72,2023-05,2.136528314352078,0,0,0,999,0,5,1,33.0,34.6,0,10365.413765516128,False
TSH_72,2023-06,2.136528314352078,0,0,0,999,0,6,1,33.0,34.6,0,10365.413765516128,False
TSH_72,2023-07,2.136528314352078,0,0,0,999,0,7,1,33.0,34.6,0,10365.413765516128,False
TSH_72,2023-08,2.136528314352078,0,0,0,999,0,8,1,33.0,34.6,0,10365.413765516128,False
TSH_72,2023-09,2.136528314352078,0,0,0,999,0,9,1,33.0,34.6,0,10365.413765516128,False
TSH_72,2023-10,2.136528314352078,0,0,0,999,0,10,0,33.0,34.6,0,10365.413765516128,False
TSH_72,2023-11,2.136528314352078,0,0,0,999,0,11,0,33.0,34.6,0,10365.413765516128,False
TSH_72,2023-12,2.136528314352078,0,0,0,999,0,12,0,33.0,34.6,0,10365.413765516128,False
TSH_72,2024-01,2.136528314352078,0,0,0,999,0,1,0,33.0,34.6,0,10365.413765516128,False
TSH_72,2024-02,2.136528314352078,0,0,0,999,0,2,0,33.0,34.6,0,10365.413765516128,False
TSH_72,2024-03,2.136528314352078,0,0,0,999,0,3,0,33.0,34.6,0,10365.413765516128,False
TSH_72,2024-04,2.136528314352078,0,0,0,999,0,4,0,33.0,34.6,0,10365.413765516128,False
TSH_72,2024-05,2.136528314352078,0,0,0,999,0,5,1,33.0,34.6,0,10365.413765516128,False
TSH_72,2024-06,2.136528314352078,0,0,0,999,0,6,1,33.0,34.6,0,10365.413765516128,False
TSH_72,2024-07,2.136528314352078,0,0,0,999,0,7,1,33.0,34.6,0,10365.413765516128,False
TSH_72,2024-08,2.136528314352078,0,0,0,999,0,8,1,33.0,34.6,0,10365.413765516128,False
TSH_72,2024-09,2.136528314352078,0,0,0,999,0,9,1,33.0,34.6,0,10365.413765516128,False
TSH_72,2024-10,2.136528314352078,0,0,0,999,0,10,0,33.0,34.6,0,10365.413765516128,False
TSH_72,2024-11,2.136528314352078,0,0,0,999,0,11,0,33.0,34.6,0,10365.413765516128,False
TSH_72,2024-12,2.136528314352078,0,0,0,999,0,12,0,33.0,34.6,0,10365.413765516128,False
TSH_72,2025-01,2.136528314352078,0,0,0,999,0,1,0,33.0,34.6,0,10365.413765516128,False
TSH_72,2025-02,2.136528314352078,0,0,0,999,0,2,0,33.0,34.6,0,10365.413765516128,False
TSH_72,2025-03,2.136528314352078,0,0,0,999,0,3,0,33.0,34.6,0,10365.413765516128,False
TSH_72,2025-04,2.136528314352078,0,0,0,999,0,4,0,33.0,34.6,0,10365.413765516128,False
TSH_72,2025-05,2.136528314352078,0,0,0,999,0,5,1,33.0,34.6,0,10365.413765516128,False
TSH_72,2025-06,2.136528314352078,0,0,0,999,0,6,1,33.0,34.6,0,10365.413765516128,False
TSH_72,2025-07,2.136528314352078,0,0,0,999,0,7,1,33.0,34.6,0,10365.413765516128,False
TSH_72,2025-08,2.136528314352078,0,0,0,999,0,8,1,33.0,34.6,0,10365.413765516128,False
TSH_72,2025-09,2.136528314352078,0,0,0,999,0,9,1,33.0,34.6,0,10365.413765516128,False
TSH_72,2025-10,2.136528314352078,0,0,0,999,0,10,0,33.0,34.6,0,10365.413765516128,False
TSH_72,2025-11,2.136528314352078,0,0,0,999,0,11,0,33.0,34.6,0,10365.413765516128,False
TSH_72,2025-12,2.136528314352078,0,0,0,999,0,12,0,33.0,34.6,0,10365.413765516128,False
TSH_72,2026-01,2.136528314352078,0,0,0,999,0,1,0,33.0,34.6,0,10365.413765516128,False
TSH_72,2026-02,2.136528314352078,0,0,0,999,0,2,0,33.0,34.6,0,10365.413765516128,False
TSH_72,2026-03,2.136528314352078,0,0,0,999,0,3,0,33.0,34.6,0,10365.413765516128,False
TSH_73,2019-08,181.10333380101383,0,0,0,999,0,8,1,33.0,73.3,0,218.7480438296505,False
TSH_73,2019-09,181.10333380101383,0,0,0,999,0,9,1,33.0,73.3,0,218.7480438296505,False
TSH_73,2019-10,181.10333380101383,0,0,0,999,0,10,0,33.0,73.3,0,218.7480438296505,False
TSH_73,2019-11,181.10333380101383,0,0,0,999,0,11,0,33.0,73.3,0,218.7480438296505,False
TSH_73,2019-12,181.10333380101383,0,0,0,999,0,12,0,33.0,73.3,0,218.7480438296505,False
TSH_73,2020-01,181.10333380101383,0,0,0,999,0,1,0,33.0,73.3,0,218.7480438296505,False
TSH_73,2020-02,181.10333380101383,0,0,0,999,0,2,0,33.0,73.3,0,218.7480438296505,False
TSH_73,2020-03,181.10333380101383,0,0,0,999,0,3,0,33.0,73.3,0,218.7480438296505,False
TSH_73,2020-04,181.10333380101383,0,0,0,999,0,4,0,33.0,73.3,0,218.7480438296505,False
TSH_73,2020-05,181.10333380101383,0,0,0,999,0,5,1,33.0,73.3,0,218.7480438296505,False
TSH_73,2020-06,181.10333380101383,0,0,0,999,0,6,1,33.0,73.3,0,218.7480438296505,False
TSH_73,2020-07,181.10333380101383,0,0,0,999,0,7,1,33.0,73.3,0,218.7480438296505,False
TSH_73,2020-08,181.10333380101383,0,0,0,999,0,8,1,33.0,73.3,0,218.7480438296505,False
TSH_73,2020-09,181.10333380101383,0,0,0,999,0,9,1,33.0,73.3,0,218.7480438296505,False
TSH_73,2020-10,181.10333380101383,0,0,0,999,0,10,0,33.0,73.3,0,218.7480438296505,False
TSH_73,2020-11,181.10333380101383,0,0,0,999,0,11,0,33.0,73.3,0,218.7480438296505,False
TSH_73,2020-12,181.10333380101383,0,0,0,999,0,12,0,33.0,73.3,0,218.7480438296505,False
TSH_73,2021-01,181.10333380101383,0,0,0,999,0,1,0,33.0,73.3,0,218.7480438296505,False
TSH_73,2021-02,181.10333380101383,0,0,0,999,0,2,0,33.0,73.3,0,218.7480438296505,False
TSH_73,2021-03,181.10333380101383,0,0,0,999,0,3,0,33.0,73.3,0,218.7480438296505,False
TSH_73,2021-04,181.10333380101383,0,0,0,999,0,4,0,33.0,73.3,0,218.7480438296505,False
TSH_73,2021-05,181.10333380101383,0,0,0,999,0,5,1,33.0,73.3,0,218.7480438296505,False
TSH_73,2021-06,181.10333380101383,0,0,0,999,0,6,1,33.0,73.3,0,218.7480438296505,False
TSH_73,2021-07,181.10333380101383,0,0,0,999,0,7,1,33.0,73.3,0,218.7480438296505,False
TSH_73,2021-08,181.10333380101383,0,0,0,999,0,8,1,33.0,73.3,0,218.7480438296505,False
TSH_73,2021-09,181.10333380101383,0,0,0,999,0,9,1,33.0,73.3,0,218.7480438296505,False
TSH_73,2021-10,181.10333380101383,0,0,0,999,0,10,0,33.0,73.3,0,218.7480438296505,False
TSH_73,2021-11,181.10333380101383,0,0,0,999,0,11,0,33.0,73.3,0,218.7480438296505,False
TSH_73,2021-12,181.10333380101383,0,0,0,999,0,12,0,33.0,73.3,0,218.7480438296505,False
TSH_73,2022-01,181.10333380101383,0,0,0,999,0,1,0,33.0,73.3,0,218.7480438296505,False
TSH_73,2022-02,181.10333380101383,0,0,0,999,0,2,0,33.0,73.3,0,218.7480438296505,False
TSH_73,2022-03,181.10333380101383,0,0,0,999,0,3,0,33.0,73.3,0,218.7480438296505,False
TSH_73,2022-04,181.10333380101383,0,0,0,999,0,4,0,33.0,73.3,0,218.7480438296505,False
TSH_73,2022-05,181.10333380101383,0,0,0,999,0,5,1,33.0,73.3,0,218.7480438296505,False
TSH_73,2022-06,181.10333380101383,0,0,0,999,0,6,1,33.0,73.3,0,218.7480438296505,False
TSH_73,2022-07,181.10333380101383,0,0,0,999,0,7,1,33.0,73.3,0,218.7480438296505,False
TSH_73,2022-08,181.10333380101383,0,0,0,999,0,8,1,33.0,73.3,0,218.7480438296505,False
TSH_73,2022-09,181.10333380101383,0,0,0,999,0,9,1,33.0,73.3,0,218.7480438296505,False
TSH_73,2022-10,181.10333380101383,0,0,0,999,0,10,0,33.0,73.3,0,218.7480438296505,False
TSH_73,2022-11,181.10333380101383,0,0,0,999,0,11,0,33.0,73.3,0,218.7480438296505,False
TSH_73,2022-12,181.10333380101383,0,0,0,999,0,12,0,33.0,73.3,0,218.7480438296505,False
TSH_73,2023-01,181.10333380101383,0,0,0,999,0,1,0,33.0,73.3,0,218.7480438296505,False
TSH_73,2023-02,181.10333380101383,0,0,0,999,0,2,0,33.0,73.3,0,218.7480438296505,False
TSH_73,2023-03,181.10333380101383,0,0,0,999,0,3,0,33.0,73.3,0,218.7480438296505,False
TSH_73,2023-04,181.10333380101383,0,0,0,999,0,4,0,33.0,73.3,0,218.7480438296505,False
TSH_73,2023-05,181.10333380101383,0,0,0,999,0,5,1,33.0,73.3,0,218.7480438296505,False
TSH_73,2023-06,181.10333380101383,0,0,0,999,0,6,1,33.0,73.3,0,218.7480438296505,False
TSH_73,2023-07,181.10333380101383,0,0,0,999,0,7,1,33.0,73.3,0,218.7480438296505,False
TSH_73,2023-08,181.10333380101383,0,0,0,999,0,8,1,33.0,73.3,0,218.7480438296505,False
TSH_73,2023-09,181.10333380101383,0,0,0,999,0,9,1,33.0,73.3,0,218.7480438296505,False
TSH_73,2023-10,181.10333380101383,0,0,0,999,0,10,0,33.0,73.3,0,218.7480438296505,False
TSH_73,2023-11,181.10333380101383,0,0,0,999,0,11,0,33.0,73.3,0,218.7480438296505,False
TSH_73,2023-12,181.10333380101383,0,0,0,999,0,12,0,33.0,73.3,0,218.7480438296505,False
TSH_73,2024-01,181.10333380101383,0,0,0,999,0,1,0,33.0,73.3,0,218.7480438296505,False
TSH_73,2024-02,181.10333380101383,0,0,0,999,0,2,0,33.0,73.3,0,218.7480438296505,False
TSH_73,2024-03,181.10333380101383,0,0,0,999,0,3,0,33.0,73.3,0,218.7480438296505,False
TSH_73,2024-04,181.10333380101383,0,0,0,999,0,4,0,33.0,73.3,0,218.7480438296505,False
TSH_73,2024-05,181.10333380101383,0,0,0,999,0,5,1,33.0,73.3,0,218.7480438296505,False
TSH_73,2024-06,181.10333380101383,0,0,0,999,0,6,1,33.0,73.3,0,218.7480438296505,False
TSH_73,2024-07,181.10333380101383,0,0,0,999,0,7,1,33.0,73.3,0,218.7480438296505,False
TSH_73,2024-08,181.10333380101383,0,0,0,999,0,8,1,33.0,73.3,0,218.7480438296505,False
TSH_73,2024-09,181.10333380101383,0,0,0,999,0,9,1,33.0,73.3,0,218.7480438296505,False
TSH_73,2024-10,181.10333380101383,0,0,0,999,0,10,0,33.0,73.3,0,218.7480438296505,False
TSH_73,2024-11,181.10333380101383,0,0,0,999,0,11,0,33.0,73.3,0,218.7480438296505,False
TSH_73,2024-12,181.10333380101383,0,0,0,999,0,12,0,33.0,73.3,0,218.7480438296505,False
TSH_73,2025-01,181.10333380101383,0,0,0,999,0,1,0,33.0,73.3,0,218.7480438296505,False
TSH_73,2025-02,181.10333380101383,0,0,0,999,0,2,0,33.0,73.3,0,218.7480438296505,False
TSH_73,2025-03,181.10333380101383,0,0,0,999,0,3,0,33.0,73.3,0,218.7480438296505,False
TSH_73,2025-04,181.10333380101383,0,0,0,999,0,4,0,33.0,73.3,0,218.7480438296505,False
TSH_73,2025-05,181.10333380101383,0,0,0,999,0,5,1,33.0,73.3,0,218.7480438296505,False
TSH_73,2025-06,181.10333380101383,0,0,0,999,0,6,1,33.0,73.3,0,218.7480438296505,False
TSH_73,2025-07,181.10333380101383,0,0,0,999,0,7,1,33.0,73.3,0,218.7480438296505,False
TSH_73,2025-08,181.10333380101383,0,0,0,999,0,8,1,33.0,73.3,0,218.7480438296505,False
TSH_73,2025-09,181.10333380101383,0,0,0,999,0,9,1,33.0,73.3,0,218.7480438296505,False
TSH_73,2025-10,181.10333380101383,0,0,0,999,0,10,0,33.0,73.3,0,218.7480438296505,False
TSH_73,2025-11,181.10333380101383,0,0,0,999,0,11,0,33.0,73.3,0,218.7480438296505,False
TSH_73,2025-12,181.10333380101383,0,0,0,999,0,12,0,33.0,73.3,0,218.7480438296505,False
TSH_73,2026-01,181.10333380101383,0,0,0,999,0,1,0,33.0,73.3,0,218.7480438296505,False
TSH_73,2026-02,181.10333380101383,0,0,0,999,0,2,0,33.0,73.3,0,218.7480438296505,False
TSH_73,2026-03,181.10333380101383,0,0,0,999,0,3,0,33.0,73.3,0,218.7480438296505,False
TSH_74,2019-08,9.2869295585758,0,0,0,999,0,8,1,33.0,39.5,0,2597.3062299935314,False
TSH_74,2019-09,9.2869295585758,0,0,0,999,0,9,1,33.0,39.5,0,2597.3062299935314,False
TSH_74,2019-10,9.2869295585758,0,0,0,999,0,10,0,33.0,39.5,0,2597.3062299935314,False
TSH_74,2019-11,9.2869295585758,0,0,0,999,0,11,0,33.0,39.5,0,2597.3062299935314,False
TSH_74,2019-12,9.2869295585758,0,0,0,999,0,12,0,33.0,39.5,0,2597.3062299935314,False
TSH_74,2020-01,9.2869295585758,0,0,0,999,0,1,0,33.0,39.5,0,2597.3062299935314,False
TSH_74,2020-02,9.2869295585758,0,0,0,999,0,2,0,33.0,39.5,0,2597.3062299935314,False
TSH_74,2020-03,9.2869295585758,0,0,0,999,0,3,0,33.0,39.5,0,2597.3062299935314,False
TSH_74,2020-04,9.2869295585758,0,0,0,999,0,4,0,33.0,39.5,0,2597.3062299935314,False
TSH_74,2020-05,9.2869295585758,0,0,0,999,0,5,1,33.0,39.5,0,2597.3062299935314,False
TSH_74,2020-06,9.2869295585758,0,0,0,999,0,6,1,33.0,39.5,0,2597.3062299935314,False
TSH_74,2020-07,9.2869295585758,0,0,0,999,0,7,1,33.0,39.5,0,2597.3062299935314,False
TSH_74,2020-08,9.2869295585758,0,0,0,999,0,8,1,33.0,39.5,0,2597.3062299935314,False
TSH_74,2020-09,9.2869295585758,0,0,0,999,0,9,1,33.0,39.5,0,2597.3062299935314,False
TSH_74,2020-10,9.2869295585758,0,0,0,999,0,10,0,33.0,39.5,0,2597.3062299935314,False
TSH_74,2020-11,9.2869295585758,0,0,0,999,0,11,0,33.0,39.5,0,2597.3062299935314,False
TSH_74,2020-12,9.2869295585758,0,0,0,999,0,12,0,33.0,39.5,0,2597.3062299935314,False
TSH_74,2021-01,9.2869295585758,0,0,0,999,0,1,0,33.0,39.5,0,2597.3062299935314,False
TSH_74,2021-02,9.2869295585758,0,0,0,999,0,2,0,33.0,39.5,0,2597.3062299935314,False
TSH_74,2021-03,9.2869295585758,0,0,0,999,0,3,0,33.0,39.5,0,2597.3062299935314,False
TSH_74,2021-04,9.2869295585758,0,0,0,999,0,4,0,33.0,39.5,0,2597.3062299935314,False
TSH_74,2021-05,9.2869295585758,0,0,0,999,0,5,1,33.0,39.5,0,2597.3062299935314,False
TSH_74,2021-06,9.2869295585758,0,0,0,999,0,6,1,33.0,39.5,0,2597.3062299935314,False
TSH_74,2021-07,9.2869295585758,0,0,0,999,0,7,1,33.0,39.5,0,2597.3062299935314,False
TSH_74,2021-08,9.2869295585758,0,0,0,999,0,8,1,33.0,39.5,0,2597.3062299935314,False
TSH_74,2021-09,9.2869295585758,0,0,0,999,0,9,1,33.0,39.5,0,2597.3062299935314,False
TSH_74,2021-10,9.2869295585758,0,0,0,999,0,10,0,33.0,39.5,0,2597.3062299935314,False
TSH_74,2021-11,9.2869295585758,0,0,0,999,0,11,0,33.0,39.5,0,2597.3062299935314,False
TSH_74,2021-12,9.2869295585758,0,0,0,999,0,12,0,33.0,39.5,0,2597.3062299935314,False
TSH_74,2022-01,9.2869295585758,0,0,0,999,0,1,0,33.0,39.5,0,2597.3062299935314,False
TSH_74,2022-02,9.2869295585758,0,0,0,999,0,2,0,33.0,39.5,0,2597.3062299935314,False
TSH_74,2022-03,9.2869295585758,0,0,0,999,0,3,0,33.0,39.5,0,2597.3062299935314,False
TSH_74,2022-04,9.2869295585758,0,0,0,999,0,4,0,33.0,39.5,0,2597.3062299935314,False
TSH_74,2022-05,9.2869295585758,0,0,0,999,0,5,1,33.0,39.5,0,2597.3062299935314,False
TSH_74,2022-06,9.2869295585758,0,0,0,999,0,6,1,33.0,39.5,0,2597.3062299935314,False
TSH_74,2022-07,9.2869295585758,0,0,0,999,0,7,1,33.0,39.5,0,2597.3062299935314,False
TSH_74,2022-08,9.2869295585758,0,0,0,999,0,8,1,33.0,39.5,0,2597.3062299935314,False
TSH_74,2022-09,9.2869295585758,0,0,0,999,0,9,1,33.0,39.5,0,2597.3062299935314,False
TSH_74,2022-10,9.2869295585758,0,0,0,999,0,10,0,33.0,39.5,0,2597.3062299935314,False
TSH_74,2022-11,9.2869295585758,0,0,0,999,0,11,0,33.0,39.5,0,2597.3062299935314,False
TSH_74,2022-12,9.2869295585758,0,0,0,999,0,12,0,33.0,39.5,0,2597.3062299935314,False
TSH_74,2023-01,9.2869295585758,0,0,0,999,0,1,0,33.0,39.5,0,2597.3062299935314,False
TSH_74,2023-02,9.2869295585758,0,0,0,999,0,2,0,33.0,39.5,0,2597.3062299935314,False
TSH_74,2023-03,9.2869295585758,0,0,0,999,0,3,0,33.0,39.5,0,2597.3062299935314,False
TSH_74,2023-04,9.2869295585758,0,0,0,999,0,4,0,33.0,39.5,0,2597.3062299935314,False
TSH_74,2023-05,9.2869295585758,0,0,0,999,0,5,1,33.0,39.5,0,2597.3062299935314,False
TSH_74,2023-06,9.2869295585758,0,0,0,999,0,6,1,33.0,39.5,0,2597.3062299935314,False
TSH_74,2023-07,9.2869295585758,0,0,0,999,0,7,1,33.0,39.5,0,2597.3062299935314,False
TSH_74,2023-08,9.2869295585758,0,0,0,999,0,8,1,33.0,39.5,0,2597.3062299935314,False
TSH_74,2023-09,9.2869295585758,0,0,0,999,0,9,1,33.0,39.5,0,2597.3062299935314,False
TSH_74,2023-10,9.2869295585758,0,0,0,999,0,10,0,33.0,39.5,0,2597.3062299935314,False
TSH_74,2023-11,9.2869295585758,0,0,0,999,0,11,0,33.0,39.5,0,2597.3062299935314,False
TSH_74,2023-12,9.2869295585758,0,0,0,999,0,12,0,33.0,39.5,0,2597.3062299935314,False
TSH_74,2024-01,9.2869295585758,0,0,0,999,0,1,0,33.0,39.5,0,2597.3062299935314,False
TSH_74,2024-02,9.2869295585758,0,0,0,999,0,2,0,33.0,39.5,0,2597.3062299935314,False
TSH_74,2024-03,9.2869295585758,0,0,0,999,0,3,0,33.0,39.5,0,2597.3062299935314,False
TSH_74,2024-04,9.2869295585758,0,0,0,999,0,4,0,33.0,39.5,0,2597.3062299935314,False
TSH_74,2024-05,9.2869295585758,0,0,0,999,0,5,1,33.0,39.5,0,2597.3062299935314,False
TSH_74,2024-06,9.2869295585758,0,0,0,999,0,6,1,33.0,39.5,0,2597.3062299935314,False
TSH_74,2024-07,9.2869295585758,0,0,0,999,0,7,1,33.0,39.5,0,2597.3062299935314,False
TSH_74,2024-08,9.2869295585758,0,0,0,999,0,8,1,33.0,39.5,0,2597.3062299935314,False
TSH_74,2024-09,9.2869295585758,0,0,0,999,0,9,1,33.0,39.5,0,2597.3062299935314,False
TSH_74,2024-10,9.2869295585758,0,0,0,999,0,10,0,33.0,39.5,0,2597.3062299935314,False
TSH_74,2024-11,9.2869295585758,0,0,0,999,0,11,0,33.0,39.5,0,2597.3062299935314,False
TSH_74,2024-12,9.2869295585758,0,0,0,999,0,12,0,33.0,39.5,0,2597.3062299935314,False
TSH_74,2025-01,9.2869295585758,0,0,0,999,0,1,0,33.0,39.5,0,2597.3062299935314,False
TSH_74,2025-02,9.2869295585758,0,0,0,999,0,2,0,33.0,39.5,0,2597.3062299935314,False
TSH_74,2025-03,9.2869295585758,0,0,0,999,0,3,0,33.0,39.5,0,2597.3062299935314,False
TSH_74,2025-04,9.2869295585758,0,0,0,999,0,4,0,33.0,39.5,0,2597.3062299935314,False
TSH_74,2025-05,9.2869295585758,0,0,0,999,0,5,1,33.0,39.5,0,2597.3062299935314,False
TSH_74,2025-06,9.2869295585758,0,0,0,999,0,6,1,33.0,39.5,0,2597.3062299935314,False
TSH_74,2025-07,9.2869295585758,0,0,0,999,0,7,1,33.0,39.5,0,2597.3062299935314,False
TSH_74,2025-08,9.2869295585758,0,0,0,999,0,8,1,33.0,39.5,0,2597.3062299935314,False
TSH_74,2025-09,9.2869295585758,0,0,0,999,0,9,1,33.0,39.5,0,2597.3062299935314,False
TSH_74,2025-10,9.2869295585758,0,0,0,999,0,10,0,33.0,39.5,0,2597.3062299935314,False
TSH_74,2025-11,9.2869295585758,0,0,0,999,0,11,0,33.0,39.5,0,2597.3062299935314,False
TSH_74,2025-12,9.2869295585758,0,0,0,999,0,12,0,33.0,39.5,0,2597.3062299935314,False
TSH_74,2026-01,9.2869295585758,0,0,0,999,0,1,0,33.0,39.5,0,2597.3062299935314,False
TSH_74,2026-02,9.2869295585758,0,0,0,999,0,2,0,33.0,39.5,0,2597.3062299935314,False
TSH_74,2026-03,9.2869295585758,0,0,0,999,0,3,0,33.0,39.5,0,2597.3062299935314,False
TSH_75,2019-08,11.886732983856334,0,0,0,999,0,8,1,33.0,39.5,0,2472.420305891781,False
TSH_75,2019-09,11.886732983856334,0,0,0,999,0,9,1,33.0,39.5,0,2472.420305891781,False
TSH_75,2019-10,11.886732983856334,0,0,0,999,0,10,0,33.0,39.5,0,2472.420305891781,False
TSH_75,2019-11,11.886732983856334,0,0,0,999,0,11,0,33.0,39.5,0,2472.420305891781,False
TSH_75,2019-12,11.886732983856334,0,0,0,999,0,12,0,33.0,39.5,0,2472.420305891781,False
TSH_75,2020-01,11.886732983856334,0,0,0,999,0,1,0,33.0,39.5,0,2472.420305891781,False
TSH_75,2020-02,11.886732983856334,0,0,0,999,0,2,0,33.0,39.5,0,2472.420305891781,False
TSH_75,2020-03,11.886732983856334,0,0,0,999,0,3,0,33.0,39.5,0,2472.420305891781,False
TSH_75,2020-04,11.886732983856334,0,0,0,999,0,4,0,33.0,39.5,0,2472.420305891781,False
TSH_75,2020-05,11.886732983856334,0,0,0,999,0,5,1,33.0,39.5,0,2472.420305891781,False
TSH_75,2020-06,11.886732983856334,0,0,0,999,0,6,1,33.0,39.5,0,2472.420305891781,False
TSH_75,2020-07,11.886732983856334,0,0,0,999,0,7,1,33.0,39.5,0,2472.420305891781,False
TSH_75,2020-08,11.886732983856334,0,0,0,999,0,8,1,33.0,39.5,0,2472.420305891781,False
TSH_75,2020-09,11.886732983856334,0,0,0,999,0,9,1,33.0,39.5,0,2472.420305891781,False
TSH_75,2020-10,11.886732983856334,0,0,0,999,0,10,0,33.0,39.5,0,2472.420305891781,False
TSH_75,2020-11,11.886732983856334,0,0,0,999,0,11,0,33.0,39.5,0,2472.420305891781,False
TSH_75,2020-12,11.886732983856334,0,0,0,999,0,12,0,33.0,39.5,0,2472.420305891781,False
TSH_75,2021-01,11.886732983856334,0,0,0,999,0,1,0,33.0,39.5,0,2472.420305891781,False
TSH_75,2021-02,11.886732983856334,0,0,0,999,0,2,0,33.0,39.5,0,2472.420305891781,False
TSH_75,2021-03,11.886732983856334,0,0,0,999,0,3,0,33.0,39.5,0,2472.420305891781,False
TSH_75,2021-04,11.886732983856334,0,0,0,999,0,4,0,33.0,39.5,0,2472.420305891781,False
TSH_75,2021-05,11.886732983856334,0,0,0,999,0,5,1,33.0,39.5,0,2472.420305891781,False
TSH_75,2021-06,11.886732983856334,0,0,0,999,0,6,1,33.0,39.5,0,2472.420305891781,False
TSH_75,2021-07,11.886732983856334,0,0,0,999,0,7,1,33.0,39.5,0,2472.420305891781,False
TSH_75,2021-08,11.886732983856334,0,0,0,999,0,8,1,33.0,39.5,0,2472.420305891781,False
TSH_75,2021-09,11.886732983856334,0,0,0,999,0,9,1,33.0,39.5,0,2472.420305891781,False
TSH_75,2021-10,11.886732983856334,0,0,0,999,0,10,0,33.0,39.5,0,2472.420305891781,False
TSH_75,2021-11,11.886732983856334,0,0,0,999,0,11,0,33.0,39.5,0,2472.420305891781,False
TSH_75,2021-12,11.886732983856334,0,0,0,999,0,12,0,33.0,39.5,0,2472.420305891781,False
TSH_75,2022-01,11.886732983856334,0,0,0,999,0,1,0,33.0,39.5,0,2472.420305891781,False
TSH_75,2022-02,11.886732983856334,0,0,0,999,0,2,0,33.0,39.5,0,2472.420305891781,False
TSH_75,2022-03,11.886732983856334,0,0,0,999,0,3,0,33.0,39.5,0,2472.420305891781,False
TSH_75,2022-04,11.886732983856334,0,0,0,999,0,4,0,33.0,39.5,0,2472.420305891781,False
TSH_75,2022-05,11.886732983856334,0,0,0,999,0,5,1,33.0,39.5,0,2472.420305891781,False
TSH_75,2022-06,11.886732983856334,0,0,0,999,0,6,1,33.0,39.5,0,2472.420305891781,False
TSH_75,2022-07,11.886732983856334,0,0,0,999,0,7,1,33.0,39.5,0,2472.420305891781,False
TSH_75,2022-08,11.886732983856334,0,0,0,999,0,8,1,33.0,39.5,0,2472.420305891781,False
TSH_75,2022-09,11.886732983856334,0,0,0,999,0,9,1,33.0,39.5,0,2472.420305891781,False
TSH_75,2022-10,11.886732983856334,0,0,0,999,0,10,0,33.0,39.5,0,2472.420305891781,False
TSH_75,2022-11,11.886732983856334,0,0,0,999,0,11,0,33.0,39.5,0,2472.420305891781,False
TSH_75,2022-12,11.886732983856334,0,0,0,999,0,12,0,33.0,39.5,0,2472.420305891781,False
TSH_75,2023-01,11.886732983856334,0,0,0,999,0,1,0,33.0,39.5,0,2472.420305891781,False
TSH_75,2023-02,11.886732983856334,0,0,0,999,0,2,0,33.0,39.5,0,2472.420305891781,False
TSH_75,2023-03,11.886732983856334,0,0,0,999,0,3,0,33.0,39.5,0,2472.420305891781,False
TSH_75,2023-04,11.886732983856334,0,0,0,999,0,4,0,33.0,39.5,0,2472.420305891781,False
TSH_75,2023-05,11.886732983856334,0,0,0,999,0,5,1,33.0,39.5,0,2472.420305891781,False
TSH_75,2023-06,11.886732983856334,0,0,0,999,0,6,1,33.0,39.5,0,2472.420305891781,False
TSH_75,2023-07,11.886732983856334,0,0,0,999,0,7,1,33.0,39.5,0,2472.420305891781,False
TSH_75,2023-08,11.886732983856334,0,0,0,999,0,8,1,33.0,39.5,0,2472.420305891781,False
TSH_75,2023-09,11.886732983856334,0,0,0,999,0,9,1,33.0,39.5,0,2472.420305891781,False
TSH_75,2023-10,11.886732983856334,0,0,0,999,0,10,0,33.0,39.5,0,2472.420305891781,False
TSH_75,2023-11,11.886732983856334,0,0,0,999,0,11,0,33.0,39.5,0,2472.420305891781,False
TSH_75,2023-12,11.886732983856334,0,0,0,999,0,12,0,33.0,39.5,0,2472.420305891781,False
TSH_75,2024-01,11.886732983856334,0,0,0,999,0,1,0,33.0,39.5,0,2472.420305891781,False
TSH_75,2024-02,11.886732983856334,0,0,0,999,0,2,0,33.0,39.5,0,2472.420305891781,False
TSH_75,2024-03,11.886732983856334,0,0,0,999,0,3,0,33.0,39.5,0,2472.420305891781,False
TSH_75,2024-04,11.886732983856334,0,0,0,999,0,4,0,33.0,39.5,0,2472.420305891781,False
TSH_75,2024-05,11.886732983856334,0,0,0,999,0,5,1,33.0,39.5,0,2472.420305891781,False
TSH_75,2024-06,11.886732983856334,0,0,0,999,0,6,1,33.0,39.5,0,2472.420305891781,False
TSH_75,2024-07,11.886732983856334,0,0,0,999,0,7,1,33.0,39.5,0,2472.420305891781,False
TSH_75,2024-08,11.886732983856334,0,0,0,999,0,8,1,33.0,39.5,0,2472.420305891781,False
TSH_75,2024-09,11.886732983856334,0,0,0,999,0,9,1,33.0,39.5,0,2472.420305891781,False
TSH_75,2024-10,11.886732983856334,0,0,0,999,0,10,0,33.0,39.5,0,2472.420305891781,False
TSH_75,2024-11,11.886732983856334,0,0,0,999,0,11,0,33.0,39.5,0,2472.420305891781,False
TSH_75,2024-12,11.886732983856334,0,0,0,999,0,12,0,33.0,39.5,0,2472.420305891781,False
TSH_75,2025-01,11.886732983856334,0,0,0,999,0,1,0,33.0,39.5,0,2472.420305891781,False
TSH_75,2025-02,11.886732983856334,0,0,0,999,0,2,0,33.0,39.5,0,2472.420305891781,False
TSH_75,2025-03,11.886732983856334,0,0,0,999,0,3,0,33.0,39.5,0,2472.420305891781,False
TSH_75,2025-04,11.886732983856334,0,0,0,999,0,4,0,33.0,39.5,0,2472.420305891781,False
TSH_75,2025-05,11.886732983856334,0,0,0,999,0,5,1,33.0,39.5,0,2472.420305891781,False
TSH_75,2025-06,11.886732983856334,0,0,0,999,0,6,1,33.0,39.5,0,2472.420305891781,False
TSH_75,2025-07,11.886732983856334,0,0,0,999,0,7,1,33.0,39.5,0,2472.420305891781,False
TSH_75,2025-08,11.886732983856334,0,0,0,999,0,8,1,33.0,39.5,0,2472.420305891781,False
TSH_75,2025-09,11.886732983856334,0,0,0,999,0,9,1,33.0,39.5,0,2472.420305891781,False
TSH_75,2025-10,11.886732983856334,0,0,0,999,0,10,0,33.0,39.5,0,2472.420305891781,False
TSH_75,2025-11,11.886732983856334,0,0,0,999,0,11,0,33.0,39.5,0,2472.420305891781,False
TSH_75,2025-12,11.886732983856334,0,0,0,999,0,12,0,33.0,39.5,0,2472.420305891781,False
TSH_75,2026-01,11.886732983856334,0,0,0,999,0,1,0,33.0,39.5,0,2472.420305891781,False
TSH_75,2026-02,11.886732983856334,0,0,0,999,0,2,0,33.0,39.5,0,2472.420305891781,False
TSH_75,2026-03,11.886732983856334,0,0,0,999,0,3,0,33.0,39.5,0,2472.420305891781,False
TSH_76,2019-08,28.90359448721781,0,0,0,999,0,8,1,33.0,39.5,0,817.0610063894936,False
TSH_76,2019-09,28.90359448721781,0,0,0,999,0,9,1,33.0,39.5,0,817.0610063894936,False
TSH_76,2019-10,28.90359448721781,0,0,0,999,0,10,0,33.0,39.5,0,817.0610063894936,False
TSH_76,2019-11,28.90359448721781,0,0,0,999,0,11,0,33.0,39.5,0,817.0610063894936,False
TSH_76,2019-12,28.90359448721781,0,0,0,999,0,12,0,33.0,39.5,0,817.0610063894936,False
TSH_76,2020-01,28.90359448721781,0,0,0,999,0,1,0,33.0,39.5,0,817.0610063894936,False
TSH_76,2020-02,28.90359448721781,0,0,0,999,0,2,0,33.0,39.5,0,817.0610063894936,False
TSH_76,2020-03,28.90359448721781,0,0,0,999,0,3,0,33.0,39.5,0,817.0610063894936,False
TSH_76,2020-04,28.90359448721781,0,0,0,999,0,4,0,33.0,39.5,0,817.0610063894936,False
TSH_76,2020-05,28.90359448721781,0,0,0,999,0,5,1,33.0,39.5,0,817.0610063894936,False
TSH_76,2020-06,28.90359448721781,0,0,0,999,0,6,1,33.0,39.5,0,817.0610063894936,False
TSH_76,2020-07,28.90359448721781,0,0,0,999,0,7,1,33.0,39.5,0,817.0610063894936,False
TSH_76,2020-08,28.90359448721781,0,0,0,999,0,8,1,33.0,39.5,0,817.0610063894936,False
TSH_76,2020-09,28.90359448721781,0,0,0,999,0,9,1,33.0,39.5,0,817.0610063894936,False
TSH_76,2020-10,28.90359448721781,0,0,0,999,0,10,0,33.0,39.5,0,817.0610063894936,False
TSH_76,2020-11,28.90359448721781,0,0,0,999,0,11,0,33.0,39.5,0,817.0610063894936,False
TSH_76,2020-12,28.90359448721781,0,0,0,999,0,12,0,33.0,39.5,0,817.0610063894936,False
TSH_76,2021-01,28.90359448721781,0,0,0,999,0,1,0,33.0,39.5,0,817.0610063894936,False
TSH_76,2021-02,28.90359448721781,0,0,0,999,0,2,0,33.0,39.5,0,817.0610063894936,False
TSH_76,2021-03,28.90359448721781,0,0,0,999,0,3,0,33.0,39.5,0,817.0610063894936,False
TSH_76,2021-04,28.90359448721781,0,0,0,999,0,4,0,33.0,39.5,0,817.0610063894936,False
TSH_76,2021-05,28.90359448721781,0,0,0,999,0,5,1,33.0,39.5,0,817.0610063894936,False
TSH_76,2021-06,28.90359448721781,0,0,0,999,0,6,1,33.0,39.5,0,817.0610063894936,False
TSH_76,2021-07,28.90359448721781,0,0,0,999,0,7,1,33.0,39.5,0,817.0610063894936,False
TSH_76,2021-08,28.90359448721781,0,0,0,999,0,8,1,33.0,39.5,0,817.0610063894936,False
TSH_76,2021-09,28.90359448721781,0,0,0,999,0,9,1,33.0,39.5,0,817.0610063894936,False
TSH_76,2021-10,28.90359448721781,0,0,0,999,0,10,0,33.0,39.5,0,817.0610063894936,False
TSH_76,2021-11,28.90359448721781,0,0,0,999,0,11,0,33.0,39.5,0,817.0610063894936,False
TSH_76,2021-12,28.90359448721781,0,0,0,999,0,12,0,33.0,39.5,0,817.0610063894936,False
TSH_76,2022-01,28.90359448721781,0,0,0,999,0,1,0,33.0,39.5,0,817.0610063894936,False
TSH_76,2022-02,28.90359448721781,0,0,0,999,0,2,0,33.0,39.5,0,817.0610063894936,False
TSH_76,2022-03,28.90359448721781,0,0,0,999,0,3,0,33.0,39.5,0,817.0610063894936,False
TSH_76,2022-04,28.90359448721781,0,0,0,999,0,4,0,33.0,39.5,0,817.0610063894936,False
TSH_76,2022-05,28.90359448721781,0,0,0,999,0,5,1,33.0,39.5,0,817.0610063894936,False
TSH_76,2022-06,28.90359448721781,0,0,0,999,0,6,1,33.0,39.5,0,817.0610063894936,False
TSH_76,2022-07,28.90359448721781,0,0,0,999,0,7,1,33.0,39.5,0,817.0610063894936,False
TSH_76,2022-08,28.90359448721781,0,0,0,999,0,8,1,33.0,39.5,0,817.0610063894936,False
TSH_76,2022-09,28.90359448721781,0,0,0,999,0,9,1,33.0,39.5,0,817.0610063894936,False
TSH_76,2022-10,28.90359448721781,0,0,0,999,0,10,0,33.0,39.5,0,817.0610063894936,False
TSH_76,2022-11,28.90359448721781,0,0,0,999,0,11,0,33.0,39.5,0,817.0610063894936,False
TSH_76,2022-12,28.90359448721781,0,0,0,999,0,12,0,33.0,39.5,0,817.0610063894936,False
TSH_76,2023-01,28.90359448721781,0,0,0,999,0,1,0,33.0,39.5,0,817.0610063894936,False
TSH_76,2023-02,28.90359448721781,0,0,0,999,0,2,0,33.0,39.5,0,817.0610063894936,False
TSH_76,2023-03,28.90359448721781,0,0,0,999,0,3,0,33.0,39.5,0,817.0610063894936,False
TSH_76,2023-04,28.90359448721781,0,0,0,999,0,4,0,33.0,39.5,0,817.0610063894936,False
TSH_76,2023-05,28.90359448721781,0,0,0,999,0,5,1,33.0,39.5,0,817.0610063894936,False
TSH_76,2023-06,28.90359448721781,0,0,0,999,0,6,1,33.0,39.5,0,817.0610063894936,False
TSH_76,2023-07,28.90359448721781,0,0,0,999,0,7,1,33.0,39.5,0,817.0610063894936,False
TSH_76,2023-08,28.90359448721781,0,0,0,999,0,8,1,33.0,39.5,0,817.0610063894936,False
TSH_76,2023-09,28.90359448721781,0,0,0,999,0,9,1,33.0,39.5,0,817.0610063894936,False
TSH_76,2023-10,28.90359448721781,0,0,0,999,0,10,0,33.0,39.5,0,817.0610063894936,False
TSH_76,2023-11,28.90359448721781,0,0,0,999,0,11,0,33.0,39.5,0,817.0610063894936,False
TSH_76,2023-12,28.90359448721781,0,0,0,999,0,12,0,33.0,39.5,0,817.0610063894936,False
TSH_76,2024-01,28.90359448721781,0,0,0,999,0,1,0,33.0,39.5,0,817.0610063894936,False
TSH_76,2024-02,28.90359448721781,0,0,0,999,0,2,0,33.0,39.5,0,817.0610063894936,False
TSH_76,2024-03,28.90359448721781,0,0,0,999,0,3,0,33.0,39.5,0,817.0610063894936,False
TSH_76,2024-04,28.90359448721781,0,0,0,999,0,4,0,33.0,39.5,0,817.0610063894936,False
TSH_76,2024-05,28.90359448721781,0,0,0,999,0,5,1,33.0,39.5,0,817.0610063894936,False
TSH_76,2024-06,28.90359448721781,0,0,0,999,0,6,1,33.0,39.5,0,817.0610063894936,False
TSH_76,2024-07,28.90359448721781,0,0,0,999,0,7,1,33.0,39.5,0,817.0610063894936,False
TSH_76,2024-08,28.90359448721781,0,0,0,999,0,8,1,33.0,39.5,0,817.0610063894936,False
TSH_76,2024-09,28.90359448721781,0,0,0,999,0,9,1,33.0,39.5,0,817.0610063894936,False
TSH_76,2024-10,28.90359448721781,0,0,0,999,0,10,0,33.0,39.5,0,817.0610063894936,False
TSH_76,2024-11,28.90359448721781,0,0,0,999,0,11,0,33.0,39.5,0,817.0610063894936,False
TSH_76,2024-12,28.90359448721781,0,0,0,999,0,12,0,33.0,39.5,0,817.0610063894936,False
TSH_76,2025-01,28.90359448721781,0,0,0,999,0,1,0,33.0,39.5,0,817.0610063894936,False
TSH_76,2025-02,28.90359448721781,0,0,0,999,0,2,0,33.0,39.5,0,817.0610063894936,False
TSH_76,2025-03,28.90359448721781,0,0,0,999,0,3,0,33.0,39.5,0,817.0610063894936,False
TSH_76,2025-04,28.90359448721781,0,0,0,999,0,4,0,33.0,39.5,0,817.0610063894936,False
TSH_76,2025-05,28.90359448721781,0,0,0,999,0,5,1,33.0,39.5,0,817.0610063894936,False
TSH_76,2025-06,28.90359448721781,0,0,0,999,0,6,1,33.0,39.5,0,817.0610063894936,False
TSH_76,2025-07,28.90359448721781,0,0,0,999,0,7,1,33.0,39.5,0,817.0610063894936,False
TSH_76,2025-08,28.90359448721781,0,0,0,999,0,8,1,33.0,39.5,0,817.0610063894936,False
TSH_76,2025-09,28.90359448721781,0,0,0,999,0,9,1,33.0,39.5,0,817.0610063894936,False
TSH_76,2025-10,28.90359448721781,0,0,0,999,0,10,0,33.0,39.5,0,817.0610063894936,False
TSH_76,2025-11,28.90359448721781,0,0,0,999,0,11,0,33.0,39.5,0,817.0610063894936,False
TSH_76,2025-12,28.90359448721781,0,0,0,999,0,12,0,33.0,39.5,0,817.0610063894936,False
TSH_76,2026-01,28.90359448721781,0,0,0,999,0,1,0,33.0,39.5,0,817.0610063894936,False
TSH_76,2026-02,28.90359448721781,0,0,0,999,0,2,0,33.0,39.5,0,817.0610063894936,False
TSH_76,2026-03,28.90359448721781,0,0,0,999,0,3,0,33.0,39.5,0,817.0610063894936,False
TSH_77,2019-08,19.23445779559901,0,0,0,999,0,8,1,33.0,31.9,0,4395.029009829561,False
TSH_77,2019-09,19.23445779559901,0,0,0,999,0,9,1,33.0,31.9,0,4395.029009829561,False
TSH_77,2019-10,19.23445779559901,0,0,0,999,0,10,0,33.0,31.9,0,4395.029009829561,False
TSH_77,2019-11,19.23445779559901,0,0,0,999,0,11,0,33.0,31.9,0,4395.029009829561,False
TSH_77,2019-12,19.23445779559901,0,0,0,999,0,12,0,33.0,31.9,0,4395.029009829561,False
TSH_77,2020-01,19.23445779559901,0,0,0,999,0,1,0,33.0,31.9,0,4395.029009829561,False
TSH_77,2020-02,19.23445779559901,0,0,0,999,0,2,0,33.0,31.9,0,4395.029009829561,False
TSH_77,2020-03,19.23445779559901,0,0,0,999,0,3,0,33.0,31.9,0,4395.029009829561,False
TSH_77,2020-04,19.23445779559901,0,0,0,999,0,4,0,33.0,31.9,0,4395.029009829561,False
TSH_77,2020-05,19.23445779559901,0,0,0,999,0,5,1,33.0,31.9,0,4395.029009829561,False
TSH_77,2020-06,19.23445779559901,0,0,0,999,0,6,1,33.0,31.9,0,4395.029009829561,False
TSH_77,2020-07,19.23445779559901,0,0,0,999,0,7,1,33.0,31.9,0,4395.029009829561,False
TSH_77,2020-08,19.23445779559901,0,0,0,999,0,8,1,33.0,31.9,0,4395.029009829561,False
TSH_77,2020-09,19.23445779559901,0,0,0,999,0,9,1,33.0,31.9,0,4395.029009829561,False
TSH_77,2020-10,19.23445779559901,0,0,0,999,0,10,0,33.0,31.9,0,4395.029009829561,False
TSH_77,2020-11,19.23445779559901,0,0,0,999,0,11,0,33.0,31.9,0,4395.029009829561,False
TSH_77,2020-12,19.23445779559901,0,0,0,999,0,12,0,33.0,31.9,0,4395.029009829561,False
TSH_77,2021-01,19.23445779559901,0,0,0,999,0,1,0,33.0,31.9,0,4395.029009829561,False
TSH_77,2021-02,19.23445779559901,0,0,0,999,0,2,0,33.0,31.9,0,4395.029009829561,False
TSH_77,2021-03,19.23445779559901,0,0,0,999,0,3,0,33.0,31.9,0,4395.029009829561,False
TSH_77,2021-04,19.23445779559901,0,0,0,999,0,4,0,33.0,31.9,0,4395.029009829561,False
TSH_77,2021-05,19.23445779559901,0,0,0,999,0,5,1,33.0,31.9,0,4395.029009829561,False
TSH_77,2021-06,19.23445779559901,0,0,0,999,0,6,1,33.0,31.9,0,4395.029009829561,False
TSH_77,2021-07,19.23445779559901,0,0,0,999,0,7,1,33.0,31.9,0,4395.029009829561,False
TSH_77,2021-08,19.23445779559901,0,0,0,999,0,8,1,33.0,31.9,0,4395.029009829561,False
TSH_77,2021-09,19.23445779559901,0,0,0,999,0,9,1,33.0,31.9,0,4395.029009829561,False
TSH_77,2021-10,19.23445779559901,0,0,0,999,0,10,0,33.0,31.9,0,4395.029009829561,False
TSH_77,2021-11,19.23445779559901,0,0,0,999,0,11,0,33.0,31.9,0,4395.029009829561,False
TSH_77,2021-12,19.23445779559901,0,0,0,999,0,12,0,33.0,31.9,0,4395.029009829561,False
TSH_77,2022-01,19.23445779559901,0,0,0,999,0,1,0,33.0,31.9,0,4395.029009829561,False
TSH_77,2022-02,19.23445779559901,0,0,0,999,0,2,0,33.0,31.9,0,4395.029009829561,False
TSH_77,2022-03,19.23445779559901,0,0,0,999,0,3,0,33.0,31.9,0,4395.029009829561,False
TSH_77,2022-04,19.23445779559901,0,0,0,999,0,4,0,33.0,31.9,0,4395.029009829561,False
TSH_77,2022-05,19.23445779559901,0,0,0,999,0,5,1,33.0,31.9,0,4395.029009829561,False
TSH_77,2022-06,19.23445779559901,0,0,0,999,0,6,1,33.0,31.9,0,4395.029009829561,False
TSH_77,2022-07,19.23445779559901,0,0,0,999,0,7,1,33.0,31.9,0,4395.029009829561,False
TSH_77,2022-08,19.23445779559901,0,0,0,999,0,8,1,33.0,31.9,0,4395.029009829561,False
TSH_77,2022-09,19.23445779559901,0,0,0,999,0,9,1,33.0,31.9,0,4395.029009829561,False
TSH_77,2022-10,19.23445779559901,0,0,0,999,0,10,0,33.0,31.9,0,4395.029009829561,False
TSH_77,2022-11,19.23445779559901,0,0,0,999,0,11,0,33.0,31.9,0,4395.029009829561,False
TSH_77,2022-12,19.23445779559901,0,0,0,999,0,12,0,33.0,31.9,0,4395.029009829561,False
TSH_77,2023-01,19.23445779559901,0,0,0,999,0,1,0,33.0,31.9,0,4395.029009829561,False
TSH_77,2023-02,19.23445779559901,0,0,0,999,0,2,0,33.0,31.9,0,4395.029009829561,False
TSH_77,2023-03,19.23445779559901,0,0,0,999,0,3,0,33.0,31.9,0,4395.029009829561,False
TSH_77,2023-04,19.23445779559901,0,0,0,999,0,4,0,33.0,31.9,0,4395.029009829561,False
TSH_77,2023-05,19.23445779559901,0,0,0,999,0,5,1,33.0,31.9,0,4395.029009829561,False
TSH_77,2023-06,19.23445779559901,0,0,0,999,0,6,1,33.0,31.9,0,4395.029009829561,False
TSH_77,2023-07,19.23445779559901,0,0,0,999,0,7,1,33.0,31.9,0,4395.029009829561,False
TSH_77,2023-08,19.23445779559901,0,0,0,999,0,8,1,33.0,31.9,0,4395.029009829561,False
TSH_77,2023-09,19.23445779559901,0,0,0,999,0,9,1,33.0,31.9,0,4395.029009829561,False
TSH_77,2023-10,19.23445779559901,0,0,0,999,0,10,0,33.0,31.9,0,4395.029009829561,False
TSH_77,2023-11,19.23445779559901,0,0,0,999,0,11,0,33.0,31.9,0,4395.029009829561,False
TSH_77,2023-12,19.23445779559901,0,0,0,999,0,12,0,33.0,31.9,0,4395.029009829561,False
TSH_77,2024-01,19.23445779559901,0,0,0,999,0,1,0,33.0,31.9,0,4395.029009829561,False
TSH_77,2024-02,19.23445779559901,0,0,0,999,0,2,0,33.0,31.9,0,4395.029009829561,False
TSH_77,2024-03,19.23445779559901,0,0,0,999,0,3,0,33.0,31.9,0,4395.029009829561,False
TSH_77,2024-04,19.23445779559901,0,0,0,999,0,4,0,33.0,31.9,0,4395.029009829561,False
TSH_77,2024-05,19.23445779559901,0,0,0,999,0,5,1,33.0,31.9,0,4395.029009829561,False
TSH_77,2024-06,19.23445779559901,0,0,0,999,0,6,1,33.0,31.9,0,4395.029009829561,False
TSH_77,2024-07,19.23445779559901,0,0,0,999,0,7,1,33.0,31.9,0,4395.029009829561,False
TSH_77,2024-08,19.23445779559901,0,0,0,999,0,8,1,33.0,31.9,0,4395.029009829561,False
TSH_77,2024-09,19.23445779559901,0,0,0,999,0,9,1,33.0,31.9,0,4395.029009829561,False
TSH_77,2024-10,19.23445779559901,0,0,0,999,0,10,0,33.0,31.9,0,4395.029009829561,False
TSH_77,2024-11,19.23445779559901,0,0,0,999,0,11,0,33.0,31.9,0,4395.029009829561,False
TSH_77,2024-12,19.23445779559901,0,0,0,999,0,12,0,33.0,31.9,0,4395.029009829561,False
TSH_77,2025-01,19.23445779559901,0,0,0,999,0,1,0,33.0,31.9,0,4395.029009829561,False
TSH_77,2025-02,19.23445779559901,0,0,0,999,0,2,0,33.0,31.9,0,4395.029009829561,False
TSH_77,2025-03,19.23445779559901,0,0,0,999,0,3,0,33.0,31.9,0,4395.029009829561,False
TSH_77,2025-04,19.23445779559901,0,0,0,999,0,4,0,33.0,31.9,0,4395.029009829561,False
TSH_77,2025-05,19.23445779559901,0,0,0,999,0,5,1,33.0,31.9,0,4395.029009829561,False
TSH_77,2025-06,19.23445779559901,0,0,0,999,0,6,1,33.0,31.9,0,4395.029009829561,False
TSH_77,2025-07,19.23445779559901,0,0,0,999,0,7,1,33.0,31.9,0,4395.029009829561,False
TSH_77,2025-08,19.23445779559901,0,0,0,999,0,8,1,33.0,31.9,0,4395.029009829561,False
TSH_77,2025-09,19.23445779559901,0,0,0,999,0,9,1,33.0,31.9,0,4395.029009829561,False
TSH_77,2025-10,19.23445779559901,0,0,0,999,0,10,0,33.0,31.9,0,4395.029009829561,False
TSH_77,2025-11,19.23445779559901,0,0,0,999,0,11,0,33.0,31.9,0,4395.029009829561,False
TSH_77,2025-12,19.23445779559901,0,0,0,999,0,12,0,33.0,31.9,0,4395.029009829561,False
TSH_77,2026-01,19.23445779559901,0,0,0,999,0,1,0,33.0,31.9,0,4395.029009829561,False
TSH_77,2026-02,19.23445779559901,0,0,0,999,0,2,0,33.0,31.9,0,4395.029009829561,False
TSH_77,2026-03,19.23445779559901,0,0,0,999,0,3,0,33.0,31.9,0,4395.029009829561,False
TSH_78,2019-08,8.280439085738122,0,0,0,999,0,8,1,33.0,31.9,0,2800.0930578590437,False
TSH_78,2019-09,8.280439085738122,0,0,0,999,0,9,1,33.0,31.9,0,2800.0930578590437,False
TSH_78,2019-10,8.280439085738122,0,0,0,999,0,10,0,33.0,31.9,0,2800.0930578590437,False
TSH_78,2019-11,8.280439085738122,0,0,0,999,0,11,0,33.0,31.9,0,2800.0930578590437,False
TSH_78,2019-12,8.280439085738122,0,0,0,999,0,12,0,33.0,31.9,0,2800.0930578590437,False
TSH_78,2020-01,8.280439085738122,0,0,0,999,0,1,0,33.0,31.9,0,2800.0930578590437,False
TSH_78,2020-02,8.280439085738122,0,0,0,999,0,2,0,33.0,31.9,0,2800.0930578590437,False
TSH_78,2020-03,8.280439085738122,0,0,0,999,0,3,0,33.0,31.9,0,2800.0930578590437,False
TSH_78,2020-04,8.280439085738122,0,0,0,999,0,4,0,33.0,31.9,0,2800.0930578590437,False
TSH_78,2020-05,8.280439085738122,0,0,0,999,0,5,1,33.0,31.9,0,2800.0930578590437,False
TSH_78,2020-06,8.280439085738122,0,0,0,999,0,6,1,33.0,31.9,0,2800.0930578590437,False
TSH_78,2020-07,8.280439085738122,0,0,0,999,0,7,1,33.0,31.9,0,2800.0930578590437,False
TSH_78,2020-08,8.280439085738122,0,0,0,999,0,8,1,33.0,31.9,0,2800.0930578590437,False
TSH_78,2020-09,8.280439085738122,0,0,0,999,0,9,1,33.0,31.9,0,2800.0930578590437,False
TSH_78,2020-10,8.280439085738122,0,0,0,999,0,10,0,33.0,31.9,0,2800.0930578590437,False
TSH_78,2020-11,8.280439085738122,0,0,0,999,0,11,0,33.0,31.9,0,2800.0930578590437,False
TSH_78,2020-12,8.280439085738122,0,0,0,999,0,12,0,33.0,31.9,0,2800.0930578590437,False
TSH_78,2021-01,8.280439085738122,0,0,0,999,0,1,0,33.0,31.9,0,2800.0930578590437,False
TSH_78,2021-02,8.280439085738122,0,0,0,999,0,2,0,33.0,31.9,0,2800.0930578590437,False
TSH_78,2021-03,8.280439085738122,0,0,0,999,0,3,0,33.0,31.9,0,2800.0930578590437,False
TSH_78,2021-04,8.280439085738122,0,0,0,999,0,4,0,33.0,31.9,0,2800.0930578590437,False
TSH_78,2021-05,8.280439085738122,0,0,0,999,0,5,1,33.0,31.9,0,2800.0930578590437,False
TSH_78,2021-06,8.280439085738122,0,0,0,999,0,6,1,33.0,31.9,0,2800.0930578590437,False
TSH_78,2021-07,8.280439085738122,0,0,0,999,0,7,1,33.0,31.9,0,2800.0930578590437,False
TSH_78,2021-08,8.280439085738122,0,0,0,999,0,8,1,33.0,31.9,0,2800.0930578590437,False
TSH_78,2021-09,8.280439085738122,0,0,0,999,0,9,1,33.0,31.9,0,2800.0930578590437,False
TSH_78,2021-10,8.280439085738122,0,0,0,999,0,10,0,33.0,31.9,0,2800.0930578590437,False
TSH_78,2021-11,8.280439085738122,0,0,0,999,0,11,0,33.0,31.9,0,2800.0930578590437,False
TSH_78,2021-12,8.280439085738122,0,0,0,999,0,12,0,33.0,31.9,0,2800.0930578590437,False
TSH_78,2022-01,8.280439085738122,0,0,0,999,0,1,0,33.0,31.9,0,2800.0930578590437,False
TSH_78,2022-02,8.280439085738122,0,0,0,999,0,2,0,33.0,31.9,0,2800.0930578590437,False
TSH_78,2022-03,8.280439085738122,0,0,0,999,0,3,0,33.0,31.9,0,2800.0930578590437,False
TSH_78,2022-04,8.280439085738122,0,0,0,999,0,4,0,33.0,31.9,0,2800.0930578590437,False
TSH_78,2022-05,8.280439085738122,0,0,0,999,0,5,1,33.0,31.9,0,2800.0930578590437,False
TSH_78,2022-06,8.280439085738122,0,0,0,999,0,6,1,33.0,31.9,0,2800.0930578590437,False
TSH_78,2022-07,8.280439085738122,0,0,0,999,0,7,1,33.0,31.9,0,2800.0930578590437,False
TSH_78,2022-08,8.280439085738122,0,0,0,999,0,8,1,33.0,31.9,0,2800.0930578590437,False
TSH_78,2022-09,8.280439085738122,0,0,0,999,0,9,1,33.0,31.9,0,2800.0930578590437,False
TSH_78,2022-10,8.280439085738122,0,0,0,999,0,10,0,33.0,31.9,0,2800.0930578590437,False
TSH_78,2022-11,8.280439085738122,0,0,0,999,0,11,0,33.0,31.9,0,2800.0930578590437,False
TSH_78,2022-12,8.280439085738122,0,0,0,999,0,12,0,33.0,31.9,0,2800.0930578590437,False
TSH_78,2023-01,8.280439085738122,0,0,0,999,0,1,0,33.0,31.9,0,2800.0930578590437,False
TSH_78,2023-02,8.280439085738122,0,0,0,999,0,2,0,33.0,31.9,0,2800.0930578590437,False
TSH_78,2023-03,8.280439085738122,0,0,0,999,0,3,0,33.0,31.9,0,2800.0930578590437,False
TSH_78,2023-04,8.280439085738122,0,0,0,999,0,4,0,33.0,31.9,0,2800.0930578590437,False
TSH_78,2023-05,8.280439085738122,0,0,0,999,0,5,1,33.0,31.9,0,2800.0930578590437,False
TSH_78,2023-06,8.280439085738122,0,0,0,999,0,6,1,33.0,31.9,0,2800.0930578590437,False
TSH_78,2023-07,8.280439085738122,0,0,0,999,0,7,1,33.0,31.9,0,2800.0930578590437,False
TSH_78,2023-08,8.280439085738122,0,0,0,999,0,8,1,33.0,31.9,0,2800.0930578590437,False
TSH_78,2023-09,8.280439085738122,0,0,0,999,0,9,1,33.0,31.9,0,2800.0930578590437,False
TSH_78,2023-10,8.280439085738122,0,0,0,999,0,10,0,33.0,31.9,0,2800.0930578590437,False
TSH_78,2023-11,8.280439085738122,0,0,0,999,0,11,0,33.0,31.9,0,2800.0930578590437,False
TSH_78,2023-12,8.280439085738122,0,0,0,999,0,12,0,33.0,31.9,0,2800.0930578590437,False
TSH_78,2024-01,8.280439085738122,0,0,0,999,0,1,0,33.0,31.9,0,2800.0930578590437,False
TSH_78,2024-02,8.280439085738122,0,0,0,999,0,2,0,33.0,31.9,0,2800.0930578590437,False
TSH_78,2024-03,8.280439085738122,0,0,0,999,0,3,0,33.0,31.9,0,2800.0930578590437,False
TSH_78,2024-04,8.280439085738122,0,0,0,999,0,4,0,33.0,31.9,0,2800.0930578590437,False
TSH_78,2024-05,8.280439085738122,0,0,0,999,0,5,1,33.0,31.9,0,2800.0930578590437,False
TSH_78,2024-06,8.280439085738122,0,0,0,999,0,6,1,33.0,31.9,0,2800.0930578590437,False
TSH_78,2024-07,8.280439085738122,0,0,0,999,0,7,1,33.0,31.9,0,2800.0930578590437,False
TSH_78,2024-08,8.280439085738122,0,0,0,999,0,8,1,33.0,31.9,0,2800.0930578590437,False
TSH_78,2024-09,8.280439085738122,0,0,0,999,0,9,1,33.0,31.9,0,2800.0930578590437,False
TSH_78,2024-10,8.280439085738122,0,0,0,999,0,10,0,33.0,31.9,0,2800.0930578590437,False
TSH_78,2024-11,8.280439085738122,0,0,0,999,0,11,0,33.0,31.9,0,2800.0930578590437,False
TSH_78,2024-12,8.280439085738122,0,0,0,999,0,12,0,33.0,31.9,0,2800.0930578590437,False
TSH_78,2025-01,8.280439085738122,0,0,0,999,0,1,0,33.0,31.9,0,2800.0930578590437,False
TSH_78,2025-02,8.280439085738122,0,0,0,999,0,2,0,33.0,31.9,0,2800.0930578590437,False
TSH_78,2025-03,8.280439085738122,0,0,0,999,0,3,0,33.0,31.9,0,2800.0930578590437,False
TSH_78,2025-04,8.280439085738122,0,0,0,999,0,4,0,33.0,31.9,0,2800.0930578590437,False
TSH_78,2025-05,8.280439085738122,0,0,0,999,0,5,1,33.0,31.9,0,2800.0930578590437,False
TSH_78,2025-06,8.280439085738122,0,0,0,999,0,6,1,33.0,31.9,0,2800.0930578590437,False
TSH_78,2025-07,8.280439085738122,0,0,0,999,0,7,1,33.0,31.9,0,2800.0930578590437,False
TSH_78,2025-08,8.280439085738122,0,0,0,999,0,8,1,33.0,31.9,0,2800.0930578590437,False
TSH_78,2025-09,8.280439085738122,0,0,0,999,0,9,1,33.0,31.9,0,2800.0930578590437,False
TSH_78,2025-10,8.280439085738122,0,0,0,999,0,10,0,33.0,31.9,0,2800.0930578590437,False
TSH_78,2025-11,8.280439085738122,0,0,0,999,0,11,0,33.0,31.9,0,2800.0930578590437,False
TSH_78,2025-12,8.280439085738122,0,0,0,999,0,12,0,33.0,31.9,0,2800.0930578590437,False
TSH_78,2026-01,8.280439085738122,0,0,0,999,0,1,0,33.0,31.9,0,2800.0930578590437,False
TSH_78,2026-02,8.280439085738122,0,0,0,999,0,2,0,33.0,31.9,0,2800.0930578590437,False
TSH_78,2026-03,8.280439085738122,0,0,0,999,0,3,0,33.0,31.9,0,2800.0930578590437,False
TSH_79,2019-08,25.17271805780424,0,0,0,999,0,8,1,33.0,31.9,0,1148.1874914592017,False
TSH_79,2019-09,25.17271805780424,0,0,0,999,0,9,1,33.0,31.9,0,1148.1874914592017,False
TSH_79,2019-10,25.17271805780424,0,0,0,999,0,10,0,33.0,31.9,0,1148.1874914592017,False
TSH_79,2019-11,25.17271805780424,0,0,0,999,0,11,0,33.0,31.9,0,1148.1874914592017,False
TSH_79,2019-12,25.17271805780424,0,0,0,999,0,12,0,33.0,31.9,0,1148.1874914592017,False
TSH_79,2020-01,25.17271805780424,0,0,0,999,0,1,0,33.0,31.9,0,1148.1874914592017,False
TSH_79,2020-02,25.17271805780424,0,0,0,999,0,2,0,33.0,31.9,0,1148.1874914592017,False
TSH_79,2020-03,25.17271805780424,0,0,0,999,0,3,0,33.0,31.9,0,1148.1874914592017,False
TSH_79,2020-04,25.17271805780424,0,0,0,999,0,4,0,33.0,31.9,0,1148.1874914592017,False
TSH_79,2020-05,25.17271805780424,0,0,0,999,0,5,1,33.0,31.9,0,1148.1874914592017,False
TSH_79,2020-06,25.17271805780424,0,0,0,999,0,6,1,33.0,31.9,0,1148.1874914592017,False
TSH_79,2020-07,25.17271805780424,0,0,0,999,0,7,1,33.0,31.9,0,1148.1874914592017,False
TSH_79,2020-08,25.17271805780424,0,0,0,999,0,8,1,33.0,31.9,0,1148.1874914592017,False
TSH_79,2020-09,25.17271805780424,0,0,0,999,0,9,1,33.0,31.9,0,1148.1874914592017,False
TSH_79,2020-10,25.17271805780424,0,0,0,999,0,10,0,33.0,31.9,0,1148.1874914592017,False
TSH_79,2020-11,25.17271805780424,0,0,0,999,0,11,0,33.0,31.9,0,1148.1874914592017,False
TSH_79,2020-12,25.17271805780424,0,0,0,999,0,12,0,33.0,31.9,0,1148.1874914592017,False
TSH_79,2021-01,25.17271805780424,0,0,0,999,0,1,0,33.0,31.9,0,1148.1874914592017,False
TSH_79,2021-02,25.17271805780424,0,0,0,999,0,2,0,33.0,31.9,0,1148.1874914592017,False
TSH_79,2021-03,25.17271805780424,0,0,0,999,0,3,0,33.0,31.9,0,1148.1874914592017,False
TSH_79,2021-04,25.17271805780424,0,0,0,999,0,4,0,33.0,31.9,0,1148.1874914592017,False
TSH_79,2021-05,25.17271805780424,0,0,0,999,0,5,1,33.0,31.9,0,1148.1874914592017,False
TSH_79,2021-06,25.17271805780424,0,0,0,999,0,6,1,33.0,31.9,0,1148.1874914592017,False
TSH_79,2021-07,25.17271805780424,0,0,0,999,0,7,1,33.0,31.9,0,1148.1874914592017,False
TSH_79,2021-08,25.17271805780424,0,0,0,999,0,8,1,33.0,31.9,0,1148.1874914592017,False
TSH_79,2021-09,25.17271805780424,0,0,0,999,0,9,1,33.0,31.9,0,1148.1874914592017,False
TSH_79,2021-10,25.17271805780424,0,0,0,999,0,10,0,33.0,31.9,0,1148.1874914592017,False
TSH_79,2021-11,25.17271805780424,0,0,0,999,0,11,0,33.0,31.9,0,1148.1874914592017,False
TSH_79,2021-12,25.17271805780424,0,0,0,999,0,12,0,33.0,31.9,0,1148.1874914592017,False
TSH_79,2022-01,25.17271805780424,0,0,0,999,0,1,0,33.0,31.9,0,1148.1874914592017,False
TSH_79,2022-02,25.17271805780424,0,0,0,999,0,2,0,33.0,31.9,0,1148.1874914592017,False
TSH_79,2022-03,25.17271805780424,0,0,0,999,0,3,0,33.0,31.9,0,1148.1874914592017,False
TSH_79,2022-04,25.17271805780424,0,0,0,999,0,4,0,33.0,31.9,0,1148.1874914592017,False
TSH_79,2022-05,25.17271805780424,0,0,0,999,0,5,1,33.0,31.9,0,1148.1874914592017,False
TSH_79,2022-06,25.17271805780424,0,0,0,999,0,6,1,33.0,31.9,0,1148.1874914592017,False
TSH_79,2022-07,25.17271805780424,0,0,0,999,0,7,1,33.0,31.9,0,1148.1874914592017,False
TSH_79,2022-08,25.17271805780424,0,0,0,999,0,8,1,33.0,31.9,0,1148.1874914592017,False
TSH_79,2022-09,25.17271805780424,0,0,0,999,0,9,1,33.0,31.9,0,1148.1874914592017,False
TSH_79,2022-10,25.17271805780424,0,0,0,999,0,10,0,33.0,31.9,0,1148.1874914592017,False
TSH_79,2022-11,25.17271805780424,0,0,0,999,0,11,0,33.0,31.9,0,1148.1874914592017,False
TSH_79,2022-12,25.17271805780424,0,0,0,999,0,12,0,33.0,31.9,0,1148.1874914592017,False
TSH_79,2023-01,25.17271805780424,0,0,0,999,0,1,0,33.0,31.9,0,1148.1874914592017,False
TSH_79,2023-02,25.17271805780424,0,0,0,999,0,2,0,33.0,31.9,0,1148.1874914592017,False
TSH_79,2023-03,25.17271805780424,0,0,0,999,0,3,0,33.0,31.9,0,1148.1874914592017,False
TSH_79,2023-04,25.17271805780424,0,0,0,999,0,4,0,33.0,31.9,0,1148.1874914592017,False
TSH_79,2023-05,25.17271805780424,0,0,0,999,0,5,1,33.0,31.9,0,1148.1874914592017,False
TSH_79,2023-06,25.17271805780424,0,0,0,999,0,6,1,33.0,31.9,0,1148.1874914592017,False
TSH_79,2023-07,25.17271805780424,0,0,0,999,0,7,1,33.0,31.9,0,1148.1874914592017,False
TSH_79,2023-08,25.17271805780424,0,0,0,999,0,8,1,33.0,31.9,0,1148.1874914592017,False
TSH_79,2023-09,25.17271805780424,0,0,0,999,0,9,1,33.0,31.9,0,1148.1874914592017,False
TSH_79,2023-10,25.17271805780424,0,0,0,999,0,10,0,33.0,31.9,0,1148.1874914592017,False
TSH_79,2023-11,25.17271805780424,0,0,0,999,0,11,0,33.0,31.9,0,1148.1874914592017,False
TSH_79,2023-12,25.17271805780424,0,0,0,999,0,12,0,33.0,31.9,0,1148.1874914592017,False
TSH_79,2024-01,25.17271805780424,0,0,0,999,0,1,0,33.0,31.9,0,1148.1874914592017,False
TSH_79,2024-02,25.17271805780424,0,0,0,999,0,2,0,33.0,31.9,0,1148.1874914592017,False
TSH_79,2024-03,25.17271805780424,0,0,0,999,0,3,0,33.0,31.9,0,1148.1874914592017,False
TSH_79,2024-04,25.17271805780424,0,0,0,999,0,4,0,33.0,31.9,0,1148.1874914592017,False
TSH_79,2024-05,25.17271805780424,0,0,0,999,0,5,1,33.0,31.9,0,1148.1874914592017,False
TSH_79,2024-06,25.17271805780424,0,0,0,999,0,6,1,33.0,31.9,0,1148.1874914592017,False
TSH_79,2024-07,25.17271805780424,0,0,0,999,0,7,1,33.0,31.9,0,1148.1874914592017,False
TSH_79,2024-08,25.17271805780424,0,0,0,999,0,8,1,33.0,31.9,0,1148.1874914592017,False
TSH_79,2024-09,25.17271805780424,0,0,0,999,0,9,1,33.0,31.9,0,1148.1874914592017,False
TSH_79,2024-10,25.17271805780424,0,0,0,999,0,10,0,33.0,31.9,0,1148.1874914592017,False
TSH_79,2024-11,25.17271805780424,0,0,0,999,0,11,0,33.0,31.9,0,1148.1874914592017,False
TSH_79,2024-12,25.17271805780424,0,0,0,999,0,12,0,33.0,31.9,0,1148.1874914592017,False
TSH_79,2025-01,25.17271805780424,0,0,0,999,0,1,0,33.0,31.9,0,1148.1874914592017,False
TSH_79,2025-02,25.17271805780424,0,0,0,999,0,2,0,33.0,31.9,0,1148.1874914592017,False
TSH_79,2025-03,25.17271805780424,0,0,0,999,0,3,0,33.0,31.9,0,1148.1874914592017,False
TSH_79,2025-04,25.17271805780424,0,0,0,999,0,4,0,33.0,31.9,0,1148.1874914592017,False
TSH_79,2025-05,25.17271805780424,0,0,0,999,0,5,1,33.0,31.9,0,1148.1874914592017,False
TSH_79,2025-06,25.17271805780424,0,0,0,999,0,6,1,33.0,31.9,0,1148.1874914592017,False
TSH_79,2025-07,25.17271805780424,0,0,0,999,0,7,1,33.0,31.9,0,1148.1874914592017,False
TSH_79,2025-08,25.17271805780424,0,0,0,999,0,8,1,33.0,31.9,0,1148.1874914592017,False
TSH_79,2025-09,25.17271805780424,0,0,0,999,0,9,1,33.0,31.9,0,1148.1874914592017,False
TSH_79,2025-10,25.17271805780424,0,0,0,999,0,10,0,33.0,31.9,0,1148.1874914592017,False
TSH_79,2025-11,25.17271805780424,0,0,0,999,0,11,0,33.0,31.9,0,1148.1874914592017,False
TSH_79,2025-12,25.17271805780424,0,0,0,999,0,12,0,33.0,31.9,0,1148.1874914592017,False
TSH_79,2026-01,25.17271805780424,0,0,0,999,0,1,0,33.0,31.9,0,1148.1874914592017,False
TSH_79,2026-02,25.17271805780424,0,0,0,999,0,2,0,33.0,31.9,0,1148.1874914592017,False
TSH_79,2026-03,25.17271805780424,0,0,0,999,0,3,0,33.0,31.9,0,1148.1874914592017,False
TSH_8,2019-08,22.09999690327132,0,0,0,999,0,8,1,33.0,39.5,0,1350.8146689188472,False
TSH_8,2019-09,22.09999690327132,0,0,0,999,0,9,1,33.0,39.5,0,1350.8146689188472,False
TSH_8,2019-10,22.09999690327132,0,0,0,999,0,10,0,33.0,39.5,0,1350.8146689188472,False
TSH_8,2019-11,22.09999690327132,0,0,0,999,0,11,0,33.0,39.5,0,1350.8146689188472,False
TSH_8,2019-12,22.09999690327132,0,0,0,999,0,12,0,33.0,39.5,0,1350.8146689188472,False
TSH_8,2020-01,22.09999690327132,0,0,0,999,0,1,0,33.0,39.5,0,1350.8146689188472,False
TSH_8,2020-02,22.09999690327132,0,0,0,999,0,2,0,33.0,39.5,0,1350.8146689188472,False
TSH_8,2020-03,22.09999690327132,0,0,0,999,0,3,0,33.0,39.5,0,1350.8146689188472,False
TSH_8,2020-04,22.09999690327132,0,0,0,999,0,4,0,33.0,39.5,0,1350.8146689188472,False
TSH_8,2020-05,22.09999690327132,0,0,0,999,0,5,1,33.0,39.5,0,1350.8146689188472,False
TSH_8,2020-06,22.09999690327132,0,0,0,999,0,6,1,33.0,39.5,0,1350.8146689188472,False
TSH_8,2020-07,22.09999690327132,0,0,0,999,0,7,1,33.0,39.5,0,1350.8146689188472,False
TSH_8,2020-08,22.09999690327132,0,0,0,999,0,8,1,33.0,39.5,0,1350.8146689188472,False
TSH_8,2020-09,22.09999690327132,0,0,0,999,0,9,1,33.0,39.5,0,1350.8146689188472,False
TSH_8,2020-10,22.09999690327132,0,0,0,999,0,10,0,33.0,39.5,0,1350.8146689188472,False
TSH_8,2020-11,22.09999690327132,0,0,0,999,0,11,0,33.0,39.5,0,1350.8146689188472,False
TSH_8,2020-12,22.09999690327132,0,0,0,999,0,12,0,33.0,39.5,0,1350.8146689188472,False
TSH_8,2021-01,22.09999690327132,0,0,0,999,0,1,0,33.0,39.5,0,1350.8146689188472,False
TSH_8,2021-02,22.09999690327132,0,0,0,999,0,2,0,33.0,39.5,0,1350.8146689188472,False
TSH_8,2021-03,22.09999690327132,0,0,0,999,0,3,0,33.0,39.5,0,1350.8146689188472,False
TSH_8,2021-04,22.09999690327132,0,0,0,999,0,4,0,33.0,39.5,0,1350.8146689188472,False
TSH_8,2021-05,22.09999690327132,0,0,0,999,0,5,1,33.0,39.5,0,1350.8146689188472,False
TSH_8,2021-06,22.09999690327132,0,0,0,999,0,6,1,33.0,39.5,0,1350.8146689188472,False
TSH_8,2021-07,22.09999690327132,0,0,0,999,0,7,1,33.0,39.5,0,1350.8146689188472,False
TSH_8,2021-08,22.09999690327132,0,0,0,999,0,8,1,33.0,39.5,0,1350.8146689188472,False
TSH_8,2021-09,22.09999690327132,0,0,0,999,0,9,1,33.0,39.5,0,1350.8146689188472,False
TSH_8,2021-10,22.09999690327132,0,0,0,999,0,10,0,33.0,39.5,0,1350.8146689188472,False
TSH_8,2021-11,22.09999690327132,0,0,0,999,0,11,0,33.0,39.5,0,1350.8146689188472,False
TSH_8,2021-12,22.09999690327132,0,0,0,999,0,12,0,33.0,39.5,0,1350.8146689188472,False
TSH_8,2022-01,22.09999690327132,0,0,0,999,0,1,0,33.0,39.5,0,1350.8146689188472,False
TSH_8,2022-02,22.09999690327132,0,0,0,999,0,2,0,33.0,39.5,0,1350.8146689188472,False
TSH_8,2022-03,22.09999690327132,0,0,0,999,0,3,0,33.0,39.5,0,1350.8146689188472,False
TSH_8,2022-04,22.09999690327132,0,0,0,999,0,4,0,33.0,39.5,0,1350.8146689188472,False
TSH_8,2022-05,22.09999690327132,0,0,0,999,0,5,1,33.0,39.5,0,1350.8146689188472,False
TSH_8,2022-06,22.09999690327132,0,0,0,999,0,6,1,33.0,39.5,0,1350.8146689188472,False
TSH_8,2022-07,22.09999690327132,0,0,0,999,0,7,1,33.0,39.5,0,1350.8146689188472,False
TSH_8,2022-08,22.09999690327132,0,0,0,999,0,8,1,33.0,39.5,0,1350.8146689188472,False
TSH_8,2022-09,22.09999690327132,0,0,0,999,0,9,1,33.0,39.5,0,1350.8146689188472,False
TSH_8,2022-10,22.09999690327132,0,0,0,999,0,10,0,33.0,39.5,0,1350.8146689188472,False
TSH_8,2022-11,22.09999690327132,0,0,0,999,0,11,0,33.0,39.5,0,1350.8146689188472,False
TSH_8,2022-12,22.09999690327132,0,0,0,999,0,12,0,33.0,39.5,0,1350.8146689188472,False
TSH_8,2023-01,22.09999690327132,0,0,0,999,0,1,0,33.0,39.5,0,1350.8146689188472,False
TSH_8,2023-02,22.09999690327132,0,0,0,999,0,2,0,33.0,39.5,0,1350.8146689188472,False
TSH_8,2023-03,22.09999690327132,0,0,0,999,0,3,0,33.0,39.5,0,1350.8146689188472,False
TSH_8,2023-04,22.09999690327132,0,0,0,999,0,4,0,33.0,39.5,0,1350.8146689188472,False
TSH_8,2023-05,22.09999690327132,0,0,0,999,0,5,1,33.0,39.5,0,1350.8146689188472,False
TSH_8,2023-06,22.09999690327132,0,0,0,999,0,6,1,33.0,39.5,0,1350.8146689188472,False
TSH_8,2023-07,22.09999690327132,0,0,0,999,0,7,1,33.0,39.5,0,1350.8146689188472,False
TSH_8,2023-08,22.09999690327132,0,0,0,999,0,8,1,33.0,39.5,0,1350.8146689188472,False
TSH_8,2023-09,22.09999690327132,0,0,0,999,0,9,1,33.0,39.5,0,1350.8146689188472,False
TSH_8,2023-10,22.09999690327132,0,0,0,999,0,10,0,33.0,39.5,0,1350.8146689188472,False
TSH_8,2023-11,22.09999690327132,0,0,0,999,0,11,0,33.0,39.5,0,1350.8146689188472,False
TSH_8,2023-12,22.09999690327132,0,0,0,999,0,12,0,33.0,39.5,0,1350.8146689188472,False
TSH_8,2024-01,22.09999690327132,0,0,0,999,0,1,0,33.0,39.5,0,1350.8146689188472,False
TSH_8,2024-02,22.09999690327132,0,0,0,999,0,2,0,33.0,39.5,0,1350.8146689188472,False
TSH_8,2024-03,22.09999690327132,0,0,0,999,0,3,0,33.0,39.5,0,1350.8146689188472,False
TSH_8,2024-04,22.09999690327132,0,0,0,999,0,4,0,33.0,39.5,0,1350.8146689188472,False
TSH_8,2024-05,22.09999690327132,0,0,0,999,0,5,1,33.0,39.5,0,1350.8146689188472,False
TSH_8,2024-06,22.09999690327132,0,0,0,999,0,6,1,33.0,39.5,0,1350.8146689188472,False
TSH_8,2024-07,22.09999690327132,0,0,0,999,0,7,1,33.0,39.5,0,1350.8146689188472,False
TSH_8,2024-08,22.09999690327132,0,0,0,999,0,8,1,33.0,39.5,0,1350.8146689188472,False
TSH_8,2024-09,22.09999690327132,0,0,0,999,0,9,1,33.0,39.5,0,1350.8146689188472,False
TSH_8,2024-10,22.09999690327132,0,0,0,999,0,10,0,33.0,39.5,0,1350.8146689188472,False
TSH_8,2024-11,22.09999690327132,0,0,0,999,0,11,0,33.0,39.5,0,1350.8146689188472,False
TSH_8,2024-12,22.09999690327132,0,0,0,999,0,12,0,33.0,39.5,0,1350.8146689188472,False
TSH_8,2025-01,22.09999690327132,0,0,0,999,0,1,0,33.0,39.5,0,1350.8146689188472,False
TSH_8,2025-02,22.09999690327132,0,0,0,999,0,2,0,33.0,39.5,0,1350.8146689188472,False
TSH_8,2025-03,22.09999690327132,0,0,0,999,0,3,0,33.0,39.5,0,1350.8146689188472,False
TSH_8,2025-04,22.09999690327132,0,0,0,999,0,4,0,33.0,39.5,0,1350.8146689188472,False
TSH_8,2025-05,22.09999690327132,0,0,0,999,0,5,1,33.0,39.5,0,1350.8146689188472,False
TSH_8,2025-06,22.09999690327132,0,0,0,999,0,6,1,33.0,39.5,0,1350.8146689188472,False
TSH_8,2025-07,22.09999690327132,0,0,0,999,0,7,1,33.0,39.5,0,1350.8146689188472,False
TSH_8,2025-08,22.09999690327132,0,0,0,999,0,8,1,33.0,39.5,0,1350.8146689188472,False
TSH_8,2025-09,22.09999690327132,0,0,0,999,0,9,1,33.0,39.5,0,1350.8146689188472,False
TSH_8,2025-10,22.09999690327132,0,0,0,999,0,10,0,33.0,39.5,0,1350.8146689188472,False
TSH_8,2025-11,22.09999690327132,0,0,0,999,0,11,0,33.0,39.5,0,1350.8146689188472,False
TSH_8,2025-12,22.09999690327132,0,0,0,999,0,12,0,33.0,39.5,0,1350.8146689188472,False
TSH_8,2026-01,22.09999690327132,0,0,0,999,0,1,0,33.0,39.5,0,1350.8146689188472,False
TSH_8,2026-02,22.09999690327132,0,0,0,999,0,2,0,33.0,39.5,0,1350.8146689188472,False
TSH_8,2026-03,22.09999690327132,0,0,0,999,0,3,0,33.0,39.5,0,1350.8146689188472,False
TSH_80,2019-08,3.909024734987968,0,0,0,999,1,8,1,33.0,34.6,0,6856.697467298706,False
TSH_80,2019-09,3.909024734987968,0,0,0,999,1,9,1,33.0,34.6,0,6856.697467298706,False
TSH_80,2019-10,3.909024734987968,0,0,0,999,1,10,0,33.0,34.6,0,6856.697467298706,False
TSH_80,2019-11,3.909024734987968,0,0,0,999,1,11,0,33.0,34.6,1,6856.697467298706,False
TSH_80,2019-12,3.909024734987968,0,0,0,999,1,12,0,33.0,34.6,1,6856.697467298706,False
TSH_80,2020-01,3.909024734987968,0,0,0,999,1,1,0,33.0,34.6,1,6856.697467298706,False
TSH_80,2020-02,3.909024734987968,1,1,1,0,1,2,0,33.0,34.6,0,6856.697467298706,False
TSH_80,2020-03,3.909024734987968,0,0,1,1,1,3,0,33.0,34.6,0,6856.697467298706,False
TSH_80,2020-04,3.909024734987968,0,0,1,2,1,4,0,33.0,34.6,0,6856.697467298706,False
TSH_80,2020-05,3.909024734987968,0,0,1,3,1,5,1,33.0,34.6,0,6856.697467298706,False
TSH_80,2020-06,3.909024734987968,0,0,1,4,1,6,1,33.0,34.6,0,6856.697467298706,False
TSH_80,2020-07,3.909024734987968,0,0,1,5,1,7,1,33.0,34.6,1,6856.697467298706,False
TSH_80,2020-08,3.909024734987968,0,0,1,6,1,8,1,33.0,34.6,1,6856.697467298706,False
TSH_80,2020-09,3.909024734987968,0,0,1,7,1,9,1,33.0,34.6,1,6856.697467298706,False
TSH_80,2020-10,3.909024734987968,1,1,2,0,1,10,0,33.0,34.6,0,6856.697467298706,False
TSH_80,2020-11,3.909024734987968,0,0,2,1,1,11,0,33.0,34.6,0,6856.697467298706,False
TSH_80,2020-12,3.909024734987968,0,0,2,2,1,12,0,33.0,34.6,0,6856.697467298706,False
TSH_80,2021-01,3.909024734987968,0,0,2,3,1,1,0,33.0,34.6,0,6856.697467298706,False
TSH_80,2021-02,3.909024734987968,0,0,2,4,1,2,0,33.0,34.6,0,6856.697467298706,False
TSH_80,2021-03,3.909024734987968,0,0,2,5,1,3,0,33.0,34.6,0,6856.697467298706,False
TSH_80,2021-04,3.909024734987968,0,0,2,6,1,4,0,33.0,34.6,0,6856.697467298706,False
TSH_80,2021-05,3.909024734987968,0,0,2,7,1,5,1,33.0,34.6,0,6856.697467298706,False
TSH_80,2021-06,3.909024734987968,0,0,2,8,1,6,1,33.0,34.6,0,6856.697467298706,False
TSH_80,2021-07,3.909024734987968,0,0,2,9,1,7,1,33.0,34.6,0,6856.697467298706,False
TSH_80,2021-08,3.909024734987968,0,0,2,10,1,8,1,33.0,34.6,0,6856.697467298706,False
TSH_80,2021-09,3.909024734987968,0,0,2,11,1,9,1,33.0,34.6,0,6856.697467298706,False
TSH_80,2021-10,3.909024734987968,0,0,2,12,1,10,0,33.0,34.6,0,6856.697467298706,False
TSH_80,2021-11,3.909024734987968,0,0,2,13,1,11,0,33.0,34.6,0,6856.697467298706,False
TSH_80,2021-12,3.909024734987968,0,0,2,14,1,12,0,33.0,34.6,0,6856.697467298706,False
TSH_80,2022-01,3.909024734987968,0,0,2,15,1,1,0,33.0,34.6,0,6856.697467298706,False
TSH_80,2022-02,3.909024734987968,0,0,2,16,1,2,0,33.0,34.6,0,6856.697467298706,False
TSH_80,2022-03,3.909024734987968,0,0,2,17,1,3,0,33.0,34.6,0,6856.697467298706,False
TSH_80,2022-04,3.909024734987968,0,0,2,18,1,4,0,33.0,34.6,0,6856.697467298706,False
TSH_80,2022-05,3.909024734987968,0,0,2,19,1,5,1,33.0,34.6,0,6856.697467298706,False
TSH_80,2022-06,3.909024734987968,0,0,2,20,1,6,1,33.0,34.6,0,6856.697467298706,False
TSH_80,2022-07,3.909024734987968,0,0,2,21,1,7,1,33.0,34.6,0,6856.697467298706,False
TSH_80,2022-08,3.909024734987968,0,0,2,22,1,8,1,33.0,34.6,0,6856.697467298706,False
TSH_80,2022-09,3.909024734987968,0,0,2,23,1,9,1,33.0,34.6,0,6856.697467298706,False
TSH_80,2022-10,3.909024734987968,0,0,2,24,1,10,0,33.0,34.6,0,6856.697467298706,False
TSH_80,2022-11,3.909024734987968,0,0,2,25,1,11,0,33.0,34.6,0,6856.697467298706,False
TSH_80,2022-12,3.909024734987968,0,0,2,26,1,12,0,33.0,34.6,0,6856.697467298706,False
TSH_80,2023-01,3.909024734987968,0,0,2,27,1,1,0,33.0,34.6,0,6856.697467298706,False
TSH_80,2023-02,3.909024734987968,0,0,2,28,1,2,0,33.0,34.6,0,6856.697467298706,False
TSH_80,2023-03,3.909024734987968,0,0,2,29,1,3,0,33.0,34.6,0,6856.697467298706,False
TSH_80,2023-04,3.909024734987968,0,0,2,30,1,4,0,33.0,34.6,0,6856.697467298706,False
TSH_80,2023-05,3.909024734987968,0,0,2,31,1,5,1,33.0,34.6,0,6856.697467298706,False
TSH_80,2023-06,3.909024734987968,0,0,2,32,1,6,1,33.0,34.6,1,6856.697467298706,False
TSH_80,2023-07,3.909024734987968,0,0,2,33,1,7,1,33.0,34.6,1,6856.697467298706,False
TSH_80,2023-08,3.909024734987968,0,0,2,34,1,8,1,33.0,34.6,1,6856.697467298706,False
TSH_80,2023-09,3.909024734987968,1,1,3,0,1,9,1,33.0,34.6,0,6856.697467298706,False
TSH_80,2023-10,3.909024734987968,0,0,3,1,1,10,0,33.0,34.6,0,6856.697467298706,False
TSH_80,2023-11,3.909024734987968,0,0,3,2,1,11,0,33.0,34.6,0,6856.697467298706,False
TSH_80,2023-12,3.909024734987968,0,0,3,3,1,12,0,33.0,34.6,0,6856.697467298706,False
TSH_80,2024-01,3.909024734987968,0,0,3,4,1,1,0,33.0,34.6,0,6856.697467298706,False
TSH_80,2024-02,3.909024734987968,0,0,3,5,1,2,0,33.0,34.6,0,6856.697467298706,False
TSH_80,2024-03,3.909024734987968,0,0,3,6,1,3,0,33.0,34.6,0,6856.697467298706,False
TSH_80,2024-04,3.909024734987968,0,0,3,7,1,4,0,33.0,34.6,0,6856.697467298706,False
TSH_80,2024-05,3.909024734987968,0,0,3,8,1,5,1,33.0,34.6,0,6856.697467298706,False
TSH_80,2024-06,3.909024734987968,0,0,3,9,1,6,1,33.0,34.6,0,6856.697467298706,False
TSH_80,2024-07,3.909024734987968,0,0,3,10,1,7,1,33.0,34.6,0,6856.697467298706,False
TSH_80,2024-08,3.909024734987968,0,0,3,11,1,8,1,33.0,34.6,0,6856.697467298706,False
TSH_80,2024-09,3.909024734987968,0,0,3,12,1,9,1,33.0,34.6,0,6856.697467298706,False
TSH_80,2024-10,3.909024734987968,0,0,3,13,1,10,0,33.0,34.6,0,6856.697467298706,False
TSH_80,2024-11,3.909024734987968,0,0,3,14,1,11,0,33.0,34.6,0,6856.697467298706,False
TSH_80,2024-12,3.909024734987968,0,0,3,15,1,12,0,33.0,34.6,0,6856.697467298706,False
TSH_80,2025-01,3.909024734987968,0,0,3,16,1,1,0,33.0,34.6,0,6856.697467298706,False
TSH_80,2025-02,3.909024734987968,0,0,3,17,1,2,0,33.0,34.6,0,6856.697467298706,False
TSH_80,2025-03,3.909024734987968,0,0,3,18,1,3,0,33.0,34.6,0,6856.697467298706,False
TSH_80,2025-04,3.909024734987968,0,0,3,19,1,4,0,33.0,34.6,0,6856.697467298706,False
TSH_80,2025-05,3.909024734987968,0,0,3,20,1,5,1,33.0,34.6,0,6856.697467298706,False
TSH_80,2025-06,3.909024734987968,0,0,3,21,1,6,1,33.0,34.6,0,6856.697467298706,False
TSH_80,2025-07,3.909024734987968,0,0,3,22,1,7,1,33.0,34.6,0,6856.697467298706,False
TSH_80,2025-08,3.909024734987968,0,0,3,23,1,8,1,33.0,34.6,0,6856.697467298706,False
TSH_80,2025-09,3.909024734987968,0,0,3,24,1,9,1,33.0,34.6,0,6856.697467298706,False
TSH_80,2025-10,3.909024734987968,0,0,3,25,1,10,0,33.0,34.6,0,6856.697467298706,False
TSH_80,2025-11,3.909024734987968,0,0,3,26,1,11,0,33.0,34.6,0,6856.697467298706,False
TSH_80,2025-12,3.909024734987968,0,0,3,27,1,12,0,33.0,34.6,0,6856.697467298706,False
TSH_80,2026-01,3.909024734987968,0,0,3,28,1,1,0,33.0,34.6,0,6856.697467298706,False
TSH_80,2026-02,3.909024734987968,0,0,3,29,1,2,0,33.0,34.6,0,6856.697467298706,False
TSH_80,2026-03,3.909024734987968,0,0,3,30,1,3,0,33.0,34.6,0,6856.697467298706,False
TSH_81,2019-08,1.4250219760349891,0,0,0,999,0,8,1,33.0,34.6,0,8658.813834108223,False
TSH_81,2019-09,1.4250219760349891,0,0,0,999,0,9,1,33.0,34.6,0,8658.813834108223,False
TSH_81,2019-10,1.4250219760349891,0,0,0,999,0,10,0,33.0,34.6,0,8658.813834108223,False
TSH_81,2019-11,1.4250219760349891,0,0,0,999,0,11,0,33.0,34.6,0,8658.813834108223,False
TSH_81,2019-12,1.4250219760349891,0,0,0,999,0,12,0,33.0,34.6,0,8658.813834108223,False
TSH_81,2020-01,1.4250219760349891,0,0,0,999,0,1,0,33.0,34.6,0,8658.813834108223,False
TSH_81,2020-02,1.4250219760349891,0,0,0,999,0,2,0,33.0,34.6,0,8658.813834108223,False
TSH_81,2020-03,1.4250219760349891,0,0,0,999,0,3,0,33.0,34.6,0,8658.813834108223,False
TSH_81,2020-04,1.4250219760349891,0,0,0,999,0,4,0,33.0,34.6,0,8658.813834108223,False
TSH_81,2020-05,1.4250219760349891,0,0,0,999,0,5,1,33.0,34.6,0,8658.813834108223,False
TSH_81,2020-06,1.4250219760349891,0,0,0,999,0,6,1,33.0,34.6,0,8658.813834108223,False
TSH_81,2020-07,1.4250219760349891,0,0,0,999,0,7,1,33.0,34.6,0,8658.813834108223,False
TSH_81,2020-08,1.4250219760349891,0,0,0,999,0,8,1,33.0,34.6,0,8658.813834108223,False
TSH_81,2020-09,1.4250219760349891,0,0,0,999,0,9,1,33.0,34.6,0,8658.813834108223,False
TSH_81,2020-10,1.4250219760349891,0,0,0,999,0,10,0,33.0,34.6,0,8658.813834108223,False
TSH_81,2020-11,1.4250219760349891,0,0,0,999,0,11,0,33.0,34.6,0,8658.813834108223,False
TSH_81,2020-12,1.4250219760349891,0,0,0,999,0,12,0,33.0,34.6,0,8658.813834108223,False
TSH_81,2021-01,1.4250219760349891,0,0,0,999,0,1,0,33.0,34.6,0,8658.813834108223,False
TSH_81,2021-02,1.4250219760349891,0,0,0,999,0,2,0,33.0,34.6,0,8658.813834108223,False
TSH_81,2021-03,1.4250219760349891,0,0,0,999,0,3,0,33.0,34.6,0,8658.813834108223,False
TSH_81,2021-04,1.4250219760349891,0,0,0,999,0,4,0,33.0,34.6,0,8658.813834108223,False
TSH_81,2021-05,1.4250219760349891,0,0,0,999,0,5,1,33.0,34.6,0,8658.813834108223,False
TSH_81,2021-06,1.4250219760349891,0,0,0,999,0,6,1,33.0,34.6,0,8658.813834108223,False
TSH_81,2021-07,1.4250219760349891,0,0,0,999,0,7,1,33.0,34.6,0,8658.813834108223,False
TSH_81,2021-08,1.4250219760349891,0,0,0,999,0,8,1,33.0,34.6,0,8658.813834108223,False
TSH_81,2021-09,1.4250219760349891,0,0,0,999,0,9,1,33.0,34.6,0,8658.813834108223,False
TSH_81,2021-10,1.4250219760349891,0,0,0,999,0,10,0,33.0,34.6,0,8658.813834108223,False
TSH_81,2021-11,1.4250219760349891,0,0,0,999,0,11,0,33.0,34.6,0,8658.813834108223,False
TSH_81,2021-12,1.4250219760349891,0,0,0,999,0,12,0,33.0,34.6,0,8658.813834108223,False
TSH_81,2022-01,1.4250219760349891,0,0,0,999,0,1,0,33.0,34.6,0,8658.813834108223,False
TSH_81,2022-02,1.4250219760349891,0,0,0,999,0,2,0,33.0,34.6,0,8658.813834108223,False
TSH_81,2022-03,1.4250219760349891,0,0,0,999,0,3,0,33.0,34.6,0,8658.813834108223,False
TSH_81,2022-04,1.4250219760349891,0,0,0,999,0,4,0,33.0,34.6,0,8658.813834108223,False
TSH_81,2022-05,1.4250219760349891,0,0,0,999,0,5,1,33.0,34.6,0,8658.813834108223,False
TSH_81,2022-06,1.4250219760349891,0,0,0,999,0,6,1,33.0,34.6,0,8658.813834108223,False
TSH_81,2022-07,1.4250219760349891,0,0,0,999,0,7,1,33.0,34.6,0,8658.813834108223,False
TSH_81,2022-08,1.4250219760349891,0,0,0,999,0,8,1,33.0,34.6,0,8658.813834108223,False
TSH_81,2022-09,1.4250219760349891,0,0,0,999,0,9,1,33.0,34.6,0,8658.813834108223,False
TSH_81,2022-10,1.4250219760349891,0,0,0,999,0,10,0,33.0,34.6,0,8658.813834108223,False
TSH_81,2022-11,1.4250219760349891,0,0,0,999,0,11,0,33.0,34.6,0,8658.813834108223,False
TSH_81,2022-12,1.4250219760349891,0,0,0,999,0,12,0,33.0,34.6,0,8658.813834108223,False
TSH_81,2023-01,1.4250219760349891,0,0,0,999,0,1,0,33.0,34.6,0,8658.813834108223,False
TSH_81,2023-02,1.4250219760349891,0,0,0,999,0,2,0,33.0,34.6,0,8658.813834108223,False
TSH_81,2023-03,1.4250219760349891,0,0,0,999,0,3,0,33.0,34.6,0,8658.813834108223,False
TSH_81,2023-04,1.4250219760349891,0,0,0,999,0,4,0,33.0,34.6,0,8658.813834108223,False
TSH_81,2023-05,1.4250219760349891,0,0,0,999,0,5,1,33.0,34.6,0,8658.813834108223,False
TSH_81,2023-06,1.4250219760349891,0,0,0,999,0,6,1,33.0,34.6,0,8658.813834108223,False
TSH_81,2023-07,1.4250219760349891,0,0,0,999,0,7,1,33.0,34.6,0,8658.813834108223,False
TSH_81,2023-08,1.4250219760349891,0,0,0,999,0,8,1,33.0,34.6,0,8658.813834108223,False
TSH_81,2023-09,1.4250219760349891,0,0,0,999,0,9,1,33.0,34.6,0,8658.813834108223,False
TSH_81,2023-10,1.4250219760349891,0,0,0,999,0,10,0,33.0,34.6,0,8658.813834108223,False
TSH_81,2023-11,1.4250219760349891,0,0,0,999,0,11,0,33.0,34.6,0,8658.813834108223,False
TSH_81,2023-12,1.4250219760349891,0,0,0,999,0,12,0,33.0,34.6,0,8658.813834108223,False
TSH_81,2024-01,1.4250219760349891,0,0,0,999,0,1,0,33.0,34.6,0,8658.813834108223,False
TSH_81,2024-02,1.4250219760349891,0,0,0,999,0,2,0,33.0,34.6,0,8658.813834108223,False
TSH_81,2024-03,1.4250219760349891,0,0,0,999,0,3,0,33.0,34.6,0,8658.813834108223,False
TSH_81,2024-04,1.4250219760349891,0,0,0,999,0,4,0,33.0,34.6,0,8658.813834108223,False
TSH_81,2024-05,1.4250219760349891,0,0,0,999,0,5,1,33.0,34.6,0,8658.813834108223,False
TSH_81,2024-06,1.4250219760349891,0,0,0,999,0,6,1,33.0,34.6,0,8658.813834108223,False
TSH_81,2024-07,1.4250219760349891,0,0,0,999,0,7,1,33.0,34.6,0,8658.813834108223,False
TSH_81,2024-08,1.4250219760349891,0,0,0,999,0,8,1,33.0,34.6,0,8658.813834108223,False
TSH_81,2024-09,1.4250219760349891,0,0,0,999,0,9,1,33.0,34.6,0,8658.813834108223,False
TSH_81,2024-10,1.4250219760349891,0,0,0,999,0,10,0,33.0,34.6,0,8658.813834108223,False
TSH_81,2024-11,1.4250219760349891,0,0,0,999,0,11,0,33.0,34.6,0,8658.813834108223,False
TSH_81,2024-12,1.4250219760349891,0,0,0,999,0,12,0,33.0,34.6,0,8658.813834108223,False
TSH_81,2025-01,1.4250219760349891,0,0,0,999,0,1,0,33.0,34.6,0,8658.813834108223,False
TSH_81,2025-02,1.4250219760349891,0,0,0,999,0,2,0,33.0,34.6,0,8658.813834108223,False
TSH_81,2025-03,1.4250219760349891,0,0,0,999,0,3,0,33.0,34.6,0,8658.813834108223,False
TSH_81,2025-04,1.4250219760349891,0,0,0,999,0,4,0,33.0,34.6,0,8658.813834108223,False
TSH_81,2025-05,1.4250219760349891,0,0,0,999,0,5,1,33.0,34.6,0,8658.813834108223,False
TSH_81,2025-06,1.4250219760349891,0,0,0,999,0,6,1,33.0,34.6,0,8658.813834108223,False
TSH_81,2025-07,1.4250219760349891,0,0,0,999,0,7,1,33.0,34.6,0,8658.813834108223,False
TSH_81,2025-08,1.4250219760349891,0,0,0,999,0,8,1,33.0,34.6,0,8658.813834108223,False
TSH_81,2025-09,1.4250219760349891,0,0,0,999,0,9,1,33.0,34.6,0,8658.813834108223,False
TSH_81,2025-10,1.4250219760349891,0,0,0,999,0,10,0,33.0,34.6,0,8658.813834108223,False
TSH_81,2025-11,1.4250219760349891,0,0,0,999,0,11,0,33.0,34.6,0,8658.813834108223,False
TSH_81,2025-12,1.4250219760349891,0,0,0,999,0,12,0,33.0,34.6,0,8658.813834108223,False
TSH_81,2026-01,1.4250219760349891,0,0,0,999,0,1,0,33.0,34.6,0,8658.813834108223,False
TSH_81,2026-02,1.4250219760349891,0,0,0,999,0,2,0,33.0,34.6,0,8658.813834108223,False
TSH_81,2026-03,1.4250219760349891,0,0,0,999,0,3,0,33.0,34.6,0,8658.813834108223,False
TSH_82,2019-08,14.31107954181459,0,0,0,999,0,8,1,33.0,31.9,0,1398.706501596449,False
TSH_82,2019-09,14.31107954181459,0,0,0,999,0,9,1,33.0,31.9,0,1398.706501596449,False
TSH_82,2019-10,14.31107954181459,0,0,0,999,0,10,0,33.0,31.9,0,1398.706501596449,False
TSH_82,2019-11,14.31107954181459,0,0,0,999,0,11,0,33.0,31.9,0,1398.706501596449,False
TSH_82,2019-12,14.31107954181459,0,0,0,999,0,12,0,33.0,31.9,0,1398.706501596449,False
TSH_82,2020-01,14.31107954181459,0,0,0,999,0,1,0,33.0,31.9,0,1398.706501596449,False
TSH_82,2020-02,14.31107954181459,0,0,0,999,0,2,0,33.0,31.9,0,1398.706501596449,False
TSH_82,2020-03,14.31107954181459,0,0,0,999,0,3,0,33.0,31.9,0,1398.706501596449,False
TSH_82,2020-04,14.31107954181459,0,0,0,999,0,4,0,33.0,31.9,0,1398.706501596449,False
TSH_82,2020-05,14.31107954181459,0,0,0,999,0,5,1,33.0,31.9,0,1398.706501596449,False
TSH_82,2020-06,14.31107954181459,0,0,0,999,0,6,1,33.0,31.9,0,1398.706501596449,False
TSH_82,2020-07,14.31107954181459,0,0,0,999,0,7,1,33.0,31.9,0,1398.706501596449,False
TSH_82,2020-08,14.31107954181459,0,0,0,999,0,8,1,33.0,31.9,0,1398.706501596449,False
TSH_82,2020-09,14.31107954181459,0,0,0,999,0,9,1,33.0,31.9,0,1398.706501596449,False
TSH_82,2020-10,14.31107954181459,0,0,0,999,0,10,0,33.0,31.9,0,1398.706501596449,False
TSH_82,2020-11,14.31107954181459,0,0,0,999,0,11,0,33.0,31.9,0,1398.706501596449,False
TSH_82,2020-12,14.31107954181459,0,0,0,999,0,12,0,33.0,31.9,0,1398.706501596449,False
TSH_82,2021-01,14.31107954181459,0,0,0,999,0,1,0,33.0,31.9,0,1398.706501596449,False
TSH_82,2021-02,14.31107954181459,0,0,0,999,0,2,0,33.0,31.9,0,1398.706501596449,False
TSH_82,2021-03,14.31107954181459,0,0,0,999,0,3,0,33.0,31.9,0,1398.706501596449,False
TSH_82,2021-04,14.31107954181459,0,0,0,999,0,4,0,33.0,31.9,0,1398.706501596449,False
TSH_82,2021-05,14.31107954181459,0,0,0,999,0,5,1,33.0,31.9,0,1398.706501596449,False
TSH_82,2021-06,14.31107954181459,0,0,0,999,0,6,1,33.0,31.9,0,1398.706501596449,False
TSH_82,2021-07,14.31107954181459,0,0,0,999,0,7,1,33.0,31.9,0,1398.706501596449,False
TSH_82,2021-08,14.31107954181459,0,0,0,999,0,8,1,33.0,31.9,0,1398.706501596449,False
TSH_82,2021-09,14.31107954181459,0,0,0,999,0,9,1,33.0,31.9,0,1398.706501596449,False
TSH_82,2021-10,14.31107954181459,0,0,0,999,0,10,0,33.0,31.9,0,1398.706501596449,False
TSH_82,2021-11,14.31107954181459,0,0,0,999,0,11,0,33.0,31.9,0,1398.706501596449,False
TSH_82,2021-12,14.31107954181459,0,0,0,999,0,12,0,33.0,31.9,0,1398.706501596449,False
TSH_82,2022-01,14.31107954181459,0,0,0,999,0,1,0,33.0,31.9,0,1398.706501596449,False
TSH_82,2022-02,14.31107954181459,0,0,0,999,0,2,0,33.0,31.9,0,1398.706501596449,False
TSH_82,2022-03,14.31107954181459,0,0,0,999,0,3,0,33.0,31.9,0,1398.706501596449,False
TSH_82,2022-04,14.31107954181459,0,0,0,999,0,4,0,33.0,31.9,0,1398.706501596449,False
TSH_82,2022-05,14.31107954181459,0,0,0,999,0,5,1,33.0,31.9,0,1398.706501596449,False
TSH_82,2022-06,14.31107954181459,0,0,0,999,0,6,1,33.0,31.9,0,1398.706501596449,False
TSH_82,2022-07,14.31107954181459,0,0,0,999,0,7,1,33.0,31.9,0,1398.706501596449,False
TSH_82,2022-08,14.31107954181459,0,0,0,999,0,8,1,33.0,31.9,0,1398.706501596449,False
TSH_82,2022-09,14.31107954181459,0,0,0,999,0,9,1,33.0,31.9,0,1398.706501596449,False
TSH_82,2022-10,14.31107954181459,0,0,0,999,0,10,0,33.0,31.9,0,1398.706501596449,False
TSH_82,2022-11,14.31107954181459,0,0,0,999,0,11,0,33.0,31.9,0,1398.706501596449,False
TSH_82,2022-12,14.31107954181459,0,0,0,999,0,12,0,33.0,31.9,0,1398.706501596449,False
TSH_82,2023-01,14.31107954181459,0,0,0,999,0,1,0,33.0,31.9,0,1398.706501596449,False
TSH_82,2023-02,14.31107954181459,0,0,0,999,0,2,0,33.0,31.9,0,1398.706501596449,False
TSH_82,2023-03,14.31107954181459,0,0,0,999,0,3,0,33.0,31.9,0,1398.706501596449,False
TSH_82,2023-04,14.31107954181459,0,0,0,999,0,4,0,33.0,31.9,0,1398.706501596449,False
TSH_82,2023-05,14.31107954181459,0,0,0,999,0,5,1,33.0,31.9,0,1398.706501596449,False
TSH_82,2023-06,14.31107954181459,0,0,0,999,0,6,1,33.0,31.9,0,1398.706501596449,False
TSH_82,2023-07,14.31107954181459,0,0,0,999,0,7,1,33.0,31.9,0,1398.706501596449,False
TSH_82,2023-08,14.31107954181459,0,0,0,999,0,8,1,33.0,31.9,0,1398.706501596449,False
TSH_82,2023-09,14.31107954181459,0,0,0,999,0,9,1,33.0,31.9,0,1398.706501596449,False
TSH_82,2023-10,14.31107954181459,0,0,0,999,0,10,0,33.0,31.9,0,1398.706501596449,False
TSH_82,2023-11,14.31107954181459,0,0,0,999,0,11,0,33.0,31.9,0,1398.706501596449,False
TSH_82,2023-12,14.31107954181459,0,0,0,999,0,12,0,33.0,31.9,0,1398.706501596449,False
TSH_82,2024-01,14.31107954181459,0,0,0,999,0,1,0,33.0,31.9,0,1398.706501596449,False
TSH_82,2024-02,14.31107954181459,0,0,0,999,0,2,0,33.0,31.9,0,1398.706501596449,False
TSH_82,2024-03,14.31107954181459,0,0,0,999,0,3,0,33.0,31.9,0,1398.706501596449,False
TSH_82,2024-04,14.31107954181459,0,0,0,999,0,4,0,33.0,31.9,0,1398.706501596449,False
TSH_82,2024-05,14.31107954181459,0,0,0,999,0,5,1,33.0,31.9,0,1398.706501596449,False
TSH_82,2024-06,14.31107954181459,0,0,0,999,0,6,1,33.0,31.9,0,1398.706501596449,False
TSH_82,2024-07,14.31107954181459,0,0,0,999,0,7,1,33.0,31.9,0,1398.706501596449,False
TSH_82,2024-08,14.31107954181459,0,0,0,999,0,8,1,33.0,31.9,0,1398.706501596449,False
TSH_82,2024-09,14.31107954181459,0,0,0,999,0,9,1,33.0,31.9,0,1398.706501596449,False
TSH_82,2024-10,14.31107954181459,0,0,0,999,0,10,0,33.0,31.9,0,1398.706501596449,False
TSH_82,2024-11,14.31107954181459,0,0,0,999,0,11,0,33.0,31.9,0,1398.706501596449,False
TSH_82,2024-12,14.31107954181459,0,0,0,999,0,12,0,33.0,31.9,0,1398.706501596449,False
TSH_82,2025-01,14.31107954181459,0,0,0,999,0,1,0,33.0,31.9,0,1398.706501596449,False
TSH_82,2025-02,14.31107954181459,0,0,0,999,0,2,0,33.0,31.9,0,1398.706501596449,False
TSH_82,2025-03,14.31107954181459,0,0,0,999,0,3,0,33.0,31.9,0,1398.706501596449,False
TSH_82,2025-04,14.31107954181459,0,0,0,999,0,4,0,33.0,31.9,0,1398.706501596449,False
TSH_82,2025-05,14.31107954181459,0,0,0,999,0,5,1,33.0,31.9,0,1398.706501596449,False
TSH_82,2025-06,14.31107954181459,0,0,0,999,0,6,1,33.0,31.9,0,1398.706501596449,False
TSH_82,2025-07,14.31107954181459,0,0,0,999,0,7,1,33.0,31.9,0,1398.706501596449,False
TSH_82,2025-08,14.31107954181459,0,0,0,999,0,8,1,33.0,31.9,0,1398.706501596449,False
TSH_82,2025-09,14.31107954181459,0,0,0,999,0,9,1,33.0,31.9,0,1398.706501596449,False
TSH_82,2025-10,14.31107954181459,0,0,0,999,0,10,0,33.0,31.9,0,1398.706501596449,False
TSH_82,2025-11,14.31107954181459,0,0,0,999,0,11,0,33.0,31.9,0,1398.706501596449,False
TSH_82,2025-12,14.31107954181459,0,0,0,999,0,12,0,33.0,31.9,0,1398.706501596449,False
TSH_82,2026-01,14.31107954181459,0,0,0,999,0,1,0,33.0,31.9,0,1398.706501596449,False
TSH_82,2026-02,14.31107954181459,0,0,0,999,0,2,0,33.0,31.9,0,1398.706501596449,False
TSH_82,2026-03,14.31107954181459,0,0,0,999,0,3,0,33.0,31.9,0,1398.706501596449,False
TSH_83,2019-08,12.66888241708827,0,0,0,999,0,8,1,33.0,31.9,0,954.8592844845657,False
TSH_83,2019-09,12.66888241708827,0,0,0,999,0,9,1,33.0,31.9,0,954.8592844845657,False
TSH_83,2019-10,12.66888241708827,0,0,0,999,0,10,0,33.0,31.9,0,954.8592844845657,False
TSH_83,2019-11,12.66888241708827,0,0,0,999,0,11,0,33.0,31.9,0,954.8592844845657,False
TSH_83,2019-12,12.66888241708827,0,0,0,999,0,12,0,33.0,31.9,0,954.8592844845657,False
TSH_83,2020-01,12.66888241708827,0,0,0,999,0,1,0,33.0,31.9,0,954.8592844845657,False
TSH_83,2020-02,12.66888241708827,0,0,0,999,0,2,0,33.0,31.9,0,954.8592844845657,False
TSH_83,2020-03,12.66888241708827,0,0,0,999,0,3,0,33.0,31.9,0,954.8592844845657,False
TSH_83,2020-04,12.66888241708827,0,0,0,999,0,4,0,33.0,31.9,0,954.8592844845657,False
TSH_83,2020-05,12.66888241708827,0,0,0,999,0,5,1,33.0,31.9,0,954.8592844845657,False
TSH_83,2020-06,12.66888241708827,0,0,0,999,0,6,1,33.0,31.9,0,954.8592844845657,False
TSH_83,2020-07,12.66888241708827,0,0,0,999,0,7,1,33.0,31.9,0,954.8592844845657,False
TSH_83,2020-08,12.66888241708827,0,0,0,999,0,8,1,33.0,31.9,0,954.8592844845657,False
TSH_83,2020-09,12.66888241708827,0,0,0,999,0,9,1,33.0,31.9,0,954.8592844845657,False
TSH_83,2020-10,12.66888241708827,0,0,0,999,0,10,0,33.0,31.9,0,954.8592844845657,False
TSH_83,2020-11,12.66888241708827,0,0,0,999,0,11,0,33.0,31.9,0,954.8592844845657,False
TSH_83,2020-12,12.66888241708827,0,0,0,999,0,12,0,33.0,31.9,0,954.8592844845657,False
TSH_83,2021-01,12.66888241708827,0,0,0,999,0,1,0,33.0,31.9,0,954.8592844845657,False
TSH_83,2021-02,12.66888241708827,0,0,0,999,0,2,0,33.0,31.9,0,954.8592844845657,False
TSH_83,2021-03,12.66888241708827,0,0,0,999,0,3,0,33.0,31.9,0,954.8592844845657,False
TSH_83,2021-04,12.66888241708827,0,0,0,999,0,4,0,33.0,31.9,0,954.8592844845657,False
TSH_83,2021-05,12.66888241708827,0,0,0,999,0,5,1,33.0,31.9,0,954.8592844845657,False
TSH_83,2021-06,12.66888241708827,0,0,0,999,0,6,1,33.0,31.9,0,954.8592844845657,False
TSH_83,2021-07,12.66888241708827,0,0,0,999,0,7,1,33.0,31.9,0,954.8592844845657,False
TSH_83,2021-08,12.66888241708827,0,0,0,999,0,8,1,33.0,31.9,0,954.8592844845657,False
TSH_83,2021-09,12.66888241708827,0,0,0,999,0,9,1,33.0,31.9,0,954.8592844845657,False
TSH_83,2021-10,12.66888241708827,0,0,0,999,0,10,0,33.0,31.9,0,954.8592844845657,False
TSH_83,2021-11,12.66888241708827,0,0,0,999,0,11,0,33.0,31.9,0,954.8592844845657,False
TSH_83,2021-12,12.66888241708827,0,0,0,999,0,12,0,33.0,31.9,0,954.8592844845657,False
TSH_83,2022-01,12.66888241708827,0,0,0,999,0,1,0,33.0,31.9,0,954.8592844845657,False
TSH_83,2022-02,12.66888241708827,0,0,0,999,0,2,0,33.0,31.9,0,954.8592844845657,False
TSH_83,2022-03,12.66888241708827,0,0,0,999,0,3,0,33.0,31.9,0,954.8592844845657,False
TSH_83,2022-04,12.66888241708827,0,0,0,999,0,4,0,33.0,31.9,0,954.8592844845657,False
TSH_83,2022-05,12.66888241708827,0,0,0,999,0,5,1,33.0,31.9,0,954.8592844845657,False
TSH_83,2022-06,12.66888241708827,0,0,0,999,0,6,1,33.0,31.9,0,954.8592844845657,False
TSH_83,2022-07,12.66888241708827,0,0,0,999,0,7,1,33.0,31.9,0,954.8592844845657,False
TSH_83,2022-08,12.66888241708827,0,0,0,999,0,8,1,33.0,31.9,0,954.8592844845657,False
TSH_83,2022-09,12.66888241708827,0,0,0,999,0,9,1,33.0,31.9,0,954.8592844845657,False
TSH_83,2022-10,12.66888241708827,0,0,0,999,0,10,0,33.0,31.9,0,954.8592844845657,False
TSH_83,2022-11,12.66888241708827,0,0,0,999,0,11,0,33.0,31.9,0,954.8592844845657,False
TSH_83,2022-12,12.66888241708827,0,0,0,999,0,12,0,33.0,31.9,0,954.8592844845657,False
TSH_83,2023-01,12.66888241708827,0,0,0,999,0,1,0,33.0,31.9,0,954.8592844845657,False
TSH_83,2023-02,12.66888241708827,0,0,0,999,0,2,0,33.0,31.9,0,954.8592844845657,False
TSH_83,2023-03,12.66888241708827,0,0,0,999,0,3,0,33.0,31.9,0,954.8592844845657,False
TSH_83,2023-04,12.66888241708827,0,0,0,999,0,4,0,33.0,31.9,0,954.8592844845657,False
TSH_83,2023-05,12.66888241708827,0,0,0,999,0,5,1,33.0,31.9,0,954.8592844845657,False
TSH_83,2023-06,12.66888241708827,0,0,0,999,0,6,1,33.0,31.9,0,954.8592844845657,False
TSH_83,2023-07,12.66888241708827,0,0,0,999,0,7,1,33.0,31.9,0,954.8592844845657,False
TSH_83,2023-08,12.66888241708827,0,0,0,999,0,8,1,33.0,31.9,0,954.8592844845657,False
TSH_83,2023-09,12.66888241708827,0,0,0,999,0,9,1,33.0,31.9,0,954.8592844845657,False
TSH_83,2023-10,12.66888241708827,0,0,0,999,0,10,0,33.0,31.9,0,954.8592844845657,False
TSH_83,2023-11,12.66888241708827,0,0,0,999,0,11,0,33.0,31.9,0,954.8592844845657,False
TSH_83,2023-12,12.66888241708827,0,0,0,999,0,12,0,33.0,31.9,0,954.8592844845657,False
TSH_83,2024-01,12.66888241708827,0,0,0,999,0,1,0,33.0,31.9,0,954.8592844845657,False
TSH_83,2024-02,12.66888241708827,0,0,0,999,0,2,0,33.0,31.9,0,954.8592844845657,False
TSH_83,2024-03,12.66888241708827,0,0,0,999,0,3,0,33.0,31.9,0,954.8592844845657,False
TSH_83,2024-04,12.66888241708827,0,0,0,999,0,4,0,33.0,31.9,0,954.8592844845657,False
TSH_83,2024-05,12.66888241708827,0,0,0,999,0,5,1,33.0,31.9,0,954.8592844845657,False
TSH_83,2024-06,12.66888241708827,0,0,0,999,0,6,1,33.0,31.9,0,954.8592844845657,False
TSH_83,2024-07,12.66888241708827,0,0,0,999,0,7,1,33.0,31.9,0,954.8592844845657,False
TSH_83,2024-08,12.66888241708827,0,0,0,999,0,8,1,33.0,31.9,0,954.8592844845657,False
TSH_83,2024-09,12.66888241708827,0,0,0,999,0,9,1,33.0,31.9,0,954.8592844845657,False
TSH_83,2024-10,12.66888241708827,0,0,0,999,0,10,0,33.0,31.9,0,954.8592844845657,False
TSH_83,2024-11,12.66888241708827,0,0,0,999,0,11,0,33.0,31.9,0,954.8592844845657,False
TSH_83,2024-12,12.66888241708827,0,0,0,999,0,12,0,33.0,31.9,0,954.8592844845657,False
TSH_83,2025-01,12.66888241708827,0,0,0,999,0,1,0,33.0,31.9,0,954.8592844845657,False
TSH_83,2025-02,12.66888241708827,0,0,0,999,0,2,0,33.0,31.9,0,954.8592844845657,False
TSH_83,2025-03,12.66888241708827,0,0,0,999,0,3,0,33.0,31.9,0,954.8592844845657,False
TSH_83,2025-04,12.66888241708827,0,0,0,999,0,4,0,33.0,31.9,0,954.8592844845657,False
TSH_83,2025-05,12.66888241708827,0,0,0,999,0,5,1,33.0,31.9,0,954.8592844845657,False
TSH_83,2025-06,12.66888241708827,0,0,0,999,0,6,1,33.0,31.9,0,954.8592844845657,False
TSH_83,2025-07,12.66888241708827,0,0,0,999,0,7,1,33.0,31.9,0,954.8592844845657,False
TSH_83,2025-08,12.66888241708827,0,0,0,999,0,8,1,33.0,31.9,0,954.8592844845657,False
TSH_83,2025-09,12.66888241708827,0,0,0,999,0,9,1,33.0,31.9,0,954.8592844845657,False
TSH_83,2025-10,12.66888241708827,0,0,0,999,0,10,0,33.0,31.9,0,954.8592844845657,False
TSH_83,2025-11,12.66888241708827,0,0,0,999,0,11,0,33.0,31.9,0,954.8592844845657,False
TSH_83,2025-12,12.66888241708827,0,0,0,999,0,12,0,33.0,31.9,0,954.8592844845657,False
TSH_83,2026-01,12.66888241708827,0,0,0,999,0,1,0,33.0,31.9,0,954.8592844845657,False
TSH_83,2026-02,12.66888241708827,0,0,0,999,0,2,0,33.0,31.9,0,954.8592844845657,False
TSH_83,2026-03,12.66888241708827,0,0,0,999,0,3,0,33.0,31.9,0,954.8592844845657,False
TSH_84,2019-08,13.126114123407064,0,0,0,999,0,8,1,33.0,34.6,0,2016.3621732347183,False
TSH_84,2019-09,13.126114123407064,0,0,0,999,0,9,1,33.0,34.6,0,2016.3621732347183,False
TSH_84,2019-10,13.126114123407064,0,0,0,999,0,10,0,33.0,34.6,0,2016.3621732347183,False
TSH_84,2019-11,13.126114123407064,0,0,0,999,0,11,0,33.0,34.6,0,2016.3621732347183,False
TSH_84,2019-12,13.126114123407064,0,0,0,999,0,12,0,33.0,34.6,0,2016.3621732347183,False
TSH_84,2020-01,13.126114123407064,0,0,0,999,0,1,0,33.0,34.6,0,2016.3621732347183,False
TSH_84,2020-02,13.126114123407064,0,0,0,999,0,2,0,33.0,34.6,0,2016.3621732347183,False
TSH_84,2020-03,13.126114123407064,0,0,0,999,0,3,0,33.0,34.6,0,2016.3621732347183,False
TSH_84,2020-04,13.126114123407064,0,0,0,999,0,4,0,33.0,34.6,0,2016.3621732347183,False
TSH_84,2020-05,13.126114123407064,0,0,0,999,0,5,1,33.0,34.6,0,2016.3621732347183,False
TSH_84,2020-06,13.126114123407064,0,0,0,999,0,6,1,33.0,34.6,0,2016.3621732347183,False
TSH_84,2020-07,13.126114123407064,0,0,0,999,0,7,1,33.0,34.6,0,2016.3621732347183,False
TSH_84,2020-08,13.126114123407064,0,0,0,999,0,8,1,33.0,34.6,0,2016.3621732347183,False
TSH_84,2020-09,13.126114123407064,0,0,0,999,0,9,1,33.0,34.6,0,2016.3621732347183,False
TSH_84,2020-10,13.126114123407064,0,0,0,999,0,10,0,33.0,34.6,0,2016.3621732347183,False
TSH_84,2020-11,13.126114123407064,0,0,0,999,0,11,0,33.0,34.6,0,2016.3621732347183,False
TSH_84,2020-12,13.126114123407064,0,0,0,999,0,12,0,33.0,34.6,0,2016.3621732347183,False
TSH_84,2021-01,13.126114123407064,0,0,0,999,0,1,0,33.0,34.6,0,2016.3621732347183,False
TSH_84,2021-02,13.126114123407064,0,0,0,999,0,2,0,33.0,34.6,0,2016.3621732347183,False
TSH_84,2021-03,13.126114123407064,0,0,0,999,0,3,0,33.0,34.6,0,2016.3621732347183,False
TSH_84,2021-04,13.126114123407064,0,0,0,999,0,4,0,33.0,34.6,0,2016.3621732347183,False
TSH_84,2021-05,13.126114123407064,0,0,0,999,0,5,1,33.0,34.6,0,2016.3621732347183,False
TSH_84,2021-06,13.126114123407064,0,0,0,999,0,6,1,33.0,34.6,0,2016.3621732347183,False
TSH_84,2021-07,13.126114123407064,0,0,0,999,0,7,1,33.0,34.6,0,2016.3621732347183,False
TSH_84,2021-08,13.126114123407064,0,0,0,999,0,8,1,33.0,34.6,0,2016.3621732347183,False
TSH_84,2021-09,13.126114123407064,0,0,0,999,0,9,1,33.0,34.6,0,2016.3621732347183,False
TSH_84,2021-10,13.126114123407064,0,0,0,999,0,10,0,33.0,34.6,0,2016.3621732347183,False
TSH_84,2021-11,13.126114123407064,0,0,0,999,0,11,0,33.0,34.6,0,2016.3621732347183,False
TSH_84,2021-12,13.126114123407064,0,0,0,999,0,12,0,33.0,34.6,0,2016.3621732347183,False
TSH_84,2022-01,13.126114123407064,0,0,0,999,0,1,0,33.0,34.6,0,2016.3621732347183,False
TSH_84,2022-02,13.126114123407064,0,0,0,999,0,2,0,33.0,34.6,0,2016.3621732347183,False
TSH_84,2022-03,13.126114123407064,0,0,0,999,0,3,0,33.0,34.6,0,2016.3621732347183,False
TSH_84,2022-04,13.126114123407064,0,0,0,999,0,4,0,33.0,34.6,0,2016.3621732347183,False
TSH_84,2022-05,13.126114123407064,0,0,0,999,0,5,1,33.0,34.6,0,2016.3621732347183,False
TSH_84,2022-06,13.126114123407064,0,0,0,999,0,6,1,33.0,34.6,0,2016.3621732347183,False
TSH_84,2022-07,13.126114123407064,0,0,0,999,0,7,1,33.0,34.6,0,2016.3621732347183,False
TSH_84,2022-08,13.126114123407064,0,0,0,999,0,8,1,33.0,34.6,0,2016.3621732347183,False
TSH_84,2022-09,13.126114123407064,0,0,0,999,0,9,1,33.0,34.6,0,2016.3621732347183,False
TSH_84,2022-10,13.126114123407064,0,0,0,999,0,10,0,33.0,34.6,0,2016.3621732347183,False
TSH_84,2022-11,13.126114123407064,0,0,0,999,0,11,0,33.0,34.6,0,2016.3621732347183,False
TSH_84,2022-12,13.126114123407064,0,0,0,999,0,12,0,33.0,34.6,0,2016.3621732347183,False
TSH_84,2023-01,13.126114123407064,0,0,0,999,0,1,0,33.0,34.6,0,2016.3621732347183,False
TSH_84,2023-02,13.126114123407064,0,0,0,999,0,2,0,33.0,34.6,0,2016.3621732347183,False
TSH_84,2023-03,13.126114123407064,0,0,0,999,0,3,0,33.0,34.6,0,2016.3621732347183,False
TSH_84,2023-04,13.126114123407064,0,0,0,999,0,4,0,33.0,34.6,0,2016.3621732347183,False
TSH_84,2023-05,13.126114123407064,0,0,0,999,0,5,1,33.0,34.6,0,2016.3621732347183,False
TSH_84,2023-06,13.126114123407064,0,0,0,999,0,6,1,33.0,34.6,0,2016.3621732347183,False
TSH_84,2023-07,13.126114123407064,0,0,0,999,0,7,1,33.0,34.6,0,2016.3621732347183,False
TSH_84,2023-08,13.126114123407064,0,0,0,999,0,8,1,33.0,34.6,0,2016.3621732347183,False
TSH_84,2023-09,13.126114123407064,0,0,0,999,0,9,1,33.0,34.6,0,2016.3621732347183,False
TSH_84,2023-10,13.126114123407064,0,0,0,999,0,10,0,33.0,34.6,1,2016.3621732347183,False
TSH_84,2023-11,13.126114123407064,0,0,0,999,0,11,0,33.0,34.6,1,2016.3621732347183,False
TSH_84,2023-12,13.126114123407064,0,0,0,999,0,12,0,33.0,34.6,1,2016.3621732347183,False
TSH_84,2024-01,13.126114123407064,1,1,1,0,0,1,0,33.0,34.6,0,2016.3621732347183,False
TSH_84,2024-02,13.126114123407064,0,0,1,1,0,2,0,33.0,34.6,0,2016.3621732347183,False
TSH_84,2024-03,13.126114123407064,0,0,1,2,0,3,0,33.0,34.6,0,2016.3621732347183,False
TSH_84,2024-04,13.126114123407064,0,0,1,3,0,4,0,33.0,34.6,0,2016.3621732347183,False
TSH_84,2024-05,13.126114123407064,0,0,1,4,0,5,1,33.0,34.6,0,2016.3621732347183,False
TSH_84,2024-06,13.126114123407064,0,0,1,5,0,6,1,33.0,34.6,0,2016.3621732347183,False
TSH_84,2024-07,13.126114123407064,0,0,1,6,0,7,1,33.0,34.6,0,2016.3621732347183,False
TSH_84,2024-08,13.126114123407064,0,0,1,7,0,8,1,33.0,34.6,0,2016.3621732347183,False
TSH_84,2024-09,13.126114123407064,0,0,1,8,0,9,1,33.0,34.6,0,2016.3621732347183,False
TSH_84,2024-10,13.126114123407064,0,0,1,9,0,10,0,33.0,34.6,0,2016.3621732347183,False
TSH_84,2024-11,13.126114123407064,0,0,1,10,0,11,0,33.0,34.6,0,2016.3621732347183,False
TSH_84,2024-12,13.126114123407064,0,0,1,11,0,12,0,33.0,34.6,0,2016.3621732347183,False
TSH_84,2025-01,13.126114123407064,0,0,1,12,0,1,0,33.0,34.6,0,2016.3621732347183,False
TSH_84,2025-02,13.126114123407064,0,0,1,13,0,2,0,33.0,34.6,0,2016.3621732347183,False
TSH_84,2025-03,13.126114123407064,0,0,1,14,0,3,0,33.0,34.6,0,2016.3621732347183,False
TSH_84,2025-04,13.126114123407064,0,0,1,15,0,4,0,33.0,34.6,0,2016.3621732347183,False
TSH_84,2025-05,13.126114123407064,0,0,1,16,0,5,1,33.0,34.6,0,2016.3621732347183,False
TSH_84,2025-06,13.126114123407064,0,0,1,17,0,6,1,33.0,34.6,0,2016.3621732347183,False
TSH_84,2025-07,13.126114123407064,0,0,1,18,0,7,1,33.0,34.6,0,2016.3621732347183,False
TSH_84,2025-08,13.126114123407064,0,0,1,19,0,8,1,33.0,34.6,0,2016.3621732347183,False
TSH_84,2025-09,13.126114123407064,0,0,1,20,0,9,1,33.0,34.6,0,2016.3621732347183,False
TSH_84,2025-10,13.126114123407064,0,0,1,21,0,10,0,33.0,34.6,0,2016.3621732347183,False
TSH_84,2025-11,13.126114123407064,0,0,1,22,0,11,0,33.0,34.6,0,2016.3621732347183,False
TSH_84,2025-12,13.126114123407064,0,0,1,23,0,12,0,33.0,34.6,0,2016.3621732347183,False
TSH_84,2026-01,13.126114123407064,0,0,1,24,0,1,0,33.0,34.6,0,2016.3621732347183,False
TSH_84,2026-02,13.126114123407064,0,0,1,25,0,2,0,33.0,34.6,0,2016.3621732347183,False
TSH_84,2026-03,13.126114123407064,0,0,1,26,0,3,0,33.0,34.6,0,2016.3621732347183,False
TSH_85,2019-08,12.602463893187249,0,0,0,999,0,8,1,33.0,31.9,0,2747.637310726117,False
TSH_85,2019-09,12.602463893187249,0,0,0,999,0,9,1,33.0,31.9,0,2747.637310726117,False
TSH_85,2019-10,12.602463893187249,0,0,0,999,0,10,0,33.0,31.9,0,2747.637310726117,False
TSH_85,2019-11,12.602463893187249,0,0,0,999,0,11,0,33.0,31.9,0,2747.637310726117,False
TSH_85,2019-12,12.602463893187249,0,0,0,999,0,12,0,33.0,31.9,0,2747.637310726117,False
TSH_85,2020-01,12.602463893187249,0,0,0,999,0,1,0,33.0,31.9,0,2747.637310726117,False
TSH_85,2020-02,12.602463893187249,0,0,0,999,0,2,0,33.0,31.9,0,2747.637310726117,False
TSH_85,2020-03,12.602463893187249,0,0,0,999,0,3,0,33.0,31.9,0,2747.637310726117,False
TSH_85,2020-04,12.602463893187249,0,0,0,999,0,4,0,33.0,31.9,0,2747.637310726117,False
TSH_85,2020-05,12.602463893187249,0,0,0,999,0,5,1,33.0,31.9,0,2747.637310726117,False
TSH_85,2020-06,12.602463893187249,0,0,0,999,0,6,1,33.0,31.9,0,2747.637310726117,False
TSH_85,2020-07,12.602463893187249,0,0,0,999,0,7,1,33.0,31.9,0,2747.637310726117,False
TSH_85,2020-08,12.602463893187249,0,0,0,999,0,8,1,33.0,31.9,0,2747.637310726117,False
TSH_85,2020-09,12.602463893187249,0,0,0,999,0,9,1,33.0,31.9,0,2747.637310726117,False
TSH_85,2020-10,12.602463893187249,0,0,0,999,0,10,0,33.0,31.9,0,2747.637310726117,False
TSH_85,2020-11,12.602463893187249,0,0,0,999,0,11,0,33.0,31.9,0,2747.637310726117,False
TSH_85,2020-12,12.602463893187249,0,0,0,999,0,12,0,33.0,31.9,0,2747.637310726117,False
TSH_85,2021-01,12.602463893187249,0,0,0,999,0,1,0,33.0,31.9,0,2747.637310726117,False
TSH_85,2021-02,12.602463893187249,0,0,0,999,0,2,0,33.0,31.9,0,2747.637310726117,False
TSH_85,2021-03,12.602463893187249,0,0,0,999,0,3,0,33.0,31.9,0,2747.637310726117,False
TSH_85,2021-04,12.602463893187249,0,0,0,999,0,4,0,33.0,31.9,0,2747.637310726117,False
TSH_85,2021-05,12.602463893187249,0,0,0,999,0,5,1,33.0,31.9,0,2747.637310726117,False
TSH_85,2021-06,12.602463893187249,0,0,0,999,0,6,1,33.0,31.9,0,2747.637310726117,False
TSH_85,2021-07,12.602463893187249,0,0,0,999,0,7,1,33.0,31.9,0,2747.637310726117,False
TSH_85,2021-08,12.602463893187249,0,0,0,999,0,8,1,33.0,31.9,0,2747.637310726117,False
TSH_85,2021-09,12.602463893187249,0,0,0,999,0,9,1,33.0,31.9,0,2747.637310726117,False
TSH_85,2021-10,12.602463893187249,0,0,0,999,0,10,0,33.0,31.9,0,2747.637310726117,False
TSH_85,2021-11,12.602463893187249,0,0,0,999,0,11,0,33.0,31.9,0,2747.637310726117,False
TSH_85,2021-12,12.602463893187249,0,0,0,999,0,12,0,33.0,31.9,0,2747.637310726117,False
TSH_85,2022-01,12.602463893187249,0,0,0,999,0,1,0,33.0,31.9,0,2747.637310726117,False
TSH_85,2022-02,12.602463893187249,0,0,0,999,0,2,0,33.0,31.9,0,2747.637310726117,False
TSH_85,2022-03,12.602463893187249,0,0,0,999,0,3,0,33.0,31.9,0,2747.637310726117,False
TSH_85,2022-04,12.602463893187249,0,0,0,999,0,4,0,33.0,31.9,0,2747.637310726117,False
TSH_85,2022-05,12.602463893187249,0,0,0,999,0,5,1,33.0,31.9,0,2747.637310726117,False
TSH_85,2022-06,12.602463893187249,0,0,0,999,0,6,1,33.0,31.9,0,2747.637310726117,False
TSH_85,2022-07,12.602463893187249,0,0,0,999,0,7,1,33.0,31.9,0,2747.637310726117,False
TSH_85,2022-08,12.602463893187249,0,0,0,999,0,8,1,33.0,31.9,0,2747.637310726117,False
TSH_85,2022-09,12.602463893187249,0,0,0,999,0,9,1,33.0,31.9,0,2747.637310726117,False
TSH_85,2022-10,12.602463893187249,0,0,0,999,0,10,0,33.0,31.9,0,2747.637310726117,False
TSH_85,2022-11,12.602463893187249,0,0,0,999,0,11,0,33.0,31.9,0,2747.637310726117,False
TSH_85,2022-12,12.602463893187249,0,0,0,999,0,12,0,33.0,31.9,0,2747.637310726117,False
TSH_85,2023-01,12.602463893187249,0,0,0,999,0,1,0,33.0,31.9,0,2747.637310726117,False
TSH_85,2023-02,12.602463893187249,0,0,0,999,0,2,0,33.0,31.9,0,2747.637310726117,False
TSH_85,2023-03,12.602463893187249,0,0,0,999,0,3,0,33.0,31.9,0,2747.637310726117,False
TSH_85,2023-04,12.602463893187249,0,0,0,999,0,4,0,33.0,31.9,0,2747.637310726117,False
TSH_85,2023-05,12.602463893187249,0,0,0,999,0,5,1,33.0,31.9,0,2747.637310726117,False
TSH_85,2023-06,12.602463893187249,0,0,0,999,0,6,1,33.0,31.9,0,2747.637310726117,False
TSH_85,2023-07,12.602463893187249,0,0,0,999,0,7,1,33.0,31.9,0,2747.637310726117,False
TSH_85,2023-08,12.602463893187249,0,0,0,999,0,8,1,33.0,31.9,0,2747.637310726117,False
TSH_85,2023-09,12.602463893187249,0,0,0,999,0,9,1,33.0,31.9,0,2747.637310726117,False
TSH_85,2023-10,12.602463893187249,0,0,0,999,0,10,0,33.0,31.9,0,2747.637310726117,False
TSH_85,2023-11,12.602463893187249,0,0,0,999,0,11,0,33.0,31.9,0,2747.637310726117,False
TSH_85,2023-12,12.602463893187249,0,0,0,999,0,12,0,33.0,31.9,0,2747.637310726117,False
TSH_85,2024-01,12.602463893187249,0,0,0,999,0,1,0,33.0,31.9,0,2747.637310726117,False
TSH_85,2024-02,12.602463893187249,0,0,0,999,0,2,0,33.0,31.9,0,2747.637310726117,False
TSH_85,2024-03,12.602463893187249,0,0,0,999,0,3,0,33.0,31.9,0,2747.637310726117,False
TSH_85,2024-04,12.602463893187249,0,0,0,999,0,4,0,33.0,31.9,0,2747.637310726117,False
TSH_85,2024-05,12.602463893187249,0,0,0,999,0,5,1,33.0,31.9,0,2747.637310726117,False
TSH_85,2024-06,12.602463893187249,0,0,0,999,0,6,1,33.0,31.9,0,2747.637310726117,False
TSH_85,2024-07,12.602463893187249,0,0,0,999,0,7,1,33.0,31.9,0,2747.637310726117,False
TSH_85,2024-08,12.602463893187249,0,0,0,999,0,8,1,33.0,31.9,0,2747.637310726117,False
TSH_85,2024-09,12.602463893187249,0,0,0,999,0,9,1,33.0,31.9,0,2747.637310726117,False
TSH_85,2024-10,12.602463893187249,0,0,0,999,0,10,0,33.0,31.9,0,2747.637310726117,False
TSH_85,2024-11,12.602463893187249,0,0,0,999,0,11,0,33.0,31.9,0,2747.637310726117,False
TSH_85,2024-12,12.602463893187249,0,0,0,999,0,12,0,33.0,31.9,0,2747.637310726117,False
TSH_85,2025-01,12.602463893187249,0,0,0,999,0,1,0,33.0,31.9,0,2747.637310726117,False
TSH_85,2025-02,12.602463893187249,0,0,0,999,0,2,0,33.0,31.9,0,2747.637310726117,False
TSH_85,2025-03,12.602463893187249,0,0,0,999,0,3,0,33.0,31.9,0,2747.637310726117,False
TSH_85,2025-04,12.602463893187249,0,0,0,999,0,4,0,33.0,31.9,0,2747.637310726117,False
TSH_85,2025-05,12.602463893187249,0,0,0,999,0,5,1,33.0,31.9,0,2747.637310726117,False
TSH_85,2025-06,12.602463893187249,0,0,0,999,0,6,1,33.0,31.9,0,2747.637310726117,False
TSH_85,2025-07,12.602463893187249,0,0,0,999,0,7,1,33.0,31.9,0,2747.637310726117,False
TSH_85,2025-08,12.602463893187249,0,0,0,999,0,8,1,33.0,31.9,0,2747.637310726117,False
TSH_85,2025-09,12.602463893187249,0,0,0,999,0,9,1,33.0,31.9,0,2747.637310726117,False
TSH_85,2025-10,12.602463893187249,0,0,0,999,0,10,0,33.0,31.9,0,2747.637310726117,False
TSH_85,2025-11,12.602463893187249,0,0,0,999,0,11,0,33.0,31.9,0,2747.637310726117,False
TSH_85,2025-12,12.602463893187249,0,0,0,999,0,12,0,33.0,31.9,0,2747.637310726117,False
TSH_85,2026-01,12.602463893187249,0,0,0,999,0,1,0,33.0,31.9,0,2747.637310726117,False
TSH_85,2026-02,12.602463893187249,0,0,0,999,0,2,0,33.0,31.9,0,2747.637310726117,False
TSH_85,2026-03,12.602463893187249,0,0,0,999,0,3,0,33.0,31.9,0,2747.637310726117,False
TSH_86,2019-08,9.2948335596709,0,0,0,999,0,8,1,33.0,38.1,0,4689.164116839032,False
TSH_86,2019-09,9.2948335596709,0,0,0,999,0,9,1,33.0,38.1,0,4689.164116839032,False
TSH_86,2019-10,9.2948335596709,0,0,0,999,0,10,0,33.0,38.1,0,4689.164116839032,False
TSH_86,2019-11,9.2948335596709,0,0,0,999,0,11,0,33.0,38.1,0,4689.164116839032,False
TSH_86,2019-12,9.2948335596709,0,0,0,999,0,12,0,33.0,38.1,0,4689.164116839032,False
TSH_86,2020-01,9.2948335596709,0,0,0,999,0,1,0,33.0,38.1,0,4689.164116839032,False
TSH_86,2020-02,9.2948335596709,0,0,0,999,0,2,0,33.0,38.1,0,4689.164116839032,False
TSH_86,2020-03,9.2948335596709,0,0,0,999,0,3,0,33.0,38.1,0,4689.164116839032,False
TSH_86,2020-04,9.2948335596709,0,0,0,999,0,4,0,33.0,38.1,0,4689.164116839032,False
TSH_86,2020-05,9.2948335596709,0,0,0,999,0,5,1,33.0,38.1,0,4689.164116839032,False
TSH_86,2020-06,9.2948335596709,0,0,0,999,0,6,1,33.0,38.1,0,4689.164116839032,False
TSH_86,2020-07,9.2948335596709,0,0,0,999,0,7,1,33.0,38.1,0,4689.164116839032,False
TSH_86,2020-08,9.2948335596709,0,0,0,999,0,8,1,33.0,38.1,0,4689.164116839032,False
TSH_86,2020-09,9.2948335596709,0,0,0,999,0,9,1,33.0,38.1,0,4689.164116839032,False
TSH_86,2020-10,9.2948335596709,0,0,0,999,0,10,0,33.0,38.1,0,4689.164116839032,False
TSH_86,2020-11,9.2948335596709,0,0,0,999,0,11,0,33.0,38.1,0,4689.164116839032,False
TSH_86,2020-12,9.2948335596709,0,0,0,999,0,12,0,33.0,38.1,0,4689.164116839032,False
TSH_86,2021-01,9.2948335596709,0,0,0,999,0,1,0,33.0,38.1,0,4689.164116839032,False
TSH_86,2021-02,9.2948335596709,0,0,0,999,0,2,0,33.0,38.1,0,4689.164116839032,False
TSH_86,2021-03,9.2948335596709,0,0,0,999,0,3,0,33.0,38.1,0,4689.164116839032,False
TSH_86,2021-04,9.2948335596709,0,0,0,999,0,4,0,33.0,38.1,0,4689.164116839032,False
TSH_86,2021-05,9.2948335596709,0,0,0,999,0,5,1,33.0,38.1,0,4689.164116839032,False
TSH_86,2021-06,9.2948335596709,0,0,0,999,0,6,1,33.0,38.1,0,4689.164116839032,False
TSH_86,2021-07,9.2948335596709,0,0,0,999,0,7,1,33.0,38.1,0,4689.164116839032,False
TSH_86,2021-08,9.2948335596709,0,0,0,999,0,8,1,33.0,38.1,0,4689.164116839032,False
TSH_86,2021-09,9.2948335596709,0,0,0,999,0,9,1,33.0,38.1,0,4689.164116839032,False
TSH_86,2021-10,9.2948335596709,0,0,0,999,0,10,0,33.0,38.1,0,4689.164116839032,False
TSH_86,2021-11,9.2948335596709,0,0,0,999,0,11,0,33.0,38.1,0,4689.164116839032,False
TSH_86,2021-12,9.2948335596709,0,0,0,999,0,12,0,33.0,38.1,0,4689.164116839032,False
TSH_86,2022-01,9.2948335596709,0,0,0,999,0,1,0,33.0,38.1,0,4689.164116839032,False
TSH_86,2022-02,9.2948335596709,0,0,0,999,0,2,0,33.0,38.1,0,4689.164116839032,False
TSH_86,2022-03,9.2948335596709,0,0,0,999,0,3,0,33.0,38.1,0,4689.164116839032,False
TSH_86,2022-04,9.2948335596709,0,0,0,999,0,4,0,33.0,38.1,0,4689.164116839032,False
TSH_86,2022-05,9.2948335596709,0,0,0,999,0,5,1,33.0,38.1,0,4689.164116839032,False
TSH_86,2022-06,9.2948335596709,0,0,0,999,0,6,1,33.0,38.1,0,4689.164116839032,False
TSH_86,2022-07,9.2948335596709,0,0,0,999,0,7,1,33.0,38.1,0,4689.164116839032,False
TSH_86,2022-08,9.2948335596709,0,0,0,999,0,8,1,33.0,38.1,0,4689.164116839032,False
TSH_86,2022-09,9.2948335596709,0,0,0,999,0,9,1,33.0,38.1,0,4689.164116839032,False
TSH_86,2022-10,9.2948335596709,0,0,0,999,0,10,0,33.0,38.1,0,4689.164116839032,False
TSH_86,2022-11,9.2948335596709,0,0,0,999,0,11,0,33.0,38.1,0,4689.164116839032,False
TSH_86,2022-12,9.2948335596709,0,0,0,999,0,12,0,33.0,38.1,0,4689.164116839032,False
TSH_86,2023-01,9.2948335596709,0,0,0,999,0,1,0,33.0,38.1,0,4689.164116839032,False
TSH_86,2023-02,9.2948335596709,0,0,0,999,0,2,0,33.0,38.1,0,4689.164116839032,False
TSH_86,2023-03,9.2948335596709,0,0,0,999,0,3,0,33.0,38.1,0,4689.164116839032,False
TSH_86,2023-04,9.2948335596709,0,0,0,999,0,4,0,33.0,38.1,0,4689.164116839032,False
TSH_86,2023-05,9.2948335596709,0,0,0,999,0,5,1,33.0,38.1,0,4689.164116839032,False
TSH_86,2023-06,9.2948335596709,0,0,0,999,0,6,1,33.0,38.1,0,4689.164116839032,False
TSH_86,2023-07,9.2948335596709,0,0,0,999,0,7,1,33.0,38.1,0,4689.164116839032,False
TSH_86,2023-08,9.2948335596709,0,0,0,999,0,8,1,33.0,38.1,0,4689.164116839032,False
TSH_86,2023-09,9.2948335596709,0,0,0,999,0,9,1,33.0,38.1,0,4689.164116839032,False
TSH_86,2023-10,9.2948335596709,0,0,0,999,0,10,0,33.0,38.1,0,4689.164116839032,False
TSH_86,2023-11,9.2948335596709,0,0,0,999,0,11,0,33.0,38.1,0,4689.164116839032,False
TSH_86,2023-12,9.2948335596709,0,0,0,999,0,12,0,33.0,38.1,0,4689.164116839032,False
TSH_86,2024-01,9.2948335596709,0,0,0,999,0,1,0,33.0,38.1,0,4689.164116839032,False
TSH_86,2024-02,9.2948335596709,0,0,0,999,0,2,0,33.0,38.1,0,4689.164116839032,False
TSH_86,2024-03,9.2948335596709,0,0,0,999,0,3,0,33.0,38.1,0,4689.164116839032,False
TSH_86,2024-04,9.2948335596709,0,0,0,999,0,4,0,33.0,38.1,0,4689.164116839032,False
TSH_86,2024-05,9.2948335596709,0,0,0,999,0,5,1,33.0,38.1,0,4689.164116839032,False
TSH_86,2024-06,9.2948335596709,0,0,0,999,0,6,1,33.0,38.1,0,4689.164116839032,False
TSH_86,2024-07,9.2948335596709,0,0,0,999,0,7,1,33.0,38.1,0,4689.164116839032,False
TSH_86,2024-08,9.2948335596709,0,0,0,999,0,8,1,33.0,38.1,0,4689.164116839032,False
TSH_86,2024-09,9.2948335596709,0,0,0,999,0,9,1,33.0,38.1,0,4689.164116839032,False
TSH_86,2024-10,9.2948335596709,0,0,0,999,0,10,0,33.0,38.1,0,4689.164116839032,False
TSH_86,2024-11,9.2948335596709,0,0,0,999,0,11,0,33.0,38.1,0,4689.164116839032,False
TSH_86,2024-12,9.2948335596709,0,0,0,999,0,12,0,33.0,38.1,0,4689.164116839032,False
TSH_86,2025-01,9.2948335596709,0,0,0,999,0,1,0,33.0,38.1,0,4689.164116839032,False
TSH_86,2025-02,9.2948335596709,0,0,0,999,0,2,0,33.0,38.1,0,4689.164116839032,False
TSH_86,2025-03,9.2948335596709,0,0,0,999,0,3,0,33.0,38.1,0,4689.164116839032,False
TSH_86,2025-04,9.2948335596709,0,0,0,999,0,4,0,33.0,38.1,0,4689.164116839032,False
TSH_86,2025-05,9.2948335596709,0,0,0,999,0,5,1,33.0,38.1,0,4689.164116839032,False
TSH_86,2025-06,9.2948335596709,0,0,0,999,0,6,1,33.0,38.1,0,4689.164116839032,False
TSH_86,2025-07,9.2948335596709,0,0,0,999,0,7,1,33.0,38.1,0,4689.164116839032,False
TSH_86,2025-08,9.2948335596709,0,0,0,999,0,8,1,33.0,38.1,0,4689.164116839032,False
TSH_86,2025-09,9.2948335596709,0,0,0,999,0,9,1,33.0,38.1,0,4689.164116839032,False
TSH_86,2025-10,9.2948335596709,0,0,0,999,0,10,0,33.0,38.1,0,4689.164116839032,False
TSH_86,2025-11,9.2948335596709,0,0,0,999,0,11,0,33.0,38.1,0,4689.164116839032,False
TSH_86,2025-12,9.2948335596709,0,0,0,999,0,12,0,33.0,38.1,0,4689.164116839032,False
TSH_86,2026-01,9.2948335596709,0,0,0,999,0,1,0,33.0,38.1,0,4689.164116839032,False
TSH_86,2026-02,9.2948335596709,0,0,0,999,0,2,0,33.0,38.1,0,4689.164116839032,False
TSH_86,2026-03,9.2948335596709,0,0,0,999,0,3,0,33.0,38.1,0,4689.164116839032,False
TSH_87,2019-08,138.99136243861577,0,0,0,999,0,8,1,33.0,38.1,0,178.9103981981778,False
TSH_87,2019-09,138.99136243861577,0,0,0,999,0,9,1,33.0,38.1,0,178.9103981981778,False
TSH_87,2019-10,138.99136243861577,0,0,0,999,0,10,0,33.0,38.1,0,178.9103981981778,False
TSH_87,2019-11,138.99136243861577,0,0,0,999,0,11,0,33.0,38.1,0,178.9103981981778,False
TSH_87,2019-12,138.99136243861577,0,0,0,999,0,12,0,33.0,38.1,0,178.9103981981778,False
TSH_87,2020-01,138.99136243861577,0,0,0,999,0,1,0,33.0,38.1,0,178.9103981981778,False
TSH_87,2020-02,138.99136243861577,0,0,0,999,0,2,0,33.0,38.1,0,178.9103981981778,False
TSH_87,2020-03,138.99136243861577,0,0,0,999,0,3,0,33.0,38.1,0,178.9103981981778,False
TSH_87,2020-04,138.99136243861577,0,0,0,999,0,4,0,33.0,38.1,0,178.9103981981778,False
TSH_87,2020-05,138.99136243861577,0,0,0,999,0,5,1,33.0,38.1,0,178.9103981981778,False
TSH_87,2020-06,138.99136243861577,0,0,0,999,0,6,1,33.0,38.1,0,178.9103981981778,False
TSH_87,2020-07,138.99136243861577,0,0,0,999,0,7,1,33.0,38.1,0,178.9103981981778,False
TSH_87,2020-08,138.99136243861577,0,0,0,999,0,8,1,33.0,38.1,0,178.9103981981778,False
TSH_87,2020-09,138.99136243861577,0,0,0,999,0,9,1,33.0,38.1,0,178.9103981981778,False
TSH_87,2020-10,138.99136243861577,0,0,0,999,0,10,0,33.0,38.1,0,178.9103981981778,False
TSH_87,2020-11,138.99136243861577,0,0,0,999,0,11,0,33.0,38.1,0,178.9103981981778,False
TSH_87,2020-12,138.99136243861577,0,0,0,999,0,12,0,33.0,38.1,0,178.9103981981778,False
TSH_87,2021-01,138.99136243861577,0,0,0,999,0,1,0,33.0,38.1,0,178.9103981981778,False
TSH_87,2021-02,138.99136243861577,0,0,0,999,0,2,0,33.0,38.1,0,178.9103981981778,False
TSH_87,2021-03,138.99136243861577,0,0,0,999,0,3,0,33.0,38.1,0,178.9103981981778,False
TSH_87,2021-04,138.99136243861577,0,0,0,999,0,4,0,33.0,38.1,0,178.9103981981778,False
TSH_87,2021-05,138.99136243861577,0,0,0,999,0,5,1,33.0,38.1,0,178.9103981981778,False
TSH_87,2021-06,138.99136243861577,0,0,0,999,0,6,1,33.0,38.1,0,178.9103981981778,False
TSH_87,2021-07,138.99136243861577,0,0,0,999,0,7,1,33.0,38.1,0,178.9103981981778,False
TSH_87,2021-08,138.99136243861577,0,0,0,999,0,8,1,33.0,38.1,0,178.9103981981778,False
TSH_87,2021-09,138.99136243861577,0,0,0,999,0,9,1,33.0,38.1,0,178.9103981981778,False
TSH_87,2021-10,138.99136243861577,0,0,0,999,0,10,0,33.0,38.1,0,178.9103981981778,False
TSH_87,2021-11,138.99136243861577,0,0,0,999,0,11,0,33.0,38.1,0,178.9103981981778,False
TSH_87,2021-12,138.99136243861577,0,0,0,999,0,12,0,33.0,38.1,0,178.9103981981778,False
TSH_87,2022-01,138.99136243861577,0,0,0,999,0,1,0,33.0,38.1,0,178.9103981981778,False
TSH_87,2022-02,138.99136243861577,0,0,0,999,0,2,0,33.0,38.1,0,178.9103981981778,False
TSH_87,2022-03,138.99136243861577,0,0,0,999,0,3,0,33.0,38.1,0,178.9103981981778,False
TSH_87,2022-04,138.99136243861577,0,0,0,999,0,4,0,33.0,38.1,0,178.9103981981778,False
TSH_87,2022-05,138.99136243861577,0,0,0,999,0,5,1,33.0,38.1,0,178.9103981981778,False
TSH_87,2022-06,138.99136243861577,0,0,0,999,0,6,1,33.0,38.1,0,178.9103981981778,False
TSH_87,2022-07,138.99136243861577,0,0,0,999,0,7,1,33.0,38.1,0,178.9103981981778,False
TSH_87,2022-08,138.99136243861577,0,0,0,999,0,8,1,33.0,38.1,0,178.9103981981778,False
TSH_87,2022-09,138.99136243861577,0,0,0,999,0,9,1,33.0,38.1,0,178.9103981981778,False
TSH_87,2022-10,138.99136243861577,0,0,0,999,0,10,0,33.0,38.1,0,178.9103981981778,False
TSH_87,2022-11,138.99136243861577,0,0,0,999,0,11,0,33.0,38.1,0,178.9103981981778,False
TSH_87,2022-12,138.99136243861577,0,0,0,999,0,12,0,33.0,38.1,0,178.9103981981778,False
TSH_87,2023-01,138.99136243861577,0,0,0,999,0,1,0,33.0,38.1,0,178.9103981981778,False
TSH_87,2023-02,138.99136243861577,0,0,0,999,0,2,0,33.0,38.1,0,178.9103981981778,False
TSH_87,2023-03,138.99136243861577,0,0,0,999,0,3,0,33.0,38.1,1,178.9103981981778,False
TSH_87,2023-04,138.99136243861577,0,0,0,999,0,4,0,33.0,38.1,1,178.9103981981778,False
TSH_87,2023-05,138.99136243861577,0,0,0,999,0,5,1,33.0,38.1,1,178.9103981981778,False
TSH_87,2023-06,138.99136243861577,1,1,1,0,0,6,1,33.0,38.1,0,178.9103981981778,False
TSH_87,2023-07,138.99136243861577,0,0,1,1,0,7,1,33.0,38.1,0,178.9103981981778,False
TSH_87,2023-08,138.99136243861577,0,0,1,2,0,8,1,33.0,38.1,0,178.9103981981778,False
TSH_87,2023-09,138.99136243861577,0,0,1,3,0,9,1,33.0,38.1,0,178.9103981981778,False
TSH_87,2023-10,138.99136243861577,0,0,1,4,0,10,0,33.0,38.1,0,178.9103981981778,False
TSH_87,2023-11,138.99136243861577,0,0,1,5,0,11,0,33.0,38.1,0,178.9103981981778,False
TSH_87,2023-12,138.99136243861577,0,0,1,6,0,12,0,33.0,38.1,0,178.9103981981778,False
TSH_87,2024-01,138.99136243861577,0,0,1,7,0,1,0,33.0,38.1,0,178.9103981981778,False
TSH_87,2024-02,138.99136243861577,0,0,1,8,0,2,0,33.0,38.1,0,178.9103981981778,False
TSH_87,2024-03,138.99136243861577,0,0,1,9,0,3,0,33.0,38.1,0,178.9103981981778,False
TSH_87,2024-04,138.99136243861577,0,0,1,10,0,4,0,33.0,38.1,0,178.9103981981778,False
TSH_87,2024-05,138.99136243861577,0,0,1,11,0,5,1,33.0,38.1,0,178.9103981981778,False
TSH_87,2024-06,138.99136243861577,0,0,1,12,0,6,1,33.0,38.1,0,178.9103981981778,False
TSH_87,2024-07,138.99136243861577,0,0,1,13,0,7,1,33.0,38.1,0,178.9103981981778,False
TSH_87,2024-08,138.99136243861577,0,0,1,14,0,8,1,33.0,38.1,0,178.9103981981778,False
TSH_87,2024-09,138.99136243861577,0,0,1,15,0,9,1,33.0,38.1,0,178.9103981981778,False
TSH_87,2024-10,138.99136243861577,0,0,1,16,0,10,0,33.0,38.1,0,178.9103981981778,False
TSH_87,2024-11,138.99136243861577,0,0,1,17,0,11,0,33.0,38.1,0,178.9103981981778,False
TSH_87,2024-12,138.99136243861577,0,0,1,18,0,12,0,33.0,38.1,0,178.9103981981778,False
TSH_87,2025-01,138.99136243861577,0,0,1,19,0,1,0,33.0,38.1,0,178.9103981981778,False
TSH_87,2025-02,138.99136243861577,0,0,1,20,0,2,0,33.0,38.1,0,178.9103981981778,False
TSH_87,2025-03,138.99136243861577,0,0,1,21,0,3,0,33.0,38.1,0,178.9103981981778,False
TSH_87,2025-04,138.99136243861577,0,0,1,22,0,4,0,33.0,38.1,0,178.9103981981778,False
TSH_87,2025-05,138.99136243861577,0,0,1,23,0,5,1,33.0,38.1,0,178.9103981981778,False
TSH_87,2025-06,138.99136243861577,0,0,1,24,0,6,1,33.0,38.1,0,178.9103981981778,False
TSH_87,2025-07,138.99136243861577,0,0,1,25,0,7,1,33.0,38.1,0,178.9103981981778,False
TSH_87,2025-08,138.99136243861577,0,0,1,26,0,8,1,33.0,38.1,0,178.9103981981778,False
TSH_87,2025-09,138.99136243861577,0,0,1,27,0,9,1,33.0,38.1,0,178.9103981981778,False
TSH_87,2025-10,138.99136243861577,0,0,1,28,0,10,0,33.0,38.1,0,178.9103981981778,False
TSH_87,2025-11,138.99136243861577,0,0,1,29,0,11,0,33.0,38.1,0,178.9103981981778,False
TSH_87,2025-12,138.99136243861577,0,0,1,30,0,12,0,33.0,38.1,0,178.9103981981778,False
TSH_87,2026-01,138.99136243861577,0,0,1,31,0,1,0,33.0,38.1,0,178.9103981981778,False
TSH_87,2026-02,138.99136243861577,0,0,1,32,0,2,0,33.0,38.1,0,178.9103981981778,False
TSH_87,2026-03,138.99136243861577,0,0,1,33,0,3,0,33.0,38.1,0,178.9103981981778,False
TSH_88,2019-08,5.77739610378167,0,0,0,999,0,8,1,33.0,73.3,0,4820.337657265887,False
TSH_88,2019-09,5.77739610378167,0,0,0,999,0,9,1,33.0,73.3,0,4820.337657265887,False
TSH_88,2019-10,5.77739610378167,0,0,0,999,0,10,0,33.0,73.3,0,4820.337657265887,False
TSH_88,2019-11,5.77739610378167,0,0,0,999,0,11,0,33.0,73.3,0,4820.337657265887,False
TSH_88,2019-12,5.77739610378167,0,0,0,999,0,12,0,33.0,73.3,0,4820.337657265887,False
TSH_88,2020-01,5.77739610378167,0,0,0,999,0,1,0,33.0,73.3,0,4820.337657265887,False
TSH_88,2020-02,5.77739610378167,0,0,0,999,0,2,0,33.0,73.3,0,4820.337657265887,False
TSH_88,2020-03,5.77739610378167,0,0,0,999,0,3,0,33.0,73.3,0,4820.337657265887,False
TSH_88,2020-04,5.77739610378167,0,0,0,999,0,4,0,33.0,73.3,0,4820.337657265887,False
TSH_88,2020-05,5.77739610378167,0,0,0,999,0,5,1,33.0,73.3,0,4820.337657265887,False
TSH_88,2020-06,5.77739610378167,0,0,0,999,0,6,1,33.0,73.3,0,4820.337657265887,False
TSH_88,2020-07,5.77739610378167,0,0,0,999,0,7,1,33.0,73.3,0,4820.337657265887,False
TSH_88,2020-08,5.77739610378167,0,0,0,999,0,8,1,33.0,73.3,0,4820.337657265887,False
TSH_88,2020-09,5.77739610378167,0,0,0,999,0,9,1,33.0,73.3,0,4820.337657265887,False
TSH_88,2020-10,5.77739610378167,0,0,0,999,0,10,0,33.0,73.3,0,4820.337657265887,False
TSH_88,2020-11,5.77739610378167,0,0,0,999,0,11,0,33.0,73.3,0,4820.337657265887,False
TSH_88,2020-12,5.77739610378167,0,0,0,999,0,12,0,33.0,73.3,0,4820.337657265887,False
TSH_88,2021-01,5.77739610378167,0,0,0,999,0,1,0,33.0,73.3,0,4820.337657265887,False
TSH_88,2021-02,5.77739610378167,0,0,0,999,0,2,0,33.0,73.3,0,4820.337657265887,False
TSH_88,2021-03,5.77739610378167,0,0,0,999,0,3,0,33.0,73.3,0,4820.337657265887,False
TSH_88,2021-04,5.77739610378167,0,0,0,999,0,4,0,33.0,73.3,0,4820.337657265887,False
TSH_88,2021-05,5.77739610378167,0,0,0,999,0,5,1,33.0,73.3,0,4820.337657265887,False
TSH_88,2021-06,5.77739610378167,0,0,0,999,0,6,1,33.0,73.3,0,4820.337657265887,False
TSH_88,2021-07,5.77739610378167,0,0,0,999,0,7,1,33.0,73.3,0,4820.337657265887,False
TSH_88,2021-08,5.77739610378167,0,0,0,999,0,8,1,33.0,73.3,0,4820.337657265887,False
TSH_88,2021-09,5.77739610378167,0,0,0,999,0,9,1,33.0,73.3,0,4820.337657265887,False
TSH_88,2021-10,5.77739610378167,0,0,0,999,0,10,0,33.0,73.3,0,4820.337657265887,False
TSH_88,2021-11,5.77739610378167,0,0,0,999,0,11,0,33.0,73.3,0,4820.337657265887,False
TSH_88,2021-12,5.77739610378167,0,0,0,999,0,12,0,33.0,73.3,0,4820.337657265887,False
TSH_88,2022-01,5.77739610378167,0,0,0,999,0,1,0,33.0,73.3,0,4820.337657265887,False
TSH_88,2022-02,5.77739610378167,0,0,0,999,0,2,0,33.0,73.3,0,4820.337657265887,False
TSH_88,2022-03,5.77739610378167,0,0,0,999,0,3,0,33.0,73.3,0,4820.337657265887,False
TSH_88,2022-04,5.77739610378167,0,0,0,999,0,4,0,33.0,73.3,0,4820.337657265887,False
TSH_88,2022-05,5.77739610378167,0,0,0,999,0,5,1,33.0,73.3,0,4820.337657265887,False
TSH_88,2022-06,5.77739610378167,0,0,0,999,0,6,1,33.0,73.3,0,4820.337657265887,False
TSH_88,2022-07,5.77739610378167,0,0,0,999,0,7,1,33.0,73.3,0,4820.337657265887,False
TSH_88,2022-08,5.77739610378167,0,0,0,999,0,8,1,33.0,73.3,0,4820.337657265887,False
TSH_88,2022-09,5.77739610378167,0,0,0,999,0,9,1,33.0,73.3,0,4820.337657265887,False
TSH_88,2022-10,5.77739610378167,0,0,0,999,0,10,0,33.0,73.3,0,4820.337657265887,False
TSH_88,2022-11,5.77739610378167,0,0,0,999,0,11,0,33.0,73.3,0,4820.337657265887,False
TSH_88,2022-12,5.77739610378167,0,0,0,999,0,12,0,33.0,73.3,0,4820.337657265887,False
TSH_88,2023-01,5.77739610378167,0,0,0,999,0,1,0,33.0,73.3,0,4820.337657265887,False
TSH_88,2023-02,5.77739610378167,0,0,0,999,0,2,0,33.0,73.3,0,4820.337657265887,False
TSH_88,2023-03,5.77739610378167,0,0,0,999,0,3,0,33.0,73.3,0,4820.337657265887,False
TSH_88,2023-04,5.77739610378167,0,0,0,999,0,4,0,33.0,73.3,0,4820.337657265887,False
TSH_88,2023-05,5.77739610378167,0,0,0,999,0,5,1,33.0,73.3,0,4820.337657265887,False
TSH_88,2023-06,5.77739610378167,0,0,0,999,0,6,1,33.0,73.3,0,4820.337657265887,False
TSH_88,2023-07,5.77739610378167,0,0,0,999,0,7,1,33.0,73.3,0,4820.337657265887,False
TSH_88,2023-08,5.77739610378167,0,0,0,999,0,8,1,33.0,73.3,0,4820.337657265887,False
TSH_88,2023-09,5.77739610378167,0,0,0,999,0,9,1,33.0,73.3,0,4820.337657265887,False
TSH_88,2023-10,5.77739610378167,0,0,0,999,0,10,0,33.0,73.3,0,4820.337657265887,False
TSH_88,2023-11,5.77739610378167,0,0,0,999,0,11,0,33.0,73.3,0,4820.337657265887,False
TSH_88,2023-12,5.77739610378167,0,0,0,999,0,12,0,33.0,73.3,0,4820.337657265887,False
TSH_88,2024-01,5.77739610378167,0,0,0,999,0,1,0,33.0,73.3,0,4820.337657265887,False
TSH_88,2024-02,5.77739610378167,0,0,0,999,0,2,0,33.0,73.3,0,4820.337657265887,False
TSH_88,2024-03,5.77739610378167,0,0,0,999,0,3,0,33.0,73.3,0,4820.337657265887,False
TSH_88,2024-04,5.77739610378167,0,0,0,999,0,4,0,33.0,73.3,0,4820.337657265887,False
TSH_88,2024-05,5.77739610378167,0,0,0,999,0,5,1,33.0,73.3,0,4820.337657265887,False
TSH_88,2024-06,5.77739610378167,0,0,0,999,0,6,1,33.0,73.3,0,4820.337657265887,False
TSH_88,2024-07,5.77739610378167,0,0,0,999,0,7,1,33.0,73.3,0,4820.337657265887,False
TSH_88,2024-08,5.77739610378167,0,0,0,999,0,8,1,33.0,73.3,0,4820.337657265887,False
TSH_88,2024-09,5.77739610378167,0,0,0,999,0,9,1,33.0,73.3,0,4820.337657265887,False
TSH_88,2024-10,5.77739610378167,0,0,0,999,0,10,0,33.0,73.3,0,4820.337657265887,False
TSH_88,2024-11,5.77739610378167,0,0,0,999,0,11,0,33.0,73.3,0,4820.337657265887,False
TSH_88,2024-12,5.77739610378167,0,0,0,999,0,12,0,33.0,73.3,0,4820.337657265887,False
TSH_88,2025-01,5.77739610378167,0,0,0,999,0,1,0,33.0,73.3,0,4820.337657265887,False
TSH_88,2025-02,5.77739610378167,0,0,0,999,0,2,0,33.0,73.3,0,4820.337657265887,False
TSH_88,2025-03,5.77739610378167,0,0,0,999,0,3,0,33.0,73.3,0,4820.337657265887,False
TSH_88,2025-04,5.77739610378167,0,0,0,999,0,4,0,33.0,73.3,0,4820.337657265887,False
TSH_88,2025-05,5.77739610378167,0,0,0,999,0,5,1,33.0,73.3,0,4820.337657265887,False
TSH_88,2025-06,5.77739610378167,0,0,0,999,0,6,1,33.0,73.3,0,4820.337657265887,False
TSH_88,2025-07,5.77739610378167,0,0,0,999,0,7,1,33.0,73.3,0,4820.337657265887,False
TSH_88,2025-08,5.77739610378167,0,0,0,999,0,8,1,33.0,73.3,0,4820.337657265887,False
TSH_88,2025-09,5.77739610378167,0,0,0,999,0,9,1,33.0,73.3,0,4820.337657265887,False
TSH_88,2025-10,5.77739610378167,0,0,0,999,0,10,0,33.0,73.3,0,4820.337657265887,False
TSH_88,2025-11,5.77739610378167,0,0,0,999,0,11,0,33.0,73.3,0,4820.337657265887,False
TSH_88,2025-12,5.77739610378167,0,0,0,999,0,12,0,33.0,73.3,0,4820.337657265887,False
TSH_88,2026-01,5.77739610378167,0,0,0,999,0,1,0,33.0,73.3,0,4820.337657265887,False
TSH_88,2026-02,5.77739610378167,0,0,0,999,0,2,0,33.0,73.3,0,4820.337657265887,False
TSH_88,2026-03,5.77739610378167,0,0,0,999,0,3,0,33.0,73.3,0,4820.337657265887,False
TSH_89,2019-08,5.54793928931718,0,0,0,999,0,8,1,33.0,34.6,0,5069.63009745942,False
TSH_89,2019-09,5.54793928931718,0,0,0,999,0,9,1,33.0,34.6,0,5069.63009745942,False
TSH_89,2019-10,5.54793928931718,0,0,0,999,0,10,0,33.0,34.6,0,5069.63009745942,False
TSH_89,2019-11,5.54793928931718,0,0,0,999,0,11,0,33.0,34.6,0,5069.63009745942,False
TSH_89,2019-12,5.54793928931718,0,0,0,999,0,12,0,33.0,34.6,0,5069.63009745942,False
TSH_89,2020-01,5.54793928931718,0,0,0,999,0,1,0,33.0,34.6,0,5069.63009745942,False
TSH_89,2020-02,5.54793928931718,0,0,0,999,0,2,0,33.0,34.6,0,5069.63009745942,False
TSH_89,2020-03,5.54793928931718,0,0,0,999,0,3,0,33.0,34.6,0,5069.63009745942,False
TSH_89,2020-04,5.54793928931718,0,0,0,999,0,4,0,33.0,34.6,0,5069.63009745942,False
TSH_89,2020-05,5.54793928931718,0,0,0,999,0,5,1,33.0,34.6,0,5069.63009745942,False
TSH_89,2020-06,5.54793928931718,0,0,0,999,0,6,1,33.0,34.6,0,5069.63009745942,False
TSH_89,2020-07,5.54793928931718,0,0,0,999,0,7,1,33.0,34.6,0,5069.63009745942,False
TSH_89,2020-08,5.54793928931718,0,0,0,999,0,8,1,33.0,34.6,0,5069.63009745942,False
TSH_89,2020-09,5.54793928931718,0,0,0,999,0,9,1,33.0,34.6,0,5069.63009745942,False
TSH_89,2020-10,5.54793928931718,0,0,0,999,0,10,0,33.0,34.6,0,5069.63009745942,False
TSH_89,2020-11,5.54793928931718,0,0,0,999,0,11,0,33.0,34.6,0,5069.63009745942,False
TSH_89,2020-12,5.54793928931718,0,0,0,999,0,12,0,33.0,34.6,0,5069.63009745942,False
TSH_89,2021-01,5.54793928931718,0,0,0,999,0,1,0,33.0,34.6,0,5069.63009745942,False
TSH_89,2021-02,5.54793928931718,0,0,0,999,0,2,0,33.0,34.6,0,5069.63009745942,False
TSH_89,2021-03,5.54793928931718,0,0,0,999,0,3,0,33.0,34.6,0,5069.63009745942,False
TSH_89,2021-04,5.54793928931718,0,0,0,999,0,4,0,33.0,34.6,0,5069.63009745942,False
TSH_89,2021-05,5.54793928931718,0,0,0,999,0,5,1,33.0,34.6,0,5069.63009745942,False
TSH_89,2021-06,5.54793928931718,0,0,0,999,0,6,1,33.0,34.6,0,5069.63009745942,False
TSH_89,2021-07,5.54793928931718,0,0,0,999,0,7,1,33.0,34.6,0,5069.63009745942,False
TSH_89,2021-08,5.54793928931718,0,0,0,999,0,8,1,33.0,34.6,0,5069.63009745942,False
TSH_89,2021-09,5.54793928931718,0,0,0,999,0,9,1,33.0,34.6,0,5069.63009745942,False
TSH_89,2021-10,5.54793928931718,0,0,0,999,0,10,0,33.0,34.6,0,5069.63009745942,False
TSH_89,2021-11,5.54793928931718,0,0,0,999,0,11,0,33.0,34.6,0,5069.63009745942,False
TSH_89,2021-12,5.54793928931718,0,0,0,999,0,12,0,33.0,34.6,0,5069.63009745942,False
TSH_89,2022-01,5.54793928931718,0,0,0,999,0,1,0,33.0,34.6,0,5069.63009745942,False
TSH_89,2022-02,5.54793928931718,0,0,0,999,0,2,0,33.0,34.6,0,5069.63009745942,False
TSH_89,2022-03,5.54793928931718,0,0,0,999,0,3,0,33.0,34.6,0,5069.63009745942,False
TSH_89,2022-04,5.54793928931718,0,0,0,999,0,4,0,33.0,34.6,0,5069.63009745942,False
TSH_89,2022-05,5.54793928931718,0,0,0,999,0,5,1,33.0,34.6,0,5069.63009745942,False
TSH_89,2022-06,5.54793928931718,0,0,0,999,0,6,1,33.0,34.6,0,5069.63009745942,False
TSH_89,2022-07,5.54793928931718,0,0,0,999,0,7,1,33.0,34.6,0,5069.63009745942,False
TSH_89,2022-08,5.54793928931718,0,0,0,999,0,8,1,33.0,34.6,0,5069.63009745942,False
TSH_89,2022-09,5.54793928931718,0,0,0,999,0,9,1,33.0,34.6,0,5069.63009745942,False
TSH_89,2022-10,5.54793928931718,0,0,0,999,0,10,0,33.0,34.6,0,5069.63009745942,False
TSH_89,2022-11,5.54793928931718,0,0,0,999,0,11,0,33.0,34.6,0,5069.63009745942,False
TSH_89,2022-12,5.54793928931718,0,0,0,999,0,12,0,33.0,34.6,0,5069.63009745942,False
TSH_89,2023-01,5.54793928931718,0,0,0,999,0,1,0,33.0,34.6,0,5069.63009745942,False
TSH_89,2023-02,5.54793928931718,0,0,0,999,0,2,0,33.0,34.6,0,5069.63009745942,False
TSH_89,2023-03,5.54793928931718,0,0,0,999,0,3,0,33.0,34.6,0,5069.63009745942,False
TSH_89,2023-04,5.54793928931718,0,0,0,999,0,4,0,33.0,34.6,0,5069.63009745942,False
TSH_89,2023-05,5.54793928931718,0,0,0,999,0,5,1,33.0,34.6,0,5069.63009745942,False
TSH_89,2023-06,5.54793928931718,0,0,0,999,0,6,1,33.0,34.6,0,5069.63009745942,False
TSH_89,2023-07,5.54793928931718,0,0,0,999,0,7,1,33.0,34.6,0,5069.63009745942,False
TSH_89,2023-08,5.54793928931718,0,0,0,999,0,8,1,33.0,34.6,0,5069.63009745942,False
TSH_89,2023-09,5.54793928931718,0,0,0,999,0,9,1,33.0,34.6,0,5069.63009745942,False
TSH_89,2023-10,5.54793928931718,0,0,0,999,0,10,0,33.0,34.6,0,5069.63009745942,False
TSH_89,2023-11,5.54793928931718,0,0,0,999,0,11,0,33.0,34.6,0,5069.63009745942,False
TSH_89,2023-12,5.54793928931718,0,0,0,999,0,12,0,33.0,34.6,0,5069.63009745942,False
TSH_89,2024-01,5.54793928931718,0,0,0,999,0,1,0,33.0,34.6,0,5069.63009745942,False
TSH_89,2024-02,5.54793928931718,0,0,0,999,0,2,0,33.0,34.6,0,5069.63009745942,False
TSH_89,2024-03,5.54793928931718,0,0,0,999,0,3,0,33.0,34.6,0,5069.63009745942,False
TSH_89,2024-04,5.54793928931718,0,0,0,999,0,4,0,33.0,34.6,0,5069.63009745942,False
TSH_89,2024-05,5.54793928931718,0,0,0,999,0,5,1,33.0,34.6,0,5069.63009745942,False
TSH_89,2024-06,5.54793928931718,0,0,0,999,0,6,1,33.0,34.6,0,5069.63009745942,False
TSH_89,2024-07,5.54793928931718,0,0,0,999,0,7,1,33.0,34.6,0,5069.63009745942,False
TSH_89,2024-08,5.54793928931718,0,0,0,999,0,8,1,33.0,34.6,0,5069.63009745942,False
TSH_89,2024-09,5.54793928931718,0,0,0,999,0,9,1,33.0,34.6,0,5069.63009745942,False
TSH_89,2024-10,5.54793928931718,0,0,0,999,0,10,0,33.0,34.6,0,5069.63009745942,False
TSH_89,2024-11,5.54793928931718,0,0,0,999,0,11,0,33.0,34.6,0,5069.63009745942,False
TSH_89,2024-12,5.54793928931718,0,0,0,999,0,12,0,33.0,34.6,0,5069.63009745942,False
TSH_89,2025-01,5.54793928931718,0,0,0,999,0,1,0,33.0,34.6,0,5069.63009745942,False
TSH_89,2025-02,5.54793928931718,0,0,0,999,0,2,0,33.0,34.6,0,5069.63009745942,False
TSH_89,2025-03,5.54793928931718,0,0,0,999,0,3,0,33.0,34.6,0,5069.63009745942,False
TSH_89,2025-04,5.54793928931718,0,0,0,999,0,4,0,33.0,34.6,0,5069.63009745942,False
TSH_89,2025-05,5.54793928931718,0,0,0,999,0,5,1,33.0,34.6,0,5069.63009745942,False
TSH_89,2025-06,5.54793928931718,0,0,0,999,0,6,1,33.0,34.6,0,5069.63009745942,False
TSH_89,2025-07,5.54793928931718,0,0,0,999,0,7,1,33.0,34.6,0,5069.63009745942,False
TSH_89,2025-08,5.54793928931718,0,0,0,999,0,8,1,33.0,34.6,0,5069.63009745942,False
TSH_89,2025-09,5.54793928931718,0,0,0,999,0,9,1,33.0,34.6,0,5069.63009745942,False
TSH_89,2025-10,5.54793928931718,0,0,0,999,0,10,0,33.0,34.6,0,5069.63009745942,False
TSH_89,2025-11,5.54793928931718,0,0,0,999,0,11,0,33.0,34.6,0,5069.63009745942,False
TSH_89,2025-12,5.54793928931718,0,0,0,999,0,12,0,33.0,34.6,0,5069.63009745942,False
TSH_89,2026-01,5.54793928931718,0,0,0,999,0,1,0,33.0,34.6,0,5069.63009745942,False
TSH_89,2026-02,5.54793928931718,0,0,0,999,0,2,0,33.0,34.6,0,5069.63009745942,False
TSH_89,2026-03,5.54793928931718,0,0,0,999,0,3,0,33.0,34.6,0,5069.63009745942,False
TSH_9,2019-08,7.389966643324454,0,0,0,999,0,8,1,33.0,73.3,0,5071.470793965604,False
TSH_9,2019-09,7.389966643324454,0,0,0,999,0,9,1,33.0,73.3,0,5071.470793965604,False
TSH_9,2019-10,7.389966643324454,0,0,0,999,0,10,0,33.0,73.3,0,5071.470793965604,False
TSH_9,2019-11,7.389966643324454,0,0,0,999,0,11,0,33.0,73.3,0,5071.470793965604,False
TSH_9,2019-12,7.389966643324454,0,0,0,999,0,12,0,33.0,73.3,0,5071.470793965604,False
TSH_9,2020-01,7.389966643324454,0,0,0,999,0,1,0,33.0,73.3,0,5071.470793965604,False
TSH_9,2020-02,7.389966643324454,0,0,0,999,0,2,0,33.0,73.3,0,5071.470793965604,False
TSH_9,2020-03,7.389966643324454,0,0,0,999,0,3,0,33.0,73.3,0,5071.470793965604,False
TSH_9,2020-04,7.389966643324454,0,0,0,999,0,4,0,33.0,73.3,0,5071.470793965604,False
TSH_9,2020-05,7.389966643324454,0,0,0,999,0,5,1,33.0,73.3,0,5071.470793965604,False
TSH_9,2020-06,7.389966643324454,0,0,0,999,0,6,1,33.0,73.3,0,5071.470793965604,False
TSH_9,2020-07,7.389966643324454,0,0,0,999,0,7,1,33.0,73.3,0,5071.470793965604,False
TSH_9,2020-08,7.389966643324454,0,0,0,999,0,8,1,33.0,73.3,0,5071.470793965604,False
TSH_9,2020-09,7.389966643324454,0,0,0,999,0,9,1,33.0,73.3,0,5071.470793965604,False
TSH_9,2020-10,7.389966643324454,0,0,0,999,0,10,0,33.0,73.3,0,5071.470793965604,False
TSH_9,2020-11,7.389966643324454,0,0,0,999,0,11,0,33.0,73.3,0,5071.470793965604,False
TSH_9,2020-12,7.389966643324454,0,0,0,999,0,12,0,33.0,73.3,0,5071.470793965604,False
TSH_9,2021-01,7.389966643324454,0,0,0,999,0,1,0,33.0,73.3,0,5071.470793965604,False
TSH_9,2021-02,7.389966643324454,0,0,0,999,0,2,0,33.0,73.3,0,5071.470793965604,False
TSH_9,2021-03,7.389966643324454,0,0,0,999,0,3,0,33.0,73.3,0,5071.470793965604,False
TSH_9,2021-04,7.389966643324454,0,0,0,999,0,4,0,33.0,73.3,0,5071.470793965604,False
TSH_9,2021-05,7.389966643324454,0,0,0,999,0,5,1,33.0,73.3,0,5071.470793965604,False
TSH_9,2021-06,7.389966643324454,0,0,0,999,0,6,1,33.0,73.3,0,5071.470793965604,False
TSH_9,2021-07,7.389966643324454,0,0,0,999,0,7,1,33.0,73.3,0,5071.470793965604,False
TSH_9,2021-08,7.389966643324454,0,0,0,999,0,8,1,33.0,73.3,0,5071.470793965604,False
TSH_9,2021-09,7.389966643324454,0,0,0,999,0,9,1,33.0,73.3,0,5071.470793965604,False
TSH_9,2021-10,7.389966643324454,0,0,0,999,0,10,0,33.0,73.3,0,5071.470793965604,False
TSH_9,2021-11,7.389966643324454,0,0,0,999,0,11,0,33.0,73.3,0,5071.470793965604,False
TSH_9,2021-12,7.389966643324454,0,0,0,999,0,12,0,33.0,73.3,0,5071.470793965604,False
TSH_9,2022-01,7.389966643324454,0,0,0,999,0,1,0,33.0,73.3,0,5071.470793965604,False
TSH_9,2022-02,7.389966643324454,0,0,0,999,0,2,0,33.0,73.3,0,5071.470793965604,False
TSH_9,2022-03,7.389966643324454,0,0,0,999,0,3,0,33.0,73.3,0,5071.470793965604,False
TSH_9,2022-04,7.389966643324454,0,0,0,999,0,4,0,33.0,73.3,0,5071.470793965604,False
TSH_9,2022-05,7.389966643324454,0,0,0,999,0,5,1,33.0,73.3,0,5071.470793965604,False
TSH_9,2022-06,7.389966643324454,0,0,0,999,0,6,1,33.0,73.3,0,5071.470793965604,False
TSH_9,2022-07,7.389966643324454,0,0,0,999,0,7,1,33.0,73.3,0,5071.470793965604,False
TSH_9,2022-08,7.389966643324454,0,0,0,999,0,8,1,33.0,73.3,0,5071.470793965604,False
TSH_9,2022-09,7.389966643324454,0,0,0,999,0,9,1,33.0,73.3,0,5071.470793965604,False
TSH_9,2022-10,7.389966643324454,0,0,0,999,0,10,0,33.0,73.3,0,5071.470793965604,False
TSH_9,2022-11,7.389966643324454,0,0,0,999,0,11,0,33.0,73.3,0,5071.470793965604,False
TSH_9,2022-12,7.389966643324454,0,0,0,999,0,12,0,33.0,73.3,0,5071.470793965604,False
TSH_9,2023-01,7.389966643324454,0,0,0,999,0,1,0,33.0,73.3,0,5071.470793965604,False
TSH_9,2023-02,7.389966643324454,0,0,0,999,0,2,0,33.0,73.3,0,5071.470793965604,False
TSH_9,2023-03,7.389966643324454,0,0,0,999,0,3,0,33.0,73.3,0,5071.470793965604,False
TSH_9,2023-04,7.389966643324454,0,0,0,999,0,4,0,33.0,73.3,0,5071.470793965604,False
TSH_9,2023-05,7.389966643324454,0,0,0,999,0,5,1,33.0,73.3,0,5071.470793965604,False
TSH_9,2023-06,7.389966643324454,0,0,0,999,0,6,1,33.0,73.3,0,5071.470793965604,False
TSH_9,2023-07,7.389966643324454,0,0,0,999,0,7,1,33.0,73.3,0,5071.470793965604,False
TSH_9,2023-08,7.389966643324454,0,0,0,999,0,8,1,33.0,73.3,0,5071.470793965604,False
TSH_9,2023-09,7.389966643324454,0,0,0,999,0,9,1,33.0,73.3,0,5071.470793965604,False
TSH_9,2023-10,7.389966643324454,0,0,0,999,0,10,0,33.0,73.3,0,5071.470793965604,False
TSH_9,2023-11,7.389966643324454,0,0,0,999,0,11,0,33.0,73.3,0,5071.470793965604,False
TSH_9,2023-12,7.389966643324454,0,0,0,999,0,12,0,33.0,73.3,0,5071.470793965604,False
TSH_9,2024-01,7.389966643324454,0,0,0,999,0,1,0,33.0,73.3,0,5071.470793965604,False
TSH_9,2024-02,7.389966643324454,0,0,0,999,0,2,0,33.0,73.3,0,5071.470793965604,False
TSH_9,2024-03,7.389966643324454,0,0,0,999,0,3,0,33.0,73.3,0,5071.470793965604,False
TSH_9,2024-04,7.389966643324454,0,0,0,999,0,4,0,33.0,73.3,0,5071.470793965604,False
TSH_9,2024-05,7.389966643324454,0,0,0,999,0,5,1,33.0,73.3,0,5071.470793965604,False
TSH_9,2024-06,7.389966643324454,0,0,0,999,0,6,1,33.0,73.3,0,5071.470793965604,False
TSH_9,2024-07,7.389966643324454,0,0,0,999,0,7,1,33.0,73.3,0,5071.470793965604,False
TSH_9,2024-08,7.389966643324454,0,0,0,999,0,8,1,33.0,73.3,0,5071.470793965604,False
TSH_9,2024-09,7.389966643324454,0,0,0,999,0,9,1,33.0,73.3,0,5071.470793965604,False
TSH_9,2024-10,7.389966643324454,0,0,0,999,0,10,0,33.0,73.3,0,5071.470793965604,False
TSH_9,2024-11,7.389966643324454,0,0,0,999,0,11,0,33.0,73.3,0,5071.470793965604,False
TSH_9,2024-12,7.389966643324454,0,0,0,999,0,12,0,33.0,73.3,0,5071.470793965604,False
TSH_9,2025-01,7.389966643324454,0,0,0,999,0,1,0,33.0,73.3,0,5071.470793965604,False
TSH_9,2025-02,7.389966643324454,0,0,0,999,0,2,0,33.0,73.3,0,5071.470793965604,False
TSH_9,2025-03,7.389966643324454,0,0,0,999,0,3,0,33.0,73.3,0,5071.470793965604,False
TSH_9,2025-04,7.389966643324454,0,0,0,999,0,4,0,33.0,73.3,0,5071.470793965604,False
TSH_9,2025-05,7.389966643324454,0,0,0,999,0,5,1,33.0,73.3,0,5071.470793965604,False
TSH_9,2025-06,7.389966643324454,0,0,0,999,0,6,1,33.0,73.3,0,5071.470793965604,False
TSH_9,2025-07,7.389966643324454,0,0,0,999,0,7,1,33.0,73.3,0,5071.470793965604,False
TSH_9,2025-08,7.389966643324454,0,0,0,999,0,8,1,33.0,73.3,0,5071.470793965604,False
TSH_9,2025-09,7.389966643324454,0,0,0,999,0,9,1,33.0,73.3,0,5071.470793965604,False
TSH_9,2025-10,7.389966643324454,0,0,0,999,0,10,0,33.0,73.3,0,5071.470793965604,False
TSH_9,2025-11,7.389966643324454,0,0,0,999,0,11,0,33.0,73.3,0,5071.470793965604,False
TSH_9,2025-12,7.389966643324454,0,0,0,999,0,12,0,33.0,73.3,0,5071.470793965604,False
TSH_9,2026-01,7.389966643324454,0,0,0,999,0,1,0,33.0,73.3,0,5071.470793965604,False
TSH_9,2026-02,7.389966643324454,0,0,0,999,0,2,0,33.0,73.3,0,5071.470793965604,False
TSH_9,2026-03,7.389966643324454,0,0,0,999,0,3,0,33.0,73.3,0,5071.470793965604,False
TSH_90,2019-08,11.592282337210731,0,0,0,999,0,8,1,33.0,34.6,0,3693.923142515811,False
TSH_90,2019-09,11.592282337210731,0,0,0,999,0,9,1,33.0,34.6,0,3693.923142515811,False
TSH_90,2019-10,11.592282337210731,0,0,0,999,0,10,0,33.0,34.6,0,3693.923142515811,False
TSH_90,2019-11,11.592282337210731,0,0,0,999,0,11,0,33.0,34.6,0,3693.923142515811,False
TSH_90,2019-12,11.592282337210731,0,0,0,999,0,12,0,33.0,34.6,0,3693.923142515811,False
TSH_90,2020-01,11.592282337210731,0,0,0,999,0,1,0,33.0,34.6,0,3693.923142515811,False
TSH_90,2020-02,11.592282337210731,0,0,0,999,0,2,0,33.0,34.6,0,3693.923142515811,False
TSH_90,2020-03,11.592282337210731,0,0,0,999,0,3,0,33.0,34.6,0,3693.923142515811,False
TSH_90,2020-04,11.592282337210731,0,0,0,999,0,4,0,33.0,34.6,0,3693.923142515811,False
TSH_90,2020-05,11.592282337210731,0,0,0,999,0,5,1,33.0,34.6,0,3693.923142515811,False
TSH_90,2020-06,11.592282337210731,0,0,0,999,0,6,1,33.0,34.6,0,3693.923142515811,False
TSH_90,2020-07,11.592282337210731,0,0,0,999,0,7,1,33.0,34.6,0,3693.923142515811,False
TSH_90,2020-08,11.592282337210731,0,0,0,999,0,8,1,33.0,34.6,0,3693.923142515811,False
TSH_90,2020-09,11.592282337210731,0,0,0,999,0,9,1,33.0,34.6,0,3693.923142515811,False
TSH_90,2020-10,11.592282337210731,0,0,0,999,0,10,0,33.0,34.6,0,3693.923142515811,False
TSH_90,2020-11,11.592282337210731,0,0,0,999,0,11,0,33.0,34.6,0,3693.923142515811,False
TSH_90,2020-12,11.592282337210731,0,0,0,999,0,12,0,33.0,34.6,0,3693.923142515811,False
TSH_90,2021-01,11.592282337210731,0,0,0,999,0,1,0,33.0,34.6,0,3693.923142515811,False
TSH_90,2021-02,11.592282337210731,0,0,0,999,0,2,0,33.0,34.6,0,3693.923142515811,False
TSH_90,2021-03,11.592282337210731,0,0,0,999,0,3,0,33.0,34.6,0,3693.923142515811,False
TSH_90,2021-04,11.592282337210731,0,0,0,999,0,4,0,33.0,34.6,0,3693.923142515811,False
TSH_90,2021-05,11.592282337210731,0,0,0,999,0,5,1,33.0,34.6,0,3693.923142515811,False
TSH_90,2021-06,11.592282337210731,0,0,0,999,0,6,1,33.0,34.6,0,3693.923142515811,False
TSH_90,2021-07,11.592282337210731,0,0,0,999,0,7,1,33.0,34.6,0,3693.923142515811,False
TSH_90,2021-08,11.592282337210731,0,0,0,999,0,8,1,33.0,34.6,0,3693.923142515811,False
TSH_90,2021-09,11.592282337210731,0,0,0,999,0,9,1,33.0,34.6,0,3693.923142515811,False
TSH_90,2021-10,11.592282337210731,0,0,0,999,0,10,0,33.0,34.6,0,3693.923142515811,False
TSH_90,2021-11,11.592282337210731,0,0,0,999,0,11,0,33.0,34.6,0,3693.923142515811,False
TSH_90,2021-12,11.592282337210731,0,0,0,999,0,12,0,33.0,34.6,0,3693.923142515811,False
TSH_90,2022-01,11.592282337210731,0,0,0,999,0,1,0,33.0,34.6,0,3693.923142515811,False
TSH_90,2022-02,11.592282337210731,0,0,0,999,0,2,0,33.0,34.6,0,3693.923142515811,False
TSH_90,2022-03,11.592282337210731,0,0,0,999,0,3,0,33.0,34.6,0,3693.923142515811,False
TSH_90,2022-04,11.592282337210731,0,0,0,999,0,4,0,33.0,34.6,0,3693.923142515811,False
TSH_90,2022-05,11.592282337210731,0,0,0,999,0,5,1,33.0,34.6,0,3693.923142515811,False
TSH_90,2022-06,11.592282337210731,0,0,0,999,0,6,1,33.0,34.6,0,3693.923142515811,False
TSH_90,2022-07,11.592282337210731,0,0,0,999,0,7,1,33.0,34.6,0,3693.923142515811,False
TSH_90,2022-08,11.592282337210731,0,0,0,999,0,8,1,33.0,34.6,0,3693.923142515811,False
TSH_90,2022-09,11.592282337210731,0,0,0,999,0,9,1,33.0,34.6,0,3693.923142515811,False
TSH_90,2022-10,11.592282337210731,0,0,0,999,0,10,0,33.0,34.6,0,3693.923142515811,False
TSH_90,2022-11,11.592282337210731,0,0,0,999,0,11,0,33.0,34.6,0,3693.923142515811,False
TSH_90,2022-12,11.592282337210731,0,0,0,999,0,12,0,33.0,34.6,0,3693.923142515811,False
TSH_90,2023-01,11.592282337210731,0,0,0,999,0,1,0,33.0,34.6,0,3693.923142515811,False
TSH_90,2023-02,11.592282337210731,0,0,0,999,0,2,0,33.0,34.6,0,3693.923142515811,False
TSH_90,2023-03,11.592282337210731,0,0,0,999,0,3,0,33.0,34.6,0,3693.923142515811,False
TSH_90,2023-04,11.592282337210731,0,0,0,999,0,4,0,33.0,34.6,0,3693.923142515811,False
TSH_90,2023-05,11.592282337210731,0,0,0,999,0,5,1,33.0,34.6,0,3693.923142515811,False
TSH_90,2023-06,11.592282337210731,0,0,0,999,0,6,1,33.0,34.6,0,3693.923142515811,False
TSH_90,2023-07,11.592282337210731,0,0,0,999,0,7,1,33.0,34.6,0,3693.923142515811,False
TSH_90,2023-08,11.592282337210731,0,0,0,999,0,8,1,33.0,34.6,0,3693.923142515811,False
TSH_90,2023-09,11.592282337210731,0,0,0,999,0,9,1,33.0,34.6,0,3693.923142515811,False
TSH_90,2023-10,11.592282337210731,0,0,0,999,0,10,0,33.0,34.6,0,3693.923142515811,False
TSH_90,2023-11,11.592282337210731,0,0,0,999,0,11,0,33.0,34.6,0,3693.923142515811,False
TSH_90,2023-12,11.592282337210731,0,0,0,999,0,12,0,33.0,34.6,0,3693.923142515811,False
TSH_90,2024-01,11.592282337210731,0,0,0,999,0,1,0,33.0,34.6,0,3693.923142515811,False
TSH_90,2024-02,11.592282337210731,0,0,0,999,0,2,0,33.0,34.6,0,3693.923142515811,False
TSH_90,2024-03,11.592282337210731,0,0,0,999,0,3,0,33.0,34.6,0,3693.923142515811,False
TSH_90,2024-04,11.592282337210731,0,0,0,999,0,4,0,33.0,34.6,0,3693.923142515811,False
TSH_90,2024-05,11.592282337210731,0,0,0,999,0,5,1,33.0,34.6,0,3693.923142515811,False
TSH_90,2024-06,11.592282337210731,0,0,0,999,0,6,1,33.0,34.6,0,3693.923142515811,False
TSH_90,2024-07,11.592282337210731,0,0,0,999,0,7,1,33.0,34.6,0,3693.923142515811,False
TSH_90,2024-08,11.592282337210731,0,0,0,999,0,8,1,33.0,34.6,0,3693.923142515811,False
TSH_90,2024-09,11.592282337210731,0,0,0,999,0,9,1,33.0,34.6,0,3693.923142515811,False
TSH_90,2024-10,11.592282337210731,0,0,0,999,0,10,0,33.0,34.6,0,3693.923142515811,False
TSH_90,2024-11,11.592282337210731,0,0,0,999,0,11,0,33.0,34.6,0,3693.923142515811,False
TSH_90,2024-12,11.592282337210731,0,0,0,999,0,12,0,33.0,34.6,0,3693.923142515811,False
TSH_90,2025-01,11.592282337210731,0,0,0,999,0,1,0,33.0,34.6,0,3693.923142515811,False
TSH_90,2025-02,11.592282337210731,0,0,0,999,0,2,0,33.0,34.6,0,3693.923142515811,False
TSH_90,2025-03,11.592282337210731,0,0,0,999,0,3,0,33.0,34.6,0,3693.923142515811,False
TSH_90,2025-04,11.592282337210731,0,0,0,999,0,4,0,33.0,34.6,0,3693.923142515811,False
TSH_90,2025-05,11.592282337210731,0,0,0,999,0,5,1,33.0,34.6,0,3693.923142515811,False
TSH_90,2025-06,11.592282337210731,0,0,0,999,0,6,1,33.0,34.6,0,3693.923142515811,False
TSH_90,2025-07,11.592282337210731,0,0,0,999,0,7,1,33.0,34.6,0,3693.923142515811,False
TSH_90,2025-08,11.592282337210731,0,0,0,999,0,8,1,33.0,34.6,0,3693.923142515811,False
TSH_90,2025-09,11.592282337210731,0,0,0,999,0,9,1,33.0,34.6,0,3693.923142515811,False
TSH_90,2025-10,11.592282337210731,0,0,0,999,0,10,0,33.0,34.6,0,3693.923142515811,False
TSH_90,2025-11,11.592282337210731,0,0,0,999,0,11,0,33.0,34.6,0,3693.923142515811,False
TSH_90,2025-12,11.592282337210731,0,0,0,999,0,12,0,33.0,34.6,0,3693.923142515811,False
TSH_90,2026-01,11.592282337210731,0,0,0,999,0,1,0,33.0,34.6,0,3693.923142515811,False
TSH_90,2026-02,11.592282337210731,0,0,0,999,0,2,0,33.0,34.6,0,3693.923142515811,False
TSH_90,2026-03,11.592282337210731,0,0,0,999,0,3,0,33.0,34.6,0,3693.923142515811,False
TSH_91,2019-08,124.51328252113444,0,0,0,999,0,8,1,33.0,31.9,0,325.1058777052888,False
TSH_91,2019-09,124.51328252113444,0,0,0,999,0,9,1,33.0,31.9,0,325.1058777052888,False
TSH_91,2019-10,124.51328252113444,0,0,0,999,0,10,0,33.0,31.9,0,325.1058777052888,False
TSH_91,2019-11,124.51328252113444,0,0,0,999,0,11,0,33.0,31.9,0,325.1058777052888,False
TSH_91,2019-12,124.51328252113444,0,0,0,999,0,12,0,33.0,31.9,0,325.1058777052888,False
TSH_91,2020-01,124.51328252113444,0,0,0,999,0,1,0,33.0,31.9,0,325.1058777052888,False
TSH_91,2020-02,124.51328252113444,0,0,0,999,0,2,0,33.0,31.9,0,325.1058777052888,False
TSH_91,2020-03,124.51328252113444,0,0,0,999,0,3,0,33.0,31.9,0,325.1058777052888,False
TSH_91,2020-04,124.51328252113444,0,0,0,999,0,4,0,33.0,31.9,0,325.1058777052888,False
TSH_91,2020-05,124.51328252113444,0,0,0,999,0,5,1,33.0,31.9,0,325.1058777052888,False
TSH_91,2020-06,124.51328252113444,0,0,0,999,0,6,1,33.0,31.9,0,325.1058777052888,False
TSH_91,2020-07,124.51328252113444,0,0,0,999,0,7,1,33.0,31.9,0,325.1058777052888,False
TSH_91,2020-08,124.51328252113444,0,0,0,999,0,8,1,33.0,31.9,0,325.1058777052888,False
TSH_91,2020-09,124.51328252113444,0,0,0,999,0,9,1,33.0,31.9,0,325.1058777052888,False
TSH_91,2020-10,124.51328252113444,0,0,0,999,0,10,0,33.0,31.9,0,325.1058777052888,False
TSH_91,2020-11,124.51328252113444,0,0,0,999,0,11,0,33.0,31.9,0,325.1058777052888,False
TSH_91,2020-12,124.51328252113444,0,0,0,999,0,12,0,33.0,31.9,0,325.1058777052888,False
TSH_91,2021-01,124.51328252113444,0,0,0,999,0,1,0,33.0,31.9,0,325.1058777052888,False
TSH_91,2021-02,124.51328252113444,0,0,0,999,0,2,0,33.0,31.9,0,325.1058777052888,False
TSH_91,2021-03,124.51328252113444,0,0,0,999,0,3,0,33.0,31.9,0,325.1058777052888,False
TSH_91,2021-04,124.51328252113444,0,0,0,999,0,4,0,33.0,31.9,0,325.1058777052888,False
TSH_91,2021-05,124.51328252113444,0,0,0,999,0,5,1,33.0,31.9,0,325.1058777052888,False
TSH_91,2021-06,124.51328252113444,0,0,0,999,0,6,1,33.0,31.9,0,325.1058777052888,False
TSH_91,2021-07,124.51328252113444,0,0,0,999,0,7,1,33.0,31.9,0,325.1058777052888,False
TSH_91,2021-08,124.51328252113444,0,0,0,999,0,8,1,33.0,31.9,0,325.1058777052888,False
TSH_91,2021-09,124.51328252113444,0,0,0,999,0,9,1,33.0,31.9,0,325.1058777052888,False
TSH_91,2021-10,124.51328252113444,0,0,0,999,0,10,0,33.0,31.9,0,325.1058777052888,False
TSH_91,2021-11,124.51328252113444,0,0,0,999,0,11,0,33.0,31.9,0,325.1058777052888,False
TSH_91,2021-12,124.51328252113444,0,0,0,999,0,12,0,33.0,31.9,0,325.1058777052888,False
TSH_91,2022-01,124.51328252113444,0,0,0,999,0,1,0,33.0,31.9,0,325.1058777052888,False
TSH_91,2022-02,124.51328252113444,0,0,0,999,0,2,0,33.0,31.9,0,325.1058777052888,False
TSH_91,2022-03,124.51328252113444,0,0,0,999,0,3,0,33.0,31.9,0,325.1058777052888,False
TSH_91,2022-04,124.51328252113444,0,0,0,999,0,4,0,33.0,31.9,0,325.1058777052888,False
TSH_91,2022-05,124.51328252113444,0,0,0,999,0,5,1,33.0,31.9,0,325.1058777052888,False
TSH_91,2022-06,124.51328252113444,0,0,0,999,0,6,1,33.0,31.9,0,325.1058777052888,False
TSH_91,2022-07,124.51328252113444,0,0,0,999,0,7,1,33.0,31.9,0,325.1058777052888,False
TSH_91,2022-08,124.51328252113444,0,0,0,999,0,8,1,33.0,31.9,0,325.1058777052888,False
TSH_91,2022-09,124.51328252113444,0,0,0,999,0,9,1,33.0,31.9,0,325.1058777052888,False
TSH_91,2022-10,124.51328252113444,0,0,0,999,0,10,0,33.0,31.9,0,325.1058777052888,False
TSH_91,2022-11,124.51328252113444,0,0,0,999,0,11,0,33.0,31.9,0,325.1058777052888,False
TSH_91,2022-12,124.51328252113444,0,0,0,999,0,12,0,33.0,31.9,0,325.1058777052888,False
TSH_91,2023-01,124.51328252113444,0,0,0,999,0,1,0,33.0,31.9,0,325.1058777052888,False
TSH_91,2023-02,124.51328252113444,0,0,0,999,0,2,0,33.0,31.9,0,325.1058777052888,False
TSH_91,2023-03,124.51328252113444,0,0,0,999,0,3,0,33.0,31.9,0,325.1058777052888,False
TSH_91,2023-04,124.51328252113444,0,0,0,999,0,4,0,33.0,31.9,0,325.1058777052888,False
TSH_91,2023-05,124.51328252113444,0,0,0,999,0,5,1,33.0,31.9,0,325.1058777052888,False
TSH_91,2023-06,124.51328252113444,0,0,0,999,0,6,1,33.0,31.9,0,325.1058777052888,False
TSH_91,2023-07,124.51328252113444,0,0,0,999,0,7,1,33.0,31.9,0,325.1058777052888,False
TSH_91,2023-08,124.51328252113444,0,0,0,999,0,8,1,33.0,31.9,0,325.1058777052888,False
TSH_91,2023-09,124.51328252113444,0,0,0,999,0,9,1,33.0,31.9,0,325.1058777052888,False
TSH_91,2023-10,124.51328252113444,0,0,0,999,0,10,0,33.0,31.9,0,325.1058777052888,False
TSH_91,2023-11,124.51328252113444,0,0,0,999,0,11,0,33.0,31.9,0,325.1058777052888,False
TSH_91,2023-12,124.51328252113444,0,0,0,999,0,12,0,33.0,31.9,0,325.1058777052888,False
TSH_91,2024-01,124.51328252113444,0,0,0,999,0,1,0,33.0,31.9,0,325.1058777052888,False
TSH_91,2024-02,124.51328252113444,0,0,0,999,0,2,0,33.0,31.9,0,325.1058777052888,False
TSH_91,2024-03,124.51328252113444,0,0,0,999,0,3,0,33.0,31.9,0,325.1058777052888,False
TSH_91,2024-04,124.51328252113444,0,0,0,999,0,4,0,33.0,31.9,0,325.1058777052888,False
TSH_91,2024-05,124.51328252113444,0,0,0,999,0,5,1,33.0,31.9,0,325.1058777052888,False
TSH_91,2024-06,124.51328252113444,0,0,0,999,0,6,1,33.0,31.9,0,325.1058777052888,False
TSH_91,2024-07,124.51328252113444,0,0,0,999,0,7,1,33.0,31.9,0,325.1058777052888,False
TSH_91,2024-08,124.51328252113444,0,0,0,999,0,8,1,33.0,31.9,0,325.1058777052888,False
TSH_91,2024-09,124.51328252113444,0,0,0,999,0,9,1,33.0,31.9,0,325.1058777052888,False
TSH_91,2024-10,124.51328252113444,0,0,0,999,0,10,0,33.0,31.9,0,325.1058777052888,False
TSH_91,2024-11,124.51328252113444,0,0,0,999,0,11,0,33.0,31.9,0,325.1058777052888,False
TSH_91,2024-12,124.51328252113444,0,0,0,999,0,12,0,33.0,31.9,0,325.1058777052888,False
TSH_91,2025-01,124.51328252113444,0,0,0,999,0,1,0,33.0,31.9,0,325.1058777052888,False
TSH_91,2025-02,124.51328252113444,0,0,0,999,0,2,0,33.0,31.9,0,325.1058777052888,False
TSH_91,2025-03,124.51328252113444,0,0,0,999,0,3,0,33.0,31.9,0,325.1058777052888,False
TSH_91,2025-04,124.51328252113444,0,0,0,999,0,4,0,33.0,31.9,0,325.1058777052888,False
TSH_91,2025-05,124.51328252113444,0,0,0,999,0,5,1,33.0,31.9,0,325.1058777052888,False
TSH_91,2025-06,124.51328252113444,0,0,0,999,0,6,1,33.0,31.9,0,325.1058777052888,False
TSH_91,2025-07,124.51328252113444,0,0,0,999,0,7,1,33.0,31.9,0,325.1058777052888,False
TSH_91,2025-08,124.51328252113444,0,0,0,999,0,8,1,33.0,31.9,0,325.1058777052888,False
TSH_91,2025-09,124.51328252113444,0,0,0,999,0,9,1,33.0,31.9,0,325.1058777052888,False
TSH_91,2025-10,124.51328252113444,0,0,0,999,0,10,0,33.0,31.9,0,325.1058777052888,False
TSH_91,2025-11,124.51328252113444,0,0,0,999,0,11,0,33.0,31.9,0,325.1058777052888,False
TSH_91,2025-12,124.51328252113444,0,0,0,999,0,12,0,33.0,31.9,0,325.1058777052888,False
TSH_91,2026-01,124.51328252113444,0,0,0,999,0,1,0,33.0,31.9,0,325.1058777052888,False
TSH_91,2026-02,124.51328252113444,0,0,0,999,0,2,0,33.0,31.9,0,325.1058777052888,False
TSH_91,2026-03,124.51328252113444,0,0,0,999,0,3,0,33.0,31.9,0,325.1058777052888,False
TSH_92,2019-08,7.07561762184964,0,0,0,999,0,8,1,33.0,34.6,0,4301.815279843117,False
TSH_92,2019-09,7.07561762184964,0,0,0,999,0,9,1,33.0,34.6,0,4301.815279843117,False
TSH_92,2019-10,7.07561762184964,0,0,0,999,0,10,0,33.0,34.6,0,4301.815279843117,False
TSH_92,2019-11,7.07561762184964,0,0,0,999,0,11,0,33.0,34.6,0,4301.815279843117,False
TSH_92,2019-12,7.07561762184964,0,0,0,999,0,12,0,33.0,34.6,0,4301.815279843117,False
TSH_92,2020-01,7.07561762184964,0,0,0,999,0,1,0,33.0,34.6,0,4301.815279843117,False
TSH_92,2020-02,7.07561762184964,0,0,0,999,0,2,0,33.0,34.6,0,4301.815279843117,False
TSH_92,2020-03,7.07561762184964,0,0,0,999,0,3,0,33.0,34.6,0,4301.815279843117,False
TSH_92,2020-04,7.07561762184964,0,0,0,999,0,4,0,33.0,34.6,0,4301.815279843117,False
TSH_92,2020-05,7.07561762184964,0,0,0,999,0,5,1,33.0,34.6,0,4301.815279843117,False
TSH_92,2020-06,7.07561762184964,0,0,0,999,0,6,1,33.0,34.6,0,4301.815279843117,False
TSH_92,2020-07,7.07561762184964,0,0,0,999,0,7,1,33.0,34.6,0,4301.815279843117,False
TSH_92,2020-08,7.07561762184964,0,0,0,999,0,8,1,33.0,34.6,0,4301.815279843117,False
TSH_92,2020-09,7.07561762184964,0,0,0,999,0,9,1,33.0,34.6,0,4301.815279843117,False
TSH_92,2020-10,7.07561762184964,0,0,0,999,0,10,0,33.0,34.6,0,4301.815279843117,False
TSH_92,2020-11,7.07561762184964,0,0,0,999,0,11,0,33.0,34.6,0,4301.815279843117,False
TSH_92,2020-12,7.07561762184964,0,0,0,999,0,12,0,33.0,34.6,0,4301.815279843117,False
TSH_92,2021-01,7.07561762184964,0,0,0,999,0,1,0,33.0,34.6,0,4301.815279843117,False
TSH_92,2021-02,7.07561762184964,0,0,0,999,0,2,0,33.0,34.6,0,4301.815279843117,False
TSH_92,2021-03,7.07561762184964,0,0,0,999,0,3,0,33.0,34.6,0,4301.815279843117,False
TSH_92,2021-04,7.07561762184964,0,0,0,999,0,4,0,33.0,34.6,0,4301.815279843117,False
TSH_92,2021-05,7.07561762184964,0,0,0,999,0,5,1,33.0,34.6,0,4301.815279843117,False
TSH_92,2021-06,7.07561762184964,0,0,0,999,0,6,1,33.0,34.6,0,4301.815279843117,False
TSH_92,2021-07,7.07561762184964,0,0,0,999,0,7,1,33.0,34.6,0,4301.815279843117,False
TSH_92,2021-08,7.07561762184964,0,0,0,999,0,8,1,33.0,34.6,0,4301.815279843117,False
TSH_92,2021-09,7.07561762184964,0,0,0,999,0,9,1,33.0,34.6,0,4301.815279843117,False
TSH_92,2021-10,7.07561762184964,0,0,0,999,0,10,0,33.0,34.6,0,4301.815279843117,False
TSH_92,2021-11,7.07561762184964,0,0,0,999,0,11,0,33.0,34.6,0,4301.815279843117,False
TSH_92,2021-12,7.07561762184964,0,0,0,999,0,12,0,33.0,34.6,0,4301.815279843117,False
TSH_92,2022-01,7.07561762184964,0,0,0,999,0,1,0,33.0,34.6,0,4301.815279843117,False
TSH_92,2022-02,7.07561762184964,0,0,0,999,0,2,0,33.0,34.6,0,4301.815279843117,False
TSH_92,2022-03,7.07561762184964,0,0,0,999,0,3,0,33.0,34.6,0,4301.815279843117,False
TSH_92,2022-04,7.07561762184964,0,0,0,999,0,4,0,33.0,34.6,0,4301.815279843117,False
TSH_92,2022-05,7.07561762184964,0,0,0,999,0,5,1,33.0,34.6,0,4301.815279843117,False
TSH_92,2022-06,7.07561762184964,0,0,0,999,0,6,1,33.0,34.6,0,4301.815279843117,False
TSH_92,2022-07,7.07561762184964,0,0,0,999,0,7,1,33.0,34.6,0,4301.815279843117,False
TSH_92,2022-08,7.07561762184964,0,0,0,999,0,8,1,33.0,34.6,0,4301.815279843117,False
TSH_92,2022-09,7.07561762184964,0,0,0,999,0,9,1,33.0,34.6,0,4301.815279843117,False
TSH_92,2022-10,7.07561762184964,0,0,0,999,0,10,0,33.0,34.6,0,4301.815279843117,False
TSH_92,2022-11,7.07561762184964,0,0,0,999,0,11,0,33.0,34.6,0,4301.815279843117,False
TSH_92,2022-12,7.07561762184964,0,0,0,999,0,12,0,33.0,34.6,0,4301.815279843117,False
TSH_92,2023-01,7.07561762184964,0,0,0,999,0,1,0,33.0,34.6,0,4301.815279843117,False
TSH_92,2023-02,7.07561762184964,0,0,0,999,0,2,0,33.0,34.6,0,4301.815279843117,False
TSH_92,2023-03,7.07561762184964,0,0,0,999,0,3,0,33.0,34.6,0,4301.815279843117,False
TSH_92,2023-04,7.07561762184964,0,0,0,999,0,4,0,33.0,34.6,0,4301.815279843117,False
TSH_92,2023-05,7.07561762184964,0,0,0,999,0,5,1,33.0,34.6,0,4301.815279843117,False
TSH_92,2023-06,7.07561762184964,0,0,0,999,0,6,1,33.0,34.6,0,4301.815279843117,False
TSH_92,2023-07,7.07561762184964,0,0,0,999,0,7,1,33.0,34.6,0,4301.815279843117,False
TSH_92,2023-08,7.07561762184964,0,0,0,999,0,8,1,33.0,34.6,0,4301.815279843117,False
TSH_92,2023-09,7.07561762184964,0,0,0,999,0,9,1,33.0,34.6,0,4301.815279843117,False
TSH_92,2023-10,7.07561762184964,0,0,0,999,0,10,0,33.0,34.6,0,4301.815279843117,False
TSH_92,2023-11,7.07561762184964,0,0,0,999,0,11,0,33.0,34.6,0,4301.815279843117,False
TSH_92,2023-12,7.07561762184964,0,0,0,999,0,12,0,33.0,34.6,0,4301.815279843117,False
TSH_92,2024-01,7.07561762184964,0,0,0,999,0,1,0,33.0,34.6,1,4301.815279843117,False
TSH_92,2024-02,7.07561762184964,0,0,0,999,0,2,0,33.0,34.6,1,4301.815279843117,False
TSH_92,2024-03,7.07561762184964,0,0,0,999,0,3,0,33.0,34.6,1,4301.815279843117,False
TSH_92,2024-04,7.07561762184964,1,1,1,0,0,4,0,33.0,34.6,0,4301.815279843117,False
TSH_92,2024-05,7.07561762184964,0,0,1,1,0,5,1,33.0,34.6,0,4301.815279843117,False
TSH_92,2024-06,7.07561762184964,0,0,1,2,0,6,1,33.0,34.6,0,4301.815279843117,False
TSH_92,2024-07,7.07561762184964,0,0,1,3,0,7,1,33.0,34.6,0,4301.815279843117,False
TSH_92,2024-08,7.07561762184964,0,0,1,4,0,8,1,33.0,34.6,0,4301.815279843117,False
TSH_92,2024-09,7.07561762184964,0,0,1,5,0,9,1,33.0,34.6,0,4301.815279843117,False
TSH_92,2024-10,7.07561762184964,0,0,1,6,0,10,0,33.0,34.6,0,4301.815279843117,False
TSH_92,2024-11,7.07561762184964,0,0,1,7,0,11,0,33.0,34.6,0,4301.815279843117,False
TSH_92,2024-12,7.07561762184964,0,0,1,8,0,12,0,33.0,34.6,0,4301.815279843117,False
TSH_92,2025-01,7.07561762184964,0,0,1,9,0,1,0,33.0,34.6,0,4301.815279843117,False
TSH_92,2025-02,7.07561762184964,0,0,1,10,0,2,0,33.0,34.6,0,4301.815279843117,False
TSH_92,2025-03,7.07561762184964,0,0,1,11,0,3,0,33.0,34.6,0,4301.815279843117,False
TSH_92,2025-04,7.07561762184964,0,0,1,12,0,4,0,33.0,34.6,0,4301.815279843117,False
TSH_92,2025-05,7.07561762184964,0,0,1,13,0,5,1,33.0,34.6,0,4301.815279843117,False
TSH_92,2025-06,7.07561762184964,0,0,1,14,0,6,1,33.0,34.6,0,4301.815279843117,False
TSH_92,2025-07,7.07561762184964,0,0,1,15,0,7,1,33.0,34.6,0,4301.815279843117,False
TSH_92,2025-08,7.07561762184964,0,0,1,16,0,8,1,33.0,34.6,0,4301.815279843117,False
TSH_92,2025-09,7.07561762184964,0,0,1,17,0,9,1,33.0,34.6,0,4301.815279843117,False
TSH_92,2025-10,7.07561762184964,0,0,1,18,0,10,0,33.0,34.6,0,4301.815279843117,False
TSH_92,2025-11,7.07561762184964,0,0,1,19,0,11,0,33.0,34.6,0,4301.815279843117,False
TSH_92,2025-12,7.07561762184964,0,0,1,20,0,12,0,33.0,34.6,0,4301.815279843117,False
TSH_92,2026-01,7.07561762184964,0,0,1,21,0,1,0,33.0,34.6,0,4301.815279843117,False
TSH_92,2026-02,7.07561762184964,0,0,1,22,0,2,0,33.0,34.6,0,4301.815279843117,False
TSH_92,2026-03,7.07561762184964,0,0,1,23,0,3,0,33.0,34.6,0,4301.815279843117,False
TSH_93,2019-08,9.13038057011019,0,0,0,999,0,8,1,33.0,38.1,0,1947.8925181084057,False
TSH_93,2019-09,9.13038057011019,0,0,0,999,0,9,1,33.0,38.1,0,1947.8925181084057,False
TSH_93,2019-10,9.13038057011019,0,0,0,999,0,10,0,33.0,38.1,0,1947.8925181084057,False
TSH_93,2019-11,9.13038057011019,0,0,0,999,0,11,0,33.0,38.1,0,1947.8925181084057,False
TSH_93,2019-12,9.13038057011019,0,0,0,999,0,12,0,33.0,38.1,0,1947.8925181084057,False
TSH_93,2020-01,9.13038057011019,0,0,0,999,0,1,0,33.0,38.1,0,1947.8925181084057,False
TSH_93,2020-02,9.13038057011019,0,0,0,999,0,2,0,33.0,38.1,0,1947.8925181084057,False
TSH_93,2020-03,9.13038057011019,0,0,0,999,0,3,0,33.0,38.1,0,1947.8925181084057,False
TSH_93,2020-04,9.13038057011019,0,0,0,999,0,4,0,33.0,38.1,0,1947.8925181084057,False
TSH_93,2020-05,9.13038057011019,0,0,0,999,0,5,1,33.0,38.1,0,1947.8925181084057,False
TSH_93,2020-06,9.13038057011019,0,0,0,999,0,6,1,33.0,38.1,0,1947.8925181084057,False
TSH_93,2020-07,9.13038057011019,0,0,0,999,0,7,1,33.0,38.1,0,1947.8925181084057,False
TSH_93,2020-08,9.13038057011019,0,0,0,999,0,8,1,33.0,38.1,0,1947.8925181084057,False
TSH_93,2020-09,9.13038057011019,0,0,0,999,0,9,1,33.0,38.1,0,1947.8925181084057,False
TSH_93,2020-10,9.13038057011019,0,0,0,999,0,10,0,33.0,38.1,0,1947.8925181084057,False
TSH_93,2020-11,9.13038057011019,0,0,0,999,0,11,0,33.0,38.1,0,1947.8925181084057,False
TSH_93,2020-12,9.13038057011019,0,0,0,999,0,12,0,33.0,38.1,0,1947.8925181084057,False
TSH_93,2021-01,9.13038057011019,0,0,0,999,0,1,0,33.0,38.1,0,1947.8925181084057,False
TSH_93,2021-02,9.13038057011019,0,0,0,999,0,2,0,33.0,38.1,0,1947.8925181084057,False
TSH_93,2021-03,9.13038057011019,0,0,0,999,0,3,0,33.0,38.1,0,1947.8925181084057,False
TSH_93,2021-04,9.13038057011019,0,0,0,999,0,4,0,33.0,38.1,0,1947.8925181084057,False
TSH_93,2021-05,9.13038057011019,0,0,0,999,0,5,1,33.0,38.1,0,1947.8925181084057,False
TSH_93,2021-06,9.13038057011019,0,0,0,999,0,6,1,33.0,38.1,0,1947.8925181084057,False
TSH_93,2021-07,9.13038057011019,0,0,0,999,0,7,1,33.0,38.1,0,1947.8925181084057,False
TSH_93,2021-08,9.13038057011019,0,0,0,999,0,8,1,33.0,38.1,0,1947.8925181084057,False
TSH_93,2021-09,9.13038057011019,0,0,0,999,0,9,1,33.0,38.1,0,1947.8925181084057,False
TSH_93,2021-10,9.13038057011019,0,0,0,999,0,10,0,33.0,38.1,0,1947.8925181084057,False
TSH_93,2021-11,9.13038057011019,0,0,0,999,0,11,0,33.0,38.1,0,1947.8925181084057,False
TSH_93,2021-12,9.13038057011019,0,0,0,999,0,12,0,33.0,38.1,0,1947.8925181084057,False
TSH_93,2022-01,9.13038057011019,0,0,0,999,0,1,0,33.0,38.1,0,1947.8925181084057,False
TSH_93,2022-02,9.13038057011019,0,0,0,999,0,2,0,33.0,38.1,0,1947.8925181084057,False
TSH_93,2022-03,9.13038057011019,0,0,0,999,0,3,0,33.0,38.1,0,1947.8925181084057,False
TSH_93,2022-04,9.13038057011019,0,0,0,999,0,4,0,33.0,38.1,0,1947.8925181084057,False
TSH_93,2022-05,9.13038057011019,0,0,0,999,0,5,1,33.0,38.1,0,1947.8925181084057,False
TSH_93,2022-06,9.13038057011019,0,0,0,999,0,6,1,33.0,38.1,0,1947.8925181084057,False
TSH_93,2022-07,9.13038057011019,0,0,0,999,0,7,1,33.0,38.1,0,1947.8925181084057,False
TSH_93,2022-08,9.13038057011019,0,0,0,999,0,8,1,33.0,38.1,0,1947.8925181084057,False
TSH_93,2022-09,9.13038057011019,0,0,0,999,0,9,1,33.0,38.1,0,1947.8925181084057,False
TSH_93,2022-10,9.13038057011019,0,0,0,999,0,10,0,33.0,38.1,0,1947.8925181084057,False
TSH_93,2022-11,9.13038057011019,0,0,0,999,0,11,0,33.0,38.1,0,1947.8925181084057,False
TSH_93,2022-12,9.13038057011019,0,0,0,999,0,12,0,33.0,38.1,0,1947.8925181084057,False
TSH_93,2023-01,9.13038057011019,0,0,0,999,0,1,0,33.0,38.1,0,1947.8925181084057,False
TSH_93,2023-02,9.13038057011019,0,0,0,999,0,2,0,33.0,38.1,0,1947.8925181084057,False
TSH_93,2023-03,9.13038057011019,0,0,0,999,0,3,0,33.0,38.1,0,1947.8925181084057,False
TSH_93,2023-04,9.13038057011019,0,0,0,999,0,4,0,33.0,38.1,0,1947.8925181084057,False
TSH_93,2023-05,9.13038057011019,0,0,0,999,0,5,1,33.0,38.1,0,1947.8925181084057,False
TSH_93,2023-06,9.13038057011019,0,0,0,999,0,6,1,33.0,38.1,0,1947.8925181084057,False
TSH_93,2023-07,9.13038057011019,0,0,0,999,0,7,1,33.0,38.1,0,1947.8925181084057,False
TSH_93,2023-08,9.13038057011019,0,0,0,999,0,8,1,33.0,38.1,0,1947.8925181084057,False
TSH_93,2023-09,9.13038057011019,0,0,0,999,0,9,1,33.0,38.1,0,1947.8925181084057,False
TSH_93,2023-10,9.13038057011019,0,0,0,999,0,10,0,33.0,38.1,0,1947.8925181084057,False
TSH_93,2023-11,9.13038057011019,0,0,0,999,0,11,0,33.0,38.1,0,1947.8925181084057,False
TSH_93,2023-12,9.13038057011019,0,0,0,999,0,12,0,33.0,38.1,0,1947.8925181084057,False
TSH_93,2024-01,9.13038057011019,0,0,0,999,0,1,0,33.0,38.1,0,1947.8925181084057,False
TSH_93,2024-02,9.13038057011019,0,0,0,999,0,2,0,33.0,38.1,0,1947.8925181084057,False
TSH_93,2024-03,9.13038057011019,0,0,0,999,0,3,0,33.0,38.1,0,1947.8925181084057,False
TSH_93,2024-04,9.13038057011019,0,0,0,999,0,4,0,33.0,38.1,0,1947.8925181084057,False
TSH_93,2024-05,9.13038057011019,0,0,0,999,0,5,1,33.0,38.1,0,1947.8925181084057,False
TSH_93,2024-06,9.13038057011019,0,0,0,999,0,6,1,33.0,38.1,0,1947.8925181084057,False
TSH_93,2024-07,9.13038057011019,0,0,0,999,0,7,1,33.0,38.1,0,1947.8925181084057,False
TSH_93,2024-08,9.13038057011019,0,0,0,999,0,8,1,33.0,38.1,0,1947.8925181084057,False
TSH_93,2024-09,9.13038057011019,0,0,0,999,0,9,1,33.0,38.1,0,1947.8925181084057,False
TSH_93,2024-10,9.13038057011019,0,0,0,999,0,10,0,33.0,38.1,0,1947.8925181084057,False
TSH_93,2024-11,9.13038057011019,0,0,0,999,0,11,0,33.0,38.1,0,1947.8925181084057,False
TSH_93,2024-12,9.13038057011019,0,0,0,999,0,12,0,33.0,38.1,0,1947.8925181084057,False
TSH_93,2025-01,9.13038057011019,0,0,0,999,0,1,0,33.0,38.1,0,1947.8925181084057,False
TSH_93,2025-02,9.13038057011019,0,0,0,999,0,2,0,33.0,38.1,0,1947.8925181084057,False
TSH_93,2025-03,9.13038057011019,0,0,0,999,0,3,0,33.0,38.1,0,1947.8925181084057,False
TSH_93,2025-04,9.13038057011019,0,0,0,999,0,4,0,33.0,38.1,0,1947.8925181084057,False
TSH_93,2025-05,9.13038057011019,0,0,0,999,0,5,1,33.0,38.1,0,1947.8925181084057,False
TSH_93,2025-06,9.13038057011019,0,0,0,999,0,6,1,33.0,38.1,0,1947.8925181084057,False
TSH_93,2025-07,9.13038057011019,0,0,0,999,0,7,1,33.0,38.1,0,1947.8925181084057,False
TSH_93,2025-08,9.13038057011019,0,0,0,999,0,8,1,33.0,38.1,0,1947.8925181084057,False
TSH_93,2025-09,9.13038057011019,0,0,0,999,0,9,1,33.0,38.1,0,1947.8925181084057,False
TSH_93,2025-10,9.13038057011019,0,0,0,999,0,10,0,33.0,38.1,0,1947.8925181084057,False
TSH_93,2025-11,9.13038057011019,0,0,0,999,0,11,0,33.0,38.1,0,1947.8925181084057,False
TSH_93,2025-12,9.13038057011019,0,0,0,999,0,12,0,33.0,38.1,0,1947.8925181084057,False
TSH_93,2026-01,9.13038057011019,0,0,0,999,0,1,0,33.0,38.1,0,1947.8925181084057,False
TSH_93,2026-02,9.13038057011019,0,0,0,999,0,2,0,33.0,38.1,0,1947.8925181084057,False
TSH_93,2026-03,9.13038057011019,0,0,0,999,0,3,0,33.0,38.1,0,1947.8925181084057,False
TSH_94,2019-08,5.435605977138408,0,0,0,999,0,8,1,33.0,73.3,0,3792.2174798350225,False
TSH_94,2019-09,5.435605977138408,0,0,0,999,0,9,1,33.0,73.3,0,3792.2174798350225,False
TSH_94,2019-10,5.435605977138408,0,0,0,999,0,10,0,33.0,73.3,0,3792.2174798350225,False
TSH_94,2019-11,5.435605977138408,0,0,0,999,0,11,0,33.0,73.3,0,3792.2174798350225,False
TSH_94,2019-12,5.435605977138408,0,0,0,999,0,12,0,33.0,73.3,0,3792.2174798350225,False
TSH_94,2020-01,5.435605977138408,0,0,0,999,0,1,0,33.0,73.3,0,3792.2174798350225,False
TSH_94,2020-02,5.435605977138408,0,0,0,999,0,2,0,33.0,73.3,0,3792.2174798350225,False
TSH_94,2020-03,5.435605977138408,0,0,0,999,0,3,0,33.0,73.3,0,3792.2174798350225,False
TSH_94,2020-04,5.435605977138408,0,0,0,999,0,4,0,33.0,73.3,0,3792.2174798350225,False
TSH_94,2020-05,5.435605977138408,0,0,0,999,0,5,1,33.0,73.3,0,3792.2174798350225,False
TSH_94,2020-06,5.435605977138408,0,0,0,999,0,6,1,33.0,73.3,0,3792.2174798350225,False
TSH_94,2020-07,5.435605977138408,0,0,0,999,0,7,1,33.0,73.3,0,3792.2174798350225,False
TSH_94,2020-08,5.435605977138408,0,0,0,999,0,8,1,33.0,73.3,0,3792.2174798350225,False
TSH_94,2020-09,5.435605977138408,0,0,0,999,0,9,1,33.0,73.3,0,3792.2174798350225,False
TSH_94,2020-10,5.435605977138408,0,0,0,999,0,10,0,33.0,73.3,0,3792.2174798350225,False
TSH_94,2020-11,5.435605977138408,0,0,0,999,0,11,0,33.0,73.3,0,3792.2174798350225,False
TSH_94,2020-12,5.435605977138408,0,0,0,999,0,12,0,33.0,73.3,0,3792.2174798350225,False
TSH_94,2021-01,5.435605977138408,0,0,0,999,0,1,0,33.0,73.3,0,3792.2174798350225,False
TSH_94,2021-02,5.435605977138408,0,0,0,999,0,2,0,33.0,73.3,0,3792.2174798350225,False
TSH_94,2021-03,5.435605977138408,0,0,0,999,0,3,0,33.0,73.3,0,3792.2174798350225,False
TSH_94,2021-04,5.435605977138408,0,0,0,999,0,4,0,33.0,73.3,0,3792.2174798350225,False
TSH_94,2021-05,5.435605977138408,0,0,0,999,0,5,1,33.0,73.3,0,3792.2174798350225,False
TSH_94,2021-06,5.435605977138408,0,0,0,999,0,6,1,33.0,73.3,0,3792.2174798350225,False
TSH_94,2021-07,5.435605977138408,0,0,0,999,0,7,1,33.0,73.3,0,3792.2174798350225,False
TSH_94,2021-08,5.435605977138408,0,0,0,999,0,8,1,33.0,73.3,0,3792.2174798350225,False
TSH_94,2021-09,5.435605977138408,0,0,0,999,0,9,1,33.0,73.3,0,3792.2174798350225,False
TSH_94,2021-10,5.435605977138408,0,0,0,999,0,10,0,33.0,73.3,0,3792.2174798350225,False
TSH_94,2021-11,5.435605977138408,0,0,0,999,0,11,0,33.0,73.3,0,3792.2174798350225,False
TSH_94,2021-12,5.435605977138408,0,0,0,999,0,12,0,33.0,73.3,0,3792.2174798350225,False
TSH_94,2022-01,5.435605977138408,0,0,0,999,0,1,0,33.0,73.3,0,3792.2174798350225,False
TSH_94,2022-02,5.435605977138408,0,0,0,999,0,2,0,33.0,73.3,0,3792.2174798350225,False
TSH_94,2022-03,5.435605977138408,0,0,0,999,0,3,0,33.0,73.3,0,3792.2174798350225,False
TSH_94,2022-04,5.435605977138408,0,0,0,999,0,4,0,33.0,73.3,0,3792.2174798350225,False
TSH_94,2022-05,5.435605977138408,0,0,0,999,0,5,1,33.0,73.3,0,3792.2174798350225,False
TSH_94,2022-06,5.435605977138408,0,0,0,999,0,6,1,33.0,73.3,0,3792.2174798350225,False
TSH_94,2022-07,5.435605977138408,0,0,0,999,0,7,1,33.0,73.3,0,3792.2174798350225,False
TSH_94,2022-08,5.435605977138408,0,0,0,999,0,8,1,33.0,73.3,0,3792.2174798350225,False
TSH_94,2022-09,5.435605977138408,0,0,0,999,0,9,1,33.0,73.3,0,3792.2174798350225,False
TSH_94,2022-10,5.435605977138408,0,0,0,999,0,10,0,33.0,73.3,0,3792.2174798350225,False
TSH_94,2022-11,5.435605977138408,0,0,0,999,0,11,0,33.0,73.3,0,3792.2174798350225,False
TSH_94,2022-12,5.435605977138408,0,0,0,999,0,12,0,33.0,73.3,0,3792.2174798350225,False
TSH_94,2023-01,5.435605977138408,0,0,0,999,0,1,0,33.0,73.3,0,3792.2174798350225,False
TSH_94,2023-02,5.435605977138408,0,0,0,999,0,2,0,33.0,73.3,0,3792.2174798350225,False
TSH_94,2023-03,5.435605977138408,0,0,0,999,0,3,0,33.0,73.3,0,3792.2174798350225,False
TSH_94,2023-04,5.435605977138408,0,0,0,999,0,4,0,33.0,73.3,0,3792.2174798350225,False
TSH_94,2023-05,5.435605977138408,0,0,0,999,0,5,1,33.0,73.3,0,3792.2174798350225,False
TSH_94,2023-06,5.435605977138408,0,0,0,999,0,6,1,33.0,73.3,0,3792.2174798350225,False
TSH_94,2023-07,5.435605977138408,0,0,0,999,0,7,1,33.0,73.3,0,3792.2174798350225,False
TSH_94,2023-08,5.435605977138408,0,0,0,999,0,8,1,33.0,73.3,0,3792.2174798350225,False
TSH_94,2023-09,5.435605977138408,0,0,0,999,0,9,1,33.0,73.3,0,3792.2174798350225,False
TSH_94,2023-10,5.435605977138408,0,0,0,999,0,10,0,33.0,73.3,0,3792.2174798350225,False
TSH_94,2023-11,5.435605977138408,0,0,0,999,0,11,0,33.0,73.3,0,3792.2174798350225,False
TSH_94,2023-12,5.435605977138408,0,0,0,999,0,12,0,33.0,73.3,0,3792.2174798350225,False
TSH_94,2024-01,5.435605977138408,0,0,0,999,0,1,0,33.0,73.3,0,3792.2174798350225,False
TSH_94,2024-02,5.435605977138408,0,0,0,999,0,2,0,33.0,73.3,0,3792.2174798350225,False
TSH_94,2024-03,5.435605977138408,0,0,0,999,0,3,0,33.0,73.3,0,3792.2174798350225,False
TSH_94,2024-04,5.435605977138408,0,0,0,999,0,4,0,33.0,73.3,0,3792.2174798350225,False
TSH_94,2024-05,5.435605977138408,0,0,0,999,0,5,1,33.0,73.3,0,3792.2174798350225,False
TSH_94,2024-06,5.435605977138408,0,0,0,999,0,6,1,33.0,73.3,0,3792.2174798350225,False
TSH_94,2024-07,5.435605977138408,0,0,0,999,0,7,1,33.0,73.3,0,3792.2174798350225,False
TSH_94,2024-08,5.435605977138408,0,0,0,999,0,8,1,33.0,73.3,0,3792.2174798350225,False
TSH_94,2024-09,5.435605977138408,0,0,0,999,0,9,1,33.0,73.3,0,3792.2174798350225,False
TSH_94,2024-10,5.435605977138408,0,0,0,999,0,10,0,33.0,73.3,0,3792.2174798350225,False
TSH_94,2024-11,5.435605977138408,0,0,0,999,0,11,0,33.0,73.3,0,3792.2174798350225,False
TSH_94,2024-12,5.435605977138408,0,0,0,999,0,12,0,33.0,73.3,0,3792.2174798350225,False
TSH_94,2025-01,5.435605977138408,0,0,0,999,0,1,0,33.0,73.3,0,3792.2174798350225,False
TSH_94,2025-02,5.435605977138408,0,0,0,999,0,2,0,33.0,73.3,0,3792.2174798350225,False
TSH_94,2025-03,5.435605977138408,0,0,0,999,0,3,0,33.0,73.3,0,3792.2174798350225,False
TSH_94,2025-04,5.435605977138408,0,0,0,999,0,4,0,33.0,73.3,0,3792.2174798350225,False
TSH_94,2025-05,5.435605977138408,0,0,0,999,0,5,1,33.0,73.3,0,3792.2174798350225,False
TSH_94,2025-06,5.435605977138408,0,0,0,999,0,6,1,33.0,73.3,0,3792.2174798350225,False
TSH_94,2025-07,5.435605977138408,0,0,0,999,0,7,1,33.0,73.3,0,3792.2174798350225,False
TSH_94,2025-08,5.435605977138408,0,0,0,999,0,8,1,33.0,73.3,0,3792.2174798350225,False
TSH_94,2025-09,5.435605977138408,0,0,0,999,0,9,1,33.0,73.3,0,3792.2174798350225,False
TSH_94,2025-10,5.435605977138408,0,0,0,999,0,10,0,33.0,73.3,0,3792.2174798350225,False
TSH_94,2025-11,5.435605977138408,0,0,0,999,0,11,0,33.0,73.3,0,3792.2174798350225,False
TSH_94,2025-12,5.435605977138408,0,0,0,999,0,12,0,33.0,73.3,0,3792.2174798350225,False
TSH_94,2026-01,5.435605977138408,0,0,0,999,0,1,0,33.0,73.3,0,3792.2174798350225,False
TSH_94,2026-02,5.435605977138408,0,0,0,999,0,2,0,33.0,73.3,0,3792.2174798350225,False
TSH_94,2026-03,5.435605977138408,0,0,0,999,0,3,0,33.0,73.3,0,3792.2174798350225,False
TSH_95,2019-08,118.7837636765369,0,0,0,999,0,8,1,33.0,73.3,0,204.65760005886983,False
TSH_95,2019-09,118.7837636765369,0,0,0,999,0,9,1,33.0,73.3,0,204.65760005886983,False
TSH_95,2019-10,118.7837636765369,0,0,0,999,0,10,0,33.0,73.3,0,204.65760005886983,False
TSH_95,2019-11,118.7837636765369,0,0,0,999,0,11,0,33.0,73.3,0,204.65760005886983,False
TSH_95,2019-12,118.7837636765369,0,0,0,999,0,12,0,33.0,73.3,0,204.65760005886983,False
TSH_95,2020-01,118.7837636765369,0,0,0,999,0,1,0,33.0,73.3,0,204.65760005886983,False
TSH_95,2020-02,118.7837636765369,0,0,0,999,0,2,0,33.0,73.3,0,204.65760005886983,False
TSH_95,2020-03,118.7837636765369,0,0,0,999,0,3,0,33.0,73.3,0,204.65760005886983,False
TSH_95,2020-04,118.7837636765369,0,0,0,999,0,4,0,33.0,73.3,0,204.65760005886983,False
TSH_95,2020-05,118.7837636765369,0,0,0,999,0,5,1,33.0,73.3,0,204.65760005886983,False
TSH_95,2020-06,118.7837636765369,0,0,0,999,0,6,1,33.0,73.3,0,204.65760005886983,False
TSH_95,2020-07,118.7837636765369,0,0,0,999,0,7,1,33.0,73.3,0,204.65760005886983,False
TSH_95,2020-08,118.7837636765369,0,0,0,999,0,8,1,33.0,73.3,0,204.65760005886983,False
TSH_95,2020-09,118.7837636765369,0,0,0,999,0,9,1,33.0,73.3,0,204.65760005886983,False
TSH_95,2020-10,118.7837636765369,0,0,0,999,0,10,0,33.0,73.3,0,204.65760005886983,False
TSH_95,2020-11,118.7837636765369,0,0,0,999,0,11,0,33.0,73.3,0,204.65760005886983,False
TSH_95,2020-12,118.7837636765369,0,0,0,999,0,12,0,33.0,73.3,0,204.65760005886983,False
TSH_95,2021-01,118.7837636765369,0,0,0,999,0,1,0,33.0,73.3,0,204.65760005886983,False
TSH_95,2021-02,118.7837636765369,0,0,0,999,0,2,0,33.0,73.3,0,204.65760005886983,False
TSH_95,2021-03,118.7837636765369,0,0,0,999,0,3,0,33.0,73.3,0,204.65760005886983,False
TSH_95,2021-04,118.7837636765369,0,0,0,999,0,4,0,33.0,73.3,0,204.65760005886983,False
TSH_95,2021-05,118.7837636765369,0,0,0,999,0,5,1,33.0,73.3,0,204.65760005886983,False
TSH_95,2021-06,118.7837636765369,0,0,0,999,0,6,1,33.0,73.3,0,204.65760005886983,False
TSH_95,2021-07,118.7837636765369,0,0,0,999,0,7,1,33.0,73.3,0,204.65760005886983,False
TSH_95,2021-08,118.7837636765369,0,0,0,999,0,8,1,33.0,73.3,0,204.65760005886983,False
TSH_95,2021-09,118.7837636765369,0,0,0,999,0,9,1,33.0,73.3,0,204.65760005886983,False
TSH_95,2021-10,118.7837636765369,0,0,0,999,0,10,0,33.0,73.3,0,204.65760005886983,False
TSH_95,2021-11,118.7837636765369,0,0,0,999,0,11,0,33.0,73.3,0,204.65760005886983,False
TSH_95,2021-12,118.7837636765369,0,0,0,999,0,12,0,33.0,73.3,0,204.65760005886983,False
TSH_95,2022-01,118.7837636765369,0,0,0,999,0,1,0,33.0,73.3,0,204.65760005886983,False
TSH_95,2022-02,118.7837636765369,0,0,0,999,0,2,0,33.0,73.3,0,204.65760005886983,False
TSH_95,2022-03,118.7837636765369,0,0,0,999,0,3,0,33.0,73.3,0,204.65760005886983,False
TSH_95,2022-04,118.7837636765369,0,0,0,999,0,4,0,33.0,73.3,0,204.65760005886983,False
TSH_95,2022-05,118.7837636765369,0,0,0,999,0,5,1,33.0,73.3,0,204.65760005886983,False
TSH_95,2022-06,118.7837636765369,0,0,0,999,0,6,1,33.0,73.3,0,204.65760005886983,False
TSH_95,2022-07,118.7837636765369,0,0,0,999,0,7,1,33.0,73.3,0,204.65760005886983,False
TSH_95,2022-08,118.7837636765369,0,0,0,999,0,8,1,33.0,73.3,0,204.65760005886983,False
TSH_95,2022-09,118.7837636765369,0,0,0,999,0,9,1,33.0,73.3,0,204.65760005886983,False
TSH_95,2022-10,118.7837636765369,0,0,0,999,0,10,0,33.0,73.3,0,204.65760005886983,False
TSH_95,2022-11,118.7837636765369,0,0,0,999,0,11,0,33.0,73.3,0,204.65760005886983,False
TSH_95,2022-12,118.7837636765369,0,0,0,999,0,12,0,33.0,73.3,0,204.65760005886983,False
TSH_95,2023-01,118.7837636765369,0,0,0,999,0,1,0,33.0,73.3,0,204.65760005886983,False
TSH_95,2023-02,118.7837636765369,0,0,0,999,0,2,0,33.0,73.3,0,204.65760005886983,False
TSH_95,2023-03,118.7837636765369,0,0,0,999,0,3,0,33.0,73.3,0,204.65760005886983,False
TSH_95,2023-04,118.7837636765369,0,0,0,999,0,4,0,33.0,73.3,0,204.65760005886983,False
TSH_95,2023-05,118.7837636765369,0,0,0,999,0,5,1,33.0,73.3,0,204.65760005886983,False
TSH_95,2023-06,118.7837636765369,0,0,0,999,0,6,1,33.0,73.3,0,204.65760005886983,False
TSH_95,2023-07,118.7837636765369,0,0,0,999,0,7,1,33.0,73.3,0,204.65760005886983,False
TSH_95,2023-08,118.7837636765369,0,0,0,999,0,8,1,33.0,73.3,0,204.65760005886983,False
TSH_95,2023-09,118.7837636765369,0,0,0,999,0,9,1,33.0,73.3,0,204.65760005886983,False
TSH_95,2023-10,118.7837636765369,0,0,0,999,0,10,0,33.0,73.3,0,204.65760005886983,False
TSH_95,2023-11,118.7837636765369,0,0,0,999,0,11,0,33.0,73.3,0,204.65760005886983,False
TSH_95,2023-12,118.7837636765369,0,0,0,999,0,12,0,33.0,73.3,0,204.65760005886983,False
TSH_95,2024-01,118.7837636765369,0,0,0,999,0,1,0,33.0,73.3,0,204.65760005886983,False
TSH_95,2024-02,118.7837636765369,0,0,0,999,0,2,0,33.0,73.3,0,204.65760005886983,False
TSH_95,2024-03,118.7837636765369,0,0,0,999,0,3,0,33.0,73.3,0,204.65760005886983,False
TSH_95,2024-04,118.7837636765369,0,0,0,999,0,4,0,33.0,73.3,0,204.65760005886983,False
TSH_95,2024-05,118.7837636765369,0,0,0,999,0,5,1,33.0,73.3,0,204.65760005886983,False
TSH_95,2024-06,118.7837636765369,0,0,0,999,0,6,1,33.0,73.3,0,204.65760005886983,False
TSH_95,2024-07,118.7837636765369,0,0,0,999,0,7,1,33.0,73.3,0,204.65760005886983,False
TSH_95,2024-08,118.7837636765369,0,0,0,999,0,8,1,33.0,73.3,0,204.65760005886983,False
TSH_95,2024-09,118.7837636765369,0,0,0,999,0,9,1,33.0,73.3,0,204.65760005886983,False
TSH_95,2024-10,118.7837636765369,0,0,0,999,0,10,0,33.0,73.3,0,204.65760005886983,False
TSH_95,2024-11,118.7837636765369,0,0,0,999,0,11,0,33.0,73.3,0,204.65760005886983,False
TSH_95,2024-12,118.7837636765369,0,0,0,999,0,12,0,33.0,73.3,0,204.65760005886983,False
TSH_95,2025-01,118.7837636765369,0,0,0,999,0,1,0,33.0,73.3,0,204.65760005886983,False
TSH_95,2025-02,118.7837636765369,0,0,0,999,0,2,0,33.0,73.3,0,204.65760005886983,False
TSH_95,2025-03,118.7837636765369,0,0,0,999,0,3,0,33.0,73.3,0,204.65760005886983,False
TSH_95,2025-04,118.7837636765369,0,0,0,999,0,4,0,33.0,73.3,0,204.65760005886983,False
TSH_95,2025-05,118.7837636765369,0,0,0,999,0,5,1,33.0,73.3,0,204.65760005886983,False
TSH_95,2025-06,118.7837636765369,0,0,0,999,0,6,1,33.0,73.3,0,204.65760005886983,False
TSH_95,2025-07,118.7837636765369,0,0,0,999,0,7,1,33.0,73.3,0,204.65760005886983,False
TSH_95,2025-08,118.7837636765369,0,0,0,999,0,8,1,33.0,73.3,0,204.65760005886983,False
TSH_95,2025-09,118.7837636765369,0,0,0,999,0,9,1,33.0,73.3,0,204.65760005886983,False
TSH_95,2025-10,118.7837636765369,0,0,0,999,0,10,0,33.0,73.3,0,204.65760005886983,False
TSH_95,2025-11,118.7837636765369,0,0,0,999,0,11,0,33.0,73.3,0,204.65760005886983,False
TSH_95,2025-12,118.7837636765369,0,0,0,999,0,12,0,33.0,73.3,0,204.65760005886983,False
TSH_95,2026-01,118.7837636765369,0,0,0,999,0,1,0,33.0,73.3,0,204.65760005886983,False
TSH_95,2026-02,118.7837636765369,0,0,0,999,0,2,0,33.0,73.3,0,204.65760005886983,False
TSH_95,2026-03,118.7837636765369,0,0,0,999,0,3,0,33.0,73.3,0,204.65760005886983,False
TSH_96,2019-08,272.44692940594183,0,0,0,999,0,8,1,33.0,27.5,0,111.52263696364989,False
TSH_96,2019-09,272.44692940594183,0,0,0,999,0,9,1,33.0,27.5,0,111.52263696364989,False
TSH_96,2019-10,272.44692940594183,0,0,0,999,0,10,0,33.0,27.5,0,111.52263696364989,False
TSH_96,2019-11,272.44692940594183,0,0,0,999,0,11,0,33.0,27.5,0,111.52263696364989,False
TSH_96,2019-12,272.44692940594183,0,0,0,999,0,12,0,33.0,27.5,0,111.52263696364989,False
TSH_96,2020-01,272.44692940594183,0,0,0,999,0,1,0,33.0,27.5,0,111.52263696364989,False
TSH_96,2020-02,272.44692940594183,0,0,0,999,0,2,0,33.0,27.5,0,111.52263696364989,False
TSH_96,2020-03,272.44692940594183,0,0,0,999,0,3,0,33.0,27.5,0,111.52263696364989,False
TSH_96,2020-04,272.44692940594183,0,0,0,999,0,4,0,33.0,27.5,0,111.52263696364989,False
TSH_96,2020-05,272.44692940594183,0,0,0,999,0,5,1,33.0,27.5,0,111.52263696364989,False
TSH_96,2020-06,272.44692940594183,0,0,0,999,0,6,1,33.0,27.5,0,111.52263696364989,False
TSH_96,2020-07,272.44692940594183,0,0,0,999,0,7,1,33.0,27.5,0,111.52263696364989,False
TSH_96,2020-08,272.44692940594183,0,0,0,999,0,8,1,33.0,27.5,0,111.52263696364989,False
TSH_96,2020-09,272.44692940594183,0,0,0,999,0,9,1,33.0,27.5,0,111.52263696364989,False
TSH_96,2020-10,272.44692940594183,0,0,0,999,0,10,0,33.0,27.5,0,111.52263696364989,False
TSH_96,2020-11,272.44692940594183,0,0,0,999,0,11,0,33.0,27.5,0,111.52263696364989,False
TSH_96,2020-12,272.44692940594183,0,0,0,999,0,12,0,33.0,27.5,0,111.52263696364989,False
TSH_96,2021-01,272.44692940594183,0,0,0,999,0,1,0,33.0,27.5,0,111.52263696364989,False
TSH_96,2021-02,272.44692940594183,0,0,0,999,0,2,0,33.0,27.5,0,111.52263696364989,False
TSH_96,2021-03,272.44692940594183,0,0,0,999,0,3,0,33.0,27.5,0,111.52263696364989,False
TSH_96,2021-04,272.44692940594183,0,0,0,999,0,4,0,33.0,27.5,0,111.52263696364989,False
TSH_96,2021-05,272.44692940594183,0,0,0,999,0,5,1,33.0,27.5,0,111.52263696364989,False
TSH_96,2021-06,272.44692940594183,0,0,0,999,0,6,1,33.0,27.5,0,111.52263696364989,False
TSH_96,2021-07,272.44692940594183,0,0,0,999,0,7,1,33.0,27.5,0,111.52263696364989,False
TSH_96,2021-08,272.44692940594183,0,0,0,999,0,8,1,33.0,27.5,0,111.52263696364989,False
TSH_96,2021-09,272.44692940594183,0,0,0,999,0,9,1,33.0,27.5,0,111.52263696364989,False
TSH_96,2021-10,272.44692940594183,0,0,0,999,0,10,0,33.0,27.5,0,111.52263696364989,False
TSH_96,2021-11,272.44692940594183,0,0,0,999,0,11,0,33.0,27.5,0,111.52263696364989,False
TSH_96,2021-12,272.44692940594183,0,0,0,999,0,12,0,33.0,27.5,0,111.52263696364989,False
TSH_96,2022-01,272.44692940594183,0,0,0,999,0,1,0,33.0,27.5,0,111.52263696364989,False
TSH_96,2022-02,272.44692940594183,0,0,0,999,0,2,0,33.0,27.5,0,111.52263696364989,False
TSH_96,2022-03,272.44692940594183,0,0,0,999,0,3,0,33.0,27.5,0,111.52263696364989,False
TSH_96,2022-04,272.44692940594183,0,0,0,999,0,4,0,33.0,27.5,0,111.52263696364989,False
TSH_96,2022-05,272.44692940594183,0,0,0,999,0,5,1,33.0,27.5,0,111.52263696364989,False
TSH_96,2022-06,272.44692940594183,0,0,0,999,0,6,1,33.0,27.5,0,111.52263696364989,False
TSH_96,2022-07,272.44692940594183,0,0,0,999,0,7,1,33.0,27.5,0,111.52263696364989,False
TSH_96,2022-08,272.44692940594183,0,0,0,999,0,8,1,33.0,27.5,0,111.52263696364989,False
TSH_96,2022-09,272.44692940594183,0,0,0,999,0,9,1,33.0,27.5,0,111.52263696364989,False
TSH_96,2022-10,272.44692940594183,0,0,0,999,0,10,0,33.0,27.5,0,111.52263696364989,False
TSH_96,2022-11,272.44692940594183,0,0,0,999,0,11,0,33.0,27.5,0,111.52263696364989,False
TSH_96,2022-12,272.44692940594183,0,0,0,999,0,12,0,33.0,27.5,0,111.52263696364989,False
TSH_96,2023-01,272.44692940594183,0,0,0,999,0,1,0,33.0,27.5,0,111.52263696364989,False
TSH_96,2023-02,272.44692940594183,0,0,0,999,0,2,0,33.0,27.5,0,111.52263696364989,False
TSH_96,2023-03,272.44692940594183,0,0,0,999,0,3,0,33.0,27.5,0,111.52263696364989,False
TSH_96,2023-04,272.44692940594183,0,0,0,999,0,4,0,33.0,27.5,0,111.52263696364989,False
TSH_96,2023-05,272.44692940594183,0,0,0,999,0,5,1,33.0,27.5,0,111.52263696364989,False
TSH_96,2023-06,272.44692940594183,0,0,0,999,0,6,1,33.0,27.5,0,111.52263696364989,False
TSH_96,2023-07,272.44692940594183,0,0,0,999,0,7,1,33.0,27.5,0,111.52263696364989,False
TSH_96,2023-08,272.44692940594183,0,0,0,999,0,8,1,33.0,27.5,0,111.52263696364989,False
TSH_96,2023-09,272.44692940594183,0,0,0,999,0,9,1,33.0,27.5,0,111.52263696364989,False
TSH_96,2023-10,272.44692940594183,0,0,0,999,0,10,0,33.0,27.5,0,111.52263696364989,False
TSH_96,2023-11,272.44692940594183,0,0,0,999,0,11,0,33.0,27.5,0,111.52263696364989,False
TSH_96,2023-12,272.44692940594183,0,0,0,999,0,12,0,33.0,27.5,0,111.52263696364989,False
TSH_96,2024-01,272.44692940594183,0,0,0,999,0,1,0,33.0,27.5,0,111.52263696364989,False
TSH_96,2024-02,272.44692940594183,0,0,0,999,0,2,0,33.0,27.5,0,111.52263696364989,False
TSH_96,2024-03,272.44692940594183,0,0,0,999,0,3,0,33.0,27.5,0,111.52263696364989,False
TSH_96,2024-04,272.44692940594183,0,0,0,999,0,4,0,33.0,27.5,0,111.52263696364989,False
TSH_96,2024-05,272.44692940594183,0,0,0,999,0,5,1,33.0,27.5,0,111.52263696364989,False
TSH_96,2024-06,272.44692940594183,0,0,0,999,0,6,1,33.0,27.5,0,111.52263696364989,False
TSH_96,2024-07,272.44692940594183,0,0,0,999,0,7,1,33.0,27.5,0,111.52263696364989,False
TSH_96,2024-08,272.44692940594183,0,0,0,999,0,8,1,33.0,27.5,0,111.52263696364989,False
TSH_96,2024-09,272.44692940594183,0,0,0,999,0,9,1,33.0,27.5,0,111.52263696364989,False
TSH_96,2024-10,272.44692940594183,0,0,0,999,0,10,0,33.0,27.5,0,111.52263696364989,False
TSH_96,2024-11,272.44692940594183,0,0,0,999,0,11,0,33.0,27.5,0,111.52263696364989,False
TSH_96,2024-12,272.44692940594183,0,0,0,999,0,12,0,33.0,27.5,0,111.52263696364989,False
TSH_96,2025-01,272.44692940594183,0,0,0,999,0,1,0,33.0,27.5,0,111.52263696364989,False
TSH_96,2025-02,272.44692940594183,0,0,0,999,0,2,0,33.0,27.5,0,111.52263696364989,False
TSH_96,2025-03,272.44692940594183,0,0,0,999,0,3,0,33.0,27.5,0,111.52263696364989,False
TSH_96,2025-04,272.44692940594183,0,0,0,999,0,4,0,33.0,27.5,0,111.52263696364989,False
TSH_96,2025-05,272.44692940594183,0,0,0,999,0,5,1,33.0,27.5,0,111.52263696364989,False
TSH_96,2025-06,272.44692940594183,0,0,0,999,0,6,1,33.0,27.5,0,111.52263696364989,False
TSH_96,2025-07,272.44692940594183,0,0,0,999,0,7,1,33.0,27.5,0,111.52263696364989,False
TSH_96,2025-08,272.44692940594183,0,0,0,999,0,8,1,33.0,27.5,0,111.52263696364989,False
TSH_96,2025-09,272.44692940594183,0,0,0,999,0,9,1,33.0,27.5,0,111.52263696364989,False
TSH_96,2025-10,272.44692940594183,0,0,0,999,0,10,0,33.0,27.5,0,111.52263696364989,False
TSH_96,2025-11,272.44692940594183,0,0,0,999,0,11,0,33.0,27.5,0,111.52263696364989,False
TSH_96,2025-12,272.44692940594183,0,0,0,999,0,12,0,33.0,27.5,0,111.52263696364989,False
TSH_96,2026-01,272.44692940594183,0,0,0,999,0,1,0,33.0,27.5,0,111.52263696364989,False
TSH_96,2026-02,272.44692940594183,0,0,0,999,0,2,0,33.0,27.5,0,111.52263696364989,False
TSH_96,2026-03,272.44692940594183,0,0,0,999,0,3,0,33.0,27.5,0,111.52263696364989,False
TSH_97,2019-08,3.728720408743402,0,0,0,999,0,8,1,33.0,24.5,0,5648.050186497445,False
TSH_97,2019-09,3.728720408743402,0,0,0,999,0,9,1,33.0,24.5,0,5648.050186497445,False
TSH_97,2019-10,3.728720408743402,0,0,0,999,0,10,0,33.0,24.5,0,5648.050186497445,False
TSH_97,2019-11,3.728720408743402,0,0,0,999,0,11,0,33.0,24.5,0,5648.050186497445,False
TSH_97,2019-12,3.728720408743402,0,0,0,999,0,12,0,33.0,24.5,0,5648.050186497445,False
TSH_97,2020-01,3.728720408743402,0,0,0,999,0,1,0,33.0,24.5,0,5648.050186497445,False
TSH_97,2020-02,3.728720408743402,0,0,0,999,0,2,0,33.0,24.5,0,5648.050186497445,False
TSH_97,2020-03,3.728720408743402,0,0,0,999,0,3,0,33.0,24.5,0,5648.050186497445,False
TSH_97,2020-04,3.728720408743402,0,0,0,999,0,4,0,33.0,24.5,0,5648.050186497445,False
TSH_97,2020-05,3.728720408743402,0,0,0,999,0,5,1,33.0,24.5,0,5648.050186497445,False
TSH_97,2020-06,3.728720408743402,0,0,0,999,0,6,1,33.0,24.5,0,5648.050186497445,False
TSH_97,2020-07,3.728720408743402,0,0,0,999,0,7,1,33.0,24.5,0,5648.050186497445,False
TSH_97,2020-08,3.728720408743402,0,0,0,999,0,8,1,33.0,24.5,0,5648.050186497445,False
TSH_97,2020-09,3.728720408743402,0,0,0,999,0,9,1,33.0,24.5,0,5648.050186497445,False
TSH_97,2020-10,3.728720408743402,0,0,0,999,0,10,0,33.0,24.5,0,5648.050186497445,False
TSH_97,2020-11,3.728720408743402,0,0,0,999,0,11,0,33.0,24.5,0,5648.050186497445,False
TSH_97,2020-12,3.728720408743402,0,0,0,999,0,12,0,33.0,24.5,0,5648.050186497445,False
TSH_97,2021-01,3.728720408743402,0,0,0,999,0,1,0,33.0,24.5,0,5648.050186497445,False
TSH_97,2021-02,3.728720408743402,0,0,0,999,0,2,0,33.0,24.5,0,5648.050186497445,False
TSH_97,2021-03,3.728720408743402,0,0,0,999,0,3,0,33.0,24.5,0,5648.050186497445,False
TSH_97,2021-04,3.728720408743402,0,0,0,999,0,4,0,33.0,24.5,0,5648.050186497445,False
TSH_97,2021-05,3.728720408743402,0,0,0,999,0,5,1,33.0,24.5,0,5648.050186497445,False
TSH_97,2021-06,3.728720408743402,0,0,0,999,0,6,1,33.0,24.5,0,5648.050186497445,False
TSH_97,2021-07,3.728720408743402,0,0,0,999,0,7,1,33.0,24.5,0,5648.050186497445,False
TSH_97,2021-08,3.728720408743402,0,0,0,999,0,8,1,33.0,24.5,0,5648.050186497445,False
TSH_97,2021-09,3.728720408743402,0,0,0,999,0,9,1,33.0,24.5,0,5648.050186497445,False
TSH_97,2021-10,3.728720408743402,0,0,0,999,0,10,0,33.0,24.5,0,5648.050186497445,False
TSH_97,2021-11,3.728720408743402,0,0,0,999,0,11,0,33.0,24.5,0,5648.050186497445,False
TSH_97,2021-12,3.728720408743402,0,0,0,999,0,12,0,33.0,24.5,0,5648.050186497445,False
TSH_97,2022-01,3.728720408743402,0,0,0,999,0,1,0,33.0,24.5,0,5648.050186497445,False
TSH_97,2022-02,3.728720408743402,0,0,0,999,0,2,0,33.0,24.5,0,5648.050186497445,False
TSH_97,2022-03,3.728720408743402,0,0,0,999,0,3,0,33.0,24.5,0,5648.050186497445,False
TSH_97,2022-04,3.728720408743402,0,0,0,999,0,4,0,33.0,24.5,0,5648.050186497445,False
TSH_97,2022-05,3.728720408743402,0,0,0,999,0,5,1,33.0,24.5,0,5648.050186497445,False
TSH_97,2022-06,3.728720408743402,0,0,0,999,0,6,1,33.0,24.5,0,5648.050186497445,False
TSH_97,2022-07,3.728720408743402,0,0,0,999,0,7,1,33.0,24.5,0,5648.050186497445,False
TSH_97,2022-08,3.728720408743402,0,0,0,999,0,8,1,33.0,24.5,0,5648.050186497445,False
TSH_97,2022-09,3.728720408743402,0,0,0,999,0,9,1,33.0,24.5,0,5648.050186497445,False
TSH_97,2022-10,3.728720408743402,0,0,0,999,0,10,0,33.0,24.5,0,5648.050186497445,False
TSH_97,2022-11,3.728720408743402,0,0,0,999,0,11,0,33.0,24.5,0,5648.050186497445,False
TSH_97,2022-12,3.728720408743402,0,0,0,999,0,12,0,33.0,24.5,0,5648.050186497445,False
TSH_97,2023-01,3.728720408743402,0,0,0,999,0,1,0,33.0,24.5,0,5648.050186497445,False
TSH_97,2023-02,3.728720408743402,0,0,0,999,0,2,0,33.0,24.5,0,5648.050186497445,False
TSH_97,2023-03,3.728720408743402,0,0,0,999,0,3,0,33.0,24.5,0,5648.050186497445,False
TSH_97,2023-04,3.728720408743402,0,0,0,999,0,4,0,33.0,24.5,0,5648.050186497445,False
TSH_97,2023-05,3.728720408743402,0,0,0,999,0,5,1,33.0,24.5,0,5648.050186497445,False
TSH_97,2023-06,3.728720408743402,0,0,0,999,0,6,1,33.0,24.5,0,5648.050186497445,False
TSH_97,2023-07,3.728720408743402,0,0,0,999,0,7,1,33.0,24.5,0,5648.050186497445,False
TSH_97,2023-08,3.728720408743402,0,0,0,999,0,8,1,33.0,24.5,1,5648.050186497445,False
TSH_97,2023-09,3.728720408743402,0,0,0,999,0,9,1,33.0,24.5,1,5648.050186497445,False
TSH_97,2023-10,3.728720408743402,0,0,0,999,0,10,0,33.0,24.5,1,5648.050186497445,False
TSH_97,2023-11,3.728720408743402,1,1,1,0,0,11,0,33.0,24.5,1,5648.050186497445,False
TSH_97,2023-12,3.728720408743402,0,0,1,1,0,12,0,33.0,24.5,1,5648.050186497445,False
TSH_97,2024-01,3.728720408743402,0,0,1,2,0,1,0,33.0,24.5,1,5648.050186497445,False
TSH_97,2024-02,3.728720408743402,1,1,2,0,0,2,0,33.0,24.5,0,5648.050186497445,False
TSH_97,2024-03,3.728720408743402,0,0,2,1,0,3,0,33.0,24.5,0,5648.050186497445,False
TSH_97,2024-04,3.728720408743402,0,0,2,2,0,4,0,33.0,24.5,0,5648.050186497445,False
TSH_97,2024-05,3.728720408743402,0,0,2,3,0,5,1,33.0,24.5,0,5648.050186497445,False
TSH_97,2024-06,3.728720408743402,0,0,2,4,0,6,1,33.0,24.5,0,5648.050186497445,False
TSH_97,2024-07,3.728720408743402,0,0,2,5,0,7,1,33.0,24.5,0,5648.050186497445,False
TSH_97,2024-08,3.728720408743402,0,0,2,6,0,8,1,33.0,24.5,0,5648.050186497445,False
TSH_97,2024-09,3.728720408743402,0,0,2,7,0,9,1,33.0,24.5,0,5648.050186497445,False
TSH_97,2024-10,3.728720408743402,0,0,2,8,0,10,0,33.0,24.5,0,5648.050186497445,False
TSH_97,2024-11,3.728720408743402,0,0,2,9,0,11,0,33.0,24.5,0,5648.050186497445,False
TSH_97,2024-12,3.728720408743402,0,0,2,10,0,12,0,33.0,24.5,0,5648.050186497445,False
TSH_97,2025-01,3.728720408743402,0,0,2,11,0,1,0,33.0,24.5,0,5648.050186497445,False
TSH_97,2025-02,3.728720408743402,0,0,2,12,0,2,0,33.0,24.5,0,5648.050186497445,False
TSH_97,2025-03,3.728720408743402,0,0,2,13,0,3,0,33.0,24.5,0,5648.050186497445,False
TSH_97,2025-04,3.728720408743402,0,0,2,14,0,4,0,33.0,24.5,0,5648.050186497445,False
TSH_97,2025-05,3.728720408743402,0,0,2,15,0,5,1,33.0,24.5,0,5648.050186497445,False
TSH_97,2025-06,3.728720408743402,0,0,2,16,0,6,1,33.0,24.5,0,5648.050186497445,False
TSH_97,2025-07,3.728720408743402,0,0,2,17,0,7,1,33.0,24.5,0,5648.050186497445,False
TSH_97,2025-08,3.728720408743402,0,0,2,18,0,8,1,33.0,24.5,0,5648.050186497445,False
TSH_97,2025-09,3.728720408743402,0,0,2,19,0,9,1,33.0,24.5,0,5648.050186497445,False
TSH_97,2025-10,3.728720408743402,0,0,2,20,0,10,0,33.0,24.5,0,5648.050186497445,False
TSH_97,2025-11,3.728720408743402,0,0,2,21,0,11,0,33.0,24.5,0,5648.050186497445,False
TSH_97,2025-12,3.728720408743402,0,0,2,22,0,12,0,33.0,24.5,0,5648.050186497445,False
TSH_97,2026-01,3.728720408743402,0,0,2,23,0,1,0,33.0,24.5,0,5648.050186497445,False
TSH_97,2026-02,3.728720408743402,0,0,2,24,0,2,0,33.0,24.5,0,5648.050186497445,False
TSH_97,2026-03,3.728720408743402,0,0,2,25,0,3,0,33.0,24.5,0,5648.050186497445,False
TSH_98,2019-08,25.3766743488434,0,0,0,999,0,8,1,33.0,34.6,0,1004.6627721792865,False
TSH_98,2019-09,25.3766743488434,0,0,0,999,0,9,1,33.0,34.6,0,1004.6627721792865,False
TSH_98,2019-10,25.3766743488434,0,0,0,999,0,10,0,33.0,34.6,0,1004.6627721792865,False
TSH_98,2019-11,25.3766743488434,0,0,0,999,0,11,0,33.0,34.6,0,1004.6627721792865,False
TSH_98,2019-12,25.3766743488434,0,0,0,999,0,12,0,33.0,34.6,0,1004.6627721792865,False
TSH_98,2020-01,25.3766743488434,0,0,0,999,0,1,0,33.0,34.6,0,1004.6627721792865,False
TSH_98,2020-02,25.3766743488434,0,0,0,999,0,2,0,33.0,34.6,0,1004.6627721792865,False
TSH_98,2020-03,25.3766743488434,0,0,0,999,0,3,0,33.0,34.6,0,1004.6627721792865,False
TSH_98,2020-04,25.3766743488434,0,0,0,999,0,4,0,33.0,34.6,0,1004.6627721792865,False
TSH_98,2020-05,25.3766743488434,0,0,0,999,0,5,1,33.0,34.6,0,1004.6627721792865,False
TSH_98,2020-06,25.3766743488434,0,0,0,999,0,6,1,33.0,34.6,0,1004.6627721792865,False
TSH_98,2020-07,25.3766743488434,0,0,0,999,0,7,1,33.0,34.6,0,1004.6627721792865,False
TSH_98,2020-08,25.3766743488434,0,0,0,999,0,8,1,33.0,34.6,0,1004.6627721792865,False
TSH_98,2020-09,25.3766743488434,0,0,0,999,0,9,1,33.0,34.6,0,1004.6627721792865,False
TSH_98,2020-10,25.3766743488434,0,0,0,999,0,10,0,33.0,34.6,0,1004.6627721792865,False
TSH_98,2020-11,25.3766743488434,0,0,0,999,0,11,0,33.0,34.6,0,1004.6627721792865,False
TSH_98,2020-12,25.3766743488434,0,0,0,999,0,12,0,33.0,34.6,0,1004.6627721792865,False
TSH_98,2021-01,25.3766743488434,0,0,0,999,0,1,0,33.0,34.6,0,1004.6627721792865,False
TSH_98,2021-02,25.3766743488434,0,0,0,999,0,2,0,33.0,34.6,0,1004.6627721792865,False
TSH_98,2021-03,25.3766743488434,0,0,0,999,0,3,0,33.0,34.6,0,1004.6627721792865,False
TSH_98,2021-04,25.3766743488434,0,0,0,999,0,4,0,33.0,34.6,0,1004.6627721792865,False
TSH_98,2021-05,25.3766743488434,0,0,0,999,0,5,1,33.0,34.6,0,1004.6627721792865,False
TSH_98,2021-06,25.3766743488434,0,0,0,999,0,6,1,33.0,34.6,0,1004.6627721792865,False
TSH_98,2021-07,25.3766743488434,0,0,0,999,0,7,1,33.0,34.6,0,1004.6627721792865,False
TSH_98,2021-08,25.3766743488434,0,0,0,999,0,8,1,33.0,34.6,0,1004.6627721792865,False
TSH_98,2021-09,25.3766743488434,0,0,0,999,0,9,1,33.0,34.6,0,1004.6627721792865,False
TSH_98,2021-10,25.3766743488434,0,0,0,999,0,10,0,33.0,34.6,0,1004.6627721792865,False
TSH_98,2021-11,25.3766743488434,0,0,0,999,0,11,0,33.0,34.6,0,1004.6627721792865,False
TSH_98,2021-12,25.3766743488434,0,0,0,999,0,12,0,33.0,34.6,0,1004.6627721792865,False
TSH_98,2022-01,25.3766743488434,0,0,0,999,0,1,0,33.0,34.6,0,1004.6627721792865,False
TSH_98,2022-02,25.3766743488434,0,0,0,999,0,2,0,33.0,34.6,0,1004.6627721792865,False
TSH_98,2022-03,25.3766743488434,0,0,0,999,0,3,0,33.0,34.6,0,1004.6627721792865,False
TSH_98,2022-04,25.3766743488434,0,0,0,999,0,4,0,33.0,34.6,0,1004.6627721792865,False
TSH_98,2022-05,25.3766743488434,0,0,0,999,0,5,1,33.0,34.6,0,1004.6627721792865,False
TSH_98,2022-06,25.3766743488434,0,0,0,999,0,6,1,33.0,34.6,0,1004.6627721792865,False
TSH_98,2022-07,25.3766743488434,0,0,0,999,0,7,1,33.0,34.6,0,1004.6627721792865,False
TSH_98,2022-08,25.3766743488434,0,0,0,999,0,8,1,33.0,34.6,0,1004.6627721792865,False
TSH_98,2022-09,25.3766743488434,0,0,0,999,0,9,1,33.0,34.6,0,1004.6627721792865,False
TSH_98,2022-10,25.3766743488434,0,0,0,999,0,10,0,33.0,34.6,0,1004.6627721792865,False
TSH_98,2022-11,25.3766743488434,0,0,0,999,0,11,0,33.0,34.6,0,1004.6627721792865,False
TSH_98,2022-12,25.3766743488434,0,0,0,999,0,12,0,33.0,34.6,0,1004.6627721792865,False
TSH_98,2023-01,25.3766743488434,0,0,0,999,0,1,0,33.0,34.6,0,1004.6627721792865,False
TSH_98,2023-02,25.3766743488434,0,0,0,999,0,2,0,33.0,34.6,0,1004.6627721792865,False
TSH_98,2023-03,25.3766743488434,0,0,0,999,0,3,0,33.0,34.6,0,1004.6627721792865,False
TSH_98,2023-04,25.3766743488434,0,0,0,999,0,4,0,33.0,34.6,0,1004.6627721792865,False
TSH_98,2023-05,25.3766743488434,0,0,0,999,0,5,1,33.0,34.6,0,1004.6627721792865,False
TSH_98,2023-06,25.3766743488434,0,0,0,999,0,6,1,33.0,34.6,0,1004.6627721792865,False
TSH_98,2023-07,25.3766743488434,0,0,0,999,0,7,1,33.0,34.6,0,1004.6627721792865,False
TSH_98,2023-08,25.3766743488434,0,0,0,999,0,8,1,33.0,34.6,0,1004.6627721792865,False
TSH_98,2023-09,25.3766743488434,0,0,0,999,0,9,1,33.0,34.6,0,1004.6627721792865,False
TSH_98,2023-10,25.3766743488434,0,0,0,999,0,10,0,33.0,34.6,0,1004.6627721792865,False
TSH_98,2023-11,25.3766743488434,0,0,0,999,0,11,0,33.0,34.6,0,1004.6627721792865,False
TSH_98,2023-12,25.3766743488434,0,0,0,999,0,12,0,33.0,34.6,0,1004.6627721792865,False
TSH_98,2024-01,25.3766743488434,0,0,0,999,0,1,0,33.0,34.6,0,1004.6627721792865,False
TSH_98,2024-02,25.3766743488434,0,0,0,999,0,2,0,33.0,34.6,0,1004.6627721792865,False
TSH_98,2024-03,25.3766743488434,0,0,0,999,0,3,0,33.0,34.6,0,1004.6627721792865,False
TSH_98,2024-04,25.3766743488434,0,0,0,999,0,4,0,33.0,34.6,0,1004.6627721792865,False
TSH_98,2024-05,25.3766743488434,0,0,0,999,0,5,1,33.0,34.6,0,1004.6627721792865,False
TSH_98,2024-06,25.3766743488434,0,0,0,999,0,6,1,33.0,34.6,0,1004.6627721792865,False
TSH_98,2024-07,25.3766743488434,0,0,0,999,0,7,1,33.0,34.6,0,1004.6627721792865,False
TSH_98,2024-08,25.3766743488434,0,0,0,999,0,8,1,33.0,34.6,0,1004.6627721792865,False
TSH_98,2024-09,25.3766743488434,0,0,0,999,0,9,1,33.0,34.6,0,1004.6627721792865,False
TSH_98,2024-10,25.3766743488434,0,0,0,999,0,10,0,33.0,34.6,0,1004.6627721792865,False
TSH_98,2024-11,25.3766743488434,0,0,0,999,0,11,0,33.0,34.6,0,1004.6627721792865,False
TSH_98,2024-12,25.3766743488434,0,0,0,999,0,12,0,33.0,34.6,0,1004.6627721792865,False
TSH_98,2025-01,25.3766743488434,0,0,0,999,0,1,0,33.0,34.6,0,1004.6627721792865,False
TSH_98,2025-02,25.3766743488434,0,0,0,999,0,2,0,33.0,34.6,0,1004.6627721792865,False
TSH_98,2025-03,25.3766743488434,0,0,0,999,0,3,0,33.0,34.6,0,1004.6627721792865,False
TSH_98,2025-04,25.3766743488434,0,0,0,999,0,4,0,33.0,34.6,0,1004.6627721792865,False
TSH_98,2025-05,25.3766743488434,0,0,0,999,0,5,1,33.0,34.6,0,1004.6627721792865,False
TSH_98,2025-06,25.3766743488434,0,0,0,999,0,6,1,33.0,34.6,0,1004.6627721792865,False
TSH_98,2025-07,25.3766743488434,0,0,0,999,0,7,1,33.0,34.6,0,1004.6627721792865,False
TSH_98,2025-08,25.3766743488434,0,0,0,999,0,8,1,33.0,34.6,0,1004.6627721792865,False
TSH_98,2025-09,25.3766743488434,0,0,0,999,0,9,1,33.0,34.6,0,1004.6627721792865,False
TSH_98,2025-10,25.3766743488434,0,0,0,999,0,10,0,33.0,34.6,0,1004.6627721792865,False
TSH_98,2025-11,25.3766743488434,0,0,0,999,0,11,0,33.0,34.6,0,1004.6627721792865,False
TSH_98,2025-12,25.3766743488434,0,0,0,999,0,12,0,33.0,34.6,0,1004.6627721792865,False
TSH_98,2026-01,25.3766743488434,0,0,0,999,0,1,0,33.0,34.6,0,1004.6627721792865,False
TSH_98,2026-02,25.3766743488434,0,0,0,999,0,2,0,33.0,34.6,0,1004.6627721792865,False
TSH_98,2026-03,25.3766743488434,0,0,0,999,0,3,0,33.0,34.6,0,1004.6627721792865,False
TSH_99,2019-08,1193.0371814059488,0,0,0,999,0,8,1,33.0,24.5,0,28.005832945311255,False
TSH_99,2019-09,1193.0371814059488,0,0,0,999,0,9,1,33.0,24.5,0,28.005832945311255,False
TSH_99,2019-10,1193.0371814059488,0,0,0,999,0,10,0,33.0,24.5,0,28.005832945311255,False
TSH_99,2019-11,1193.0371814059488,0,0,0,999,0,11,0,33.0,24.5,0,28.005832945311255,False
TSH_99,2019-12,1193.0371814059488,0,0,0,999,0,12,0,33.0,24.5,0,28.005832945311255,False
TSH_99,2020-01,1193.0371814059488,0,0,0,999,0,1,0,33.0,24.5,0,28.005832945311255,False
TSH_99,2020-02,1193.0371814059488,0,0,0,999,0,2,0,33.0,24.5,0,28.005832945311255,False
TSH_99,2020-03,1193.0371814059488,0,0,0,999,0,3,0,33.0,24.5,0,28.005832945311255,False
TSH_99,2020-04,1193.0371814059488,0,0,0,999,0,4,0,33.0,24.5,0,28.005832945311255,False
TSH_99,2020-05,1193.0371814059488,0,0,0,999,0,5,1,33.0,24.5,0,28.005832945311255,False
TSH_99,2020-06,1193.0371814059488,0,0,0,999,0,6,1,33.0,24.5,0,28.005832945311255,False
TSH_99,2020-07,1193.0371814059488,0,0,0,999,0,7,1,33.0,24.5,0,28.005832945311255,False
TSH_99,2020-08,1193.0371814059488,0,0,0,999,0,8,1,33.0,24.5,0,28.005832945311255,False
TSH_99,2020-09,1193.0371814059488,0,0,0,999,0,9,1,33.0,24.5,0,28.005832945311255,False
TSH_99,2020-10,1193.0371814059488,0,0,0,999,0,10,0,33.0,24.5,0,28.005832945311255,False
TSH_99,2020-11,1193.0371814059488,0,0,0,999,0,11,0,33.0,24.5,0,28.005832945311255,False
TSH_99,2020-12,1193.0371814059488,0,0,0,999,0,12,0,33.0,24.5,0,28.005832945311255,False
TSH_99,2021-01,1193.0371814059488,0,0,0,999,0,1,0,33.0,24.5,0,28.005832945311255,False
TSH_99,2021-02,1193.0371814059488,0,0,0,999,0,2,0,33.0,24.5,0,28.005832945311255,False
TSH_99,2021-03,1193.0371814059488,0,0,0,999,0,3,0,33.0,24.5,0,28.005832945311255,False
TSH_99,2021-04,1193.0371814059488,0,0,0,999,0,4,0,33.0,24.5,0,28.005832945311255,False
TSH_99,2021-05,1193.0371814059488,0,0,0,999,0,5,1,33.0,24.5,0,28.005832945311255,False
TSH_99,2021-06,1193.0371814059488,0,0,0,999,0,6,1,33.0,24.5,0,28.005832945311255,False
TSH_99,2021-07,1193.0371814059488,0,0,0,999,0,7,1,33.0,24.5,0,28.005832945311255,False
TSH_99,2021-08,1193.0371814059488,0,0,0,999,0,8,1,33.0,24.5,0,28.005832945311255,False
TSH_99,2021-09,1193.0371814059488,0,0,0,999,0,9,1,33.0,24.5,0,28.005832945311255,False
TSH_99,2021-10,1193.0371814059488,0,0,0,999,0,10,0,33.0,24.5,0,28.005832945311255,False
TSH_99,2021-11,1193.0371814059488,0,0,0,999,0,11,0,33.0,24.5,0,28.005832945311255,False
TSH_99,2021-12,1193.0371814059488,0,0,0,999,0,12,0,33.0,24.5,0,28.005832945311255,False
TSH_99,2022-01,1193.0371814059488,0,0,0,999,0,1,0,33.0,24.5,0,28.005832945311255,False
TSH_99,2022-02,1193.0371814059488,0,0,0,999,0,2,0,33.0,24.5,0,28.005832945311255,False
TSH_99,2022-03,1193.0371814059488,0,0,0,999,0,3,0,33.0,24.5,0,28.005832945311255,False
TSH_99,2022-04,1193.0371814059488,0,0,0,999,0,4,0,33.0,24.5,0,28.005832945311255,False
TSH_99,2022-05,1193.0371814059488,0,0,0,999,0,5,1,33.0,24.5,0,28.005832945311255,False
TSH_99,2022-06,1193.0371814059488,0,0,0,999,0,6,1,33.0,24.5,0,28.005832945311255,False
TSH_99,2022-07,1193.0371814059488,0,0,0,999,0,7,1,33.0,24.5,0,28.005832945311255,False
TSH_99,2022-08,1193.0371814059488,0,0,0,999,0,8,1,33.0,24.5,0,28.005832945311255,False
TSH_99,2022-09,1193.0371814059488,0,0,0,999,0,9,1,33.0,24.5,0,28.005832945311255,False
TSH_99,2022-10,1193.0371814059488,0,0,0,999,0,10,0,33.0,24.5,0,28.005832945311255,False
TSH_99,2022-11,1193.0371814059488,0,0,0,999,0,11,0,33.0,24.5,0,28.005832945311255,False
TSH_99,2022-12,1193.0371814059488,0,0,0,999,0,12,0,33.0,24.5,0,28.005832945311255,False
TSH_99,2023-01,1193.0371814059488,0,0,0,999,0,1,0,33.0,24.5,0,28.005832945311255,False
TSH_99,2023-02,1193.0371814059488,0,0,0,999,0,2,0,33.0,24.5,0,28.005832945311255,False
TSH_99,2023-03,1193.0371814059488,0,0,0,999,0,3,0,33.0,24.5,0,28.005832945311255,False
TSH_99,2023-04,1193.0371814059488,0,0,0,999,0,4,0,33.0,24.5,0,28.005832945311255,False
TSH_99,2023-05,1193.0371814059488,0,0,0,999,0,5,1,33.0,24.5,0,28.005832945311255,False
TSH_99,2023-06,1193.0371814059488,0,0,0,999,0,6,1,33.0,24.5,0,28.005832945311255,False
TSH_99,2023-07,1193.0371814059488,0,0,0,999,0,7,1,33.0,24.5,0,28.005832945311255,False
TSH_99,2023-08,1193.0371814059488,0,0,0,999,0,8,1,33.0,24.5,0,28.005832945311255,False
TSH_99,2023-09,1193.0371814059488,0,0,0,999,0,9,1,33.0,24.5,0,28.005832945311255,False
TSH_99,2023-10,1193.0371814059488,0,0,0,999,0,10,0,33.0,24.5,0,28.005832945311255,False
TSH_99,2023-11,1193.0371814059488,0,0,0,999,0,11,0,33.0,24.5,0,28.005832945311255,False
TSH_99,2023-12,1193.0371814059488,0,0,0,999,0,12,0,33.0,24.5,0,28.005832945311255,False
TSH_99,2024-01,1193.0371814059488,0,0,0,999,0,1,0,33.0,24.5,0,28.005832945311255,False
TSH_99,2024-02,1193.0371814059488,0,0,0,999,0,2,0,33.0,24.5,0,28.005832945311255,False
TSH_99,2024-03,1193.0371814059488,0,0,0,999,0,3,0,33.0,24.5,0,28.005832945311255,False
TSH_99,2024-04,1193.0371814059488,0,0,0,999,0,4,0,33.0,24.5,0,28.005832945311255,False
TSH_99,2024-05,1193.0371814059488,0,0,0,999,0,5,1,33.0,24.5,0,28.005832945311255,False
TSH_99,2024-06,1193.0371814059488,0,0,0,999,0,6,1,33.0,24.5,0,28.005832945311255,False
TSH_99,2024-07,1193.0371814059488,0,0,0,999,0,7,1,33.0,24.5,0,28.005832945311255,False
TSH_99,2024-08,1193.0371814059488,0,0,0,999,0,8,1,33.0,24.5,0,28.005832945311255,False
TSH_99,2024-09,1193.0371814059488,0,0,0,999,0,9,1,33.0,24.5,0,28.005832945311255,False
TSH_99,2024-10,1193.0371814059488,0,0,0,999,0,10,0,33.0,24.5,0,28.005832945311255,False
TSH_99,2024-11,1193.0371814059488,0,0,0,999,0,11,0,33.0,24.5,0,28.005832945311255,False
TSH_99,2024-12,1193.0371814059488,0,0,0,999,0,12,0,33.0,24.5,0,28.005832945311255,False
TSH_99,2025-01,1193.0371814059488,0,0,0,999,0,1,0,33.0,24.5,0,28.005832945311255,False
TSH_99,2025-02,1193.0371814059488,0,0,0,999,0,2,0,33.0,24.5,0,28.005832945311255,False
TSH_99,2025-03,1193.0371814059488,0,0,0,999,0,3,0,33.0,24.5,0,28.005832945311255,False
TSH_99,2025-04,1193.0371814059488,0,0,0,999,0,4,0,33.0,24.5,0,28.005832945311255,False
TSH_99,2025-05,1193.0371814059488,0,0,0,999,0,5,1,33.0,24.5,0,28.005832945311255,False
TSH_99,2025-06,1193.0371814059488,0,0,0,999,0,6,1,33.0,24.5,0,28.005832945311255,False
TSH_99,2025-07,1193.0371814059488,0,0,0,999,0,7,1,33.0,24.5,0,28.005832945311255,False
TSH_99,2025-08,1193.0371814059488,0,0,0,999,0,8,1,33.0,24.5,0,28.005832945311255,False
TSH_99,2025-09,1193.0371814059488,0,0,0,999,0,9,1,33.0,24.5,0,28.005832945311255,False
TSH_99,2025-10,1193.0371814059488,0,0,0,999,0,10,0,33.0,24.5,0,28.005832945311255,False
TSH_99,2025-11,1193.0371814059488,0,0,0,999,0,11,0,33.0,24.5,0,28.005832945311255,False
TSH_99,2025-12,1193.0371814059488,0,0,0,999,0,12,0,33.0,24.5,0,28.005832945311255,False
TSH_99,2026-01,1193.0371814059488,0,0,0,999,0,1,0,33.0,24.5,0,28.005832945311255,False
TSH_99,2026-02,1193.0371814059488,0,0,0,999,0,2,0,33.0,24.5,0,28.005832945311255,False
TSH_99,2026-03,1193.0371814059488,0,0,0,999,0,3,0,33.0,24.5,0,28.005832945311255,False
