unit_id,week_start,week_index,infra_age_years,informal_settlement_pct,population_density,nrw_pct,nrw_pct_roll4,rainfall_mm,rainfall_roll4,days_since_maintenance,historical_incidents_90d,is_known_hotspot,burst_next_week,risk_score
1,2026-05-18,124,31.6,7.1,2965.0,33.33,32.79,58.7,58.65,126,0,0,0,48.63
1,2026-05-25,125,31.6,7.1,2965.0,33.71,33.29,76.0,63.32,133,0,0,0,48.63
1,2026-06-01,126,31.6,7.1,2965.0,32.62,33.28,67.0,67.8,140,0,0,0,48.63
1,2026-06-08,127,31.6,7.1,2965.0,32.27,32.98,74.8,69.12,147,0,0,0,48.95
1,2026-06-15,128,31.6,7.1,2965.0,32.44,32.76,87.4,76.3,154,0,0,0,48.95
1,2026-06-22,129,31.6,7.1,2965.0,32.52,32.46,78.0,76.8,161,0,0,0,48.95
1,2026-06-29,130,31.6,7.1,2965.0,33.74,32.74,77.0,79.3,168,0,0,1,49.41
1,2026-07-06,131,31.6,7.1,2965.0,34.9,33.4,79.3,80.42,175,0,0,0,49.41
1,2026-07-13,132,31.6,7.1,2965.0,27.21,32.09,63.4,74.42,0,1,0,0,48.63
1,2026-07-20,133,31.6,7.1,2965.0,28.55,31.1,79.7,74.85,7,1,0,0,48.63
1,2026-07-27,134,31.6,7.1,2965.0,29.97,30.16,65.1,71.88,14,1,0,0,48.63
1,2026-08-03,135,31.6,7.1,2965.0,29.12,28.71,63.6,67.95,21,1,0,0,48.63
1,2026-08-10,136,31.6,7.1,2965.0,29.21,29.21,64.7,68.28,28,1,0,0,48.63
1,2026-08-17,137,31.6,7.1,2965.0,28.66,29.24,58.2,62.9,35,1,0,0,48.63
1,2026-08-24,138,31.6,7.1,2965.0,29.41,29.1,51.1,59.4,42,1,0,0,48.63
1,2026-08-31,139,31.6,7.1,2965.0,30.99,29.57,56.1,57.53,49,1,0,0,48.63
1,2026-09-07,140,31.6,7.1,2965.0,32.14,30.3,50.8,54.05,56,1,0,0,48.63
1,2026-09-14,141,31.6,7.1,2965.0,32.03,31.14,47.3,51.32,63,1,0,0,48.63
1,2026-09-21,142,31.6,7.1,2965.0,33.54,32.17,45.7,49.97,70,1,0,0,48.63
1,2026-09-28,143,31.6,7.1,2965.0,34.98,33.17,31.3,43.78,77,1,0,0,48.63
1,2026-10-05,144,31.6,7.1,2965.0,35.42,33.99,37.5,40.45,84,1,0,0,48.63
1,2026-10-12,145,31.6,7.1,2965.0,35.78,34.93,56.7,42.8,91,0,0,0,48.95
1,2026-10-19,146,31.6,7.1,2965.0,34.93,35.28,51.8,44.32,98,0,0,0,48.63
1,2026-10-26,147,31.6,7.1,2965.0,34.85,35.25,30.9,44.22,105,0,0,0,48.63
1,2026-11-02,148,31.6,7.1,2965.0,35.8,35.34,27.8,41.8,112,0,0,0,48.95
1,2026-11-09,149,31.6,7.1,2965.0,35.43,35.25,12.6,30.78,119,0,0,0,47.04
1,2026-11-16,150,31.6,7.1,2965.0,34.95,35.26,17.9,22.3,126,0,0,0,47.04
1,2026-11-23,151,31.6,7.1,2965.0,36.96,35.78,29.2,21.88,133,0,0,0,49.65
1,2026-11-30,152,31.6,7.1,2965.0,35.93,35.82,15.4,18.77,140,0,0,0,49.62
1,2026-12-07,153,31.6,7.1,2965.0,35.19,35.76,31.3,23.45,147,0,0,0,49.65
1,2026-12-14,154,31.6,7.1,2965.0,34.57,35.66,29.3,26.3,154,0,0,0,49.65
2,2026-05-18,124,21.0,24.3,2659.0,40.22,38.73,58.7,58.65,35,1,0,0,48.57
2,2026-05-25,125,21.0,24.3,2659.0,41.1,39.64,76.0,63.32,42,1,0,0,48.57
2,2026-06-01,126,21.0,24.3,2659.0,41.23,40.44,67.0,67.8,49,1,0,0,48.57
2,2026-06-08,127,21.0,24.3,2659.0,43.08,41.41,74.8,69.12,56,1,0,0,48.57
2,2026-06-15,128,21.0,24.3,2659.0,44.65,42.52,87.4,76.3,63,1,0,0,48.57
2,2026-06-22,129,21.0,24.3,2659.0,45.88,43.71,78.0,76.8,70,1,0,0,48.57
2,2026-06-29,130,21.0,24.3,2659.0,47.81,45.36,77.0,79.3,77,1,0,0,50.03
2,2026-07-06,131,21.0,24.3,2659.0,48.1,46.61,79.3,80.42,84,1,0,0,50.03
2,2026-07-13,132,21.0,24.3,2659.0,45.97,46.94,63.4,74.42,91,0,0,0,50.03
2,2026-07-20,133,21.0,24.3,2659.0,48.7,47.64,79.7,74.85,98,0,0,0,50.03
2,2026-07-27,134,21.0,24.3,2659.0,50.18,48.24,65.1,71.88,105,0,0,0,50.03
2,2026-08-03,135,21.0,24.3,2659.0,51.31,49.04,63.6,67.95,112,0,0,0,50.03
2,2026-08-10,136,21.0,24.3,2659.0,54.19,51.1,64.7,68.28,119,0,0,0,50.03
2,2026-08-17,137,21.0,24.3,2659.0,55.92,52.9,58.2,62.9,126,0,0,0,50.42
2,2026-08-24,138,21.0,24.3,2659.0,54.21,53.91,51.1,59.4,133,0,0,0,50.42
2,2026-08-31,139,21.0,24.3,2659.0,53.87,54.55,56.1,57.53,140,0,0,0,50.61
2,2026-09-07,140,21.0,24.3,2659.0,53.78,54.44,50.8,54.05,0,0,0,0,50.03
2,2026-09-14,141,21.0,24.3,2659.0,55.21,54.27,47.3,51.32,7,0,0,0,50.03
2,2026-09-21,142,21.0,24.3,2659.0,53.51,54.09,45.7,49.97,14,0,0,0,50.03
2,2026-09-28,143,21.0,24.3,2659.0,53.55,54.01,31.3,43.78,21,0,0,0,50.03
2,2026-10-05,144,21.0,24.3,2659.0,54.47,54.18,37.5,40.45,28,0,0,0,50.03
2,2026-10-12,145,21.0,24.3,2659.0,53.85,53.84,56.7,42.8,35,0,0,0,50.03
2,2026-10-19,146,21.0,24.3,2659.0,55.58,54.36,51.8,44.32,42,0,0,0,50.03
2,2026-10-26,147,21.0,24.3,2659.0,55.54,54.86,30.9,44.22,49,0,0,0,50.03
2,2026-11-02,148,21.0,24.3,2659.0,56.93,55.47,27.8,41.8,56,0,0,0,50.03
2,2026-11-09,149,21.0,24.3,2659.0,55.96,56.0,12.6,30.78,63,0,0,0,50.03
2,2026-11-16,150,21.0,24.3,2659.0,55.78,56.05,17.9,22.3,70,0,0,0,50.03
2,2026-11-23,151,21.0,24.3,2659.0,56.12,56.2,29.2,21.88,77,0,0,0,50.03
2,2026-11-30,152,21.0,24.3,2659.0,54.74,55.65,15.4,18.77,84,0,0,0,50.03
2,2026-12-07,153,21.0,24.3,2659.0,53.44,55.02,31.3,23.45,91,0,0,0,50.03
2,2026-12-14,154,21.0,24.3,2659.0,51.78,54.02,29.3,26.3,98,0,0,0,50.03
3,2026-05-18,124,28.2,30.1,940.0,6.38,5.84,58.7,58.65,21,1,0,0,48.63
3,2026-05-25,125,28.2,30.1,940.0,6.95,6.33,76.0,63.32,28,1,0,0,48.63
3,2026-06-01,126,28.2,30.1,940.0,8.59,7.05,67.0,67.8,35,1,0,0,48.63
3,2026-06-08,127,28.2,30.1,940.0,8.78,7.68,74.8,69.12,42,1,0,0,48.63
3,2026-06-15,128,28.2,30.1,940.0,9.25,8.39,87.4,76.3,49,1,0,0,48.63
3,2026-06-22,129,28.2,30.1,940.0,8.83,8.86,78.0,76.8,56,1,0,0,48.63
3,2026-06-29,130,28.2,30.1,940.0,9.6,9.12,77.0,79.3,63,1,0,0,48.63
3,2026-07-06,131,28.2,30.1,940.0,11.97,9.91,79.3,80.42,70,1,0,0,48.63
3,2026-07-13,132,28.2,30.1,940.0,11.88,10.57,63.4,74.42,77,1,0,0,48.63
3,2026-07-20,133,28.2,30.1,940.0,12.0,11.36,79.7,74.85,84,1,0,0,48.63
3,2026-07-27,134,28.2,30.1,940.0,11.3,11.79,65.1,71.88,91,0,0,0,48.63
3,2026-08-03,135,28.2,30.1,940.0,13.11,12.07,63.6,67.95,98,0,0,0,48.63
3,2026-08-10,136,28.2,30.1,940.0,11.99,12.1,64.7,68.28,105,0,0,0,48.63
3,2026-08-17,137,28.2,30.1,940.0,14.22,12.66,58.2,62.9,112,0,0,0,48.63
3,2026-08-24,138,28.2,30.1,940.0,14.6,13.48,51.1,59.4,119,0,0,0,48.63
3,2026-08-31,139,28.2,30.1,940.0,15.88,14.17,56.1,57.53,126,0,0,0,48.63
3,2026-09-07,140,28.2,30.1,940.0,16.1,15.2,50.8,54.05,133,0,0,0,48.63
3,2026-09-14,141,28.2,30.1,940.0,17.1,15.92,47.3,51.32,140,0,0,0,48.63
3,2026-09-21,142,28.2,30.1,940.0,16.29,16.34,45.7,49.97,147,0,0,0,49.65
3,2026-09-28,143,28.2,30.1,940.0,16.63,16.53,31.3,43.78,154,0,0,0,49.65
3,2026-10-05,144,28.2,30.1,940.0,19.04,17.26,37.5,40.45,161,0,0,0,49.65
3,2026-10-12,145,28.2,30.1,940.0,19.57,17.88,56.7,42.8,168,0,0,0,50.11
3,2026-10-19,146,28.2,30.1,940.0,19.31,18.64,51.8,44.32,175,0,0,0,50.11
3,2026-10-26,147,28.2,30.1,940.0,19.53,19.36,30.9,44.22,182,0,0,0,50.11
3,2026-11-02,148,28.2,30.1,940.0,18.48,19.22,27.8,41.8,189,0,0,0,50.11
3,2026-11-09,149,28.2,30.1,940.0,18.83,19.04,12.6,30.78,196,0,0,0,48.96
3,2026-11-16,150,28.2,30.1,940.0,18.95,18.95,17.9,22.3,203,0,0,0,48.96
3,2026-11-23,151,28.2,30.1,940.0,18.03,18.57,29.2,21.88,210,0,0,0,50.11
3,2026-11-30,152,28.2,30.1,940.0,19.44,18.81,15.4,18.77,217,0,0,0,48.96
3,2026-12-07,153,28.2,30.1,940.0,19.48,18.98,31.3,23.45,224,0,0,0,50.11
3,2026-12-14,154,28.2,30.1,940.0,19.51,19.12,29.3,26.3,231,0,0,0,50.11
4,2026-05-18,124,26.6,4.6,4654.0,66.7,63.62,58.7,58.65,147,0,0,0,51.87
4,2026-05-25,125,26.6,4.6,4654.0,66.42,65.01,76.0,63.32,154,0,0,0,51.87
4,2026-06-01,126,26.6,4.6,4654.0,68.17,66.44,67.0,67.8,161,0,0,0,51.87
4,2026-06-08,127,26.6,4.6,4654.0,68.85,67.54,74.8,69.12,168,0,0,0,51.87
4,2026-06-15,128,26.6,4.6,4654.0,69.77,68.3,87.4,76.3,175,0,0,0,51.87
4,2026-06-22,129,26.6,4.6,4654.0,72.12,69.73,78.0,76.8,182,0,0,0,51.87
4,2026-06-29,130,26.6,4.6,4654.0,72.78,70.88,77.0,79.3,189,0,0,0,52.27
4,2026-07-06,131,26.6,4.6,4654.0,73.92,72.15,79.3,80.42,196,0,0,0,52.27
4,2026-07-13,132,26.6,4.6,4654.0,74.22,73.26,63.4,74.42,203,0,0,0,52.27
4,2026-07-20,133,26.6,4.6,4654.0,75.37,74.07,79.7,74.85,210,0,0,0,52.27
4,2026-07-27,134,26.6,4.6,4654.0,75.37,74.72,65.1,71.88,217,0,0,1,52.27
4,2026-08-03,135,26.6,4.6,4654.0,76.57,75.38,63.6,67.95,224,0,0,0,52.27
4,2026-08-10,136,26.6,4.6,4654.0,62.2,72.38,64.7,68.28,0,1,0,0,50.41
4,2026-08-17,137,26.6,4.6,4654.0,63.09,69.31,58.2,62.9,7,1,0,0,50.41
4,2026-08-24,138,26.6,4.6,4654.0,63.61,66.37,51.1,59.4,14,1,0,0,50.41
4,2026-08-31,139,26.6,4.6,4654.0,65.75,63.66,56.1,57.53,21,1,0,0,50.41
4,2026-09-07,140,26.6,4.6,4654.0,67.01,64.87,50.8,54.05,28,1,0,0,50.41
4,2026-09-14,141,26.6,4.6,4654.0,67.41,65.94,47.3,51.32,35,1,0,0,50.41
4,2026-09-21,142,26.6,4.6,4654.0,68.05,67.05,45.7,49.97,42,1,0,0,50.41
4,2026-09-28,143,26.6,4.6,4654.0,70.42,68.22,31.3,43.78,49,1,0,0,50.41
4,2026-10-05,144,26.6,4.6,4654.0,72.83,69.68,37.5,40.45,56,1,0,0,50.41
4,2026-10-12,145,26.6,4.6,4654.0,72.85,71.04,56.7,42.8,63,1,0,0,50.41
4,2026-10-19,146,26.6,4.6,4654.0,73.81,72.48,51.8,44.32,70,1,0,0,50.41
4,2026-10-26,147,26.6,4.6,4654.0,73.55,73.26,30.9,44.22,77,1,0,0,50.41
4,2026-11-02,148,26.6,4.6,4654.0,76.25,74.12,27.8,41.8,84,1,0,0,50.41
4,2026-11-09,149,26.6,4.6,4654.0,77.18,75.2,12.6,30.78,91,0,0,0,50.41
4,2026-11-16,150,26.6,4.6,4654.0,77.32,76.07,17.9,22.3,98,0,0,0,50.41
4,2026-11-23,151,26.6,4.6,4654.0,77.15,76.97,29.2,21.88,105,0,0,0,50.41
4,2026-11-30,152,26.6,4.6,4654.0,76.6,77.06,15.4,18.77,112,0,0,0,50.41
4,2026-12-07,153,26.6,4.6,4654.0,76.29,76.84,31.3,23.45,119,0,0,0,50.41
4,2026-12-14,154,26.6,4.6,4654.0,78.6,77.16,29.3,26.3,126,0,0,0,50.79
5,2026-05-18,124,29.0,21.5,2886.0,49.67,48.24,58.7,58.65,112,0,0,0,50.41
5,2026-05-25,125,29.0,21.5,2886.0,50.22,49.13,76.0,63.32,119,0,0,0,50.41
5,2026-06-01,126,29.0,21.5,2886.0,51.24,49.87,67.0,67.8,126,0,0,0,50.48
5,2026-06-08,127,29.0,21.5,2886.0,53.37,51.12,74.8,69.12,133,0,0,0,50.79
5,2026-06-15,128,29.0,21.5,2886.0,54.1,52.23,87.4,76.3,140,0,0,0,50.99
5,2026-06-22,129,29.0,21.5,2886.0,56.3,53.75,78.0,76.8,147,0,0,1,51.48
5,2026-06-29,130,29.0,21.5,2886.0,56.95,55.18,77.0,79.3,154,0,0,0,51.48
5,2026-07-06,131,29.0,21.5,2886.0,51.06,54.6,79.3,80.42,0,1,0,0,50.41
5,2026-07-13,132,29.0,21.5,2886.0,51.96,54.07,63.4,74.42,7,1,0,0,50.41
5,2026-07-20,133,29.0,21.5,2886.0,51.32,52.82,79.7,74.85,14,1,0,0,50.41
5,2026-07-27,134,29.0,21.5,2886.0,51.65,51.5,65.1,71.88,21,1,0,0,50.41
5,2026-08-03,135,29.0,21.5,2886.0,52.09,51.76,63.6,67.95,28,1,0,0,50.41
5,2026-08-10,136,29.0,21.5,2886.0,52.81,51.97,64.7,68.28,35,1,0,0,50.41
5,2026-08-17,137,29.0,21.5,2886.0,53.8,52.59,58.2,62.9,42,1,0,0,50.41
5,2026-08-24,138,29.0,21.5,2886.0,55.52,53.56,51.1,59.4,49,1,0,0,50.41
5,2026-08-31,139,29.0,21.5,2886.0,56.05,54.54,56.1,57.53,56,1,0,0,50.41
5,2026-09-07,140,29.0,21.5,2886.0,55.83,55.3,50.8,54.05,63,1,0,0,50.41
5,2026-09-14,141,29.0,21.5,2886.0,56.88,56.07,47.3,51.32,70,1,0,0,50.41
5,2026-09-21,142,29.0,21.5,2886.0,57.62,56.6,45.7,49.97,77,1,0,0,50.41
5,2026-09-28,143,29.0,21.5,2886.0,57.12,56.86,31.3,43.78,84,1,0,0,50.41
5,2026-10-05,144,29.0,21.5,2886.0,58.89,57.63,37.5,40.45,91,0,0,0,50.41
5,2026-10-12,145,29.0,21.5,2886.0,60.58,58.55,56.7,42.8,98,0,0,0,50.41
5,2026-10-19,146,29.0,21.5,2886.0,61.65,59.56,51.8,44.32,105,0,0,0,50.41
5,2026-10-26,147,29.0,21.5,2886.0,63.24,61.09,30.9,44.22,0,0,0,0,50.41
5,2026-11-02,148,29.0,21.5,2886.0,63.03,62.12,27.8,41.8,7,0,0,0,50.41
5,2026-11-09,149,29.0,21.5,2886.0,61.86,62.44,12.6,30.78,14,0,0,0,50.41
5,2026-11-16,150,29.0,21.5,2886.0,63.89,63.0,17.9,22.3,21,0,0,0,50.41
5,2026-11-23,151,29.0,21.5,2886.0,64.79,63.39,29.2,21.88,28,0,0,1,50.41
5,2026-11-30,152,29.0,21.5,2886.0,65.54,64.02,15.4,18.77,35,0,0,0,50.41
5,2026-12-07,153,29.0,21.5,2886.0,56.28,62.62,31.3,23.45,0,1,0,0,50.41
5,2026-12-14,154,29.0,21.5,2886.0,55.63,60.56,29.3,26.3,7,1,0,0,50.41
6,2026-05-18,124,8.1,3.3,3081.0,52.7,51.41,58.7,58.65,140,0,0,0,50.3
6,2026-05-25,125,8.1,3.3,3081.0,45.46,50.11,76.0,63.32,0,1,0,0,50.03
6,2026-06-01,126,8.1,3.3,3081.0,46.79,49.06,67.0,67.8,7,1,0,0,50.03
6,2026-06-08,127,8.1,3.3,3081.0,48.3,48.31,74.8,69.12,14,1,0,0,50.03
6,2026-06-15,128,8.1,3.3,3081.0,50.86,47.85,87.4,76.3,21,1,0,0,50.03
6,2026-06-22,129,8.1,3.3,3081.0,50.55,49.12,78.0,76.8,28,1,0,0,50.03
6,2026-06-29,130,8.1,3.3,3081.0,51.62,50.33,77.0,79.3,35,1,0,0,50.03
6,2026-07-06,131,8.1,3.3,3081.0,51.43,51.11,79.3,80.42,42,1,0,0,50.03
6,2026-07-13,132,8.1,3.3,3081.0,52.26,51.46,63.4,74.42,49,1,0,0,50.03
6,2026-07-20,133,8.1,3.3,3081.0,52.82,52.03,79.7,74.85,56,1,0,0,50.03
6,2026-07-27,134,8.1,3.3,3081.0,53.4,52.48,65.1,71.88,63,1,0,0,50.03
6,2026-08-03,135,8.1,3.3,3081.0,53.19,52.92,63.6,67.95,70,1,0,0,50.03
6,2026-08-10,136,8.1,3.3,3081.0,52.52,52.98,64.7,68.28,77,1,0,0,50.03
6,2026-08-17,137,8.1,3.3,3081.0,51.37,52.62,58.2,62.9,84,1,0,0,50.03
6,2026-08-24,138,8.1,3.3,3081.0,53.02,52.53,51.1,59.4,91,0,0,0,50.03
6,2026-08-31,139,8.1,3.3,3081.0,54.04,52.74,56.1,57.53,98,0,0,0,50.03
6,2026-09-07,140,8.1,3.3,3081.0,54.95,53.34,50.8,54.05,105,0,0,0,50.03
6,2026-09-14,141,8.1,3.3,3081.0,54.96,54.24,47.3,51.32,112,0,0,0,50.03
6,2026-09-21,142,8.1,3.3,3081.0,54.85,54.7,45.7,49.97,119,0,0,0,50.03
6,2026-09-28,143,8.1,3.3,3081.0,55.15,54.98,31.3,43.78,126,0,0,0,50.42
6,2026-10-05,144,8.1,3.3,3081.0,57.4,55.59,37.5,40.45,133,0,0,0,50.42
6,2026-10-12,145,8.1,3.3,3081.0,57.5,56.22,56.7,42.8,140,0,0,0,50.61
6,2026-10-19,146,8.1,3.3,3081.0,58.78,57.21,51.8,44.32,147,0,0,0,50.59
6,2026-10-26,147,8.1,3.3,3081.0,60.37,58.51,30.9,44.22,154,0,0,0,50.98
6,2026-11-02,148,8.1,3.3,3081.0,59.56,59.05,27.8,41.8,161,0,0,0,50.98
6,2026-11-09,149,8.1,3.3,3081.0,57.67,59.1,12.6,30.78,168,0,0,0,50.98
6,2026-11-16,150,8.1,3.3,3081.0,58.04,58.91,17.9,22.3,175,0,0,0,50.98
6,2026-11-23,151,8.1,3.3,3081.0,58.29,58.39,29.2,21.88,182,0,0,0,50.98
6,2026-11-30,152,8.1,3.3,3081.0,57.7,57.92,15.4,18.77,189,0,0,0,51.0
6,2026-12-07,153,8.1,3.3,3081.0,60.05,58.52,31.3,23.45,196,0,0,0,51.39
6,2026-12-14,154,8.1,3.3,3081.0,58.88,58.73,29.3,26.3,203,0,0,0,51.39
7,2026-05-18,124,20.4,25.4,1329.0,33.32,32.7,58.7,58.65,56,1,0,0,48.26
7,2026-05-25,125,20.4,25.4,1329.0,34.22,33.16,76.0,63.32,63,1,0,0,48.26
7,2026-06-01,126,20.4,25.4,1329.0,36.89,34.31,67.0,67.8,70,1,0,1,48.57
7,2026-06-08,127,20.4,25.4,1329.0,39.42,35.96,74.8,69.12,77,1,0,0,48.57
7,2026-06-15,128,20.4,25.4,1329.0,32.02,35.64,87.4,76.3,0,2,0,0,48.26
7,2026-06-22,129,20.4,25.4,1329.0,32.38,35.18,78.0,76.8,7,1,0,0,48.26
7,2026-06-29,130,20.4,25.4,1329.0,32.38,34.05,77.0,79.3,14,1,0,0,48.26
7,2026-07-06,131,20.4,25.4,1329.0,34.22,32.75,79.3,80.42,21,1,0,0,48.26
7,2026-07-13,132,20.4,25.4,1329.0,34.49,33.37,63.4,74.42,28,1,0,0,48.26
7,2026-07-20,133,20.4,25.4,1329.0,34.65,33.94,79.7,74.85,35,1,0,0,48.26
7,2026-07-27,134,20.4,25.4,1329.0,35.74,34.78,65.1,71.88,42,1,0,0,48.44
7,2026-08-03,135,20.4,25.4,1329.0,36.06,35.24,63.6,67.95,49,1,0,0,48.57
7,2026-08-10,136,20.4,25.4,1329.0,36.94,35.85,64.7,68.28,56,1,0,0,48.57
7,2026-08-17,137,20.4,25.4,1329.0,36.34,36.27,58.2,62.9,0,1,0,0,48.57
7,2026-08-24,138,20.4,25.4,1329.0,36.22,36.39,51.1,59.4,7,1,0,0,48.57
7,2026-08-31,139,20.4,25.4,1329.0,37.29,36.7,56.1,57.53,14,1,0,0,48.57
7,2026-09-07,140,20.4,25.4,1329.0,38.64,37.12,50.8,54.05,21,1,0,0,48.57
7,2026-09-14,141,20.4,25.4,1329.0,39.73,37.97,47.3,51.32,28,0,0,0,48.57
7,2026-09-21,142,20.4,25.4,1329.0,41.19,39.21,45.7,49.97,35,0,0,0,48.57
7,2026-09-28,143,20.4,25.4,1329.0,40.42,39.99,31.3,43.78,42,0,0,0,48.57
7,2026-10-05,144,20.4,25.4,1329.0,40.2,40.38,37.5,40.45,49,0,0,0,48.57
7,2026-10-12,145,20.4,25.4,1329.0,40.77,40.65,56.7,42.8,56,0,0,0,48.57
7,2026-10-19,146,20.4,25.4,1329.0,42.45,40.96,51.8,44.32,63,0,0,0,48.57
7,2026-10-26,147,20.4,25.4,1329.0,44.05,41.87,30.9,44.22,70,0,0,0,48.57
7,2026-11-02,148,20.4,25.4,1329.0,46.09,43.34,27.8,41.8,77,0,0,0,48.57
7,2026-11-09,149,20.4,25.4,1329.0,44.36,44.24,12.6,30.78,84,0,0,0,48.94
7,2026-11-16,150,20.4,25.4,1329.0,45.09,44.9,17.9,22.3,91,0,0,0,50.03
7,2026-11-23,151,20.4,25.4,1329.0,44.41,44.99,29.2,21.88,98,0,0,0,50.03
7,2026-11-30,152,20.4,25.4,1329.0,44.94,44.7,15.4,18.77,105,0,0,0,50.03
7,2026-12-07,153,20.4,25.4,1329.0,45.72,45.04,31.3,23.45,112,0,0,0,50.03
7,2026-12-14,154,20.4,25.4,1329.0,45.13,45.05,29.3,26.3,119,0,0,0,50.03
8,2026-05-18,124,6.5,3.0,1495.0,54.64,54.17,58.7,58.65,0,0,0,0,50.03
8,2026-05-25,125,6.5,3.0,1495.0,54.55,54.45,76.0,63.32,7,0,0,0,50.03
8,2026-06-01,126,6.5,3.0,1495.0,55.83,54.89,67.0,67.8,0,0,0,0,50.03
8,2026-06-08,127,6.5,3.0,1495.0,55.99,55.25,74.8,69.12,7,0,0,0,50.03
8,2026-06-15,128,6.5,3.0,1495.0,57.69,56.02,87.4,76.3,14,0,0,0,50.03
8,2026-06-22,129,6.5,3.0,1495.0,56.9,56.6,78.0,76.8,21,0,0,0,50.03
8,2026-06-29,130,6.5,3.0,1495.0,56.19,56.69,77.0,79.3,28,0,0,0,50.03
8,2026-07-06,131,6.5,3.0,1495.0,57.59,57.09,79.3,80.42,35,0,0,0,50.03
8,2026-07-13,132,6.5,3.0,1495.0,56.8,56.87,63.4,74.42,42,0,0,1,50.03
8,2026-07-20,133,6.5,3.0,1495.0,58.3,57.22,79.7,74.85,49,0,0,0,50.03
8,2026-07-27,134,6.5,3.0,1495.0,43.56,54.06,65.1,71.88,0,1,0,0,50.03
8,2026-08-03,135,6.5,3.0,1495.0,43.93,50.65,63.6,67.95,7,1,0,0,50.03
8,2026-08-10,136,6.5,3.0,1495.0,43.17,47.24,64.7,68.28,14,1,0,0,50.03
8,2026-08-17,137,6.5,3.0,1495.0,43.74,43.6,58.2,62.9,21,1,0,0,48.57
8,2026-08-24,138,6.5,3.0,1495.0,44.5,43.84,51.1,59.4,28,1,0,0,48.57
8,2026-08-31,139,6.5,3.0,1495.0,44.76,44.04,56.1,57.53,35,1,0,0,48.94
8,2026-09-07,140,6.5,3.0,1495.0,44.46,44.36,50.8,54.05,42,1,0,0,48.94
8,2026-09-14,141,6.5,3.0,1495.0,43.59,44.33,47.3,51.32,49,1,0,0,48.94
8,2026-09-21,142,6.5,3.0,1495.0,44.92,44.43,45.7,49.97,56,1,0,0,49.57
8,2026-09-28,143,6.5,3.0,1495.0,44.5,44.37,31.3,43.78,63,1,0,0,48.94
8,2026-10-05,144,6.5,3.0,1495.0,44.78,44.45,37.5,40.45,70,1,0,1,49.57
8,2026-10-12,145,6.5,3.0,1495.0,45.12,44.83,56.7,42.8,77,1,0,0,50.03
8,2026-10-19,146,6.5,3.0,1495.0,32.23,41.66,51.8,44.32,0,2,0,0,48.26
8,2026-10-26,147,6.5,3.0,1495.0,33.08,38.8,30.9,44.22,7,1,0,0,48.26
8,2026-11-02,148,6.5,3.0,1495.0,32.18,35.65,27.8,41.8,14,1,0,0,48.26
8,2026-11-09,149,6.5,3.0,1495.0,32.28,32.44,12.6,30.78,21,1,0,0,46.67
8,2026-11-16,150,6.5,3.0,1495.0,34.41,32.99,17.9,22.3,28,1,0,0,46.67
8,2026-11-23,151,6.5,3.0,1495.0,35.07,33.48,29.2,21.88,35,1,0,0,48.26
8,2026-11-30,152,6.5,3.0,1495.0,36.0,34.44,15.4,18.77,42,1,0,0,47.88
8,2026-12-07,153,6.5,3.0,1495.0,36.53,35.5,31.3,23.45,49,1,0,0,48.57
8,2026-12-14,154,6.5,3.0,1495.0,37.29,36.22,29.3,26.3,56,1,0,0,48.57
9,2026-05-18,124,61.0,68.6,8881.0,49.93,47.49,58.7,58.65,238,0,1,0,52.02
9,2026-05-25,125,61.0,68.6,8881.0,50.17,48.6,76.0,63.32,245,0,1,0,52.02
9,2026-06-01,126,61.0,68.6,8881.0,52.1,49.96,67.0,67.8,252,0,1,0,52.02
9,2026-06-08,127,61.0,68.6,8881.0,53.08,51.32,74.8,69.12,259,0,1,0,52.34
9,2026-06-15,128,61.0,68.6,8881.0,53.89,52.31,87.4,76.3,266,0,1,0,52.34
9,2026-06-22,129,61.0,68.6,8881.0,53.59,53.16,78.0,76.8,273,0,1,0,52.37
9,2026-06-29,130,61.0,68.6,8881.0,54.94,53.88,77.0,79.3,280,0,1,0,52.37
9,2026-07-06,131,61.0,68.6,8881.0,55.15,54.39,79.3,80.42,287,0,1,0,52.37
9,2026-07-13,132,61.0,68.6,8881.0,58.19,55.47,63.4,74.42,294,0,1,0,52.37
9,2026-07-20,133,61.0,68.6,8881.0,59.5,56.94,79.7,74.85,301,0,1,0,52.37
9,2026-07-27,134,61.0,68.6,8881.0,60.49,58.33,65.1,71.88,308,0,1,0,52.76
9,2026-08-03,135,61.0,68.6,8881.0,61.2,59.84,63.6,67.95,315,0,1,0,52.76
9,2026-08-10,136,61.0,68.6,8881.0,62.59,60.94,64.7,68.28,322,0,1,0,52.76
9,2026-08-17,137,61.0,68.6,8881.0,62.61,61.72,58.2,62.9,329,0,1,0,52.76
9,2026-08-24,138,61.0,68.6,8881.0,62.33,62.18,51.1,59.4,336,0,1,0,52.76
9,2026-08-31,139,61.0,68.6,8881.0,63.71,62.81,56.1,57.53,343,0,1,0,52.76
9,2026-09-07,140,61.0,68.6,8881.0,64.65,63.32,50.8,54.05,350,0,1,0,52.76
9,2026-09-14,141,61.0,68.6,8881.0,66.19,64.22,47.3,51.32,357,0,1,0,52.76
9,2026-09-21,142,61.0,68.6,8881.0,63.94,64.62,45.7,49.97,364,0,1,0,52.76
9,2026-09-28,143,61.0,68.6,8881.0,63.84,64.66,31.3,43.78,371,0,1,0,52.76
9,2026-10-05,144,61.0,68.6,8881.0,64.04,64.5,37.5,40.45,378,0,1,1,52.76
9,2026-10-12,145,61.0,68.6,8881.0,66.6,64.6,56.7,42.8,385,0,1,0,52.76
9,2026-10-19,146,61.0,68.6,8881.0,59.4,63.47,51.8,44.32,0,1,1,0,51.7
9,2026-10-26,147,61.0,68.6,8881.0,58.09,62.03,30.9,44.22,7,1,1,0,51.7
9,2026-11-02,148,61.0,68.6,8881.0,56.55,60.16,27.8,41.8,14,1,1,0,51.02
9,2026-11-09,149,61.0,68.6,8881.0,58.4,58.11,12.6,30.78,21,1,1,0,51.02
9,2026-11-16,150,61.0,68.6,8881.0,59.1,58.04,17.9,22.3,28,1,1,0,51.02
9,2026-11-23,151,61.0,68.6,8881.0,58.92,58.24,29.2,21.88,35,1,1,0,51.02
9,2026-11-30,152,61.0,68.6,8881.0,60.81,59.31,15.4,18.77,42,1,1,0,51.02
9,2026-12-07,153,61.0,68.6,8881.0,61.13,59.99,31.3,23.45,49,1,1,0,51.02
9,2026-12-14,154,61.0,68.6,8881.0,62.92,60.94,29.3,26.3,56,1,1,0,51.02
10,2026-05-18,124,17.2,4.8,746.0,44.08,43.62,58.7,58.65,217,0,0,0,51.26
10,2026-05-25,125,17.2,4.8,746.0,36.1,41.99,76.0,63.32,0,1,0,0,48.57
10,2026-06-01,126,17.2,4.8,746.0,35.79,40.15,67.0,67.8,7,1,0,1,48.57
10,2026-06-08,127,17.2,4.8,746.0,36.26,38.06,74.8,69.12,14,1,0,0,48.57
10,2026-06-15,128,17.2,4.8,746.0,22.98,32.78,87.4,76.3,0,2,0,0,48.26
10,2026-06-22,129,17.2,4.8,746.0,24.72,29.94,78.0,76.8,7,2,0,0,48.26
10,2026-06-29,130,17.2,4.8,746.0,26.56,27.63,77.0,79.3,14,2,0,0,48.26
10,2026-07-06,131,17.2,4.8,746.0,26.97,25.31,79.3,80.42,21,2,0,0,48.26
10,2026-07-13,132,17.2,4.8,746.0,25.16,25.85,63.4,74.42,28,2,0,0,48.26
10,2026-07-20,133,17.2,4.8,746.0,26.38,26.27,79.7,74.85,35,2,0,0,48.26
10,2026-07-27,134,17.2,4.8,746.0,26.56,26.27,65.1,71.88,42,2,0,0,48.26
10,2026-08-03,135,17.2,4.8,746.0,26.79,26.22,63.6,67.95,0,2,0,0,48.26
10,2026-08-10,136,17.2,4.8,746.0,26.29,26.5,64.7,68.28,7,2,0,0,48.26
10,2026-08-17,137,17.2,4.8,746.0,26.36,26.5,58.2,62.9,14,2,0,0,48.26
10,2026-08-24,138,17.2,4.8,746.0,27.38,26.7,51.1,59.4,21,1,0,0,48.26
10,2026-08-31,139,17.2,4.8,746.0,28.52,27.14,56.1,57.53,28,1,0,0,48.26
10,2026-09-07,140,17.2,4.8,746.0,28.43,27.67,50.8,54.05,35,1,0,0,48.26
10,2026-09-14,141,17.2,4.8,746.0,30.06,28.6,47.3,51.32,42,0,0,0,48.26
10,2026-09-21,142,17.2,4.8,746.0,30.56,29.39,45.7,49.97,49,0,0,0,48.26
10,2026-09-28,143,17.2,4.8,746.0,32.41,30.36,31.3,43.78,56,0,0,0,48.26
10,2026-10-05,144,17.2,4.8,746.0,31.94,31.24,37.5,40.45,63,0,0,0,48.26
10,2026-10-12,145,17.2,4.8,746.0,32.77,31.92,56.7,42.8,70,0,0,0,48.26
10,2026-10-19,146,17.2,4.8,746.0,33.36,32.62,51.8,44.32,77,0,0,0,48.26
10,2026-10-26,147,17.2,4.8,746.0,33.55,32.9,30.9,44.22,84,0,0,0,48.26
10,2026-11-02,148,17.2,4.8,746.0,32.02,32.93,27.8,41.8,91,0,0,0,48.26
10,2026-11-09,149,17.2,4.8,746.0,33.77,33.17,12.6,30.78,98,0,0,0,46.67
10,2026-11-16,150,17.2,4.8,746.0,33.94,33.32,17.9,22.3,105,0,0,0,46.67
10,2026-11-23,151,17.2,4.8,746.0,33.95,33.42,29.2,21.88,112,0,0,0,48.26
10,2026-11-30,152,17.2,4.8,746.0,34.93,34.15,15.4,18.77,119,0,0,0,46.67
10,2026-12-07,153,17.2,4.8,746.0,34.79,34.4,31.3,23.45,126,0,0,0,48.26
10,2026-12-14,154,17.2,4.8,746.0,37.58,35.31,29.3,26.3,133,0,0,0,49.28
11,2026-05-18,124,59.4,67.3,3327.0,12.41,11.45,58.7,58.65,21,0,1,0,49.52
11,2026-05-25,125,59.4,67.3,3327.0,14.33,12.33,76.0,63.32,28,0,1,0,49.52
11,2026-06-01,126,59.4,67.3,3327.0,12.51,12.66,67.0,67.8,0,0,1,0,50.2
11,2026-06-08,127,59.4,67.3,3327.0,14.15,13.35,74.8,69.12,7,0,1,0,50.2
11,2026-06-15,128,59.4,67.3,3327.0,15.52,14.13,87.4,76.3,14,0,1,0,49.52
11,2026-06-22,129,59.4,67.3,3327.0,14.5,14.17,78.0,76.8,21,0,1,0,49.52
11,2026-06-29,130,59.4,67.3,3327.0,15.19,14.84,77.0,79.3,28,0,1,0,49.52
11,2026-07-06,131,59.4,67.3,3327.0,14.94,15.04,79.3,80.42,35,0,1,0,49.52
11,2026-07-13,132,59.4,67.3,3327.0,15.53,15.04,63.4,74.42,42,0,1,0,49.52
11,2026-07-20,133,59.4,67.3,3327.0,16.26,15.48,79.7,74.85,49,0,1,0,49.52
11,2026-07-27,134,59.4,67.3,3327.0,16.35,15.77,65.1,71.88,56,0,1,0,49.52
11,2026-08-03,135,59.4,67.3,3327.0,17.51,16.41,63.6,67.95,63,0,1,0,49.52
11,2026-08-10,136,59.4,67.3,3327.0,19.0,17.28,64.7,68.28,70,0,1,0,49.52
11,2026-08-17,137,59.4,67.3,3327.0,18.11,17.74,58.2,62.9,77,0,1,0,49.52
11,2026-08-24,138,59.4,67.3,3327.0,19.24,18.46,51.1,59.4,84,0,1,0,49.52
11,2026-08-31,139,59.4,67.3,3327.0,19.21,18.89,56.1,57.53,91,0,1,0,49.52
11,2026-09-07,140,59.4,67.3,3327.0,20.51,19.27,50.8,54.05,98,0,1,0,49.52
11,2026-09-14,141,59.4,67.3,3327.0,21.83,20.2,47.3,51.32,105,0,1,0,49.52
11,2026-09-21,142,59.4,67.3,3327.0,23.03,21.15,45.7,49.97,112,0,1,1,49.52
11,2026-09-28,143,59.4,67.3,3327.0,20.8,21.54,31.3,43.78,119,0,1,0,49.52
11,2026-10-05,144,59.4,67.3,3327.0,11.79,19.36,37.5,40.45,0,1,1,0,50.2
11,2026-10-12,145,59.4,67.3,3327.0,12.37,17.0,56.7,42.8,7,1,1,0,50.2
11,2026-10-19,146,59.4,67.3,3327.0,13.91,14.72,51.8,44.32,14,1,1,0,49.52
11,2026-10-26,147,59.4,67.3,3327.0,12.52,12.65,30.9,44.22,21,1,1,0,49.52
11,2026-11-02,148,59.4,67.3,3327.0,14.43,13.31,27.8,41.8,28,1,1,0,49.52
11,2026-11-09,149,59.4,67.3,3327.0,13.83,13.67,12.6,30.78,35,1,1,0,47.93
11,2026-11-16,150,59.4,67.3,3327.0,14.35,13.78,17.9,22.3,42,1,1,1,47.93
11,2026-11-23,151,59.4,67.3,3327.0,15.17,14.44,29.2,21.88,49,1,1,0,49.52
11,2026-11-30,152,59.4,67.3,3327.0,5.0,12.09,15.4,18.77,0,2,1,0,48.61
11,2026-12-07,153,59.4,67.3,3327.0,6.49,10.25,31.3,23.45,7,2,1,0,50.2
11,2026-12-14,154,59.4,67.3,3327.0,7.0,8.41,29.3,26.3,14,2,1,0,49.52
12,2026-05-18,124,8.8,28.0,2106.0,45.72,44.79,58.7,58.65,42,0,0,0,50.03
12,2026-05-25,125,8.8,28.0,2106.0,46.81,45.6,76.0,63.32,49,0,0,0,50.03
12,2026-06-01,126,8.8,28.0,2106.0,47.87,46.51,67.0,67.8,56,0,0,0,50.03
12,2026-06-08,127,8.8,28.0,2106.0,48.36,47.19,74.8,69.12,63,0,0,0,50.03
12,2026-06-15,128,8.8,28.0,2106.0,48.07,47.78,87.4,76.3,70,0,0,0,50.03
12,2026-06-22,129,8.8,28.0,2106.0,48.34,48.16,78.0,76.8,77,0,0,0,50.03
12,2026-06-29,130,8.8,28.0,2106.0,47.47,48.06,77.0,79.3,84,0,0,0,50.03
12,2026-07-06,131,8.8,28.0,2106.0,48.3,48.04,79.3,80.42,91,0,0,0,50.03
12,2026-07-13,132,8.8,28.0,2106.0,50.07,48.54,63.4,74.42,98,0,0,0,50.03
12,2026-07-20,133,8.8,28.0,2106.0,50.52,49.09,79.7,74.85,105,0,0,0,50.03
12,2026-07-27,134,8.8,28.0,2106.0,53.22,50.53,65.1,71.88,112,0,0,0,50.03
12,2026-08-03,135,8.8,28.0,2106.0,53.61,51.86,63.6,67.95,119,0,0,1,50.03
12,2026-08-10,136,8.8,28.0,2106.0,55.07,53.1,64.7,68.28,126,0,0,0,50.42
12,2026-08-17,137,8.8,28.0,2106.0,48.75,52.66,58.2,62.9,0,1,0,0,50.03
12,2026-08-24,138,8.8,28.0,2106.0,47.69,51.28,51.1,59.4,7,1,0,0,50.03
12,2026-08-31,139,8.8,28.0,2106.0,47.78,49.82,56.1,57.53,14,1,0,0,50.03
12,2026-09-07,140,8.8,28.0,2106.0,46.28,47.62,50.8,54.05,21,1,0,0,50.03
12,2026-09-14,141,8.8,28.0,2106.0,47.06,47.2,47.3,51.32,28,1,0,0,50.03
12,2026-09-21,142,8.8,28.0,2106.0,47.08,47.05,45.7,49.97,35,1,0,0,50.03
12,2026-09-28,143,8.8,28.0,2106.0,49.86,47.57,31.3,43.78,42,1,0,0,50.03
12,2026-10-05,144,8.8,28.0,2106.0,50.97,48.74,37.5,40.45,49,1,0,0,50.03
12,2026-10-12,145,8.8,28.0,2106.0,50.86,49.69,56.7,42.8,0,1,0,0,50.03
12,2026-10-19,146,8.8,28.0,2106.0,51.58,50.82,51.8,44.32,7,1,0,0,50.03
12,2026-10-26,147,8.8,28.0,2106.0,52.74,51.54,30.9,44.22,14,1,0,0,50.03
12,2026-11-02,148,8.8,28.0,2106.0,55.1,52.57,27.8,41.8,21,1,0,0,50.03
12,2026-11-09,149,8.8,28.0,2106.0,55.37,53.7,12.6,30.78,28,1,0,0,50.03
12,2026-11-16,150,8.8,28.0,2106.0,54.52,54.43,17.9,22.3,35,0,0,0,50.03
12,2026-11-23,151,8.8,28.0,2106.0,54.32,54.83,29.2,21.88,42,0,0,0,50.03
12,2026-11-30,152,8.8,28.0,2106.0,54.68,54.72,15.4,18.77,49,0,0,0,50.03
12,2026-12-07,153,8.8,28.0,2106.0,55.03,54.64,31.3,23.45,56,0,0,0,50.03
12,2026-12-14,154,8.8,28.0,2106.0,55.77,54.95,29.3,26.3,63,0,0,0,50.03
13,2026-05-18,124,26.7,20.8,3196.0,39.07,39.13,58.7,58.65,70,1,0,0,48.95
13,2026-05-25,125,26.7,20.8,3196.0,39.4,39.64,76.0,63.32,77,1,0,0,48.95
13,2026-06-01,126,26.7,20.8,3196.0,39.39,39.75,67.0,67.8,84,1,0,0,48.95
13,2026-06-08,127,26.7,20.8,3196.0,42.01,39.97,74.8,69.12,91,0,0,0,48.95
13,2026-06-15,128,26.7,20.8,3196.0,42.3,40.78,87.4,76.3,98,0,0,0,48.95
13,2026-06-22,129,26.7,20.8,3196.0,43.26,41.74,78.0,76.8,105,0,0,0,48.95
13,2026-06-29,130,26.7,20.8,3196.0,42.66,42.56,77.0,79.3,112,0,0,0,48.95
13,2026-07-06,131,26.7,20.8,3196.0,43.41,42.91,79.3,80.42,119,0,0,0,48.95
13,2026-07-13,132,26.7,20.8,3196.0,44.2,43.38,63.4,74.42,126,0,0,0,49.65
13,2026-07-20,133,26.7,20.8,3196.0,43.63,43.48,79.7,74.85,133,0,0,0,49.65
13,2026-07-27,134,26.7,20.8,3196.0,45.11,44.09,65.1,71.88,140,0,0,0,50.67
13,2026-08-03,135,26.7,20.8,3196.0,44.88,44.46,63.6,67.95,147,0,0,0,51.17
13,2026-08-10,136,26.7,20.8,3196.0,45.45,44.77,64.7,68.28,154,0,0,0,51.17
13,2026-08-17,137,26.7,20.8,3196.0,45.39,45.21,58.2,62.9,161,0,0,0,51.17
13,2026-08-24,138,26.7,20.8,3196.0,45.34,45.26,51.1,59.4,168,0,0,0,51.17
13,2026-08-31,139,26.7,20.8,3196.0,46.0,45.54,56.1,57.53,175,0,0,0,51.17
13,2026-09-07,140,26.7,20.8,3196.0,45.48,45.55,50.8,54.05,182,0,0,0,51.17
13,2026-09-14,141,26.7,20.8,3196.0,44.95,45.44,47.3,51.32,189,0,0,0,51.58
13,2026-09-21,142,26.7,20.8,3196.0,43.61,45.01,45.7,49.97,196,0,0,0,51.58
13,2026-09-28,143,26.7,20.8,3196.0,43.51,44.39,31.3,43.78,203,0,0,0,51.58
13,2026-10-05,144,26.7,20.8,3196.0,43.98,44.01,37.5,40.45,210,0,0,0,51.58
13,2026-10-12,145,26.7,20.8,3196.0,45.02,44.03,56.7,42.8,217,0,0,0,51.58
13,2026-10-19,146,26.7,20.8,3196.0,44.91,44.36,51.8,44.32,224,0,0,0,51.58
13,2026-10-26,147,26.7,20.8,3196.0,46.45,45.09,30.9,44.22,231,0,0,0,51.58
13,2026-11-02,148,26.7,20.8,3196.0,45.85,45.56,27.8,41.8,238,0,0,0,51.58
13,2026-11-09,149,26.7,20.8,3196.0,44.92,45.53,12.6,30.78,245,0,0,0,51.58
13,2026-11-16,150,26.7,20.8,3196.0,47.46,46.17,17.9,22.3,252,0,0,0,51.58
13,2026-11-23,151,26.7,20.8,3196.0,47.38,46.4,29.2,21.88,259,0,0,0,51.58
13,2026-11-30,152,26.7,20.8,3196.0,48.59,47.09,15.4,18.77,266,0,0,0,51.58
13,2026-12-07,153,26.7,20.8,3196.0,49.47,48.22,31.3,23.45,273,0,0,0,51.61
13,2026-12-14,154,26.7,20.8,3196.0,49.22,48.66,29.3,26.3,280,0,0,0,51.61
14,2026-05-18,124,11.3,27.4,3725.0,29.15,28.88,58.7,58.65,42,1,0,0,48.26
14,2026-05-25,125,11.3,27.4,3725.0,30.95,29.87,76.0,63.32,49,1,0,0,48.26
14,2026-06-01,126,11.3,27.4,3725.0,32.02,30.68,67.0,67.8,56,1,0,0,48.26
14,2026-06-08,127,11.3,27.4,3725.0,34.49,31.65,74.8,69.12,63,1,0,0,48.26
14,2026-06-15,128,11.3,27.4,3725.0,35.33,33.2,87.4,76.3,70,1,0,0,48.26
14,2026-06-22,129,11.3,27.4,3725.0,35.9,34.44,78.0,76.8,77,1,0,0,48.57
14,2026-06-29,130,11.3,27.4,3725.0,37.51,35.81,77.0,79.3,84,1,0,0,48.57
14,2026-07-06,131,11.3,27.4,3725.0,39.15,36.97,79.3,80.42,91,0,0,0,48.57
14,2026-07-13,132,11.3,27.4,3725.0,39.83,38.1,63.4,74.42,98,0,0,0,48.57
14,2026-07-20,133,11.3,27.4,3725.0,41.44,39.48,79.7,74.85,105,0,0,0,48.57
14,2026-07-27,134,11.3,27.4,3725.0,43.32,40.94,65.1,71.88,112,0,0,1,48.57
14,2026-08-03,135,11.3,27.4,3725.0,44.04,42.16,63.6,67.95,119,0,0,0,48.57
14,2026-08-10,136,11.3,27.4,3725.0,38.0,41.7,64.7,68.28,0,1,0,0,48.57
14,2026-08-17,137,11.3,27.4,3725.0,39.45,41.2,58.2,62.9,7,1,0,0,48.57
14,2026-08-24,138,11.3,27.4,3725.0,40.08,40.39,51.1,59.4,14,1,0,0,48.57
14,2026-08-31,139,11.3,27.4,3725.0,39.73,39.32,56.1,57.53,21,1,0,0,48.57
14,2026-09-07,140,11.3,27.4,3725.0,41.66,40.23,50.8,54.05,28,1,0,0,48.57
14,2026-09-14,141,11.3,27.4,3725.0,43.83,41.32,47.3,51.32,35,1,0,0,48.57
14,2026-09-21,142,11.3,27.4,3725.0,44.8,42.5,45.7,49.97,42,1,0,0,48.57
14,2026-09-28,143,11.3,27.4,3725.0,46.22,44.13,31.3,43.78,49,1,0,0,48.94
14,2026-10-05,144,11.3,27.4,3725.0,44.06,44.73,37.5,40.45,56,1,0,0,50.03
14,2026-10-12,145,11.3,27.4,3725.0,45.81,45.22,56.7,42.8,63,1,0,0,50.03
14,2026-10-19,146,11.3,27.4,3725.0,46.57,45.67,51.8,44.32,70,1,0,0,50.03
14,2026-10-26,147,11.3,27.4,3725.0,45.05,45.37,30.9,44.22,77,1,0,0,50.03
14,2026-11-02,148,11.3,27.4,3725.0,44.67,45.53,27.8,41.8,84,1,0,0,50.03
14,2026-11-09,149,11.3,27.4,3725.0,45.0,45.32,12.6,30.78,91,0,0,0,50.03
14,2026-11-16,150,11.3,27.4,3725.0,45.91,45.16,17.9,22.3,98,0,0,0,50.03
14,2026-11-23,151,11.3,27.4,3725.0,46.01,45.4,29.2,21.88,105,0,0,0,50.03
14,2026-11-30,152,11.3,27.4,3725.0,44.91,45.46,15.4,18.77,112,0,0,0,50.03
14,2026-12-07,153,11.3,27.4,3725.0,43.35,45.04,31.3,23.45,119,0,0,0,50.03
14,2026-12-14,154,11.3,27.4,3725.0,44.54,44.7,29.3,26.3,126,0,0,0,50.11
15,2026-05-18,124,39.2,27.8,3213.0,44.61,42.76,58.7,58.65,147,0,0,0,50.8
15,2026-05-25,125,39.2,27.8,3213.0,45.86,43.74,76.0,63.32,154,0,0,0,50.8
15,2026-06-01,126,39.2,27.8,3213.0,47.65,45.34,67.0,67.8,161,0,0,0,52.02
15,2026-06-08,127,39.2,27.8,3213.0,48.48,46.65,74.8,69.12,168,0,0,0,52.02
15,2026-06-15,128,39.2,27.8,3213.0,49.0,47.75,87.4,76.3,175,0,0,0,52.02
15,2026-06-22,129,39.2,27.8,3213.0,48.6,48.43,78.0,76.8,182,0,0,0,52.02
15,2026-06-29,130,39.2,27.8,3213.0,49.2,48.82,77.0,79.3,189,0,0,0,52.02
15,2026-07-06,131,39.2,27.8,3213.0,50.83,49.41,79.3,80.42,196,0,0,0,52.02
15,2026-07-13,132,39.2,27.8,3213.0,51.87,50.12,63.4,74.42,203,0,0,0,52.02
15,2026-07-20,133,39.2,27.8,3213.0,52.19,51.02,79.7,74.85,210,0,0,0,52.02
15,2026-07-27,134,39.2,27.8,3213.0,52.14,51.76,65.1,71.88,217,0,0,0,52.02
15,2026-08-03,135,39.2,27.8,3213.0,52.92,52.28,63.6,67.95,224,0,0,0,52.34
15,2026-08-10,136,39.2,27.8,3213.0,53.03,52.57,64.7,68.28,231,0,0,0,52.34
15,2026-08-17,137,39.2,27.8,3213.0,53.52,52.9,58.2,62.9,238,0,0,0,52.34
15,2026-08-24,138,39.2,27.8,3213.0,53.23,53.18,51.1,59.4,245,0,0,0,52.34
15,2026-08-31,139,39.2,27.8,3213.0,55.48,53.82,56.1,57.53,252,0,0,0,52.34
15,2026-09-07,140,39.2,27.8,3213.0,55.97,54.55,50.8,54.05,259,0,0,0,52.34
15,2026-09-14,141,39.2,27.8,3213.0,55.83,55.13,47.3,51.32,266,0,0,0,52.34
15,2026-09-21,142,39.2,27.8,3213.0,55.31,55.65,45.7,49.97,273,0,0,0,52.37
15,2026-09-28,143,39.2,27.8,3213.0,55.06,55.54,31.3,43.78,280,0,0,0,52.37
15,2026-10-05,144,39.2,27.8,3213.0,54.77,55.24,37.5,40.45,287,0,0,0,52.37
15,2026-10-12,145,39.2,27.8,3213.0,56.12,55.32,56.7,42.8,294,0,0,0,52.37
15,2026-10-19,146,39.2,27.8,3213.0,55.94,55.47,51.8,44.32,301,0,0,0,52.37
15,2026-10-26,147,39.2,27.8,3213.0,56.63,55.86,30.9,44.22,308,0,0,0,52.37
15,2026-11-02,148,39.2,27.8,3213.0,55.84,56.13,27.8,41.8,315,0,0,0,52.37
15,2026-11-09,149,39.2,27.8,3213.0,55.59,56.0,12.6,30.78,322,0,0,0,52.37
15,2026-11-16,150,39.2,27.8,3213.0,56.07,56.03,17.9,22.3,329,0,0,0,52.37
15,2026-11-23,151,39.2,27.8,3213.0,57.56,56.26,29.2,21.88,336,0,0,0,52.37
15,2026-11-30,152,39.2,27.8,3213.0,57.38,56.65,15.4,18.77,343,0,0,0,52.37
15,2026-12-07,153,39.2,27.8,3213.0,57.06,57.02,31.3,23.45,350,0,0,0,52.37
15,2026-12-14,154,39.2,27.8,3213.0,56.34,57.08,29.3,26.3,357,0,0,0,52.37
16,2026-05-18,124,26.5,33.1,963.0,41.96,41.46,58.7,58.65,63,1,0,0,48.95
16,2026-05-25,125,26.5,33.1,963.0,43.06,42.15,76.0,63.32,70,1,0,0,48.95
16,2026-06-01,126,26.5,33.1,963.0,45.11,42.96,67.0,67.8,77,1,0,0,48.95
16,2026-06-08,127,26.5,33.1,963.0,44.39,43.63,74.8,69.12,84,1,0,0,48.95
16,2026-06-15,128,26.5,33.1,963.0,44.76,44.33,87.4,76.3,91,0,0,0,49.32
16,2026-06-22,129,26.5,33.1,963.0,47.81,45.52,78.0,76.8,98,0,0,0,50.41
16,2026-06-29,130,26.5,33.1,963.0,49.58,46.64,77.0,79.3,105,0,0,0,50.41
16,2026-07-06,131,26.5,33.1,963.0,50.44,48.15,79.3,80.42,112,0,0,0,50.41
16,2026-07-13,132,26.5,33.1,963.0,52.21,50.01,63.4,74.42,119,0,0,0,50.41
16,2026-07-20,133,26.5,33.1,963.0,53.06,51.32,79.7,74.85,126,0,0,0,50.79
16,2026-07-27,134,26.5,33.1,963.0,53.52,52.31,65.1,71.88,133,0,0,0,50.79
16,2026-08-03,135,26.5,33.1,963.0,55.01,53.45,63.6,67.95,140,0,0,0,50.99
16,2026-08-10,136,26.5,33.1,963.0,57.6,54.8,64.7,68.28,147,0,0,0,51.48
16,2026-08-17,137,26.5,33.1,963.0,59.68,56.45,58.2,62.9,154,0,0,0,51.48
16,2026-08-24,138,26.5,33.1,963.0,60.25,58.14,51.1,59.4,161,0,0,0,51.87
16,2026-08-31,139,26.5,33.1,963.0,60.67,59.55,56.1,57.53,168,0,0,0,51.87
16,2026-09-07,140,26.5,33.1,963.0,63.02,60.9,50.8,54.05,175,0,0,0,51.87
16,2026-09-14,141,26.5,33.1,963.0,62.51,61.61,47.3,51.32,182,0,0,0,51.87
16,2026-09-21,142,26.5,33.1,963.0,63.43,62.41,45.7,49.97,189,0,0,0,52.27
16,2026-09-28,143,26.5,33.1,963.0,65.78,63.68,31.3,43.78,196,0,0,1,52.27
16,2026-10-05,144,26.5,33.1,963.0,65.52,64.31,37.5,40.45,203,0,0,0,52.27
16,2026-10-12,145,26.5,33.1,963.0,58.74,63.37,56.7,42.8,0,1,0,0,50.41
16,2026-10-19,146,26.5,33.1,963.0,59.47,62.38,51.8,44.32,7,1,0,0,50.41
16,2026-10-26,147,26.5,33.1,963.0,59.11,60.71,30.9,44.22,14,1,0,0,50.41
16,2026-11-02,148,26.5,33.1,963.0,59.11,59.11,27.8,41.8,21,1,0,0,50.41
16,2026-11-09,149,26.5,33.1,963.0,59.16,59.21,12.6,30.78,28,1,0,0,50.41
16,2026-11-16,150,26.5,33.1,963.0,58.88,59.06,17.9,22.3,35,1,0,0,50.41
16,2026-11-23,151,26.5,33.1,963.0,60.65,59.45,29.2,21.88,42,1,0,0,50.41
16,2026-11-30,152,26.5,33.1,963.0,63.42,60.53,15.4,18.77,49,1,0,0,50.41
16,2026-12-07,153,26.5,33.1,963.0,62.49,61.36,31.3,23.45,56,1,0,0,50.41
16,2026-12-14,154,26.5,33.1,963.0,63.1,62.42,29.3,26.3,63,1,0,1,50.41
17,2026-05-18,124,17.8,8.9,1840.0,44.29,41.65,58.7,58.65,42,1,0,0,48.57
17,2026-05-25,125,17.8,8.9,1840.0,45.6,43.21,76.0,63.32,49,1,0,0,48.57
17,2026-06-01,126,17.8,8.9,1840.0,45.53,44.32,67.0,67.8,56,1,0,0,48.94
17,2026-06-08,127,17.8,8.9,1840.0,45.97,45.35,74.8,69.12,63,1,0,0,50.03
17,2026-06-15,128,17.8,8.9,1840.0,47.99,46.27,87.4,76.3,70,1,0,0,50.03
17,2026-06-22,129,17.8,8.9,1840.0,50.04,47.38,78.0,76.8,77,1,0,0,50.03
17,2026-06-29,130,17.8,8.9,1840.0,50.47,48.62,77.0,79.3,84,1,0,0,50.03
17,2026-07-06,131,17.8,8.9,1840.0,51.47,49.99,79.3,80.42,91,0,0,0,50.03
17,2026-07-13,132,17.8,8.9,1840.0,51.12,50.78,63.4,74.42,98,0,0,0,50.03
17,2026-07-20,133,17.8,8.9,1840.0,52.48,51.38,79.7,74.85,105,0,0,0,50.03
17,2026-07-27,134,17.8,8.9,1840.0,52.22,51.82,65.1,71.88,112,0,0,0,50.03
17,2026-08-03,135,17.8,8.9,1840.0,53.65,52.37,63.6,67.95,119,0,0,0,50.03
17,2026-08-10,136,17.8,8.9,1840.0,55.68,53.51,64.7,68.28,126,0,0,0,50.42
17,2026-08-17,137,17.8,8.9,1840.0,56.79,54.58,58.2,62.9,133,0,0,0,50.42
17,2026-08-24,138,17.8,8.9,1840.0,56.09,55.55,51.1,59.4,140,0,0,0,50.61
17,2026-08-31,139,17.8,8.9,1840.0,56.65,56.3,56.1,57.53,0,0,0,0,50.03
17,2026-09-07,140,17.8,8.9,1840.0,56.44,56.49,50.8,54.05,7,0,0,0,50.03
17,2026-09-14,141,17.8,8.9,1840.0,57.39,56.64,47.3,51.32,14,0,0,0,50.03
17,2026-09-21,142,17.8,8.9,1840.0,59.6,57.52,45.7,49.97,21,0,0,0,50.03
17,2026-09-28,143,17.8,8.9,1840.0,60.91,58.58,31.3,43.78,28,0,0,0,50.03
17,2026-10-05,144,17.8,8.9,1840.0,60.85,59.69,37.5,40.45,35,0,0,0,50.03
17,2026-10-12,145,17.8,8.9,1840.0,60.1,60.36,56.7,42.8,42,0,0,0,50.03
17,2026-10-19,146,17.8,8.9,1840.0,60.32,60.54,51.8,44.32,49,0,0,0,50.03
17,2026-10-26,147,17.8,8.9,1840.0,59.96,60.31,30.9,44.22,56,0,0,0,50.03
17,2026-11-02,148,17.8,8.9,1840.0,61.4,60.44,27.8,41.8,63,0,0,0,50.03
17,2026-11-09,149,17.8,8.9,1840.0,62.24,60.98,12.6,30.78,70,0,0,0,50.03
17,2026-11-16,150,17.8,8.9,1840.0,61.59,61.3,17.9,22.3,77,0,0,0,50.03
17,2026-11-23,151,17.8,8.9,1840.0,61.91,61.78,29.2,21.88,84,0,0,0,50.03
17,2026-11-30,152,17.8,8.9,1840.0,60.82,61.64,15.4,18.77,91,0,0,0,50.03
17,2026-12-07,153,17.8,8.9,1840.0,60.38,61.18,31.3,23.45,98,0,0,0,50.03
17,2026-12-14,154,17.8,8.9,1840.0,60.85,60.99,29.3,26.3,105,0,0,0,50.03
18,2026-05-18,124,26.9,20.7,5140.0,46.16,46.14,58.7,58.65,49,0,0,0,50.41
18,2026-05-25,125,26.9,20.7,5140.0,47.06,46.41,76.0,63.32,56,0,0,0,50.41
18,2026-06-01,126,26.9,20.7,5140.0,47.11,46.66,67.0,67.8,63,0,0,0,50.41
18,2026-06-08,127,26.9,20.7,5140.0,47.07,46.85,74.8,69.12,70,0,0,0,50.41
18,2026-06-15,128,26.9,20.7,5140.0,47.94,47.3,87.4,76.3,77,0,0,0,50.41
18,2026-06-22,129,26.9,20.7,5140.0,48.17,47.57,78.0,76.8,84,0,0,0,50.41
18,2026-06-29,130,26.9,20.7,5140.0,47.01,47.55,77.0,79.3,91,0,0,0,50.41
18,2026-07-06,131,26.9,20.7,5140.0,49.3,48.1,79.3,80.42,98,0,0,0,50.41
18,2026-07-13,132,26.9,20.7,5140.0,50.43,48.73,63.4,74.42,105,0,0,0,50.41
18,2026-07-20,133,26.9,20.7,5140.0,50.4,49.28,79.7,74.85,112,0,0,0,50.41
18,2026-07-27,134,26.9,20.7,5140.0,51.6,50.43,65.1,71.88,119,0,0,0,50.41
18,2026-08-03,135,26.9,20.7,5140.0,52.24,51.17,63.6,67.95,126,0,0,0,50.48
18,2026-08-10,136,26.9,20.7,5140.0,52.6,51.71,64.7,68.28,133,0,0,0,50.48
18,2026-08-17,137,26.9,20.7,5140.0,52.35,52.2,58.2,62.9,140,0,0,0,50.67
18,2026-08-24,138,26.9,20.7,5140.0,51.88,52.27,51.1,59.4,147,0,0,0,51.17
18,2026-08-31,139,26.9,20.7,5140.0,51.98,52.2,56.1,57.53,154,0,0,0,51.17
18,2026-09-07,140,26.9,20.7,5140.0,52.58,52.2,50.8,54.05,161,0,0,0,51.17
18,2026-09-14,141,26.9,20.7,5140.0,52.93,52.34,47.3,51.32,168,0,0,0,51.48
18,2026-09-21,142,26.9,20.7,5140.0,52.45,52.48,45.7,49.97,175,0,0,0,51.17
18,2026-09-28,143,26.9,20.7,5140.0,53.86,52.96,31.3,43.78,182,0,0,0,51.48
18,2026-10-05,144,26.9,20.7,5140.0,55.04,53.57,37.5,40.45,189,0,0,0,51.89
18,2026-10-12,145,26.9,20.7,5140.0,55.01,54.09,56.7,42.8,196,0,0,0,51.89
18,2026-10-19,146,26.9,20.7,5140.0,55.3,54.8,51.8,44.32,203,0,0,0,51.89
18,2026-10-26,147,26.9,20.7,5140.0,54.98,55.08,30.9,44.22,210,0,0,0,51.89
18,2026-11-02,148,26.9,20.7,5140.0,56.08,55.34,27.8,41.8,217,0,0,0,51.89
18,2026-11-09,149,26.9,20.7,5140.0,55.66,55.5,12.6,30.78,224,0,0,0,51.89
18,2026-11-16,150,26.9,20.7,5140.0,56.37,55.77,17.9,22.3,231,0,0,0,51.89
18,2026-11-23,151,26.9,20.7,5140.0,55.81,55.98,29.2,21.88,238,0,0,0,51.89
18,2026-11-30,152,26.9,20.7,5140.0,56.98,56.2,15.4,18.77,245,0,0,0,51.89
18,2026-12-07,153,26.9,20.7,5140.0,55.45,56.15,31.3,23.45,252,0,0,0,51.89
18,2026-12-14,154,26.9,20.7,5140.0,55.16,55.85,29.3,26.3,259,0,0,0,51.89
19,2026-05-18,124,5.8,3.3,4007.0,38.3,46.7,58.7,58.65,0,3,0,0,50.03
19,2026-05-25,125,5.8,3.3,4007.0,38.46,44.06,76.0,63.32,7,3,0,0,48.94
19,2026-06-01,126,5.8,3.3,4007.0,39.7,41.7,67.0,67.8,14,2,0,0,48.57
19,2026-06-08,127,5.8,3.3,4007.0,42.84,39.83,74.8,69.12,21,1,0,0,48.57
19,2026-06-15,128,5.8,3.3,4007.0,45.08,41.52,87.4,76.3,28,1,0,0,48.57
19,2026-06-22,129,5.8,3.3,4007.0,45.41,43.26,78.0,76.8,35,1,0,0,48.57
19,2026-06-29,130,5.8,3.3,4007.0,46.62,44.99,77.0,79.3,42,1,0,0,50.03
19,2026-07-06,131,5.8,3.3,4007.0,45.86,45.74,79.3,80.42,49,1,0,0,50.03
19,2026-07-13,132,5.8,3.3,4007.0,45.82,45.93,63.4,74.42,56,1,0,0,50.03
19,2026-07-20,133,5.8,3.3,4007.0,46.03,46.08,79.7,74.85,63,1,0,0,50.03
19,2026-07-27,134,5.8,3.3,4007.0,46.37,46.02,65.1,71.88,70,1,0,0,50.03
19,2026-08-03,135,5.8,3.3,4007.0,47.4,46.4,63.6,67.95,77,1,0,0,50.03
19,2026-08-10,136,5.8,3.3,4007.0,47.5,46.82,64.7,68.28,84,1,0,0,50.03
19,2026-08-17,137,5.8,3.3,4007.0,48.9,47.54,58.2,62.9,91,0,0,0,50.03
19,2026-08-24,138,5.8,3.3,4007.0,47.57,47.84,51.1,59.4,98,0,0,0,50.03
19,2026-08-31,139,5.8,3.3,4007.0,46.26,47.56,56.1,57.53,105,0,0,0,50.03
19,2026-09-07,140,5.8,3.3,4007.0,46.08,47.2,50.8,54.05,112,0,0,0,50.03
19,2026-09-14,141,5.8,3.3,4007.0,45.99,46.48,47.3,51.32,119,0,0,0,50.03
19,2026-09-21,142,5.8,3.3,4007.0,46.62,46.24,45.7,49.97,126,0,0,0,50.11
19,2026-09-28,143,5.8,3.3,4007.0,47.09,46.44,31.3,43.78,133,0,0,0,50.11
19,2026-10-05,144,5.8,3.3,4007.0,47.18,46.72,37.5,40.45,140,0,0,0,50.3
19,2026-10-12,145,5.8,3.3,4007.0,48.15,47.26,56.7,42.8,147,0,0,0,50.28
19,2026-10-19,146,5.8,3.3,4007.0,48.02,47.61,51.8,44.32,154,0,0,0,50.28
19,2026-10-26,147,5.8,3.3,4007.0,46.2,47.39,30.9,44.22,161,0,0,0,50.28
19,2026-11-02,148,5.8,3.3,4007.0,48.39,47.69,27.8,41.8,168,0,0,0,50.28
19,2026-11-09,149,5.8,3.3,4007.0,48.52,47.78,12.6,30.78,175,0,0,0,50.28
19,2026-11-16,150,5.8,3.3,4007.0,47.55,47.67,17.9,22.3,182,0,0,0,50.28
19,2026-11-23,151,5.8,3.3,4007.0,49.47,48.48,29.2,21.88,189,0,0,0,50.69
19,2026-11-30,152,5.8,3.3,4007.0,48.65,48.55,15.4,18.77,196,0,0,0,50.69
19,2026-12-07,153,5.8,3.3,4007.0,48.32,48.5,31.3,23.45,203,0,0,1,50.69
19,2026-12-14,154,5.8,3.3,4007.0,50.03,49.12,29.3,26.3,210,0,0,0,50.69
20,2026-05-18,124,40.5,21.6,4070.0,42.23,40.3,58.7,58.65,28,0,0,0,48.95
20,2026-05-25,125,40.5,21.6,4070.0,43.92,41.62,76.0,63.32,35,0,0,0,48.95
20,2026-06-01,126,40.5,21.6,4070.0,44.23,42.74,67.0,67.8,42,0,0,0,48.95
20,2026-06-08,127,40.5,21.6,4070.0,42.75,43.28,74.8,69.12,49,0,0,0,48.95
20,2026-06-15,128,40.5,21.6,4070.0,41.85,43.19,87.4,76.3,56,0,0,0,48.95
20,2026-06-22,129,40.5,21.6,4070.0,42.37,42.8,78.0,76.8,63,0,0,0,48.95
20,2026-06-29,130,40.5,21.6,4070.0,43.09,42.52,77.0,79.3,70,0,0,0,48.95
20,2026-07-06,131,40.5,21.6,4070.0,42.03,42.34,79.3,80.42,77,0,0,0,48.95
20,2026-07-13,132,40.5,21.6,4070.0,41.61,42.28,63.4,74.42,84,0,0,0,48.95
20,2026-07-20,133,40.5,21.6,4070.0,42.4,42.28,79.7,74.85,91,0,0,0,48.95
20,2026-07-27,134,40.5,21.6,4070.0,43.86,42.47,65.1,71.88,98,0,0,0,48.95
20,2026-08-03,135,40.5,21.6,4070.0,46.2,43.52,63.6,67.95,105,0,0,0,48.95
20,2026-08-10,136,40.5,21.6,4070.0,46.27,44.68,64.7,68.28,112,0,0,0,50.69
20,2026-08-17,137,40.5,21.6,4070.0,47.12,45.86,58.2,62.9,119,0,0,0,50.69
20,2026-08-24,138,40.5,21.6,4070.0,49.13,47.18,51.1,59.4,126,0,0,0,50.77
20,2026-08-31,139,40.5,21.6,4070.0,51.93,48.61,56.1,57.53,133,0,0,0,51.34
20,2026-09-07,140,40.5,21.6,4070.0,52.7,50.22,50.8,54.05,140,0,0,0,51.53
20,2026-09-14,141,40.5,21.6,4070.0,54.32,52.02,47.3,51.32,147,0,0,1,52.34
20,2026-09-21,142,40.5,21.6,4070.0,54.23,53.3,45.7,49.97,154,0,0,0,52.34
20,2026-09-28,143,40.5,21.6,4070.0,42.52,50.94,31.3,43.78,0,1,0,0,50.69
20,2026-10-05,144,40.5,21.6,4070.0,42.76,48.46,37.5,40.45,7,1,0,0,50.69
20,2026-10-12,145,40.5,21.6,4070.0,43.05,45.64,56.7,42.8,14,1,0,0,50.69
20,2026-10-19,146,40.5,21.6,4070.0,43.23,42.89,51.8,44.32,21,1,0,0,48.95
20,2026-10-26,147,40.5,21.6,4070.0,43.1,43.04,30.9,44.22,28,1,0,0,48.95
20,2026-11-02,148,40.5,21.6,4070.0,43.18,43.14,27.8,41.8,35,1,0,0,48.95
20,2026-11-09,149,40.5,21.6,4070.0,44.6,43.53,12.6,30.78,42,1,0,0,48.26
20,2026-11-16,150,40.5,21.6,4070.0,45.11,44.0,17.9,22.3,49,1,0,0,49.6
20,2026-11-23,151,40.5,21.6,4070.0,45.95,44.71,29.2,21.88,56,1,0,0,50.69
20,2026-11-30,152,40.5,21.6,4070.0,46.63,45.57,15.4,18.77,63,1,0,0,50.69
20,2026-12-07,153,40.5,21.6,4070.0,46.59,46.07,31.3,23.45,70,1,0,1,50.69
20,2026-12-14,154,40.5,21.6,4070.0,46.75,46.48,29.3,26.3,77,1,0,0,50.69
21,2026-05-18,124,22.8,6.0,4186.0,38.66,37.44,58.7,58.65,161,0,0,0,50.8
21,2026-05-25,125,22.8,6.0,4186.0,40.18,38.46,76.0,63.32,168,0,0,0,51.26
21,2026-06-01,126,22.8,6.0,4186.0,40.87,39.4,67.0,67.8,175,0,0,0,51.26
21,2026-06-08,127,22.8,6.0,4186.0,42.58,40.57,74.8,69.12,182,0,0,0,51.26
21,2026-06-15,128,22.8,6.0,4186.0,43.46,41.77,87.4,76.3,189,0,0,0,51.26
21,2026-06-22,129,22.8,6.0,4186.0,44.15,42.76,78.0,76.8,196,0,0,0,51.26
21,2026-06-29,130,22.8,6.0,4186.0,45.68,43.97,77.0,79.3,203,0,0,0,51.58
21,2026-07-06,131,22.8,6.0,4186.0,46.12,44.85,79.3,80.42,210,0,0,1,51.58
21,2026-07-13,132,22.8,6.0,4186.0,45.0,45.24,63.4,74.42,217,0,0,0,51.58
21,2026-07-20,133,22.8,6.0,4186.0,33.59,42.6,79.7,74.85,0,1,0,0,48.63
21,2026-07-27,134,22.8,6.0,4186.0,33.34,39.51,65.1,71.88,7,1,0,0,48.63
21,2026-08-03,135,22.8,6.0,4186.0,33.17,36.28,63.6,67.95,14,1,0,0,48.63
21,2026-08-10,136,22.8,6.0,4186.0,33.2,33.33,64.7,68.28,21,1,0,0,48.63
21,2026-08-17,137,22.8,6.0,4186.0,33.78,33.37,58.2,62.9,28,1,0,0,48.63
21,2026-08-24,138,22.8,6.0,4186.0,35.03,33.8,51.1,59.4,35,1,0,0,48.63
21,2026-08-31,139,22.8,6.0,4186.0,34.69,34.17,56.1,57.53,42,1,0,0,48.63
21,2026-09-07,140,22.8,6.0,4186.0,34.83,34.58,50.8,54.05,49,1,0,0,48.63
21,2026-09-14,141,22.8,6.0,4186.0,35.61,35.04,47.3,51.32,56,1,0,0,48.63
21,2026-09-21,142,22.8,6.0,4186.0,35.73,35.21,45.7,49.97,63,1,0,0,48.81
21,2026-09-28,143,22.8,6.0,4186.0,34.45,35.16,31.3,43.78,70,1,0,0,48.63
21,2026-10-05,144,22.8,6.0,4186.0,35.78,35.39,37.5,40.45,77,1,0,0,48.95
21,2026-10-12,145,22.8,6.0,4186.0,35.93,35.47,56.7,42.8,84,1,0,0,48.95
21,2026-10-19,146,22.8,6.0,4186.0,34.3,35.12,51.8,44.32,91,0,0,0,48.63
21,2026-10-26,147,22.8,6.0,4186.0,32.88,34.72,30.9,44.22,98,0,0,0,48.63
21,2026-11-02,148,22.8,6.0,4186.0,31.67,33.7,27.8,41.8,105,0,0,0,48.63
21,2026-11-09,149,22.8,6.0,4186.0,32.04,32.72,12.6,30.78,112,0,0,0,47.04
21,2026-11-16,150,22.8,6.0,4186.0,32.62,32.3,17.9,22.3,119,0,0,0,47.04
21,2026-11-23,151,22.8,6.0,4186.0,33.5,32.46,29.2,21.88,126,0,0,0,48.63
21,2026-11-30,152,22.8,6.0,4186.0,34.06,33.06,15.4,18.77,133,0,0,0,47.04
21,2026-12-07,153,22.8,6.0,4186.0,34.77,33.74,31.3,23.45,140,0,0,0,48.63
21,2026-12-14,154,22.8,6.0,4186.0,34.86,34.3,29.3,26.3,147,0,0,0,49.65
22,2026-05-18,124,64.3,64.7,6818.0,7.29,7.13,58.7,58.65,28,2,1,0,49.52
22,2026-05-25,125,64.3,64.7,6818.0,9.03,7.74,76.0,63.32,35,2,1,0,49.52
22,2026-06-01,126,64.3,64.7,6818.0,8.12,7.88,67.0,67.8,42,2,1,0,49.52
22,2026-06-08,127,64.3,64.7,6818.0,9.29,8.43,74.8,69.12,49,2,1,0,49.52
22,2026-06-15,128,64.3,64.7,6818.0,10.77,9.3,87.4,76.3,56,2,1,0,49.52
22,2026-06-22,129,64.3,64.7,6818.0,12.98,10.29,78.0,76.8,63,1,1,0,49.52
22,2026-06-29,130,64.3,64.7,6818.0,15.52,12.14,77.0,79.3,70,1,1,0,49.52
22,2026-07-06,131,64.3,64.7,6818.0,15.88,13.79,79.3,80.42,77,1,1,0,49.52
22,2026-07-13,132,64.3,64.7,6818.0,15.7,15.02,63.4,74.42,84,1,1,1,49.52
22,2026-07-20,133,64.3,64.7,6818.0,16.38,15.87,79.7,74.85,91,0,1,0,49.52
22,2026-07-27,134,64.3,64.7,6818.0,9.85,14.45,65.1,71.88,0,1,1,0,50.2
22,2026-08-03,135,64.3,64.7,6818.0,9.44,12.84,63.6,67.95,7,1,1,0,50.2
22,2026-08-10,136,64.3,64.7,6818.0,10.32,11.5,64.7,68.28,14,1,1,0,49.52
22,2026-08-17,137,64.3,64.7,6818.0,9.81,9.86,58.2,62.9,21,1,1,0,49.52
22,2026-08-24,138,64.3,64.7,6818.0,8.54,9.53,51.1,59.4,0,1,1,0,50.2
22,2026-08-31,139,64.3,64.7,6818.0,7.98,9.16,56.1,57.53,7,1,1,0,50.2
22,2026-09-07,140,64.3,64.7,6818.0,8.87,8.8,50.8,54.05,14,1,1,0,49.52
22,2026-09-14,141,64.3,64.7,6818.0,9.03,8.6,47.3,51.32,21,1,1,0,49.52
22,2026-09-21,142,64.3,64.7,6818.0,9.18,8.76,45.7,49.97,28,1,1,0,49.52
22,2026-09-28,143,64.3,64.7,6818.0,8.7,8.94,31.3,43.78,35,1,1,0,49.52
22,2026-10-05,144,64.3,64.7,6818.0,9.86,9.19,37.5,40.45,42,1,1,0,49.52
22,2026-10-12,145,64.3,64.7,6818.0,10.41,9.54,56.7,42.8,49,1,1,1,49.52
22,2026-10-19,146,64.3,64.7,6818.0,11.14,10.03,51.8,44.32,56,1,1,0,49.52
22,2026-10-26,147,64.3,64.7,6818.0,5.0,9.1,30.9,44.22,0,1,1,0,50.2
22,2026-11-02,148,64.3,64.7,6818.0,5.19,7.94,27.8,41.8,7,1,1,0,50.2
22,2026-11-09,149,64.3,64.7,6818.0,5.78,6.78,12.6,30.78,14,1,1,0,47.93
22,2026-11-16,150,64.3,64.7,6818.0,6.05,5.5,17.9,22.3,21,1,1,0,47.93
22,2026-11-23,151,64.3,64.7,6818.0,7.64,6.16,29.2,21.88,28,1,1,0,49.52
22,2026-11-30,152,64.3,64.7,6818.0,8.18,6.91,15.4,18.77,35,1,1,0,47.93
22,2026-12-07,153,64.3,64.7,6818.0,7.69,7.39,31.3,23.45,42,1,1,0,49.52
22,2026-12-14,154,64.3,64.7,6818.0,5.82,7.33,29.3,26.3,49,1,1,0,49.52
23,2026-05-18,124,8.1,20.0,820.0,41.15,38.65,58.7,58.65,77,0,0,0,48.57
23,2026-05-25,125,8.1,20.0,820.0,43.17,40.39,76.0,63.32,84,0,0,0,48.57
23,2026-06-01,126,8.1,20.0,820.0,43.63,41.7,67.0,67.8,91,0,0,0,48.57
23,2026-06-08,127,8.1,20.0,820.0,45.82,43.44,74.8,69.12,98,0,0,0,48.57
23,2026-06-15,128,8.1,20.0,820.0,46.78,44.85,87.4,76.3,105,0,0,0,50.03
23,2026-06-22,129,8.1,20.0,820.0,48.3,46.13,78.0,76.8,112,0,0,0,50.03
23,2026-06-29,130,8.1,20.0,820.0,48.65,47.39,77.0,79.3,119,0,0,0,50.03
23,2026-07-06,131,8.1,20.0,820.0,49.82,48.39,79.3,80.42,0,0,0,0,50.03
23,2026-07-13,132,8.1,20.0,820.0,51.76,49.63,63.4,74.42,7,0,0,0,50.03
23,2026-07-20,133,8.1,20.0,820.0,54.34,51.14,79.7,74.85,14,0,0,0,50.03
23,2026-07-27,134,8.1,20.0,820.0,52.53,52.11,65.1,71.88,21,0,0,0,50.03
23,2026-08-03,135,8.1,20.0,820.0,52.42,52.76,63.6,67.95,28,0,0,0,50.03
23,2026-08-10,136,8.1,20.0,820.0,52.57,52.96,64.7,68.28,35,0,0,0,50.03
23,2026-08-17,137,8.1,20.0,820.0,51.41,52.23,58.2,62.9,42,0,0,0,50.03
23,2026-08-24,138,8.1,20.0,820.0,51.81,52.05,51.1,59.4,49,0,0,0,50.03
23,2026-08-31,139,8.1,20.0,820.0,51.41,51.8,56.1,57.53,56,0,0,1,50.03
23,2026-09-07,140,8.1,20.0,820.0,51.74,51.59,50.8,54.05,63,0,0,0,50.03
23,2026-09-14,141,8.1,20.0,820.0,39.09,48.51,47.3,51.32,0,1,0,0,50.03
23,2026-09-21,142,8.1,20.0,820.0,39.34,45.4,45.7,49.97,7,1,0,0,50.03
23,2026-09-28,143,8.1,20.0,820.0,38.84,42.25,31.3,43.78,14,1,0,0,48.57
23,2026-10-05,144,8.1,20.0,820.0,39.38,39.16,37.5,40.45,21,1,0,0,48.57
23,2026-10-12,145,8.1,20.0,820.0,39.48,39.26,56.7,42.8,28,1,0,0,48.57
23,2026-10-19,146,8.1,20.0,820.0,39.95,39.41,51.8,44.32,35,1,0,0,48.57
23,2026-10-26,147,8.1,20.0,820.0,39.05,39.47,30.9,44.22,42,1,0,0,48.57
23,2026-11-02,148,8.1,20.0,820.0,39.89,39.59,27.8,41.8,49,1,0,0,48.57
23,2026-11-09,149,8.1,20.0,820.0,38.02,39.23,12.6,30.78,56,1,0,0,47.88
23,2026-11-16,150,8.1,20.0,820.0,40.76,39.43,17.9,22.3,63,1,0,0,47.88
23,2026-11-23,151,8.1,20.0,820.0,40.15,39.7,29.2,21.88,70,1,0,0,48.57
23,2026-11-30,152,8.1,20.0,820.0,39.16,39.52,15.4,18.77,77,1,0,0,47.88
23,2026-12-07,153,8.1,20.0,820.0,39.18,39.81,31.3,23.45,84,1,0,0,48.57
23,2026-12-14,154,8.1,20.0,820.0,41.15,39.91,29.3,26.3,91,0,0,0,48.57
24,2026-05-18,124,23.0,16.3,2516.0,45.08,46.82,58.7,58.65,7,1,0,0,50.41
24,2026-05-25,125,23.0,16.3,2516.0,46.97,46.28,76.0,63.32,14,1,0,0,50.41
24,2026-06-01,126,23.0,16.3,2516.0,45.9,45.34,67.0,67.8,21,1,0,0,50.41
24,2026-06-08,127,23.0,16.3,2516.0,46.67,46.15,74.8,69.12,28,1,0,0,50.41
24,2026-06-15,128,23.0,16.3,2516.0,47.33,46.72,87.4,76.3,35,1,0,0,50.41
24,2026-06-22,129,23.0,16.3,2516.0,49.87,47.44,78.0,76.8,42,1,0,0,50.41
24,2026-06-29,130,23.0,16.3,2516.0,51.22,48.77,77.0,79.3,49,1,0,0,50.41
24,2026-07-06,131,23.0,16.3,2516.0,50.96,49.84,79.3,80.42,56,1,0,0,50.41
24,2026-07-13,132,23.0,16.3,2516.0,52.03,51.02,63.4,74.42,63,1,0,0,50.41
24,2026-07-20,133,23.0,16.3,2516.0,51.88,51.52,79.7,74.85,70,1,0,0,50.41
24,2026-07-27,134,23.0,16.3,2516.0,52.53,51.85,65.1,71.88,77,1,0,0,50.41
24,2026-08-03,135,23.0,16.3,2516.0,52.47,52.23,63.6,67.95,84,1,0,0,50.41
24,2026-08-10,136,23.0,16.3,2516.0,54.6,52.87,64.7,68.28,91,0,0,0,50.41
24,2026-08-17,137,23.0,16.3,2516.0,56.46,54.02,58.2,62.9,98,0,0,0,50.41
24,2026-08-24,138,23.0,16.3,2516.0,56.73,55.06,51.1,59.4,105,0,0,0,50.41
24,2026-08-31,139,23.0,16.3,2516.0,58.12,56.48,56.1,57.53,112,0,0,0,50.41
24,2026-09-07,140,23.0,16.3,2516.0,57.46,57.19,50.8,54.05,119,0,0,0,50.41
24,2026-09-14,141,23.0,16.3,2516.0,57.16,57.37,47.3,51.32,126,0,0,0,50.79
24,2026-09-21,142,23.0,16.3,2516.0,56.18,57.23,45.7,49.97,133,0,0,0,50.79
24,2026-09-28,143,23.0,16.3,2516.0,55.82,56.66,31.3,43.78,140,0,0,0,50.99
24,2026-10-05,144,23.0,16.3,2516.0,56.12,56.32,37.5,40.45,147,0,0,0,51.48
24,2026-10-12,145,23.0,16.3,2516.0,57.71,56.46,56.7,42.8,154,0,0,0,51.48
24,2026-10-19,146,23.0,16.3,2516.0,58.22,56.97,51.8,44.32,161,0,0,0,51.48
24,2026-10-26,147,23.0,16.3,2516.0,59.43,57.87,30.9,44.22,168,0,0,0,51.48
24,2026-11-02,148,23.0,16.3,2516.0,58.99,58.59,27.8,41.8,175,0,0,0,51.87
24,2026-11-09,149,23.0,16.3,2516.0,59.4,59.01,12.6,30.78,182,0,0,0,51.87
24,2026-11-16,150,23.0,16.3,2516.0,57.4,58.8,17.9,22.3,189,0,0,0,52.27
24,2026-11-23,151,23.0,16.3,2516.0,57.59,58.35,29.2,21.88,196,0,0,0,52.27
24,2026-11-30,152,23.0,16.3,2516.0,58.08,58.12,15.4,18.77,203,0,0,0,52.27
24,2026-12-07,153,23.0,16.3,2516.0,58.18,57.81,31.3,23.45,210,0,0,0,51.89
24,2026-12-14,154,23.0,16.3,2516.0,59.36,58.3,29.3,26.3,217,0,0,0,52.27
25,2026-05-18,124,23.2,18.3,3467.0,44.55,42.72,58.7,58.65,91,0,0,0,48.95
25,2026-05-25,125,23.2,18.3,3467.0,47.95,44.24,76.0,63.32,98,0,0,0,49.32
25,2026-06-01,126,23.2,18.3,3467.0,47.7,45.82,67.0,67.8,105,0,0,0,50.41
25,2026-06-08,127,23.2,18.3,3467.0,48.33,47.13,74.8,69.12,112,0,0,0,50.41
25,2026-06-15,128,23.2,18.3,3467.0,51.28,48.82,87.4,76.3,119,0,0,0,50.41
25,2026-06-22,129,23.2,18.3,3467.0,51.44,49.69,78.0,76.8,126,0,0,0,50.48
25,2026-06-29,130,23.2,18.3,3467.0,52.44,50.87,77.0,79.3,133,0,0,0,50.48
25,2026-07-06,131,23.2,18.3,3467.0,54.32,52.37,79.3,80.42,140,0,0,0,50.99
25,2026-07-13,132,23.2,18.3,3467.0,53.98,53.04,63.4,74.42,147,0,0,0,51.48
25,2026-07-20,133,23.2,18.3,3467.0,54.72,53.86,79.7,74.85,154,0,0,0,51.48
25,2026-07-27,134,23.2,18.3,3467.0,55.39,54.6,65.1,71.88,161,0,0,0,51.48
25,2026-08-03,135,23.2,18.3,3467.0,55.04,54.78,63.6,67.95,168,0,0,0,51.48
25,2026-08-10,136,23.2,18.3,3467.0,56.34,55.37,64.7,68.28,175,0,0,0,51.48
25,2026-08-17,137,23.2,18.3,3467.0,56.5,55.82,58.2,62.9,182,0,0,0,51.48
25,2026-08-24,138,23.2,18.3,3467.0,57.82,56.42,51.1,59.4,189,0,0,0,51.89
25,2026-08-31,139,23.2,18.3,3467.0,59.89,57.64,56.1,57.53,196,0,0,0,51.89
25,2026-09-07,140,23.2,18.3,3467.0,58.87,58.27,50.8,54.05,203,0,0,0,52.27
25,2026-09-14,141,23.2,18.3,3467.0,59.03,58.9,47.3,51.32,210,0,0,0,52.27
25,2026-09-21,142,23.2,18.3,3467.0,61.36,59.79,45.7,49.97,217,0,0,0,52.27
25,2026-09-28,143,23.2,18.3,3467.0,61.69,60.24,31.3,43.78,224,0,0,0,52.27
25,2026-10-05,144,23.2,18.3,3467.0,62.58,61.16,37.5,40.45,231,0,0,0,52.27
25,2026-10-12,145,23.2,18.3,3467.0,62.19,61.96,56.7,42.8,238,0,0,1,52.27
25,2026-10-19,146,23.2,18.3,3467.0,62.95,62.35,51.8,44.32,245,0,0,0,52.27
25,2026-10-26,147,23.2,18.3,3467.0,52.87,60.15,30.9,44.22,0,1,0,0,50.41
25,2026-11-02,148,23.2,18.3,3467.0,55.07,58.27,27.8,41.8,7,1,0,0,50.41
25,2026-11-09,149,23.2,18.3,3467.0,54.73,56.4,12.6,30.78,14,1,0,0,50.41
25,2026-11-16,150,23.2,18.3,3467.0,55.23,54.47,17.9,22.3,21,1,0,0,50.41
25,2026-11-23,151,23.2,18.3,3467.0,54.66,54.92,29.2,21.88,28,1,0,0,50.41
25,2026-11-30,152,23.2,18.3,3467.0,54.13,54.69,15.4,18.77,35,1,0,0,50.41
25,2026-12-07,153,23.2,18.3,3467.0,54.84,54.72,31.3,23.45,42,1,0,0,50.41
25,2026-12-14,154,23.2,18.3,3467.0,53.99,54.4,29.3,26.3,49,1,0,0,50.41
26,2026-05-18,124,39.7,26.7,2362.0,23.93,23.85,58.7,58.65,49,1,0,0,48.63
26,2026-05-25,125,39.7,26.7,2362.0,16.25,21.79,76.0,63.32,0,2,0,0,48.63
26,2026-06-01,126,39.7,26.7,2362.0,17.71,20.34,67.0,67.8,7,2,0,0,48.63
26,2026-06-08,127,39.7,26.7,2362.0,18.34,19.06,74.8,69.12,14,2,0,0,48.63
26,2026-06-15,128,39.7,26.7,2362.0,19.03,17.83,87.4,76.3,21,2,0,0,48.63
26,2026-06-22,129,39.7,26.7,2362.0,19.58,18.66,78.0,76.8,28,2,0,0,48.63
26,2026-06-29,130,39.7,26.7,2362.0,20.12,19.27,77.0,79.3,35,1,0,0,48.63
26,2026-07-06,131,39.7,26.7,2362.0,20.34,19.77,79.3,80.42,42,1,0,0,48.63
26,2026-07-13,132,39.7,26.7,2362.0,21.22,20.31,63.4,74.42,49,1,0,0,48.63
26,2026-07-20,133,39.7,26.7,2362.0,21.86,20.88,79.7,74.85,56,1,0,0,48.63
26,2026-07-27,134,39.7,26.7,2362.0,22.79,21.55,65.1,71.88,63,1,0,0,48.63
26,2026-08-03,135,39.7,26.7,2362.0,22.93,22.2,63.6,67.95,70,1,0,0,48.63
26,2026-08-10,136,39.7,26.7,2362.0,25.74,23.33,64.7,68.28,77,1,0,0,48.63
26,2026-08-17,137,39.7,26.7,2362.0,24.99,24.11,58.2,62.9,84,1,0,1,48.63
26,2026-08-24,138,39.7,26.7,2362.0,25.32,24.74,51.1,59.4,91,0,0,0,48.63
26,2026-08-31,139,39.7,26.7,2362.0,14.1,22.54,56.1,57.53,0,1,0,0,48.63
26,2026-09-07,140,39.7,26.7,2362.0,14.73,19.78,50.8,54.05,7,1,0,0,48.63
26,2026-09-14,141,39.7,26.7,2362.0,14.62,17.19,47.3,51.32,14,1,0,0,48.63
26,2026-09-21,142,39.7,26.7,2362.0,15.78,14.81,45.7,49.97,21,1,0,0,48.63
26,2026-09-28,143,39.7,26.7,2362.0,17.16,15.57,31.3,43.78,28,1,0,0,48.63
26,2026-10-05,144,39.7,26.7,2362.0,16.62,16.04,37.5,40.45,35,1,0,0,48.63
26,2026-10-12,145,39.7,26.7,2362.0,15.72,16.32,56.7,42.8,42,1,0,0,48.63
26,2026-10-19,146,39.7,26.7,2362.0,16.21,16.43,51.8,44.32,49,1,0,0,48.63
26,2026-10-26,147,39.7,26.7,2362.0,15.69,16.06,30.9,44.22,56,1,0,0,48.63
26,2026-11-02,148,39.7,26.7,2362.0,15.4,15.76,27.8,41.8,63,1,0,0,48.63
26,2026-11-09,149,39.7,26.7,2362.0,16.33,15.91,12.6,30.78,70,1,0,0,47.04
26,2026-11-16,150,39.7,26.7,2362.0,17.02,16.11,17.9,22.3,77,1,0,0,47.04
26,2026-11-23,151,39.7,26.7,2362.0,17.06,16.45,29.2,21.88,84,1,0,0,48.63
26,2026-11-30,152,39.7,26.7,2362.0,16.62,16.76,15.4,18.77,91,0,0,0,47.04
26,2026-12-07,153,39.7,26.7,2362.0,16.41,16.78,31.3,23.45,98,0,0,0,48.63
26,2026-12-14,154,39.7,26.7,2362.0,17.05,16.78,29.3,26.3,105,0,0,0,48.63
27,2026-05-18,124,26.2,28.0,5145.0,51.37,50.43,58.7,58.65,35,2,0,0,50.41
27,2026-05-25,125,26.2,28.0,5145.0,53.74,51.44,76.0,63.32,42,2,0,0,50.41
27,2026-06-01,126,26.2,28.0,5145.0,55.53,52.69,67.0,67.8,49,2,0,0,50.41
27,2026-06-08,127,26.2,28.0,5145.0,56.39,54.26,74.8,69.12,56,2,0,0,50.41
27,2026-06-15,128,26.2,28.0,5145.0,56.64,55.58,87.4,76.3,63,1,0,1,50.41
27,2026-06-22,129,26.2,28.0,5145.0,57.88,56.61,78.0,76.8,70,1,0,0,50.41
27,2026-06-29,130,26.2,28.0,5145.0,51.48,55.6,77.0,79.3,0,2,0,0,50.41
27,2026-07-06,131,26.2,28.0,5145.0,52.51,54.63,79.3,80.42,7,2,0,0,50.41
27,2026-07-13,132,26.2,28.0,5145.0,52.76,53.66,63.4,74.42,14,1,0,0,50.41
27,2026-07-20,133,26.2,28.0,5145.0,54.15,52.72,79.7,74.85,21,1,0,0,50.41
27,2026-07-27,134,26.2,28.0,5145.0,54.81,53.56,65.1,71.88,28,1,0,0,50.41
27,2026-08-03,135,26.2,28.0,5145.0,54.67,54.1,63.6,67.95,35,1,0,0,50.41
27,2026-08-10,136,26.2,28.0,5145.0,55.97,54.9,64.7,68.28,42,1,0,0,50.41
27,2026-08-17,137,26.2,28.0,5145.0,55.45,55.22,58.2,62.9,49,1,0,0,50.41
27,2026-08-24,138,26.2,28.0,5145.0,56.2,55.57,51.1,59.4,56,1,0,0,50.41
27,2026-08-31,139,26.2,28.0,5145.0,55.02,55.66,56.1,57.53,63,1,0,0,50.41
27,2026-09-07,140,26.2,28.0,5145.0,56.05,55.68,50.8,54.05,70,1,0,0,50.41
27,2026-09-14,141,26.2,28.0,5145.0,55.86,55.78,47.3,51.32,77,1,0,0,50.41
27,2026-09-21,142,26.2,28.0,5145.0,56.92,55.96,45.7,49.97,84,1,0,0,50.41
27,2026-09-28,143,26.2,28.0,5145.0,56.42,56.31,31.3,43.78,91,0,0,0,50.41
27,2026-10-05,144,26.2,28.0,5145.0,58.56,56.94,37.5,40.45,98,0,0,1,50.41
27,2026-10-12,145,26.2,28.0,5145.0,58.93,57.71,56.7,42.8,105,0,0,0,50.41
27,2026-10-19,146,26.2,28.0,5145.0,49.26,55.79,51.8,44.32,0,1,0,0,50.41
27,2026-10-26,147,26.2,28.0,5145.0,49.32,54.02,30.9,44.22,7,1,0,0,50.41
27,2026-11-02,148,26.2,28.0,5145.0,49.96,51.87,27.8,41.8,14,1,0,0,50.41
27,2026-11-09,149,26.2,28.0,5145.0,48.89,49.36,12.6,30.78,21,1,0,0,50.41
27,2026-11-16,150,26.2,28.0,5145.0,48.42,49.15,17.9,22.3,28,1,0,0,50.41
27,2026-11-23,151,26.2,28.0,5145.0,48.85,49.03,29.2,21.88,35,1,0,0,50.41
27,2026-11-30,152,26.2,28.0,5145.0,50.13,49.07,15.4,18.77,42,1,0,0,50.41
27,2026-12-07,153,26.2,28.0,5145.0,50.0,49.35,31.3,23.45,49,1,0,0,50.41
27,2026-12-14,154,26.2,28.0,5145.0,50.5,49.87,29.3,26.3,56,1,0,0,50.41
28,2026-05-18,124,22.5,17.2,3154.0,13.08,13.32,58.7,58.65,77,1,0,1,48.63
28,2026-05-25,125,22.5,17.2,3154.0,14.4,13.51,76.0,63.32,84,1,0,0,48.63
28,2026-06-01,126,22.5,17.2,3154.0,6.44,11.84,67.0,67.8,0,1,0,0,48.63
28,2026-06-08,127,22.5,17.2,3154.0,8.18,10.52,74.8,69.12,7,1,0,0,48.63
28,2026-06-15,128,22.5,17.2,3154.0,7.98,9.25,87.4,76.3,14,1,0,0,48.63
28,2026-06-22,129,22.5,17.2,3154.0,7.82,7.6,78.0,76.8,21,1,0,0,48.63
28,2026-06-29,130,22.5,17.2,3154.0,8.79,8.19,77.0,79.3,28,1,0,0,48.63
28,2026-07-06,131,22.5,17.2,3154.0,8.73,8.33,79.3,80.42,35,1,0,0,48.63
28,2026-07-13,132,22.5,17.2,3154.0,10.47,8.95,63.4,74.42,42,1,0,0,48.63
28,2026-07-20,133,22.5,17.2,3154.0,10.5,9.62,79.7,74.85,49,1,0,0,48.63
28,2026-07-27,134,22.5,17.2,3154.0,11.23,10.23,65.1,71.88,56,1,0,0,48.63
28,2026-08-03,135,22.5,17.2,3154.0,12.58,11.2,63.6,67.95,63,1,0,0,48.63
28,2026-08-10,136,22.5,17.2,3154.0,12.78,11.77,64.7,68.28,70,1,0,0,48.63
28,2026-08-17,137,22.5,17.2,3154.0,13.78,12.59,58.2,62.9,77,1,0,0,48.63
28,2026-08-24,138,22.5,17.2,3154.0,14.06,13.3,51.1,59.4,84,1,0,0,48.63
28,2026-08-31,139,22.5,17.2,3154.0,15.19,13.95,56.1,57.53,91,0,0,0,48.63
28,2026-09-07,140,22.5,17.2,3154.0,16.36,14.85,50.8,54.05,98,0,0,0,48.63
28,2026-09-14,141,22.5,17.2,3154.0,18.56,16.04,47.3,51.32,105,0,0,0,48.63
28,2026-09-21,142,22.5,17.2,3154.0,20.04,17.54,45.7,49.97,112,0,0,0,48.63
28,2026-09-28,143,22.5,17.2,3154.0,19.13,18.52,31.3,43.78,119,0,0,0,48.63
28,2026-10-05,144,22.5,17.2,3154.0,19.24,19.24,37.5,40.45,126,0,0,0,48.63
28,2026-10-12,145,22.5,17.2,3154.0,19.79,19.55,56.7,42.8,133,0,0,1,48.63
28,2026-10-19,146,22.5,17.2,3154.0,20.77,19.73,51.8,44.32,140,0,0,0,48.63
28,2026-10-26,147,22.5,17.2,3154.0,9.66,17.36,30.9,44.22,0,1,0,0,48.63
28,2026-11-02,148,22.5,17.2,3154.0,8.7,14.73,27.8,41.8,7,1,0,0,48.63
28,2026-11-09,149,22.5,17.2,3154.0,10.84,12.49,12.6,30.78,14,1,0,0,47.04
28,2026-11-16,150,22.5,17.2,3154.0,10.15,9.84,17.9,22.3,21,1,0,0,47.04
28,2026-11-23,151,22.5,17.2,3154.0,10.66,10.09,29.2,21.88,28,1,0,0,48.63
28,2026-11-30,152,22.5,17.2,3154.0,8.23,9.97,15.4,18.77,35,1,0,0,47.04
28,2026-12-07,153,22.5,17.2,3154.0,8.94,9.5,31.3,23.45,42,1,0,0,48.63
28,2026-12-14,154,22.5,17.2,3154.0,9.2,9.26,29.3,26.3,49,1,0,0,48.63
29,2026-05-18,124,14.9,21.0,4727.0,32.36,29.93,58.7,58.65,140,0,0,0,48.26
29,2026-05-25,125,14.9,21.0,4727.0,33.21,31.34,76.0,63.32,147,0,0,0,48.95
29,2026-06-01,126,14.9,21.0,4727.0,34.51,32.72,67.0,67.8,154,0,0,0,48.95
29,2026-06-08,127,14.9,21.0,4727.0,36.09,34.04,74.8,69.12,161,0,0,0,50.8
29,2026-06-15,128,14.9,21.0,4727.0,36.65,35.12,87.4,76.3,168,0,0,0,51.26
29,2026-06-22,129,14.9,21.0,4727.0,38.73,36.49,78.0,76.8,175,0,0,0,51.26
29,2026-06-29,130,14.9,21.0,4727.0,39.82,37.82,77.0,79.3,182,0,0,0,51.26
29,2026-07-06,131,14.9,21.0,4727.0,37.03,38.06,79.3,80.42,189,0,0,0,51.26
29,2026-07-13,132,14.9,21.0,4727.0,37.44,38.25,63.4,74.42,196,0,0,0,51.26
29,2026-07-20,133,14.9,21.0,4727.0,37.52,37.95,79.7,74.85,203,0,0,0,51.26
29,2026-07-27,134,14.9,21.0,4727.0,36.83,37.2,65.1,71.88,210,0,0,0,51.26
29,2026-08-03,135,14.9,21.0,4727.0,36.57,37.09,63.6,67.95,217,0,0,0,51.26
29,2026-08-10,136,14.9,21.0,4727.0,37.0,36.98,64.7,68.28,224,0,0,0,51.26
29,2026-08-17,137,14.9,21.0,4727.0,35.68,36.52,58.2,62.9,231,0,0,0,50.42
29,2026-08-24,138,14.9,21.0,4727.0,34.06,35.83,51.1,59.4,238,0,0,0,50.11
29,2026-08-31,139,14.9,21.0,4727.0,36.2,35.74,56.1,57.53,245,0,0,0,51.26
29,2026-09-07,140,14.9,21.0,4727.0,37.71,35.91,50.8,54.05,252,0,0,0,51.26
29,2026-09-14,141,14.9,21.0,4727.0,38.17,36.54,47.3,51.32,259,0,0,0,51.26
29,2026-09-21,142,14.9,21.0,4727.0,37.63,37.43,45.7,49.97,266,0,0,0,51.26
29,2026-09-28,143,14.9,21.0,4727.0,39.32,38.21,31.3,43.78,273,0,0,0,51.3
29,2026-10-05,144,14.9,21.0,4727.0,39.44,38.64,37.5,40.45,280,0,0,0,51.3
29,2026-10-12,145,14.9,21.0,4727.0,40.31,39.18,56.7,42.8,287,0,0,0,51.3
29,2026-10-19,146,14.9,21.0,4727.0,39.83,39.72,51.8,44.32,294,0,0,0,51.3
29,2026-10-26,147,14.9,21.0,4727.0,38.96,39.64,30.9,44.22,301,0,0,0,51.3
29,2026-11-02,148,14.9,21.0,4727.0,39.59,39.67,27.8,41.8,308,0,0,0,51.3
29,2026-11-09,149,14.9,21.0,4727.0,40.0,39.6,12.6,30.78,315,0,0,0,50.15
29,2026-11-16,150,14.9,21.0,4727.0,38.81,39.34,17.9,22.3,322,0,0,0,50.15
29,2026-11-23,151,14.9,21.0,4727.0,39.38,39.44,29.2,21.88,0,0,0,0,48.57
29,2026-11-30,152,14.9,21.0,4727.0,40.06,39.56,15.4,18.77,7,0,0,0,47.88
29,2026-12-07,153,14.9,21.0,4727.0,39.82,39.52,31.3,23.45,14,0,0,0,48.57
29,2026-12-14,154,14.9,21.0,4727.0,39.84,39.78,29.3,26.3,21,0,0,0,48.57
30,2026-05-18,124,17.3,32.6,5186.0,65.43,65.81,58.7,58.65,126,0,0,0,50.42
30,2026-05-25,125,17.3,32.6,5186.0,64.63,65.22,76.0,63.32,133,0,0,0,50.42
30,2026-06-01,126,17.3,32.6,5186.0,64.73,65.11,67.0,67.8,140,0,0,0,51.0
30,2026-06-08,127,17.3,32.6,5186.0,66.85,65.41,74.8,69.12,147,0,0,0,51.87
30,2026-06-15,128,17.3,32.6,5186.0,68.11,66.08,87.4,76.3,154,0,0,0,51.87
30,2026-06-22,129,17.3,32.6,5186.0,68.93,67.16,78.0,76.8,161,0,0,0,51.87
30,2026-06-29,130,17.3,32.6,5186.0,68.36,68.06,77.0,79.3,168,0,0,0,51.87
30,2026-07-06,131,17.3,32.6,5186.0,67.06,68.12,79.3,80.42,175,0,0,1,51.87
30,2026-07-13,132,17.3,32.6,5186.0,65.93,67.57,63.4,74.42,182,0,0,0,51.87
30,2026-07-20,133,17.3,32.6,5186.0,62.54,65.97,79.7,74.85,0,1,0,0,50.03
30,2026-07-27,134,17.3,32.6,5186.0,62.71,64.56,65.1,71.88,7,1,0,0,50.03
30,2026-08-03,135,17.3,32.6,5186.0,63.79,63.74,63.6,67.95,14,1,0,0,50.03
30,2026-08-10,136,17.3,32.6,5186.0,63.61,63.16,64.7,68.28,21,1,0,0,50.03
30,2026-08-17,137,17.3,32.6,5186.0,63.08,63.3,58.2,62.9,28,1,0,0,50.03
30,2026-08-24,138,17.3,32.6,5186.0,64.84,63.83,51.1,59.4,35,1,0,0,50.03
30,2026-08-31,139,17.3,32.6,5186.0,66.1,64.41,56.1,57.53,42,1,0,0,50.03
30,2026-09-07,140,17.3,32.6,5186.0,66.4,65.1,50.8,54.05,49,1,0,0,50.03
30,2026-09-14,141,17.3,32.6,5186.0,65.64,65.74,47.3,51.32,56,1,0,0,50.03
30,2026-09-21,142,17.3,32.6,5186.0,68.86,66.75,45.7,49.97,63,1,0,0,50.03
30,2026-09-28,143,17.3,32.6,5186.0,70.24,67.78,31.3,43.78,70,1,0,0,50.03
30,2026-10-05,144,17.3,32.6,5186.0,72.28,69.26,37.5,40.45,77,1,0,0,50.03
30,2026-10-12,145,17.3,32.6,5186.0,71.3,70.67,56.7,42.8,84,1,0,0,50.03
30,2026-10-19,146,17.3,32.6,5186.0,71.71,71.38,51.8,44.32,91,0,0,0,50.03
30,2026-10-26,147,17.3,32.6,5186.0,70.92,71.55,30.9,44.22,0,0,0,0,50.03
30,2026-11-02,148,17.3,32.6,5186.0,71.0,71.23,27.8,41.8,7,0,0,0,50.03
30,2026-11-09,149,17.3,32.6,5186.0,72.8,71.61,12.6,30.78,14,0,0,0,50.03
30,2026-11-16,150,17.3,32.6,5186.0,73.96,72.17,17.9,22.3,21,0,0,0,50.03
30,2026-11-23,151,17.3,32.6,5186.0,76.18,73.48,29.2,21.88,28,0,0,0,50.03
30,2026-11-30,152,17.3,32.6,5186.0,76.21,74.79,15.4,18.77,35,0,0,0,50.03
30,2026-12-07,153,17.3,32.6,5186.0,77.1,75.86,31.3,23.45,42,0,0,0,50.03
30,2026-12-14,154,17.3,32.6,5186.0,77.62,76.78,29.3,26.3,49,0,0,0,50.03
31,2026-05-18,124,24.3,4.2,3276.0,43.75,53.84,58.7,58.65,0,1,0,0,50.41
31,2026-05-25,125,24.3,4.2,3276.0,44.63,51.04,76.0,63.32,7,1,0,0,50.41
31,2026-06-01,126,24.3,4.2,3276.0,44.79,47.86,67.0,67.8,14,1,0,0,50.41
31,2026-06-08,127,24.3,4.2,3276.0,46.0,44.79,74.8,69.12,21,1,0,0,50.41
31,2026-06-15,128,24.3,4.2,3276.0,46.63,45.51,87.4,76.3,28,1,0,0,50.41
31,2026-06-22,129,24.3,4.2,3276.0,48.66,46.52,78.0,76.8,35,1,0,0,50.41
31,2026-06-29,130,24.3,4.2,3276.0,50.34,47.91,77.0,79.3,42,1,0,0,50.41
31,2026-07-06,131,24.3,4.2,3276.0,49.12,48.69,79.3,80.42,49,1,0,0,50.41
31,2026-07-13,132,24.3,4.2,3276.0,48.22,49.08,63.4,74.42,56,1,0,0,50.41
31,2026-07-20,133,24.3,4.2,3276.0,48.49,49.04,79.7,74.85,63,1,0,0,50.41
31,2026-07-27,134,24.3,4.2,3276.0,49.93,48.94,65.1,71.88,70,1,0,0,50.41
31,2026-08-03,135,24.3,4.2,3276.0,50.32,49.24,63.6,67.95,77,1,0,0,50.41
31,2026-08-10,136,24.3,4.2,3276.0,51.43,50.04,64.7,68.28,84,1,0,0,50.41
31,2026-08-17,137,24.3,4.2,3276.0,50.7,50.6,58.2,62.9,91,0,0,0,50.41
31,2026-08-24,138,24.3,4.2,3276.0,51.44,50.97,51.1,59.4,98,0,0,0,50.41
31,2026-08-31,139,24.3,4.2,3276.0,52.15,51.43,56.1,57.53,105,0,0,0,50.41
31,2026-09-07,140,24.3,4.2,3276.0,53.67,51.99,50.8,54.05,112,0,0,0,50.41
31,2026-09-14,141,24.3,4.2,3276.0,54.3,52.89,47.3,51.32,119,0,0,0,50.41
31,2026-09-21,142,24.3,4.2,3276.0,54.87,53.75,45.7,49.97,126,0,0,0,50.79
31,2026-09-28,143,24.3,4.2,3276.0,55.0,54.46,31.3,43.78,133,0,0,0,50.79
31,2026-10-05,144,24.3,4.2,3276.0,55.77,54.98,37.5,40.45,140,0,0,0,50.99
31,2026-10-12,145,24.3,4.2,3276.0,53.89,54.88,56.7,42.8,147,0,0,0,51.48
31,2026-10-19,146,24.3,4.2,3276.0,56.58,55.31,51.8,44.32,154,0,0,0,51.48
31,2026-10-26,147,24.3,4.2,3276.0,58.81,56.26,30.9,44.22,161,0,0,0,51.48
31,2026-11-02,148,24.3,4.2,3276.0,60.04,57.33,27.8,41.8,168,0,0,0,51.48
31,2026-11-09,149,24.3,4.2,3276.0,59.07,58.62,12.6,30.78,175,0,0,0,51.87
31,2026-11-16,150,24.3,4.2,3276.0,58.34,59.07,17.9,22.3,182,0,0,0,51.87
31,2026-11-23,151,24.3,4.2,3276.0,57.45,58.72,29.2,21.88,189,0,0,0,52.27
31,2026-11-30,152,24.3,4.2,3276.0,55.83,57.67,15.4,18.77,196,0,0,0,51.89
31,2026-12-07,153,24.3,4.2,3276.0,55.88,56.88,31.3,23.45,203,0,0,0,51.89
31,2026-12-14,154,24.3,4.2,3276.0,54.89,56.01,29.3,26.3,210,0,0,0,51.89
32,2026-05-18,124,21.2,4.1,5503.0,19.59,19.6,58.7,58.65,182,0,0,0,50.11
32,2026-05-25,125,21.2,4.1,5503.0,20.26,19.76,76.0,63.32,189,0,0,0,49.41
32,2026-06-01,126,21.2,4.1,5503.0,22.15,20.36,67.0,67.8,196,0,0,0,49.41
32,2026-06-08,127,21.2,4.1,5503.0,22.26,21.06,74.8,69.12,203,0,0,0,49.41
32,2026-06-15,128,21.2,4.1,5503.0,22.26,21.73,87.4,76.3,210,0,0,0,49.41
32,2026-06-22,129,21.2,4.1,5503.0,23.18,22.46,78.0,76.8,217,0,0,0,49.41
32,2026-06-29,130,21.2,4.1,5503.0,25.71,23.35,77.0,79.3,224,0,0,0,49.41
32,2026-07-06,131,21.2,4.1,5503.0,26.46,24.4,79.3,80.42,231,0,0,0,49.41
32,2026-07-13,132,21.2,4.1,5503.0,27.64,25.75,63.4,74.42,238,0,0,0,49.41
32,2026-07-20,133,21.2,4.1,5503.0,29.25,27.26,79.7,74.85,245,0,0,0,49.41
32,2026-07-27,134,21.2,4.1,5503.0,30.31,28.42,65.1,71.88,252,0,0,0,49.41
32,2026-08-03,135,21.2,4.1,5503.0,33.21,30.1,63.6,67.95,259,0,0,0,49.41
32,2026-08-10,136,21.2,4.1,5503.0,33.54,31.58,64.7,68.28,266,0,0,0,49.41
32,2026-08-17,137,21.2,4.1,5503.0,33.06,32.53,58.2,62.9,273,0,0,0,49.88
32,2026-08-24,138,21.2,4.1,5503.0,33.34,33.29,51.1,59.4,280,0,0,0,50.58
32,2026-08-31,139,21.2,4.1,5503.0,32.88,33.2,56.1,57.53,287,0,0,0,50.58
32,2026-09-07,140,21.2,4.1,5503.0,34.0,33.32,50.8,54.05,294,0,0,0,50.58
32,2026-09-14,141,21.2,4.1,5503.0,34.26,33.62,47.3,51.32,301,0,0,0,50.58
32,2026-09-21,142,21.2,4.1,5503.0,34.25,33.85,45.7,49.97,308,0,0,0,50.58
32,2026-09-28,143,21.2,4.1,5503.0,35.06,34.39,31.3,43.78,315,0,0,0,52.04
32,2026-10-05,144,21.2,4.1,5503.0,34.94,34.63,37.5,40.45,322,0,0,0,50.97
32,2026-10-12,145,21.2,4.1,5503.0,36.32,35.14,56.7,42.8,329,0,0,0,51.73
32,2026-10-19,146,21.2,4.1,5503.0,37.95,36.07,51.8,44.32,336,0,0,0,51.73
32,2026-10-26,147,21.2,4.1,5503.0,38.84,37.01,30.9,44.22,343,0,0,0,51.73
32,2026-11-02,148,21.2,4.1,5503.0,38.9,38.0,27.8,41.8,350,0,0,0,51.73
32,2026-11-09,149,21.2,4.1,5503.0,38.79,38.62,12.6,30.78,357,0,0,0,52.4
32,2026-11-16,150,21.2,4.1,5503.0,38.54,38.77,17.9,22.3,364,0,0,0,52.4
32,2026-11-23,151,21.2,4.1,5503.0,38.39,38.66,29.2,21.88,371,0,0,0,51.73
32,2026-11-30,152,21.2,4.1,5503.0,39.58,38.82,15.4,18.77,378,0,0,0,52.4
32,2026-12-07,153,21.2,4.1,5503.0,41.13,39.41,31.3,23.45,385,0,0,0,51.73
32,2026-12-14,154,21.2,4.1,5503.0,39.93,39.76,29.3,26.3,392,0,0,0,51.73
33,2026-05-18,124,5.8,3.1,3729.0,61.43,60.2,58.7,58.65,182,0,0,0,50.98
33,2026-05-25,125,5.8,3.1,3729.0,55.77,59.25,76.0,63.32,0,1,0,0,50.03
33,2026-06-01,126,5.8,3.1,3729.0,56.69,58.56,67.0,67.8,7,1,0,0,50.03
33,2026-06-08,127,5.8,3.1,3729.0,55.57,57.36,74.8,69.12,14,1,0,0,50.03
33,2026-06-15,128,5.8,3.1,3729.0,55.59,55.9,87.4,76.3,21,1,0,0,50.03
33,2026-06-22,129,5.8,3.1,3729.0,55.46,55.83,78.0,76.8,28,1,0,0,50.03
33,2026-06-29,130,5.8,3.1,3729.0,56.51,55.78,77.0,79.3,35,1,0,0,50.03
33,2026-07-06,131,5.8,3.1,3729.0,60.31,56.97,79.3,80.42,42,1,0,0,50.03
33,2026-07-13,132,5.8,3.1,3729.0,61.01,58.32,63.4,74.42,49,1,0,0,50.03
33,2026-07-20,133,5.8,3.1,3729.0,62.21,60.01,79.7,74.85,56,1,0,0,50.03
33,2026-07-27,134,5.8,3.1,3729.0,62.44,61.49,65.1,71.88,63,1,0,0,50.03
33,2026-08-03,135,5.8,3.1,3729.0,62.85,62.13,63.6,67.95,70,1,0,0,50.03
33,2026-08-10,136,5.8,3.1,3729.0,62.11,62.4,64.7,68.28,77,1,0,0,50.03
33,2026-08-17,137,5.8,3.1,3729.0,62.32,62.43,58.2,62.9,84,1,0,0,50.03
33,2026-08-24,138,5.8,3.1,3729.0,64.24,62.88,51.1,59.4,91,0,0,0,50.03
33,2026-08-31,139,5.8,3.1,3729.0,65.77,63.61,56.1,57.53,98,0,0,0,50.03
33,2026-09-07,140,5.8,3.1,3729.0,66.16,64.62,50.8,54.05,105,0,0,0,50.03
33,2026-09-14,141,5.8,3.1,3729.0,67.88,66.01,47.3,51.32,112,0,0,0,50.03
33,2026-09-21,142,5.8,3.1,3729.0,67.25,66.76,45.7,49.97,119,0,0,0,50.03
33,2026-09-28,143,5.8,3.1,3729.0,66.91,67.05,31.3,43.78,126,0,0,0,50.42
33,2026-10-05,144,5.8,3.1,3729.0,67.97,67.5,37.5,40.45,133,0,0,1,50.42
33,2026-10-12,145,5.8,3.1,3729.0,68.87,67.75,56.7,42.8,140,0,0,0,51.0
33,2026-10-19,146,5.8,3.1,3729.0,63.29,66.76,51.8,44.32,0,1,0,0,50.03
33,2026-10-26,147,5.8,3.1,3729.0,65.88,66.5,30.9,44.22,7,1,0,0,50.03
33,2026-11-02,148,5.8,3.1,3729.0,66.25,66.07,27.8,41.8,14,1,0,0,50.03
33,2026-11-09,149,5.8,3.1,3729.0,66.1,65.38,12.6,30.78,21,1,0,0,50.03
33,2026-11-16,150,5.8,3.1,3729.0,66.74,66.24,17.9,22.3,28,1,0,0,50.03
33,2026-11-23,151,5.8,3.1,3729.0,66.56,66.41,29.2,21.88,35,1,0,0,50.03
33,2026-11-30,152,5.8,3.1,3729.0,67.73,66.78,15.4,18.77,42,1,0,0,50.03
33,2026-12-07,153,5.8,3.1,3729.0,66.65,66.92,31.3,23.45,49,1,0,0,50.03
33,2026-12-14,154,5.8,3.1,3729.0,66.13,66.77,29.3,26.3,56,1,0,0,50.03
34,2026-05-18,124,35.6,23.0,5177.0,54.87,53.34,58.7,58.65,63,1,0,0,50.41
34,2026-05-25,125,35.6,23.0,5177.0,57.58,54.65,76.0,63.32,70,1,0,0,50.41
34,2026-06-01,126,35.6,23.0,5177.0,58.46,56.14,67.0,67.8,77,1,0,1,50.41
34,2026-06-08,127,35.6,23.0,5177.0,59.24,57.54,74.8,69.12,84,1,0,1,50.41
34,2026-06-15,128,35.6,23.0,5177.0,46.53,55.45,87.4,76.3,0,1,0,0,50.41
34,2026-06-22,129,35.6,23.0,5177.0,36.16,50.1,78.0,76.8,0,2,0,0,50.41
34,2026-06-29,130,35.6,23.0,5177.0,37.73,44.92,77.0,79.3,7,2,0,0,50.41
34,2026-07-06,131,35.6,23.0,5177.0,39.15,39.89,79.3,80.42,14,2,0,0,48.95
34,2026-07-13,132,35.6,23.0,5177.0,39.48,38.13,63.4,74.42,21,2,0,0,48.95
34,2026-07-20,133,35.6,23.0,5177.0,40.23,39.15,79.7,74.85,28,2,0,0,48.95
34,2026-07-27,134,35.6,23.0,5177.0,40.4,39.82,65.1,71.88,35,2,0,0,48.95
34,2026-08-03,135,35.6,23.0,5177.0,39.93,40.01,63.6,67.95,42,2,0,0,48.95
34,2026-08-10,136,35.6,23.0,5177.0,41.81,40.59,64.7,68.28,49,2,0,1,48.95
34,2026-08-17,137,35.6,23.0,5177.0,43.99,41.53,58.2,62.9,56,2,0,1,48.95
34,2026-08-24,138,35.6,23.0,5177.0,37.9,40.91,51.1,59.4,0,3,0,0,48.95
34,2026-08-31,139,35.6,23.0,5177.0,30.93,38.66,56.1,57.53,0,4,0,0,48.63
34,2026-09-07,140,35.6,23.0,5177.0,32.6,36.36,50.8,54.05,7,4,0,0,48.63
34,2026-09-14,141,35.6,23.0,5177.0,31.25,33.17,47.3,51.32,14,3,0,0,48.63
34,2026-09-21,142,35.6,23.0,5177.0,30.55,31.33,45.7,49.97,21,2,0,0,48.63
34,2026-09-28,143,35.6,23.0,5177.0,29.59,31.0,31.3,43.78,28,2,0,0,48.63
34,2026-10-05,144,35.6,23.0,5177.0,29.84,30.31,37.5,40.45,35,2,0,0,48.63
34,2026-10-12,145,35.6,23.0,5177.0,29.35,29.83,56.7,42.8,42,2,0,0,48.63
34,2026-10-19,146,35.6,23.0,5177.0,29.85,29.66,51.8,44.32,49,2,0,0,48.63
34,2026-10-26,147,35.6,23.0,5177.0,31.31,30.09,30.9,44.22,56,2,0,0,48.63
34,2026-11-02,148,35.6,23.0,5177.0,31.43,30.48,27.8,41.8,63,2,0,0,48.63
34,2026-11-09,149,35.6,23.0,5177.0,31.98,31.14,12.6,30.78,70,2,0,0,47.04
34,2026-11-16,150,35.6,23.0,5177.0,32.79,31.88,17.9,22.3,77,2,0,0,47.04
34,2026-11-23,151,35.6,23.0,5177.0,32.63,32.21,29.2,21.88,84,1,0,0,48.63
34,2026-11-30,152,35.6,23.0,5177.0,34.11,32.88,15.4,18.77,91,0,0,0,47.04
34,2026-12-07,153,35.6,23.0,5177.0,34.57,33.52,31.3,23.45,98,0,0,0,48.63
34,2026-12-14,154,35.6,23.0,5177.0,36.16,34.37,29.3,26.3,105,0,0,1,48.95
35,2026-05-18,124,38.2,14.7,2373.0,48.53,46.22,58.7,58.65,56,0,0,0,50.69
35,2026-05-25,125,38.2,14.7,2373.0,48.41,47.63,76.0,63.32,63,0,0,0,50.69
35,2026-06-01,126,38.2,14.7,2373.0,47.36,47.97,67.0,67.8,70,0,0,0,50.69
35,2026-06-08,127,38.2,14.7,2373.0,48.83,48.28,74.8,69.12,77,0,0,0,50.69
35,2026-06-15,128,38.2,14.7,2373.0,49.52,48.53,87.4,76.3,84,0,0,0,50.69
35,2026-06-22,129,38.2,14.7,2373.0,51.19,49.22,78.0,76.8,91,0,0,0,50.69
35,2026-06-29,130,38.2,14.7,2373.0,50.54,50.02,77.0,79.3,98,0,0,0,50.69
35,2026-07-06,131,38.2,14.7,2373.0,50.73,50.5,79.3,80.42,105,0,0,1,50.69
35,2026-07-13,132,38.2,14.7,2373.0,51.23,50.92,63.4,74.42,112,0,0,0,50.69
35,2026-07-20,133,38.2,14.7,2373.0,38.98,47.87,79.7,74.85,0,1,0,0,50.69
35,2026-07-27,134,38.2,14.7,2373.0,39.78,45.18,65.1,71.88,7,1,0,0,50.69
35,2026-08-03,135,38.2,14.7,2373.0,41.0,42.75,63.6,67.95,14,1,0,0,48.95
35,2026-08-10,136,38.2,14.7,2373.0,40.6,40.09,64.7,68.28,21,1,0,0,48.95
35,2026-08-17,137,38.2,14.7,2373.0,40.03,40.35,58.2,62.9,28,1,0,0,48.95
35,2026-08-24,138,38.2,14.7,2373.0,42.64,41.07,51.1,59.4,35,1,0,0,48.95
35,2026-08-31,139,38.2,14.7,2373.0,42.86,41.53,56.1,57.53,42,1,0,0,48.95
35,2026-09-07,140,38.2,14.7,2373.0,42.27,41.95,50.8,54.05,49,1,0,0,48.95
35,2026-09-14,141,38.2,14.7,2373.0,42.12,42.47,47.3,51.32,56,1,0,0,48.95
35,2026-09-21,142,38.2,14.7,2373.0,42.79,42.51,45.7,49.97,63,1,0,0,48.95
35,2026-09-28,143,38.2,14.7,2373.0,44.37,42.89,31.3,43.78,70,1,0,0,48.95
35,2026-10-05,144,38.2,14.7,2373.0,45.34,43.66,37.5,40.45,77,1,0,0,48.95
35,2026-10-12,145,38.2,14.7,2373.0,44.91,44.35,56.7,42.8,84,1,0,0,49.6
35,2026-10-19,146,38.2,14.7,2373.0,44.39,44.75,51.8,44.32,91,0,0,0,50.69
35,2026-10-26,147,38.2,14.7,2373.0,43.99,44.66,30.9,44.22,98,0,0,0,50.69
35,2026-11-02,148,38.2,14.7,2373.0,44.29,44.4,27.8,41.8,105,0,0,0,50.23
35,2026-11-09,149,38.2,14.7,2373.0,45.37,44.51,12.6,30.78,112,0,0,0,50.23
35,2026-11-16,150,38.2,14.7,2373.0,45.84,44.87,17.9,22.3,119,0,0,0,50.69
35,2026-11-23,151,38.2,14.7,2373.0,46.08,45.4,29.2,21.88,126,0,0,0,50.77
35,2026-11-30,152,38.2,14.7,2373.0,46.98,46.07,15.4,18.77,133,0,0,0,51.34
35,2026-12-07,153,38.2,14.7,2373.0,48.13,46.76,31.3,23.45,140,0,0,0,51.53
35,2026-12-14,154,38.2,14.7,2373.0,48.45,47.41,29.3,26.3,147,0,0,0,52.02
36,2026-05-18,124,10.2,27.1,3243.0,38.69,37.13,58.7,58.65,63,1,0,0,48.57
36,2026-05-25,125,10.2,27.1,3243.0,37.86,37.62,76.0,63.32,70,1,0,0,48.57
36,2026-06-01,126,10.2,27.1,3243.0,38.51,38.18,67.0,67.8,77,1,0,0,48.57
36,2026-06-08,127,10.2,27.1,3243.0,39.08,38.53,74.8,69.12,84,1,0,0,48.57
36,2026-06-15,128,10.2,27.1,3243.0,40.33,38.94,87.4,76.3,91,0,0,0,48.57
36,2026-06-22,129,10.2,27.1,3243.0,38.93,39.21,78.0,76.8,0,0,0,0,48.57
36,2026-06-29,130,10.2,27.1,3243.0,39.97,39.58,77.0,79.3,7,0,0,0,48.57
36,2026-07-06,131,10.2,27.1,3243.0,39.34,39.64,79.3,80.42,14,0,0,0,48.57
36,2026-07-13,132,10.2,27.1,3243.0,39.86,39.52,63.4,74.42,21,0,0,0,48.57
36,2026-07-20,133,10.2,27.1,3243.0,39.91,39.77,79.7,74.85,28,0,0,0,48.57
36,2026-07-27,134,10.2,27.1,3243.0,40.62,39.93,65.1,71.88,35,0,0,0,48.57
36,2026-08-03,135,10.2,27.1,3243.0,41.94,40.58,63.6,67.95,42,0,0,0,48.57
36,2026-08-10,136,10.2,27.1,3243.0,42.9,41.34,64.7,68.28,49,0,0,0,48.57
36,2026-08-17,137,10.2,27.1,3243.0,44.87,42.58,58.2,62.9,56,0,0,0,48.57
36,2026-08-24,138,10.2,27.1,3243.0,46.32,44.01,51.1,59.4,63,0,0,0,48.94
36,2026-08-31,139,10.2,27.1,3243.0,44.91,44.75,56.1,57.53,70,0,0,0,50.03
36,2026-09-07,140,10.2,27.1,3243.0,46.06,45.54,50.8,54.05,77,0,0,0,50.03
36,2026-09-14,141,10.2,27.1,3243.0,47.25,46.14,47.3,51.32,84,0,0,0,50.03
36,2026-09-21,142,10.2,27.1,3243.0,47.19,46.35,45.7,49.97,91,0,0,0,50.03
36,2026-09-28,143,10.2,27.1,3243.0,47.52,47.0,31.3,43.78,98,0,0,0,50.03
36,2026-10-05,144,10.2,27.1,3243.0,50.11,48.02,37.5,40.45,105,0,0,0,50.03
36,2026-10-12,145,10.2,27.1,3243.0,50.93,48.94,56.7,42.8,112,0,0,0,50.03
36,2026-10-19,146,10.2,27.1,3243.0,52.65,50.3,51.8,44.32,119,0,0,0,50.03
36,2026-10-26,147,10.2,27.1,3243.0,51.23,51.23,30.9,44.22,126,0,0,0,50.11
36,2026-11-02,148,10.2,27.1,3243.0,49.67,51.12,27.8,41.8,133,0,0,0,50.11
36,2026-11-09,149,10.2,27.1,3243.0,49.85,50.85,12.6,30.78,140,0,0,0,50.3
36,2026-11-16,150,10.2,27.1,3243.0,49.13,49.97,17.9,22.3,147,0,0,1,51.17
36,2026-11-23,151,10.2,27.1,3243.0,50.05,49.68,29.2,21.88,154,0,0,0,51.17
36,2026-11-30,152,10.2,27.1,3243.0,42.06,47.77,15.4,18.77,0,1,0,0,50.03
36,2026-12-07,153,10.2,27.1,3243.0,42.45,45.92,31.3,23.45,7,1,0,0,50.03
36,2026-12-14,154,10.2,27.1,3243.0,42.88,44.36,29.3,26.3,14,1,0,0,48.94
37,2026-05-18,124,25.5,23.5,3423.0,53.55,52.88,58.7,58.65,168,0,0,0,51.48
37,2026-05-25,125,25.5,23.5,3423.0,48.78,52.18,76.0,63.32,0,1,0,0,50.41
37,2026-06-01,126,25.5,23.5,3423.0,50.31,51.58,67.0,67.8,7,1,0,0,50.41
37,2026-06-08,127,25.5,23.5,3423.0,51.22,50.96,74.8,69.12,14,1,0,0,50.41
37,2026-06-15,128,25.5,23.5,3423.0,53.28,50.9,87.4,76.3,21,1,0,0,50.41
37,2026-06-22,129,25.5,23.5,3423.0,55.58,52.6,78.0,76.8,28,1,0,0,50.41
37,2026-06-29,130,25.5,23.5,3423.0,57.92,54.5,77.0,79.3,35,1,0,0,50.41
37,2026-07-06,131,25.5,23.5,3423.0,59.66,56.61,79.3,80.42,42,1,0,0,50.41
37,2026-07-13,132,25.5,23.5,3423.0,60.39,58.39,63.4,74.42,49,1,0,0,50.41
37,2026-07-20,133,25.5,23.5,3423.0,59.86,59.46,79.7,74.85,56,1,0,0,50.41
37,2026-07-27,134,25.5,23.5,3423.0,60.88,60.2,65.1,71.88,63,1,0,0,50.41
37,2026-08-03,135,25.5,23.5,3423.0,61.42,60.64,63.6,67.95,70,1,0,0,50.41
37,2026-08-10,136,25.5,23.5,3423.0,61.09,60.81,64.7,68.28,77,1,0,0,50.41
37,2026-08-17,137,25.5,23.5,3423.0,61.63,61.26,58.2,62.9,84,1,0,0,50.41
37,2026-08-24,138,25.5,23.5,3423.0,61.56,61.42,51.1,59.4,91,0,0,0,50.41
37,2026-08-31,139,25.5,23.5,3423.0,62.84,61.78,56.1,57.53,98,0,0,0,50.41
37,2026-09-07,140,25.5,23.5,3423.0,65.48,62.88,50.8,54.05,105,0,0,0,50.41
37,2026-09-14,141,25.5,23.5,3423.0,66.1,64.0,47.3,51.32,112,0,0,0,50.41
37,2026-09-21,142,25.5,23.5,3423.0,67.07,65.37,45.7,49.97,119,0,0,0,50.41
37,2026-09-28,143,25.5,23.5,3423.0,68.33,66.74,31.3,43.78,126,0,0,0,50.79
37,2026-10-05,144,25.5,23.5,3423.0,67.22,67.18,37.5,40.45,133,0,0,0,50.79
37,2026-10-12,145,25.5,23.5,3423.0,68.21,67.71,56.7,42.8,140,0,0,1,51.37
37,2026-10-19,146,25.5,23.5,3423.0,68.33,68.02,51.8,44.32,147,0,0,0,51.87
37,2026-10-26,147,25.5,23.5,3423.0,54.55,64.58,30.9,44.22,0,1,0,0,50.41
37,2026-11-02,148,25.5,23.5,3423.0,54.31,61.35,27.8,41.8,7,1,0,0,50.41
37,2026-11-09,149,25.5,23.5,3423.0,53.34,57.63,12.6,30.78,14,1,0,0,50.41
37,2026-11-16,150,25.5,23.5,3423.0,53.0,53.8,17.9,22.3,21,1,0,1,50.41
37,2026-11-23,151,25.5,23.5,3423.0,53.07,53.43,29.2,21.88,28,1,0,0,50.41
37,2026-11-30,152,25.5,23.5,3423.0,37.39,49.2,15.4,18.77,0,2,0,0,50.41
37,2026-12-07,153,25.5,23.5,3423.0,37.05,45.13,31.3,23.45,7,2,0,0,50.41
37,2026-12-14,154,25.5,23.5,3423.0,37.19,41.18,29.3,26.3,14,2,0,0,48.95
38,2026-05-18,124,9.0,11.7,1077.0,54.96,53.48,58.7,58.65,63,0,0,0,50.03
38,2026-05-25,125,9.0,11.7,1077.0,57.25,54.88,76.0,63.32,70,0,0,0,50.03
38,2026-06-01,126,9.0,11.7,1077.0,57.63,56.0,67.0,67.8,77,0,0,0,50.03
38,2026-06-08,127,9.0,11.7,1077.0,57.21,56.76,74.8,69.12,84,0,0,0,50.03
38,2026-06-15,128,9.0,11.7,1077.0,58.37,57.61,87.4,76.3,91,0,0,0,50.03
38,2026-06-22,129,9.0,11.7,1077.0,59.43,58.16,78.0,76.8,98,0,0,0,50.03
38,2026-06-29,130,9.0,11.7,1077.0,59.87,58.72,77.0,79.3,105,0,0,0,50.03
38,2026-07-06,131,9.0,11.7,1077.0,61.02,59.67,79.3,80.42,112,0,0,0,50.03
38,2026-07-13,132,9.0,11.7,1077.0,61.42,60.43,63.4,74.42,119,0,0,0,50.03
38,2026-07-20,133,9.0,11.7,1077.0,60.88,60.8,79.7,74.85,126,0,0,0,50.42
38,2026-07-27,134,9.0,11.7,1077.0,60.84,61.04,65.1,71.88,133,0,0,0,50.42
38,2026-08-03,135,9.0,11.7,1077.0,61.57,61.18,63.6,67.95,140,0,0,0,51.0
38,2026-08-10,136,9.0,11.7,1077.0,62.35,61.41,64.7,68.28,147,0,0,0,51.87
38,2026-08-17,137,9.0,11.7,1077.0,62.76,61.88,58.2,62.9,154,0,0,0,51.87
38,2026-08-24,138,9.0,11.7,1077.0,63.43,62.53,51.1,59.4,161,0,0,0,51.87
38,2026-08-31,139,9.0,11.7,1077.0,64.64,63.3,56.1,57.53,168,0,0,0,51.87
38,2026-09-07,140,9.0,11.7,1077.0,63.91,63.68,50.8,54.05,175,0,0,0,51.87
38,2026-09-14,141,9.0,11.7,1077.0,64.51,64.12,47.3,51.32,182,0,0,0,51.87
38,2026-09-21,142,9.0,11.7,1077.0,65.67,64.68,45.7,49.97,189,0,0,0,52.27
38,2026-09-28,143,9.0,11.7,1077.0,66.16,65.06,31.3,43.78,196,0,0,0,52.27
38,2026-10-05,144,9.0,11.7,1077.0,65.49,65.46,37.5,40.45,203,0,0,0,52.27
38,2026-10-12,145,9.0,11.7,1077.0,66.53,65.96,56.7,42.8,210,0,0,0,52.27
38,2026-10-19,146,9.0,11.7,1077.0,65.27,65.86,51.8,44.32,217,0,0,0,52.27
38,2026-10-26,147,9.0,11.7,1077.0,64.62,65.48,30.9,44.22,224,0,0,1,52.27
38,2026-11-02,148,9.0,11.7,1077.0,65.21,65.41,27.8,41.8,231,0,0,0,52.27
38,2026-11-09,149,9.0,11.7,1077.0,59.31,63.6,12.6,30.78,0,1,0,0,50.03
38,2026-11-16,150,9.0,11.7,1077.0,60.05,62.3,17.9,22.3,7,1,0,0,50.03
38,2026-11-23,151,9.0,11.7,1077.0,58.41,60.74,29.2,21.88,14,1,0,0,50.03
38,2026-11-30,152,9.0,11.7,1077.0,58.68,59.11,15.4,18.77,21,1,0,0,50.03
38,2026-12-07,153,9.0,11.7,1077.0,58.7,58.96,31.3,23.45,28,1,0,1,50.03
38,2026-12-14,154,9.0,11.7,1077.0,58.39,58.54,29.3,26.3,35,1,0,0,50.03
39,2026-05-18,124,29.9,31.4,2692.0,37.92,38.16,58.7,58.65,105,0,0,0,48.95
39,2026-05-25,125,29.9,31.4,2692.0,38.29,37.89,76.0,63.32,112,0,0,0,48.95
39,2026-06-01,126,29.9,31.4,2692.0,38.67,38.07,67.0,67.8,119,0,0,0,48.95
39,2026-06-08,127,29.9,31.4,2692.0,39.15,38.51,74.8,69.12,126,0,0,0,49.65
39,2026-06-15,128,29.9,31.4,2692.0,39.52,38.91,87.4,76.3,133,0,0,0,49.65
39,2026-06-22,129,29.9,31.4,2692.0,40.38,39.43,78.0,76.8,140,0,0,0,50.31
39,2026-06-29,130,29.9,31.4,2692.0,40.55,39.9,77.0,79.3,147,0,0,0,50.8
39,2026-07-06,131,29.9,31.4,2692.0,41.83,40.57,79.3,80.42,154,0,0,0,50.8
39,2026-07-13,132,29.9,31.4,2692.0,45.09,41.96,63.4,74.42,161,0,0,0,50.8
39,2026-07-20,133,29.9,31.4,2692.0,44.88,43.09,79.7,74.85,168,0,0,1,51.26
39,2026-07-27,134,29.9,31.4,2692.0,46.01,44.45,65.1,71.88,175,0,0,0,51.17
39,2026-08-03,135,29.9,31.4,2692.0,37.53,43.38,63.6,67.95,0,1,0,0,48.95
39,2026-08-10,136,29.9,31.4,2692.0,38.87,41.82,64.7,68.28,7,1,0,0,48.95
39,2026-08-17,137,29.9,31.4,2692.0,38.49,40.22,58.2,62.9,14,1,0,0,48.95
39,2026-08-24,138,29.9,31.4,2692.0,39.41,38.58,51.1,59.4,21,1,0,1,48.95
39,2026-08-31,139,29.9,31.4,2692.0,40.53,39.33,56.1,57.53,28,1,0,0,48.95
39,2026-09-07,140,29.9,31.4,2692.0,35.7,38.53,50.8,54.05,0,2,0,0,48.81
39,2026-09-14,141,29.9,31.4,2692.0,35.98,37.9,47.3,51.32,7,2,0,0,48.95
39,2026-09-21,142,29.9,31.4,2692.0,34.26,36.62,45.7,49.97,14,2,0,0,48.63
39,2026-09-28,143,29.9,31.4,2692.0,35.67,35.4,31.3,43.78,21,2,0,0,48.81
39,2026-10-05,144,29.9,31.4,2692.0,36.02,35.48,37.5,40.45,28,2,0,0,48.95
39,2026-10-12,145,29.9,31.4,2692.0,36.22,35.54,56.7,42.8,35,2,0,0,48.95
39,2026-10-19,146,29.9,31.4,2692.0,36.93,36.21,51.8,44.32,42,2,0,0,48.95
39,2026-10-26,147,29.9,31.4,2692.0,38.0,36.79,30.9,44.22,49,2,0,0,48.95
39,2026-11-02,148,29.9,31.4,2692.0,36.37,36.88,27.8,41.8,56,1,0,0,48.95
39,2026-11-09,149,29.9,31.4,2692.0,35.42,36.68,12.6,30.78,63,1,0,0,47.04
39,2026-11-16,150,29.9,31.4,2692.0,34.42,36.05,17.9,22.3,70,1,0,0,47.04
39,2026-11-23,151,29.9,31.4,2692.0,35.02,35.31,29.2,21.88,77,1,0,0,48.63
39,2026-11-30,152,29.9,31.4,2692.0,34.74,34.9,15.4,18.77,84,1,0,0,47.04
39,2026-12-07,153,29.9,31.4,2692.0,34.25,34.61,31.3,23.45,91,0,0,0,48.63
39,2026-12-14,154,29.9,31.4,2692.0,35.25,34.82,29.3,26.3,98,0,0,0,48.63
40,2026-05-18,124,15.4,26.7,5545.0,60.39,58.83,58.7,58.65,56,1,0,0,50.03
40,2026-05-25,125,15.4,26.7,5545.0,60.01,59.47,76.0,63.32,63,1,0,0,50.03
40,2026-06-01,126,15.4,26.7,5545.0,59.19,59.69,67.0,67.8,70,1,0,0,50.03
40,2026-06-08,127,15.4,26.7,5545.0,61.15,60.18,74.8,69.12,77,1,0,0,50.03
40,2026-06-15,128,15.4,26.7,5545.0,62.81,60.79,87.4,76.3,84,1,0,0,50.03
40,2026-06-22,129,15.4,26.7,5545.0,61.67,61.2,78.0,76.8,91,0,0,0,50.03
40,2026-06-29,130,15.4,26.7,5545.0,62.47,62.03,77.0,79.3,98,0,0,0,50.03
40,2026-07-06,131,15.4,26.7,5545.0,64.2,62.79,79.3,80.42,105,0,0,0,50.03
40,2026-07-13,132,15.4,26.7,5545.0,63.7,63.01,63.4,74.42,112,0,0,0,50.03
40,2026-07-20,133,15.4,26.7,5545.0,65.38,63.94,79.7,74.85,119,0,0,0,50.03
40,2026-07-27,134,15.4,26.7,5545.0,65.42,64.68,65.1,71.88,126,0,0,0,50.42
40,2026-08-03,135,15.4,26.7,5545.0,67.6,65.53,63.6,67.95,133,0,0,0,50.42
40,2026-08-10,136,15.4,26.7,5545.0,67.59,66.5,64.7,68.28,140,0,0,0,51.0
40,2026-08-17,137,15.4,26.7,5545.0,68.41,67.26,58.2,62.9,147,0,0,0,51.87
40,2026-08-24,138,15.4,26.7,5545.0,68.22,67.96,51.1,59.4,154,0,0,0,51.87
40,2026-08-31,139,15.4,26.7,5545.0,70.56,68.69,56.1,57.53,161,0,0,0,51.87
40,2026-09-07,140,15.4,26.7,5545.0,71.64,69.71,50.8,54.05,168,0,0,0,51.87
40,2026-09-14,141,15.4,26.7,5545.0,71.46,70.47,47.3,51.32,175,0,0,0,51.87
40,2026-09-21,142,15.4,26.7,5545.0,71.31,71.24,45.7,49.97,182,0,0,0,51.87
40,2026-09-28,143,15.4,26.7,5545.0,71.38,71.45,31.3,43.78,189,0,0,0,52.27
40,2026-10-05,144,15.4,26.7,5545.0,72.45,71.65,37.5,40.45,196,0,0,0,52.27
40,2026-10-12,145,15.4,26.7,5545.0,72.7,71.96,56.7,42.8,203,0,0,0,52.27
40,2026-10-19,146,15.4,26.7,5545.0,74.15,72.67,51.8,44.32,210,0,0,0,52.27
40,2026-10-26,147,15.4,26.7,5545.0,75.42,73.68,30.9,44.22,217,0,0,0,52.27
40,2026-11-02,148,15.4,26.7,5545.0,74.4,74.17,27.8,41.8,224,0,0,0,52.27
40,2026-11-09,149,15.4,26.7,5545.0,74.78,74.69,12.6,30.78,231,0,0,1,52.27
40,2026-11-16,150,15.4,26.7,5545.0,75.6,75.05,17.9,22.3,238,0,0,0,52.27
40,2026-11-23,151,15.4,26.7,5545.0,67.67,73.11,29.2,21.88,0,1,0,0,50.03
40,2026-11-30,152,15.4,26.7,5545.0,67.48,71.38,15.4,18.77,7,1,0,0,50.03
40,2026-12-07,153,15.4,26.7,5545.0,66.8,69.39,31.3,23.45,14,1,0,0,50.03
40,2026-12-14,154,15.4,26.7,5545.0,67.03,67.24,29.3,26.3,21,1,0,0,50.03
41,2026-05-18,124,29.4,9.5,3970.0,65.6,65.21,58.7,58.65,14,1,0,0,50.41
41,2026-05-25,125,29.4,9.5,3970.0,66.15,65.43,76.0,63.32,21,0,0,0,50.41
41,2026-06-01,126,29.4,9.5,3970.0,67.27,66.02,67.0,67.8,28,0,0,0,50.41
41,2026-06-08,127,29.4,9.5,3970.0,67.79,66.7,74.8,69.12,35,0,0,0,50.41
41,2026-06-15,128,29.4,9.5,3970.0,70.82,68.01,87.4,76.3,42,0,0,0,50.41
41,2026-06-22,129,29.4,9.5,3970.0,69.39,68.82,78.0,76.8,49,0,0,0,50.41
41,2026-06-29,130,29.4,9.5,3970.0,71.15,69.79,77.0,79.3,56,0,0,0,50.41
41,2026-07-06,131,29.4,9.5,3970.0,72.65,71.0,79.3,80.42,63,0,0,0,50.41
41,2026-07-13,132,29.4,9.5,3970.0,74.41,71.9,63.4,74.42,70,0,0,0,50.41
41,2026-07-20,133,29.4,9.5,3970.0,75.72,73.48,79.7,74.85,77,0,0,0,50.41
41,2026-07-27,134,29.4,9.5,3970.0,75.9,74.67,65.1,71.88,84,0,0,0,50.41
41,2026-08-03,135,29.4,9.5,3970.0,77.11,75.78,63.6,67.95,91,0,0,0,50.41
41,2026-08-10,136,29.4,9.5,3970.0,77.33,76.52,64.7,68.28,98,0,0,0,50.41
41,2026-08-17,137,29.4,9.5,3970.0,79.68,77.5,58.2,62.9,105,0,0,0,50.41
41,2026-08-24,138,29.4,9.5,3970.0,81.83,78.99,51.1,59.4,112,0,0,0,50.41
41,2026-08-31,139,29.4,9.5,3970.0,81.19,80.01,56.1,57.53,119,0,0,0,50.41
41,2026-09-07,140,29.4,9.5,3970.0,83.93,81.66,50.8,54.05,126,0,0,0,50.79
41,2026-09-14,141,29.4,9.5,3970.0,85.0,82.99,47.3,51.32,133,0,0,0,50.79
41,2026-09-21,142,29.4,9.5,3970.0,85.0,83.78,45.7,49.97,140,0,0,1,51.37
41,2026-09-28,143,29.4,9.5,3970.0,83.86,84.45,31.3,43.78,147,0,0,0,51.87
41,2026-10-05,144,29.4,9.5,3970.0,70.55,81.1,37.5,40.45,0,1,0,0,50.41
41,2026-10-12,145,29.4,9.5,3970.0,71.97,77.84,56.7,42.8,7,1,0,0,50.41
41,2026-10-19,146,29.4,9.5,3970.0,71.19,74.39,51.8,44.32,14,1,0,0,50.41
41,2026-10-26,147,29.4,9.5,3970.0,72.85,71.64,30.9,44.22,21,1,0,0,50.41
41,2026-11-02,148,29.4,9.5,3970.0,72.25,72.06,27.8,41.8,28,1,0,0,50.41
41,2026-11-09,149,29.4,9.5,3970.0,72.89,72.3,12.6,30.78,35,1,0,0,50.41
41,2026-11-16,150,29.4,9.5,3970.0,72.06,72.51,17.9,22.3,42,1,0,0,50.41
41,2026-11-23,151,29.4,9.5,3970.0,72.04,72.31,29.2,21.88,49,1,0,0,50.41
41,2026-11-30,152,29.4,9.5,3970.0,71.46,72.11,15.4,18.77,56,1,0,0,50.41
41,2026-12-07,153,29.4,9.5,3970.0,73.01,72.14,31.3,23.45,63,1,0,0,50.41
41,2026-12-14,154,29.4,9.5,3970.0,72.7,72.3,29.3,26.3,70,1,0,0,50.41
42,2026-05-18,124,31.9,12.7,1476.0,50.99,50.8,58.7,58.65,98,0,0,0,50.41
42,2026-05-25,125,31.9,12.7,1476.0,51.66,51.17,76.0,63.32,105,0,0,1,50.41
42,2026-06-01,126,31.9,12.7,1476.0,53.0,51.89,67.0,67.8,112,0,0,0,50.41
42,2026-06-08,127,31.9,12.7,1476.0,44.3,49.99,74.8,69.12,0,1,0,0,50.41
42,2026-06-15,128,31.9,12.7,1476.0,44.25,48.3,87.4,76.3,7,1,0,0,50.41
42,2026-06-22,129,31.9,12.7,1476.0,47.08,47.16,78.0,76.8,14,1,0,0,50.41
42,2026-06-29,130,31.9,12.7,1476.0,48.8,46.11,77.0,79.3,21,1,0,0,50.41
42,2026-07-06,131,31.9,12.7,1476.0,50.33,47.62,79.3,80.42,28,1,0,0,50.41
42,2026-07-13,132,31.9,12.7,1476.0,48.13,48.58,63.4,74.42,35,1,0,0,50.41
42,2026-07-20,133,31.9,12.7,1476.0,47.78,48.76,79.7,74.85,42,1,0,0,50.41
42,2026-07-27,134,31.9,12.7,1476.0,48.65,48.72,65.1,71.88,49,1,0,0,50.41
42,2026-08-03,135,31.9,12.7,1476.0,49.54,48.52,63.6,67.95,56,1,0,0,50.41
42,2026-08-10,136,31.9,12.7,1476.0,49.78,48.94,64.7,68.28,63,1,0,0,50.41
42,2026-08-17,137,31.9,12.7,1476.0,52.04,50.0,58.2,62.9,70,1,0,0,50.41
42,2026-08-24,138,31.9,12.7,1476.0,51.78,50.78,51.1,59.4,77,1,0,0,50.41
42,2026-08-31,139,31.9,12.7,1476.0,54.0,51.9,56.1,57.53,84,1,0,0,50.41
42,2026-09-07,140,31.9,12.7,1476.0,56.37,53.55,50.8,54.05,91,0,0,0,50.41
42,2026-09-14,141,31.9,12.7,1476.0,56.05,54.55,47.3,51.32,98,0,0,0,50.41
42,2026-09-21,142,31.9,12.7,1476.0,56.94,55.84,45.7,49.97,105,0,0,0,50.41
42,2026-09-28,143,31.9,12.7,1476.0,57.84,56.8,31.3,43.78,112,0,0,0,50.41
42,2026-10-05,144,31.9,12.7,1476.0,57.72,57.14,37.5,40.45,119,0,0,0,50.41
42,2026-10-12,145,31.9,12.7,1476.0,58.43,57.73,56.7,42.8,126,0,0,0,50.79
42,2026-10-19,146,31.9,12.7,1476.0,59.36,58.34,51.8,44.32,133,0,0,0,50.79
42,2026-10-26,147,31.9,12.7,1476.0,61.22,59.18,30.9,44.22,140,0,0,0,51.37
42,2026-11-02,148,31.9,12.7,1476.0,61.84,60.21,27.8,41.8,147,0,0,0,51.87
42,2026-11-09,149,31.9,12.7,1476.0,64.07,61.62,12.6,30.78,154,0,0,0,51.87
42,2026-11-16,150,31.9,12.7,1476.0,65.78,63.23,17.9,22.3,161,0,0,1,51.87
42,2026-11-23,151,31.9,12.7,1476.0,64.95,64.16,29.2,21.88,168,0,0,1,51.87
42,2026-11-30,152,31.9,12.7,1476.0,53.62,62.1,15.4,18.77,0,1,0,0,50.41
42,2026-12-07,153,31.9,12.7,1476.0,47.06,57.85,31.3,23.45,0,2,0,0,50.41
42,2026-12-14,154,31.9,12.7,1476.0,48.4,53.51,29.3,26.3,7,2,0,0,50.41
43,2026-05-18,124,33.4,11.0,2364.0,70.42,68.68,58.7,58.65,147,0,0,0,51.87
43,2026-05-25,125,33.4,11.0,2364.0,70.6,69.61,76.0,63.32,154,0,0,1,51.87
43,2026-06-01,126,33.4,11.0,2364.0,70.86,70.25,67.0,67.8,161,0,0,0,51.87
43,2026-06-08,127,33.4,11.0,2364.0,65.38,69.32,74.8,69.12,0,1,0,0,50.41
43,2026-06-15,128,33.4,11.0,2364.0,65.64,68.12,87.4,76.3,7,1,0,0,50.41
43,2026-06-22,129,33.4,11.0,2364.0,67.26,67.28,78.0,76.8,14,1,0,0,50.41
43,2026-06-29,130,33.4,11.0,2364.0,69.26,66.88,77.0,79.3,21,1,0,0,50.41
43,2026-07-06,131,33.4,11.0,2364.0,70.85,68.25,79.3,80.42,28,1,0,0,50.41
43,2026-07-13,132,33.4,11.0,2364.0,72.0,69.84,63.4,74.42,35,1,0,0,50.41
43,2026-07-20,133,33.4,11.0,2364.0,71.12,70.81,79.7,74.85,42,1,0,1,50.41
43,2026-07-27,134,33.4,11.0,2364.0,73.03,71.75,65.1,71.88,49,1,0,0,50.41
43,2026-08-03,135,33.4,11.0,2364.0,66.81,70.74,63.6,67.95,0,2,0,0,50.41
43,2026-08-10,136,33.4,11.0,2364.0,67.18,69.54,64.7,68.28,7,2,0,0,50.41
43,2026-08-17,137,33.4,11.0,2364.0,67.98,68.75,58.2,62.9,14,2,0,0,50.41
43,2026-08-24,138,33.4,11.0,2364.0,66.73,67.18,51.1,59.4,21,2,0,0,50.41
43,2026-08-31,139,33.4,11.0,2364.0,65.88,66.94,56.1,57.53,28,2,0,0,50.41
43,2026-09-07,140,33.4,11.0,2364.0,66.91,66.88,50.8,54.05,35,1,0,0,50.41
43,2026-09-14,141,33.4,11.0,2364.0,67.55,66.77,47.3,51.32,42,1,0,0,50.41
43,2026-09-21,142,33.4,11.0,2364.0,67.15,66.87,45.7,49.97,49,1,0,0,50.41
43,2026-09-28,143,33.4,11.0,2364.0,68.06,67.42,31.3,43.78,56,1,0,0,50.41
43,2026-10-05,144,33.4,11.0,2364.0,67.24,67.5,37.5,40.45,63,1,0,0,50.41
43,2026-10-12,145,33.4,11.0,2364.0,68.05,67.62,56.7,42.8,70,1,0,0,50.41
43,2026-10-19,146,33.4,11.0,2364.0,68.83,68.04,51.8,44.32,77,1,0,0,50.41
43,2026-10-26,147,33.4,11.0,2364.0,69.65,68.44,30.9,44.22,84,1,0,0,50.41
43,2026-11-02,148,33.4,11.0,2364.0,69.62,69.04,27.8,41.8,91,0,0,0,50.41
43,2026-11-09,149,33.4,11.0,2364.0,69.27,69.34,12.6,30.78,0,0,0,0,50.41
43,2026-11-16,150,33.4,11.0,2364.0,70.67,69.8,17.9,22.3,7,0,0,0,50.41
43,2026-11-23,151,33.4,11.0,2364.0,71.79,70.34,29.2,21.88,14,0,0,0,50.41
43,2026-11-30,152,33.4,11.0,2364.0,71.51,70.81,15.4,18.77,21,0,0,1,50.41
43,2026-12-07,153,33.4,11.0,2364.0,72.84,71.7,31.3,23.45,28,0,0,0,50.41
43,2026-12-14,154,33.4,11.0,2364.0,61.96,69.53,29.3,26.3,0,1,0,0,50.41
44,2026-05-18,124,9.0,5.5,1554.0,22.75,22.5,58.7,58.65,21,1,0,0,48.26
44,2026-05-25,125,9.0,5.5,1554.0,22.68,22.9,76.0,63.32,28,1,0,0,48.26
44,2026-06-01,126,9.0,5.5,1554.0,23.42,23.1,67.0,67.8,35,1,0,0,48.26
44,2026-06-08,127,9.0,5.5,1554.0,23.56,23.1,74.8,69.12,42,1,0,0,48.26
44,2026-06-15,128,9.0,5.5,1554.0,23.61,23.32,87.4,76.3,49,1,0,0,48.26
44,2026-06-22,129,9.0,5.5,1554.0,25.14,23.93,78.0,76.8,56,1,0,0,48.26
44,2026-06-29,130,9.0,5.5,1554.0,25.89,24.55,77.0,79.3,63,1,0,0,48.26
44,2026-07-06,131,9.0,5.5,1554.0,27.6,25.56,79.3,80.42,70,1,0,0,48.26
44,2026-07-13,132,9.0,5.5,1554.0,27.52,26.54,63.4,74.42,0,1,0,0,48.26
44,2026-07-20,133,9.0,5.5,1554.0,27.6,27.15,79.7,74.85,7,1,0,0,48.26
44,2026-07-27,134,9.0,5.5,1554.0,26.38,27.28,65.1,71.88,14,0,0,0,48.26
44,2026-08-03,135,9.0,5.5,1554.0,27.37,27.22,63.6,67.95,21,0,0,0,48.26
44,2026-08-10,136,9.0,5.5,1554.0,27.13,27.12,64.7,68.28,28,0,0,0,48.26
44,2026-08-17,137,9.0,5.5,1554.0,26.38,26.82,58.2,62.9,35,0,0,0,48.26
44,2026-08-24,138,9.0,5.5,1554.0,27.81,27.17,51.1,59.4,42,0,0,0,48.26
44,2026-08-31,139,9.0,5.5,1554.0,30.45,27.94,56.1,57.53,49,0,0,0,48.26
44,2026-09-07,140,9.0,5.5,1554.0,31.23,28.97,50.8,54.05,56,0,0,0,48.26
44,2026-09-14,141,9.0,5.5,1554.0,32.33,30.46,47.3,51.32,63,0,0,0,48.26
44,2026-09-21,142,9.0,5.5,1554.0,32.16,31.54,45.7,49.97,70,0,0,0,48.26
44,2026-09-28,143,9.0,5.5,1554.0,32.12,31.96,31.3,43.78,77,0,0,0,48.26
44,2026-10-05,144,9.0,5.5,1554.0,31.23,31.96,37.5,40.45,84,0,0,0,48.26
44,2026-10-12,145,9.0,5.5,1554.0,31.29,31.7,56.7,42.8,91,0,0,0,48.26
44,2026-10-19,146,9.0,5.5,1554.0,31.88,31.63,51.8,44.32,98,0,0,0,48.26
44,2026-10-26,147,9.0,5.5,1554.0,32.14,31.64,30.9,44.22,105,0,0,0,48.26
44,2026-11-02,148,9.0,5.5,1554.0,33.02,32.08,27.8,41.8,112,0,0,0,48.26
44,2026-11-09,149,9.0,5.5,1554.0,32.5,32.38,12.6,30.78,119,0,0,0,46.67
44,2026-11-16,150,9.0,5.5,1554.0,31.65,32.33,17.9,22.3,126,0,0,0,46.67
44,2026-11-23,151,9.0,5.5,1554.0,32.01,32.3,29.2,21.88,133,0,0,0,48.26
44,2026-11-30,152,9.0,5.5,1554.0,33.06,32.3,15.4,18.77,140,0,0,0,46.67
44,2026-12-07,153,9.0,5.5,1554.0,33.35,32.52,31.3,23.45,147,0,0,0,49.65
44,2026-12-14,154,9.0,5.5,1554.0,32.74,32.79,29.3,26.3,154,0,0,0,49.65
45,2026-05-18,124,58.2,34.6,6530.0,48.51,47.14,58.7,58.65,336,0,1,0,52.06
45,2026-05-25,125,58.2,34.6,6530.0,49.81,48.14,76.0,63.32,343,0,1,0,52.06
45,2026-06-01,126,58.2,34.6,6530.0,50.14,48.96,67.0,67.8,350,0,1,1,52.06
45,2026-06-08,127,58.2,34.6,6530.0,50.35,49.7,74.8,69.12,357,0,1,0,52.06
45,2026-06-15,128,58.2,34.6,6530.0,38.56,47.22,87.4,76.3,0,1,1,0,51.7
45,2026-06-22,129,58.2,34.6,6530.0,38.72,44.44,78.0,76.8,7,1,1,0,51.24
45,2026-06-29,130,58.2,34.6,6530.0,38.94,41.64,77.0,79.3,14,1,1,0,49.28
45,2026-07-06,131,58.2,34.6,6530.0,40.18,39.1,79.3,80.42,21,1,1,0,49.28
45,2026-07-13,132,58.2,34.6,6530.0,41.55,39.85,63.4,74.42,28,1,1,0,49.28
45,2026-07-20,133,58.2,34.6,6530.0,41.25,40.48,79.7,74.85,35,1,1,0,49.28
45,2026-07-27,134,58.2,34.6,6530.0,41.27,41.06,65.1,71.88,42,1,1,0,49.28
45,2026-08-03,135,58.2,34.6,6530.0,39.78,40.96,63.6,67.95,49,1,1,0,49.28
45,2026-08-10,136,58.2,34.6,6530.0,41.73,41.01,64.7,68.28,56,1,1,0,49.28
45,2026-08-17,137,58.2,34.6,6530.0,42.3,41.27,58.2,62.9,63,1,1,0,49.28
45,2026-08-24,138,58.2,34.6,6530.0,44.89,42.18,51.1,59.4,70,1,1,0,49.28
45,2026-08-31,139,58.2,34.6,6530.0,45.87,43.7,56.1,57.53,77,1,1,0,49.28
45,2026-09-07,140,58.2,34.6,6530.0,45.17,44.56,50.8,54.05,84,1,1,0,51.02
45,2026-09-14,141,58.2,34.6,6530.0,47.14,45.77,47.3,51.32,91,0,1,0,51.02
45,2026-09-21,142,58.2,34.6,6530.0,46.89,46.27,45.7,49.97,98,0,1,1,51.02
45,2026-09-28,143,58.2,34.6,6530.0,46.09,46.32,31.3,43.78,105,0,1,0,51.02
45,2026-10-05,144,58.2,34.6,6530.0,35.52,43.91,37.5,40.45,0,1,1,0,49.64
45,2026-10-12,145,58.2,34.6,6530.0,34.88,40.84,56.7,42.8,7,1,1,0,49.64
45,2026-10-19,146,58.2,34.6,6530.0,34.08,37.64,51.8,44.32,14,1,1,0,48.96
45,2026-10-26,147,58.2,34.6,6530.0,35.46,34.98,30.9,44.22,21,1,1,0,48.96
45,2026-11-02,148,58.2,34.6,6530.0,36.59,35.25,27.8,41.8,28,1,1,0,49.28
45,2026-11-09,149,58.2,34.6,6530.0,35.9,35.51,12.6,30.78,35,1,1,0,48.59
45,2026-11-16,150,58.2,34.6,6530.0,34.54,35.62,17.9,22.3,42,1,1,0,47.37
45,2026-11-23,151,58.2,34.6,6530.0,34.51,35.38,29.2,21.88,0,1,1,0,49.64
45,2026-11-30,152,58.2,34.6,6530.0,35.55,35.12,15.4,18.77,7,1,1,0,48.05
45,2026-12-07,153,58.2,34.6,6530.0,35.93,35.13,31.3,23.45,14,1,1,0,49.28
45,2026-12-14,154,58.2,34.6,6530.0,35.08,35.27,29.3,26.3,21,1,1,0,48.96
46,2026-05-18,124,13.5,32.8,5601.0,47.54,47.84,58.7,58.65,112,0,0,0,50.03
46,2026-05-25,125,13.5,32.8,5601.0,47.6,47.65,76.0,63.32,119,0,0,0,50.03
46,2026-06-01,126,13.5,32.8,5601.0,49.44,48.18,67.0,67.8,126,0,0,0,50.11
46,2026-06-08,127,13.5,32.8,5601.0,49.27,48.46,74.8,69.12,133,0,0,0,50.11
46,2026-06-15,128,13.5,32.8,5601.0,50.32,49.16,87.4,76.3,140,0,0,1,50.3
46,2026-06-22,129,13.5,32.8,5601.0,49.59,49.66,78.0,76.8,147,0,0,0,51.17
46,2026-06-29,130,13.5,32.8,5601.0,37.71,46.72,77.0,79.3,0,1,0,1,50.03
46,2026-07-06,131,13.5,32.8,5601.0,39.89,44.38,79.3,80.42,7,1,0,0,49.57
46,2026-07-13,132,13.5,32.8,5601.0,30.44,39.41,63.4,74.42,0,2,0,0,48.26
46,2026-07-20,133,13.5,32.8,5601.0,32.29,35.08,79.7,74.85,7,2,0,0,48.26
46,2026-07-27,134,13.5,32.8,5601.0,32.01,33.66,65.1,71.88,14,2,0,0,48.26
46,2026-08-03,135,13.5,32.8,5601.0,33.57,32.08,63.6,67.95,21,2,0,0,48.26
46,2026-08-10,136,13.5,32.8,5601.0,33.54,32.85,64.7,68.28,28,2,0,1,48.26
46,2026-08-17,137,13.5,32.8,5601.0,34.4,33.38,58.2,62.9,35,2,0,0,48.26
46,2026-08-24,138,13.5,32.8,5601.0,26.71,32.06,51.1,59.4,0,3,0,0,48.26
46,2026-08-31,139,13.5,32.8,5601.0,27.48,30.53,56.1,57.53,7,3,0,0,48.26
46,2026-09-07,140,13.5,32.8,5601.0,28.88,29.37,50.8,54.05,14,3,0,0,48.26
46,2026-09-14,141,13.5,32.8,5601.0,29.72,28.2,47.3,51.32,21,3,0,0,48.26
46,2026-09-21,142,13.5,32.8,5601.0,32.45,29.63,45.7,49.97,28,3,0,0,48.26
46,2026-09-28,143,13.5,32.8,5601.0,31.84,30.72,31.3,43.78,35,2,0,0,48.26
46,2026-10-05,144,13.5,32.8,5601.0,33.48,31.87,37.5,40.45,42,2,0,0,48.26
46,2026-10-12,145,13.5,32.8,5601.0,32.43,32.55,56.7,42.8,49,1,0,0,48.26
46,2026-10-19,146,13.5,32.8,5601.0,31.99,32.43,51.8,44.32,56,1,0,0,48.26
46,2026-10-26,147,13.5,32.8,5601.0,31.7,32.4,30.9,44.22,63,1,0,0,48.26
46,2026-11-02,148,13.5,32.8,5601.0,32.38,32.12,27.8,41.8,70,1,0,0,48.26
46,2026-11-09,149,13.5,32.8,5601.0,33.51,32.39,12.6,30.78,77,1,0,1,46.67
46,2026-11-16,150,13.5,32.8,5601.0,32.97,32.64,17.9,22.3,84,1,0,0,46.67
46,2026-11-23,151,13.5,32.8,5601.0,27.85,31.68,29.2,21.88,0,1,0,0,48.26
46,2026-11-30,152,13.5,32.8,5601.0,29.25,30.9,15.4,18.77,7,1,0,0,46.67
46,2026-12-07,153,13.5,32.8,5601.0,30.02,30.02,31.3,23.45,14,1,0,0,48.26
46,2026-12-14,154,13.5,32.8,5601.0,29.62,29.18,29.3,26.3,21,1,0,0,48.26
47,2026-05-18,124,6.4,15.3,2965.0,58.64,58.93,58.7,58.65,14,1,0,0,50.03
47,2026-05-25,125,6.4,15.3,2965.0,58.05,57.92,76.0,63.32,21,1,0,0,50.03
47,2026-06-01,126,6.4,15.3,2965.0,57.63,58.24,67.0,67.8,28,1,0,0,50.03
47,2026-06-08,127,6.4,15.3,2965.0,57.89,58.05,74.8,69.12,35,1,0,0,50.03
47,2026-06-15,128,6.4,15.3,2965.0,56.99,57.64,87.4,76.3,42,1,0,0,50.03
47,2026-06-22,129,6.4,15.3,2965.0,57.96,57.62,78.0,76.8,49,1,0,0,50.03
47,2026-06-29,130,6.4,15.3,2965.0,57.99,57.71,77.0,79.3,56,1,0,0,50.03
47,2026-07-06,131,6.4,15.3,2965.0,57.89,57.71,79.3,80.42,63,1,0,0,50.03
47,2026-07-13,132,6.4,15.3,2965.0,58.5,58.08,63.4,74.42,70,1,0,0,50.03
47,2026-07-20,133,6.4,15.3,2965.0,60.28,58.66,79.7,74.85,77,1,0,0,50.03
47,2026-07-27,134,6.4,15.3,2965.0,59.57,59.06,65.1,71.88,84,1,0,0,50.03
47,2026-08-03,135,6.4,15.3,2965.0,59.42,59.44,63.6,67.95,91,0,0,0,50.03
47,2026-08-10,136,6.4,15.3,2965.0,60.05,59.83,64.7,68.28,98,0,0,0,50.03
47,2026-08-17,137,6.4,15.3,2965.0,60.62,59.92,58.2,62.9,105,0,0,0,50.03
47,2026-08-24,138,6.4,15.3,2965.0,59.69,59.94,51.1,59.4,112,0,0,0,50.03
47,2026-08-31,139,6.4,15.3,2965.0,61.42,60.44,56.1,57.53,119,0,0,0,50.03
47,2026-09-07,140,6.4,15.3,2965.0,62.1,60.96,50.8,54.05,126,0,0,0,50.42
47,2026-09-14,141,6.4,15.3,2965.0,63.4,61.65,47.3,51.32,133,0,0,0,50.42
47,2026-09-21,142,6.4,15.3,2965.0,64.93,62.96,45.7,49.97,140,0,0,0,51.0
47,2026-09-28,143,6.4,15.3,2965.0,64.94,63.84,31.3,43.78,147,0,0,0,50.98
47,2026-10-05,144,6.4,15.3,2965.0,64.55,64.46,37.5,40.45,154,0,0,0,50.98
47,2026-10-12,145,6.4,15.3,2965.0,65.08,64.88,56.7,42.8,161,0,0,0,50.98
47,2026-10-19,146,6.4,15.3,2965.0,65.67,65.06,51.8,44.32,168,0,0,0,50.98
47,2026-10-26,147,6.4,15.3,2965.0,66.5,65.45,30.9,44.22,175,0,0,0,50.98
47,2026-11-02,148,6.4,15.3,2965.0,66.96,66.05,27.8,41.8,182,0,0,0,50.98
47,2026-11-09,149,6.4,15.3,2965.0,67.03,66.54,12.6,30.78,189,0,0,0,51.39
47,2026-11-16,150,6.4,15.3,2965.0,66.55,66.76,17.9,22.3,196,0,0,0,51.39
47,2026-11-23,151,6.4,15.3,2965.0,65.56,66.52,29.2,21.88,203,0,0,0,51.39
47,2026-11-30,152,6.4,15.3,2965.0,65.85,66.25,15.4,18.77,210,0,0,0,51.39
47,2026-12-07,153,6.4,15.3,2965.0,67.02,66.24,31.3,23.45,217,0,0,0,51.39
47,2026-12-14,154,6.4,15.3,2965.0,68.06,66.62,29.3,26.3,224,0,0,0,51.39
48,2026-05-18,124,25.5,13.4,2191.0,25.27,22.91,58.7,58.65,196,0,0,0,50.11
48,2026-05-25,125,25.5,13.4,2191.0,26.59,24.4,76.0,63.32,203,0,0,0,49.41
48,2026-06-01,126,25.5,13.4,2191.0,24.68,25.2,67.0,67.8,210,0,0,0,49.41
48,2026-06-08,127,25.5,13.4,2191.0,26.25,25.7,74.8,69.12,217,0,0,0,49.41
48,2026-06-15,128,25.5,13.4,2191.0,28.13,26.41,87.4,76.3,224,0,0,0,49.41
48,2026-06-22,129,25.5,13.4,2191.0,29.79,27.21,78.0,76.8,0,0,0,0,48.63
48,2026-06-29,130,25.5,13.4,2191.0,30.48,28.66,77.0,79.3,7,0,0,0,48.63
48,2026-07-06,131,25.5,13.4,2191.0,31.14,29.88,79.3,80.42,14,0,0,0,48.63
48,2026-07-13,132,25.5,13.4,2191.0,33.31,31.18,63.4,74.42,21,0,0,0,48.63
48,2026-07-20,133,25.5,13.4,2191.0,32.8,31.93,79.7,74.85,28,0,0,0,48.63
48,2026-07-27,134,25.5,13.4,2191.0,35.1,33.09,65.1,71.88,35,0,0,0,48.63
48,2026-08-03,135,25.5,13.4,2191.0,36.28,34.37,63.6,67.95,42,0,0,0,48.95
48,2026-08-10,136,25.5,13.4,2191.0,36.2,35.1,64.7,68.28,49,0,0,0,48.95
48,2026-08-17,137,25.5,13.4,2191.0,37.23,36.2,58.2,62.9,56,0,0,0,48.95
48,2026-08-24,138,25.5,13.4,2191.0,36.58,36.57,51.1,59.4,63,0,0,0,48.95
48,2026-08-31,139,25.5,13.4,2191.0,37.85,36.97,56.1,57.53,70,0,0,0,48.95
48,2026-09-07,140,25.5,13.4,2191.0,38.27,37.48,50.8,54.05,77,0,0,0,48.95
48,2026-09-14,141,25.5,13.4,2191.0,39.99,38.17,47.3,51.32,84,0,0,0,48.95
48,2026-09-21,142,25.5,13.4,2191.0,40.76,39.22,45.7,49.97,91,0,0,1,48.95
48,2026-09-28,143,25.5,13.4,2191.0,41.6,40.16,31.3,43.78,98,0,0,0,48.95
48,2026-10-05,144,25.5,13.4,2191.0,36.16,39.63,37.5,40.45,0,1,0,0,48.95
48,2026-10-12,145,25.5,13.4,2191.0,38.14,39.16,56.7,42.8,7,1,0,0,48.95
48,2026-10-19,146,25.5,13.4,2191.0,39.31,38.8,51.8,44.32,14,1,0,0,48.95
48,2026-10-26,147,25.5,13.4,2191.0,38.93,38.14,30.9,44.22,21,1,0,0,48.95
48,2026-11-02,148,25.5,13.4,2191.0,40.64,39.26,27.8,41.8,28,1,0,0,48.95
48,2026-11-09,149,25.5,13.4,2191.0,41.59,40.12,12.6,30.78,35,1,0,0,48.26
48,2026-11-16,150,25.5,13.4,2191.0,41.52,40.67,17.9,22.3,42,1,0,0,48.26
48,2026-11-23,151,25.5,13.4,2191.0,41.54,41.32,29.2,21.88,49,1,0,0,48.95
48,2026-11-30,152,25.5,13.4,2191.0,42.32,41.74,15.4,18.77,56,1,0,0,48.26
48,2026-12-07,153,25.5,13.4,2191.0,41.58,41.74,31.3,23.45,63,1,0,0,48.95
48,2026-12-14,154,25.5,13.4,2191.0,41.28,41.68,29.3,26.3,70,1,0,0,48.95
49,2026-05-18,124,18.7,25.5,3792.0,43.62,42.84,58.7,58.65,112,0,0,0,48.57
49,2026-05-25,125,18.7,25.5,3792.0,45.25,43.64,76.0,63.32,119,0,0,0,48.57
49,2026-06-01,126,18.7,25.5,3792.0,47.14,44.66,67.0,67.8,126,0,0,0,50.11
49,2026-06-08,127,18.7,25.5,3792.0,47.73,45.94,74.8,69.12,133,0,0,0,50.11
49,2026-06-15,128,18.7,25.5,3792.0,50.66,47.69,87.4,76.3,140,0,0,0,50.3
49,2026-06-22,129,18.7,25.5,3792.0,53.25,49.69,78.0,76.8,147,0,0,0,51.48
49,2026-06-29,130,18.7,25.5,3792.0,52.7,51.08,77.0,79.3,154,0,0,0,51.17
49,2026-07-06,131,18.7,25.5,3792.0,52.81,52.36,79.3,80.42,161,0,0,1,51.48
49,2026-07-13,132,18.7,25.5,3792.0,54.66,53.36,63.4,74.42,168,0,0,0,51.48
49,2026-07-20,133,18.7,25.5,3792.0,46.15,51.58,79.7,74.85,0,1,0,0,50.03
49,2026-07-27,134,18.7,25.5,3792.0,46.77,50.1,65.1,71.88,7,1,0,0,50.03
49,2026-08-03,135,18.7,25.5,3792.0,47.8,48.84,63.6,67.95,14,1,0,0,50.03
49,2026-08-10,136,18.7,25.5,3792.0,47.24,46.99,64.7,68.28,21,1,0,0,50.03
49,2026-08-17,137,18.7,25.5,3792.0,49.44,47.81,58.2,62.9,28,1,0,0,50.03
49,2026-08-24,138,18.7,25.5,3792.0,49.41,48.47,51.1,59.4,35,1,0,0,50.03
49,2026-08-31,139,18.7,25.5,3792.0,50.41,49.12,56.1,57.53,42,1,0,0,50.03
49,2026-09-07,140,18.7,25.5,3792.0,50.84,50.02,50.8,54.05,49,1,0,0,50.03
49,2026-09-14,141,18.7,25.5,3792.0,51.65,50.58,47.3,51.32,56,1,0,0,50.03
49,2026-09-21,142,18.7,25.5,3792.0,52.35,51.31,45.7,49.97,63,1,0,0,50.03
49,2026-09-28,143,18.7,25.5,3792.0,52.66,51.88,31.3,43.78,70,1,0,0,50.03
49,2026-10-05,144,18.7,25.5,3792.0,53.57,52.56,37.5,40.45,77,1,0,0,50.03
49,2026-10-12,145,18.7,25.5,3792.0,53.14,52.93,56.7,42.8,84,1,0,0,50.03
49,2026-10-19,146,18.7,25.5,3792.0,53.29,53.16,51.8,44.32,91,0,0,0,50.03
49,2026-10-26,147,18.7,25.5,3792.0,54.1,53.52,30.9,44.22,98,0,0,0,50.03
49,2026-11-02,148,18.7,25.5,3792.0,54.88,53.85,27.8,41.8,105,0,0,0,50.03
49,2026-11-09,149,18.7,25.5,3792.0,55.65,54.48,12.6,30.78,112,0,0,0,50.03
49,2026-11-16,150,18.7,25.5,3792.0,55.97,55.15,17.9,22.3,119,0,0,0,50.03
49,2026-11-23,151,18.7,25.5,3792.0,56.15,55.66,29.2,21.88,126,0,0,0,50.42
49,2026-11-30,152,18.7,25.5,3792.0,55.77,55.89,15.4,18.77,133,0,0,0,50.42
49,2026-12-07,153,18.7,25.5,3792.0,54.72,55.65,31.3,23.45,140,0,0,0,50.61
49,2026-12-14,154,18.7,25.5,3792.0,53.95,55.15,29.3,26.3,147,0,0,0,51.48
50,2026-05-18,124,35.7,19.4,540.0,9.95,8.06,58.7,58.65,21,1,0,0,48.63
50,2026-05-25,125,35.7,19.4,540.0,9.61,9.02,76.0,63.32,28,1,0,0,48.63
50,2026-06-01,126,35.7,19.4,540.0,10.64,9.67,67.0,67.8,35,1,0,0,48.63
50,2026-06-08,127,35.7,19.4,540.0,13.73,10.98,74.8,69.12,42,1,0,0,48.63
50,2026-06-15,128,35.7,19.4,540.0,14.11,12.02,87.4,76.3,49,1,0,0,48.63
50,2026-06-22,129,35.7,19.4,540.0,14.69,13.29,78.0,76.8,56,1,0,0,48.63
50,2026-06-29,130,35.7,19.4,540.0,16.27,14.7,77.0,79.3,63,1,0,0,48.63
50,2026-07-06,131,35.7,19.4,540.0,17.58,15.66,79.3,80.42,70,1,0,0,48.63
50,2026-07-13,132,35.7,19.4,540.0,18.39,16.73,63.4,74.42,77,1,0,0,48.63
50,2026-07-20,133,35.7,19.4,540.0,18.91,17.79,79.7,74.85,84,1,0,0,48.63
50,2026-07-27,134,35.7,19.4,540.0,19.65,18.63,65.1,71.88,91,0,0,0,48.63
50,2026-08-03,135,35.7,19.4,540.0,20.21,19.29,63.6,67.95,98,0,0,0,48.63
50,2026-08-10,136,35.7,19.4,540.0,23.38,20.54,64.7,68.28,105,0,0,0,48.63
50,2026-08-17,137,35.7,19.4,540.0,24.23,21.87,58.2,62.9,112,0,0,0,48.63
50,2026-08-24,138,35.7,19.4,540.0,25.11,23.23,51.1,59.4,119,0,0,0,48.63
50,2026-08-31,139,35.7,19.4,540.0,26.36,24.77,56.1,57.53,126,0,0,0,48.63
50,2026-09-07,140,35.7,19.4,540.0,26.83,25.63,50.8,54.05,133,0,0,0,48.63
50,2026-09-14,141,35.7,19.4,540.0,28.06,26.59,47.3,51.32,140,0,0,0,48.63
50,2026-09-21,142,35.7,19.4,540.0,30.88,28.03,45.7,49.97,147,0,0,0,49.65
50,2026-09-28,143,35.7,19.4,540.0,33.44,29.8,31.3,43.78,154,0,0,0,49.65
50,2026-10-05,144,35.7,19.4,540.0,32.62,31.25,37.5,40.45,161,0,0,0,49.65
50,2026-10-12,145,35.7,19.4,540.0,33.44,32.6,56.7,42.8,168,0,0,0,50.11
50,2026-10-19,146,35.7,19.4,540.0,34.74,33.56,51.8,44.32,175,0,0,0,50.11
50,2026-10-26,147,35.7,19.4,540.0,35.88,34.17,30.9,44.22,182,0,0,0,51.26
50,2026-11-02,148,35.7,19.4,540.0,35.93,35.0,27.8,41.8,189,0,0,0,51.26
50,2026-11-09,149,35.7,19.4,540.0,34.08,35.16,12.6,30.78,196,0,0,0,48.96
50,2026-11-16,150,35.7,19.4,540.0,34.87,35.19,17.9,22.3,203,0,0,0,48.96
50,2026-11-23,151,35.7,19.4,540.0,35.1,35.0,29.2,21.88,210,0,0,0,50.11
50,2026-11-30,152,35.7,19.4,540.0,35.32,34.84,15.4,18.77,217,0,0,0,48.96
50,2026-12-07,153,35.7,19.4,540.0,36.37,35.42,31.3,23.45,224,0,0,0,51.26
50,2026-12-14,154,35.7,19.4,540.0,37.56,36.09,29.3,26.3,231,0,0,0,51.26
51,2026-05-18,124,34.9,32.8,2029.0,33.69,34.11,58.7,58.65,28,1,0,0,48.63
51,2026-05-25,125,34.9,32.8,2029.0,34.12,34.17,76.0,63.32,35,1,0,0,48.63
51,2026-06-01,126,34.9,32.8,2029.0,33.71,34.0,67.0,67.8,42,1,0,0,48.63
51,2026-06-08,127,34.9,32.8,2029.0,34.92,34.11,74.8,69.12,49,1,0,0,48.63
51,2026-06-15,128,34.9,32.8,2029.0,34.02,34.19,87.4,76.3,56,1,0,0,48.63
51,2026-06-22,129,34.9,32.8,2029.0,35.41,34.52,78.0,76.8,63,1,0,0,48.63
51,2026-06-29,130,34.9,32.8,2029.0,35.56,34.98,77.0,79.3,70,1,0,0,48.63
51,2026-07-06,131,34.9,32.8,2029.0,38.2,35.8,79.3,80.42,77,1,0,0,48.95
51,2026-07-13,132,34.9,32.8,2029.0,39.39,37.14,63.4,74.42,84,1,0,0,48.95
51,2026-07-20,133,34.9,32.8,2029.0,42.33,38.87,79.7,74.85,91,0,0,0,48.95
51,2026-07-27,134,34.9,32.8,2029.0,42.42,40.58,65.1,71.88,98,0,0,0,48.95
51,2026-08-03,135,34.9,32.8,2029.0,43.94,42.02,63.6,67.95,105,0,0,0,48.95
51,2026-08-10,136,34.9,32.8,2029.0,45.97,43.66,64.7,68.28,112,0,0,0,48.95
51,2026-08-17,137,34.9,32.8,2029.0,46.3,44.66,58.2,62.9,119,0,0,0,50.41
51,2026-08-24,138,34.9,32.8,2029.0,46.37,45.64,51.1,59.4,126,0,0,0,50.48
51,2026-08-31,139,34.9,32.8,2029.0,47.44,46.52,56.1,57.53,133,0,0,0,50.48
51,2026-09-07,140,34.9,32.8,2029.0,46.42,46.63,50.8,54.05,140,0,0,0,50.67
51,2026-09-14,141,34.9,32.8,2029.0,47.78,47.0,47.3,51.32,147,0,0,0,51.17
51,2026-09-21,142,34.9,32.8,2029.0,50.07,47.93,45.7,49.97,154,0,0,1,51.17
51,2026-09-28,143,34.9,32.8,2029.0,49.76,48.51,31.3,43.78,161,0,0,0,51.17
51,2026-10-05,144,34.9,32.8,2029.0,41.31,47.23,37.5,40.45,0,1,0,0,50.41
51,2026-10-12,145,34.9,32.8,2029.0,41.94,45.77,56.7,42.8,7,1,0,0,50.41
51,2026-10-19,146,34.9,32.8,2029.0,42.99,44.0,51.8,44.32,14,1,0,0,49.32
51,2026-10-26,147,34.9,32.8,2029.0,42.38,42.16,30.9,44.22,21,1,0,0,48.95
51,2026-11-02,148,34.9,32.8,2029.0,41.9,42.3,27.8,41.8,28,1,0,0,48.95
51,2026-11-09,149,34.9,32.8,2029.0,42.11,42.34,12.6,30.78,35,1,0,0,48.26
51,2026-11-16,150,34.9,32.8,2029.0,41.55,41.98,17.9,22.3,42,1,0,0,48.26
51,2026-11-23,151,34.9,32.8,2029.0,41.19,41.69,29.2,21.88,49,1,0,0,48.95
51,2026-11-30,152,34.9,32.8,2029.0,40.59,41.36,15.4,18.77,56,1,0,1,48.26
51,2026-12-07,153,34.9,32.8,2029.0,42.03,41.34,31.3,23.45,63,1,0,0,48.95
51,2026-12-14,154,34.9,32.8,2029.0,36.03,39.96,29.3,26.3,0,2,0,0,48.95
52,2026-05-18,124,16.7,27.3,4367.0,35.03,33.85,58.7,58.65,42,1,0,0,48.26
52,2026-05-25,125,16.7,27.3,4367.0,34.78,34.46,76.0,63.32,49,1,0,0,48.26
52,2026-06-01,126,16.7,27.3,4367.0,35.61,34.96,67.0,67.8,56,1,0,0,48.26
52,2026-06-08,127,16.7,27.3,4367.0,36.28,35.43,74.8,69.12,63,1,0,0,48.57
52,2026-06-15,128,16.7,27.3,4367.0,36.15,35.7,87.4,76.3,70,1,0,0,48.57
52,2026-06-22,129,16.7,27.3,4367.0,38.61,36.66,78.0,76.8,77,1,0,0,48.57
52,2026-06-29,130,16.7,27.3,4367.0,37.99,37.26,77.0,79.3,84,1,0,0,48.57
52,2026-07-06,131,16.7,27.3,4367.0,39.05,37.95,79.3,80.42,91,0,0,0,48.57
52,2026-07-13,132,16.7,27.3,4367.0,40.62,39.07,63.4,74.42,98,0,0,0,48.57
52,2026-07-20,133,16.7,27.3,4367.0,41.97,39.91,79.7,74.85,105,0,0,0,48.57
52,2026-07-27,134,16.7,27.3,4367.0,42.55,41.05,65.1,71.88,112,0,0,0,48.57
52,2026-08-03,135,16.7,27.3,4367.0,43.32,42.12,63.6,67.95,119,0,0,0,48.57
52,2026-08-10,136,16.7,27.3,4367.0,43.59,42.86,64.7,68.28,126,0,0,0,49.28
52,2026-08-17,137,16.7,27.3,4367.0,44.2,43.42,58.2,62.9,133,0,0,0,49.28
52,2026-08-24,138,16.7,27.3,4367.0,45.06,44.04,51.1,59.4,140,0,0,1,50.3
52,2026-08-31,139,16.7,27.3,4367.0,45.43,44.57,56.1,57.53,147,0,0,0,51.17
52,2026-09-07,140,16.7,27.3,4367.0,36.57,42.82,50.8,54.05,0,1,0,0,48.57
52,2026-09-14,141,16.7,27.3,4367.0,38.02,41.27,47.3,51.32,7,1,0,0,48.57
52,2026-09-21,142,16.7,27.3,4367.0,39.23,39.81,45.7,49.97,14,1,0,0,48.57
52,2026-09-28,143,16.7,27.3,4367.0,40.1,38.48,31.3,43.78,21,1,0,0,48.57
52,2026-10-05,144,16.7,27.3,4367.0,40.5,39.46,37.5,40.45,28,1,0,0,48.57
52,2026-10-12,145,16.7,27.3,4367.0,43.02,40.71,56.7,42.8,35,1,0,0,48.57
52,2026-10-19,146,16.7,27.3,4367.0,43.66,41.82,51.8,44.32,42,1,0,0,48.57
52,2026-10-26,147,16.7,27.3,4367.0,45.24,43.1,30.9,44.22,49,1,0,0,48.57
52,2026-11-02,148,16.7,27.3,4367.0,46.12,44.51,27.8,41.8,56,1,0,0,49.57
52,2026-11-09,149,16.7,27.3,4367.0,46.21,45.31,12.6,30.78,63,1,0,0,50.03
52,2026-11-16,150,16.7,27.3,4367.0,46.92,46.12,17.9,22.3,70,1,0,0,50.03
52,2026-11-23,151,16.7,27.3,4367.0,47.53,46.69,29.2,21.88,77,1,0,0,50.03
52,2026-11-30,152,16.7,27.3,4367.0,46.59,46.81,15.4,18.77,84,1,0,0,50.03
52,2026-12-07,153,16.7,27.3,4367.0,45.45,46.62,31.3,23.45,91,0,0,1,50.03
52,2026-12-14,154,16.7,27.3,4367.0,44.62,46.05,29.3,26.3,98,0,0,0,50.03
53,2026-05-18,124,40.3,16.8,3986.0,62.44,62.6,58.7,58.65,126,0,0,0,51.08
53,2026-05-25,125,40.3,16.8,3986.0,61.82,62.66,76.0,63.32,133,0,0,0,51.65
53,2026-06-01,126,40.3,16.8,3986.0,64.15,63.01,67.0,67.8,140,0,0,0,52.23
53,2026-06-08,127,40.3,16.8,3986.0,64.47,63.22,74.8,69.12,147,0,0,0,52.72
53,2026-06-15,128,40.3,16.8,3986.0,64.72,63.79,87.4,76.3,154,0,0,0,52.72
53,2026-06-22,129,40.3,16.8,3986.0,65.98,64.83,78.0,76.8,161,0,0,0,52.72
53,2026-06-29,130,40.3,16.8,3986.0,66.6,65.44,77.0,79.3,168,0,0,0,52.72
53,2026-07-06,131,40.3,16.8,3986.0,67.25,66.14,79.3,80.42,175,0,0,0,52.72
53,2026-07-13,132,40.3,16.8,3986.0,67.43,66.82,63.4,74.42,182,0,0,0,52.72
53,2026-07-20,133,40.3,16.8,3986.0,68.03,67.33,79.7,74.85,189,0,0,0,52.72
53,2026-07-27,134,40.3,16.8,3986.0,67.8,67.63,65.1,71.88,196,0,0,0,52.72
53,2026-08-03,135,40.3,16.8,3986.0,68.33,67.9,63.6,67.95,203,0,0,0,52.72
53,2026-08-10,136,40.3,16.8,3986.0,70.47,68.66,64.7,68.28,210,0,0,0,52.72
53,2026-08-17,137,40.3,16.8,3986.0,72.27,69.72,58.2,62.9,217,0,0,0,52.72
53,2026-08-24,138,40.3,16.8,3986.0,73.6,71.17,51.1,59.4,224,0,0,0,52.72
53,2026-08-31,139,40.3,16.8,3986.0,73.97,72.58,56.1,57.53,231,0,0,0,52.72
53,2026-09-07,140,40.3,16.8,3986.0,75.05,73.72,50.8,54.05,238,0,0,0,52.72
53,2026-09-14,141,40.3,16.8,3986.0,76.13,74.69,47.3,51.32,245,0,0,0,52.72
53,2026-09-21,142,40.3,16.8,3986.0,77.54,75.67,45.7,49.97,252,0,0,0,52.72
53,2026-09-28,143,40.3,16.8,3986.0,77.29,76.5,31.3,43.78,0,0,0,0,50.69
53,2026-10-05,144,40.3,16.8,3986.0,77.7,77.16,37.5,40.45,7,0,0,0,50.69
53,2026-10-12,145,40.3,16.8,3986.0,77.7,77.56,56.7,42.8,14,0,0,0,50.69
53,2026-10-19,146,40.3,16.8,3986.0,77.68,77.59,51.8,44.32,21,0,0,0,50.69
53,2026-10-26,147,40.3,16.8,3986.0,78.87,77.99,30.9,44.22,28,0,0,0,50.69
53,2026-11-02,148,40.3,16.8,3986.0,79.83,78.52,27.8,41.8,35,0,0,0,50.69
53,2026-11-09,149,40.3,16.8,3986.0,80.2,79.15,12.6,30.78,42,0,0,0,50.69
53,2026-11-16,150,40.3,16.8,3986.0,80.71,79.9,17.9,22.3,49,0,0,0,50.69
53,2026-11-23,151,40.3,16.8,3986.0,81.0,80.44,29.2,21.88,56,0,0,0,50.69
53,2026-11-30,152,40.3,16.8,3986.0,81.11,80.76,15.4,18.77,63,0,0,0,50.69
53,2026-12-07,153,40.3,16.8,3986.0,81.51,81.08,31.3,23.45,70,0,0,0,50.69
53,2026-12-14,154,40.3,16.8,3986.0,82.25,81.47,29.3,26.3,77,0,0,0,50.69
54,2026-05-18,124,15.8,13.2,5900.0,57.47,58.16,58.7,58.65,42,0,0,0,50.03
54,2026-05-25,125,15.8,13.2,5900.0,58.74,58.2,76.0,63.32,49,0,0,0,50.03
54,2026-06-01,126,15.8,13.2,5900.0,60.42,58.83,67.0,67.8,56,0,0,0,50.03
54,2026-06-08,127,15.8,13.2,5900.0,61.97,59.65,74.8,69.12,63,0,0,0,50.03
54,2026-06-15,128,15.8,13.2,5900.0,62.79,60.98,87.4,76.3,70,0,0,0,50.03
54,2026-06-22,129,15.8,13.2,5900.0,62.96,62.04,78.0,76.8,77,0,0,0,50.03
54,2026-06-29,130,15.8,13.2,5900.0,65.71,63.36,77.0,79.3,84,0,0,0,50.03
54,2026-07-06,131,15.8,13.2,5900.0,68.03,64.87,79.3,80.42,91,0,0,0,50.03
54,2026-07-13,132,15.8,13.2,5900.0,68.55,66.31,63.4,74.42,98,0,0,0,50.03
54,2026-07-20,133,15.8,13.2,5900.0,68.24,67.63,79.7,74.85,105,0,0,0,50.03
54,2026-07-27,134,15.8,13.2,5900.0,68.57,68.35,65.1,71.88,112,0,0,0,50.03
54,2026-08-03,135,15.8,13.2,5900.0,69.55,68.73,63.6,67.95,119,0,0,0,50.03
54,2026-08-10,136,15.8,13.2,5900.0,71.27,69.41,64.7,68.28,0,0,0,0,50.03
54,2026-08-17,137,15.8,13.2,5900.0,72.47,70.46,58.2,62.9,7,0,0,0,50.03
54,2026-08-24,138,15.8,13.2,5900.0,72.75,71.51,51.1,59.4,14,0,0,0,50.03
54,2026-08-31,139,15.8,13.2,5900.0,73.07,72.39,56.1,57.53,21,0,0,0,50.03
54,2026-09-07,140,15.8,13.2,5900.0,74.14,73.11,50.8,54.05,28,0,0,0,50.03
54,2026-09-14,141,15.8,13.2,5900.0,74.01,73.49,47.3,51.32,35,0,0,0,50.03
54,2026-09-21,142,15.8,13.2,5900.0,74.45,73.92,45.7,49.97,42,0,0,0,50.03
54,2026-09-28,143,15.8,13.2,5900.0,72.81,73.85,31.3,43.78,49,0,0,0,50.03
54,2026-10-05,144,15.8,13.2,5900.0,73.65,73.73,37.5,40.45,56,0,0,0,50.03
54,2026-10-12,145,15.8,13.2,5900.0,73.94,73.71,56.7,42.8,63,0,0,0,50.03
54,2026-10-19,146,15.8,13.2,5900.0,74.79,73.8,51.8,44.32,70,0,0,0,50.03
54,2026-10-26,147,15.8,13.2,5900.0,74.91,74.32,30.9,44.22,77,0,0,1,50.03
54,2026-11-02,148,15.8,13.2,5900.0,75.21,74.71,27.8,41.8,84,0,0,0,50.03
54,2026-11-09,149,15.8,13.2,5900.0,61.03,71.48,12.6,30.78,0,1,0,0,50.03
54,2026-11-16,150,15.8,13.2,5900.0,60.24,67.85,17.9,22.3,7,1,0,0,50.03
54,2026-11-23,151,15.8,13.2,5900.0,59.33,63.95,29.2,21.88,14,1,0,0,50.03
54,2026-11-30,152,15.8,13.2,5900.0,60.51,60.28,15.4,18.77,21,1,0,0,50.03
54,2026-12-07,153,15.8,13.2,5900.0,61.58,60.41,31.3,23.45,28,1,0,0,50.03
54,2026-12-14,154,15.8,13.2,5900.0,61.96,60.84,29.3,26.3,35,1,0,0,50.03
55,2026-05-18,124,24.1,34.5,3912.0,47.65,46.87,58.7,58.65,168,0,0,0,51.17
55,2026-05-25,125,24.1,34.5,3912.0,47.57,47.07,76.0,63.32,175,0,0,0,51.17
55,2026-06-01,126,24.1,34.5,3912.0,48.97,47.76,67.0,67.8,182,0,0,0,51.17
55,2026-06-08,127,24.1,34.5,3912.0,49.66,48.46,74.8,69.12,189,0,0,0,51.58
55,2026-06-15,128,24.1,34.5,3912.0,49.78,49.0,87.4,76.3,196,0,0,0,51.58
55,2026-06-22,129,24.1,34.5,3912.0,49.32,49.43,78.0,76.8,203,0,0,0,51.58
55,2026-06-29,130,24.1,34.5,3912.0,50.98,49.93,77.0,79.3,210,0,0,0,51.58
55,2026-07-06,131,24.1,34.5,3912.0,52.11,50.55,79.3,80.42,217,0,0,0,51.58
55,2026-07-13,132,24.1,34.5,3912.0,52.53,51.24,63.4,74.42,224,0,0,0,51.58
55,2026-07-20,133,24.1,34.5,3912.0,52.61,52.06,79.7,74.85,231,0,0,0,51.58
55,2026-07-27,134,24.1,34.5,3912.0,53.29,52.64,65.1,71.88,238,0,0,0,51.89
55,2026-08-03,135,24.1,34.5,3912.0,53.25,52.92,63.6,67.95,245,0,0,0,51.89
55,2026-08-10,136,24.1,34.5,3912.0,54.03,53.3,64.7,68.28,252,0,0,0,51.89
55,2026-08-17,137,24.1,34.5,3912.0,55.41,54.0,58.2,62.9,259,0,0,0,51.89
55,2026-08-24,138,24.1,34.5,3912.0,55.52,54.55,51.1,59.4,266,0,0,0,51.89
55,2026-08-31,139,24.1,34.5,3912.0,56.24,55.3,56.1,57.53,273,0,0,0,51.92
55,2026-09-07,140,24.1,34.5,3912.0,56.73,55.98,50.8,54.05,280,0,0,0,51.92
55,2026-09-14,141,24.1,34.5,3912.0,57.95,56.61,47.3,51.32,287,0,0,1,51.92
55,2026-09-21,142,24.1,34.5,3912.0,58.68,57.4,45.7,49.97,294,0,0,0,51.92
55,2026-09-28,143,24.1,34.5,3912.0,50.05,55.85,31.3,43.78,0,1,0,0,50.41
55,2026-10-05,144,24.1,34.5,3912.0,49.31,54.0,37.5,40.45,7,1,0,0,50.41
55,2026-10-12,145,24.1,34.5,3912.0,49.32,51.84,56.7,42.8,14,1,0,0,50.41
55,2026-10-19,146,24.1,34.5,3912.0,49.35,49.51,51.8,44.32,21,1,0,0,50.41
55,2026-10-26,147,24.1,34.5,3912.0,48.88,49.22,30.9,44.22,28,1,0,0,50.41
55,2026-11-02,148,24.1,34.5,3912.0,47.58,48.78,27.8,41.8,35,1,0,0,50.41
55,2026-11-09,149,24.1,34.5,3912.0,47.41,48.3,12.6,30.78,42,1,0,0,50.41
55,2026-11-16,150,24.1,34.5,3912.0,47.35,47.81,17.9,22.3,49,1,0,0,50.41
55,2026-11-23,151,24.1,34.5,3912.0,47.28,47.4,29.2,21.88,56,1,0,0,50.41
55,2026-11-30,152,24.1,34.5,3912.0,48.69,47.68,15.4,18.77,63,1,0,0,50.41
55,2026-12-07,153,24.1,34.5,3912.0,49.13,48.11,31.3,23.45,70,1,0,0,50.41
55,2026-12-14,154,24.1,34.5,3912.0,48.61,48.43,29.3,26.3,77,1,0,0,50.41
56,2026-05-18,124,14.5,25.1,3126.0,46.99,46.67,58.7,58.65,63,1,0,0,50.03
56,2026-05-25,125,14.5,25.1,3126.0,46.55,46.92,76.0,63.32,70,1,0,0,50.03
56,2026-06-01,126,14.5,25.1,3126.0,48.11,47.48,67.0,67.8,77,1,0,0,50.03
56,2026-06-08,127,14.5,25.1,3126.0,48.8,47.61,74.8,69.12,84,1,0,0,50.03
56,2026-06-15,128,14.5,25.1,3126.0,49.89,48.34,87.4,76.3,91,0,0,0,50.03
56,2026-06-22,129,14.5,25.1,3126.0,51.36,49.54,78.0,76.8,98,0,0,0,50.03
56,2026-06-29,130,14.5,25.1,3126.0,51.72,50.44,77.0,79.3,105,0,0,0,50.03
56,2026-07-06,131,14.5,25.1,3126.0,51.87,51.21,79.3,80.42,112,0,0,0,50.03
56,2026-07-13,132,14.5,25.1,3126.0,52.44,51.85,63.4,74.42,119,0,0,0,50.03
56,2026-07-20,133,14.5,25.1,3126.0,54.0,52.51,79.7,74.85,126,0,0,0,50.42
56,2026-07-27,134,14.5,25.1,3126.0,54.68,53.25,65.1,71.88,133,0,0,0,50.42
56,2026-08-03,135,14.5,25.1,3126.0,56.36,54.37,63.6,67.95,140,0,0,0,50.61
56,2026-08-10,136,14.5,25.1,3126.0,55.87,55.23,64.7,68.28,147,0,0,0,51.48
56,2026-08-17,137,14.5,25.1,3126.0,58.23,56.28,58.2,62.9,154,0,0,0,51.48
56,2026-08-24,138,14.5,25.1,3126.0,60.3,57.69,51.1,59.4,161,0,0,0,51.48
56,2026-08-31,139,14.5,25.1,3126.0,62.19,59.15,56.1,57.53,168,0,0,0,51.87
56,2026-09-07,140,14.5,25.1,3126.0,61.9,60.65,50.8,54.05,175,0,0,0,51.87
56,2026-09-14,141,14.5,25.1,3126.0,60.86,61.31,47.3,51.32,182,0,0,0,51.87
56,2026-09-21,142,14.5,25.1,3126.0,60.64,61.4,45.7,49.97,189,0,0,0,52.27
56,2026-09-28,143,14.5,25.1,3126.0,60.37,60.94,31.3,43.78,196,0,0,0,52.27
56,2026-10-05,144,14.5,25.1,3126.0,61.28,60.79,37.5,40.45,203,0,0,0,52.27
56,2026-10-12,145,14.5,25.1,3126.0,62.42,61.18,56.7,42.8,210,0,0,0,52.27
56,2026-10-19,146,14.5,25.1,3126.0,62.23,61.58,51.8,44.32,217,0,0,0,52.27
56,2026-10-26,147,14.5,25.1,3126.0,61.04,61.74,30.9,44.22,224,0,0,0,52.27
56,2026-11-02,148,14.5,25.1,3126.0,62.12,61.95,27.8,41.8,231,0,0,0,52.27
56,2026-11-09,149,14.5,25.1,3126.0,62.43,61.96,12.6,30.78,238,0,0,0,52.27
56,2026-11-16,150,14.5,25.1,3126.0,61.81,61.85,17.9,22.3,245,0,0,0,52.27
56,2026-11-23,151,14.5,25.1,3126.0,59.51,61.47,29.2,21.88,252,0,0,0,52.27
56,2026-11-30,152,14.5,25.1,3126.0,61.31,61.26,15.4,18.77,259,0,0,0,52.27
56,2026-12-07,153,14.5,25.1,3126.0,61.98,61.15,31.3,23.45,266,0,0,0,52.27
56,2026-12-14,154,14.5,25.1,3126.0,64.25,61.76,29.3,26.3,273,0,0,0,52.31
57,2026-05-18,124,39.6,33.3,4688.0,29.74,29.39,58.7,58.65,21,1,0,0,48.63
57,2026-05-25,125,39.6,33.3,4688.0,30.68,29.7,76.0,63.32,28,1,0,0,48.63
57,2026-06-01,126,39.6,33.3,4688.0,32.91,30.61,67.0,67.8,35,1,0,0,48.63
57,2026-06-08,127,39.6,33.3,4688.0,35.7,32.26,74.8,69.12,42,1,0,0,48.81
57,2026-06-15,128,39.6,33.3,4688.0,37.24,34.13,87.4,76.3,49,1,0,0,48.95
57,2026-06-22,129,39.6,33.3,4688.0,37.27,35.78,78.0,76.8,56,1,0,0,48.95
57,2026-06-29,130,39.6,33.3,4688.0,39.73,37.48,77.0,79.3,63,1,0,1,48.95
57,2026-07-06,131,39.6,33.3,4688.0,40.68,38.73,79.3,80.42,70,1,0,0,48.95
57,2026-07-13,132,39.6,33.3,4688.0,35.13,38.2,63.4,74.42,0,2,0,0,48.63
57,2026-07-20,133,39.6,33.3,4688.0,35.2,37.68,79.7,74.85,7,2,0,0,48.63
57,2026-07-27,134,39.6,33.3,4688.0,36.66,36.92,65.1,71.88,14,1,0,0,48.95
57,2026-08-03,135,39.6,33.3,4688.0,37.86,36.21,63.6,67.95,21,1,0,0,48.95
57,2026-08-10,136,39.6,33.3,4688.0,37.53,36.81,64.7,68.28,28,1,0,0,48.95
57,2026-08-17,137,39.6,33.3,4688.0,36.34,37.1,58.2,62.9,35,1,0,0,48.95
57,2026-08-24,138,39.6,33.3,4688.0,37.5,37.31,51.1,59.4,42,1,0,0,48.95
57,2026-08-31,139,39.6,33.3,4688.0,39.22,37.65,56.1,57.53,49,1,0,0,48.95
57,2026-09-07,140,39.6,33.3,4688.0,40.29,38.34,50.8,54.05,56,1,0,0,48.95
57,2026-09-14,141,39.6,33.3,4688.0,40.53,39.38,47.3,51.32,63,1,0,0,48.95
57,2026-09-21,142,39.6,33.3,4688.0,42.02,40.52,45.7,49.97,70,1,0,1,48.95
57,2026-09-28,143,39.6,33.3,4688.0,42.47,41.33,31.3,43.78,77,1,0,0,48.95
57,2026-10-05,144,39.6,33.3,4688.0,26.63,37.91,37.5,40.45,0,2,0,0,48.63
57,2026-10-12,145,39.6,33.3,4688.0,27.46,34.65,56.7,42.8,7,1,0,0,48.63
57,2026-10-19,146,39.6,33.3,4688.0,29.13,31.42,51.8,44.32,14,1,0,0,48.63
57,2026-10-26,147,39.6,33.3,4688.0,30.48,28.42,30.9,44.22,21,1,0,0,48.63
57,2026-11-02,148,39.6,33.3,4688.0,30.39,29.36,27.8,41.8,28,1,0,0,48.63
57,2026-11-09,149,39.6,33.3,4688.0,31.14,30.28,12.6,30.78,35,1,0,0,47.04
57,2026-11-16,150,39.6,33.3,4688.0,30.57,30.64,17.9,22.3,42,1,0,0,47.04
57,2026-11-23,151,39.6,33.3,4688.0,32.24,31.08,29.2,21.88,49,1,0,0,48.63
57,2026-11-30,152,39.6,33.3,4688.0,30.52,31.12,15.4,18.77,56,1,0,0,47.04
57,2026-12-07,153,39.6,33.3,4688.0,30.56,30.97,31.3,23.45,63,1,0,0,48.63
57,2026-12-14,154,39.6,33.3,4688.0,31.54,31.22,29.3,26.3,70,1,0,0,48.63
58,2026-05-18,124,11.1,4.1,5468.0,44.11,43.63,58.7,58.65,56,1,0,0,48.57
58,2026-05-25,125,11.1,4.1,5468.0,44.2,43.76,76.0,63.32,63,1,0,0,48.57
58,2026-06-01,126,11.1,4.1,5468.0,44.52,44.11,67.0,67.8,70,1,0,0,48.94
58,2026-06-08,127,11.1,4.1,5468.0,44.38,44.3,74.8,69.12,77,1,0,0,48.94
58,2026-06-15,128,11.1,4.1,5468.0,46.86,44.99,87.4,76.3,84,1,0,0,50.03
58,2026-06-22,129,11.1,4.1,5468.0,47.25,45.75,78.0,76.8,91,0,0,0,50.03
58,2026-06-29,130,11.1,4.1,5468.0,47.11,46.4,77.0,79.3,98,0,0,0,50.03
58,2026-07-06,131,11.1,4.1,5468.0,47.73,47.24,79.3,80.42,105,0,0,0,50.03
58,2026-07-13,132,11.1,4.1,5468.0,46.87,47.24,63.4,74.42,112,0,0,0,50.03
58,2026-07-20,133,11.1,4.1,5468.0,46.96,47.17,79.7,74.85,119,0,0,0,50.03
58,2026-07-27,134,11.1,4.1,5468.0,46.3,46.96,65.1,71.88,126,0,0,0,50.11
58,2026-08-03,135,11.1,4.1,5468.0,46.35,46.62,63.6,67.95,133,0,0,0,50.11
58,2026-08-10,136,11.1,4.1,5468.0,46.55,46.54,64.7,68.28,140,0,0,0,50.3
58,2026-08-17,137,11.1,4.1,5468.0,48.15,46.84,58.2,62.9,147,0,0,0,51.17
58,2026-08-24,138,11.1,4.1,5468.0,46.35,46.85,51.1,59.4,154,0,0,1,51.17
58,2026-08-31,139,11.1,4.1,5468.0,46.12,46.79,56.1,57.53,161,0,0,0,51.17
58,2026-09-07,140,11.1,4.1,5468.0,40.12,45.18,50.8,54.05,0,1,0,0,50.03
58,2026-09-14,141,11.1,4.1,5468.0,42.24,43.71,47.3,51.32,7,1,0,0,48.57
58,2026-09-21,142,11.1,4.1,5468.0,41.46,42.48,45.7,49.97,14,1,0,0,48.57
58,2026-09-28,143,11.1,4.1,5468.0,42.7,41.63,31.3,43.78,21,1,0,0,48.57
58,2026-10-05,144,11.1,4.1,5468.0,44.25,42.66,37.5,40.45,28,1,0,0,48.57
58,2026-10-12,145,11.1,4.1,5468.0,43.38,42.95,56.7,42.8,35,1,0,0,48.57
58,2026-10-19,146,11.1,4.1,5468.0,43.21,43.39,51.8,44.32,42,1,0,0,48.57
58,2026-10-26,147,11.1,4.1,5468.0,41.9,43.18,30.9,44.22,49,1,0,0,48.57
58,2026-11-02,148,11.1,4.1,5468.0,42.84,42.83,27.8,41.8,56,1,0,0,48.57
58,2026-11-09,149,11.1,4.1,5468.0,43.87,42.96,12.6,30.78,63,1,0,0,47.88
58,2026-11-16,150,11.1,4.1,5468.0,44.38,43.25,17.9,22.3,70,1,0,0,47.88
58,2026-11-23,151,11.1,4.1,5468.0,45.18,44.07,29.2,21.88,77,1,0,0,48.94
58,2026-11-30,152,11.1,4.1,5468.0,46.65,45.02,15.4,18.77,84,1,0,0,50.03
58,2026-12-07,153,11.1,4.1,5468.0,46.59,45.7,31.3,23.45,91,0,0,0,50.03
58,2026-12-14,154,11.1,4.1,5468.0,47.0,46.36,29.3,26.3,98,0,0,0,50.03
59,2026-05-18,124,6.7,29.8,4464.0,63.28,62.58,58.7,58.65,210,0,0,0,51.39
59,2026-05-25,125,6.7,29.8,4464.0,58.15,61.63,76.0,63.32,0,1,0,0,50.03
59,2026-06-01,126,6.7,29.8,4464.0,60.84,61.14,67.0,67.8,7,1,0,0,50.03
59,2026-06-08,127,6.7,29.8,4464.0,61.3,60.89,74.8,69.12,14,1,0,0,50.03
59,2026-06-15,128,6.7,29.8,4464.0,60.72,60.25,87.4,76.3,21,1,0,0,50.03
59,2026-06-22,129,6.7,29.8,4464.0,62.34,61.3,78.0,76.8,28,1,0,1,50.03
59,2026-06-29,130,6.7,29.8,4464.0,64.41,62.19,77.0,79.3,35,1,0,0,50.03
59,2026-07-06,131,6.7,29.8,4464.0,51.72,59.8,79.3,80.42,0,2,0,0,50.03
59,2026-07-13,132,6.7,29.8,4464.0,51.6,57.52,63.4,74.42,7,2,0,0,50.03
59,2026-07-20,133,6.7,29.8,4464.0,51.05,54.7,79.7,74.85,14,2,0,0,50.03
59,2026-07-27,134,6.7,29.8,4464.0,52.1,51.62,65.1,71.88,0,2,0,0,50.03
59,2026-08-03,135,6.7,29.8,4464.0,53.96,52.18,63.6,67.95,7,2,0,0,50.03
59,2026-08-10,136,6.7,29.8,4464.0,52.06,52.29,64.7,68.28,14,2,0,0,50.03
59,2026-08-17,137,6.7,29.8,4464.0,51.3,52.36,58.2,62.9,21,2,0,0,50.03
59,2026-08-24,138,6.7,29.8,4464.0,52.7,52.5,51.1,59.4,28,1,0,0,50.03
59,2026-08-31,139,6.7,29.8,4464.0,50.99,51.76,56.1,57.53,35,1,0,0,50.03
59,2026-09-07,140,6.7,29.8,4464.0,51.94,51.73,50.8,54.05,42,1,0,0,50.03
59,2026-09-14,141,6.7,29.8,4464.0,51.15,51.7,47.3,51.32,49,1,0,0,50.03
59,2026-09-21,142,6.7,29.8,4464.0,52.15,51.56,45.7,49.97,56,1,0,0,50.03
59,2026-09-28,143,6.7,29.8,4464.0,52.87,52.03,31.3,43.78,63,1,0,0,50.03
59,2026-10-05,144,6.7,29.8,4464.0,52.44,52.15,37.5,40.45,70,0,0,0,50.03
59,2026-10-12,145,6.7,29.8,4464.0,53.14,52.65,56.7,42.8,77,0,0,0,50.03
59,2026-10-19,146,6.7,29.8,4464.0,55.75,53.55,51.8,44.32,84,0,0,0,50.03
59,2026-10-26,147,6.7,29.8,4464.0,57.01,54.58,30.9,44.22,91,0,0,0,50.03
59,2026-11-02,148,6.7,29.8,4464.0,56.64,55.64,27.8,41.8,98,0,0,0,50.03
59,2026-11-09,149,6.7,29.8,4464.0,56.99,56.6,12.6,30.78,105,0,0,0,50.03
59,2026-11-16,150,6.7,29.8,4464.0,58.01,57.16,17.9,22.3,112,0,0,0,50.03
59,2026-11-23,151,6.7,29.8,4464.0,59.87,57.88,29.2,21.88,119,0,0,0,50.03
59,2026-11-30,152,6.7,29.8,4464.0,58.75,58.4,15.4,18.77,126,0,0,0,50.42
59,2026-12-07,153,6.7,29.8,4464.0,58.4,58.76,31.3,23.45,133,0,0,0,50.42
59,2026-12-14,154,6.7,29.8,4464.0,58.07,58.77,29.3,26.3,140,0,0,0,51.0
60,2026-05-18,124,21.1,22.3,5798.0,15.44,16.15,58.7,58.65,126,0,0,0,48.63
60,2026-05-25,125,21.1,22.3,5798.0,16.16,15.98,76.0,63.32,133,0,0,0,48.63
60,2026-06-01,126,21.1,22.3,5798.0,17.85,16.29,67.0,67.8,140,0,0,0,48.63
60,2026-06-08,127,21.1,22.3,5798.0,18.76,17.05,74.8,69.12,147,0,0,0,48.95
60,2026-06-15,128,21.1,22.3,5798.0,19.17,17.98,87.4,76.3,154,0,0,0,48.95
60,2026-06-22,129,21.1,22.3,5798.0,20.61,19.1,78.0,76.8,161,0,0,0,48.95
60,2026-06-29,130,21.1,22.3,5798.0,21.65,20.05,77.0,79.3,168,0,0,0,49.41
60,2026-07-06,131,21.1,22.3,5798.0,21.36,20.7,79.3,80.42,175,0,0,0,49.41
60,2026-07-13,132,21.1,22.3,5798.0,21.05,21.17,63.4,74.42,182,0,0,0,49.41
60,2026-07-20,133,21.1,22.3,5798.0,21.64,21.42,79.7,74.85,189,0,0,0,49.41
60,2026-07-27,134,21.1,22.3,5798.0,21.07,21.28,65.1,71.88,196,0,0,0,49.41
60,2026-08-03,135,21.1,22.3,5798.0,21.28,21.26,63.6,67.95,203,0,0,0,49.41
60,2026-08-10,136,21.1,22.3,5798.0,21.1,21.27,64.7,68.28,210,0,0,0,49.41
60,2026-08-17,137,21.1,22.3,5798.0,22.17,21.4,58.2,62.9,217,0,0,0,49.41
60,2026-08-24,138,21.1,22.3,5798.0,23.65,22.05,51.1,59.4,224,0,0,0,50.11
60,2026-08-31,139,21.1,22.3,5798.0,24.17,22.77,56.1,57.53,231,0,0,0,50.11
60,2026-09-07,140,21.1,22.3,5798.0,24.67,23.66,50.8,54.05,238,0,0,0,50.11
60,2026-09-14,141,21.1,22.3,5798.0,24.61,24.28,47.3,51.32,245,0,0,0,50.11
60,2026-09-21,142,21.1,22.3,5798.0,25.5,24.74,45.7,49.97,252,0,0,0,50.11
60,2026-09-28,143,21.1,22.3,5798.0,27.32,25.52,31.3,43.78,259,0,0,0,50.11
60,2026-10-05,144,21.1,22.3,5798.0,26.83,26.06,37.5,40.45,266,0,0,0,50.11
60,2026-10-12,145,21.1,22.3,5798.0,28.3,26.99,56.7,42.8,273,0,0,0,50.15
60,2026-10-19,146,21.1,22.3,5798.0,29.88,28.08,51.8,44.32,280,0,0,0,50.15
60,2026-10-26,147,21.1,22.3,5798.0,30.94,28.99,30.9,44.22,287,0,0,0,50.15
60,2026-11-02,148,21.1,22.3,5798.0,31.35,30.12,27.8,41.8,294,0,0,0,50.15
60,2026-11-09,149,21.1,22.3,5798.0,31.82,31.0,12.6,30.78,301,0,0,0,49.0
60,2026-11-16,150,21.1,22.3,5798.0,31.61,31.43,17.9,22.3,308,0,0,0,49.0
60,2026-11-23,151,21.1,22.3,5798.0,32.86,31.91,29.2,21.88,315,0,0,0,51.61
60,2026-11-30,152,21.1,22.3,5798.0,34.1,32.6,15.4,18.77,322,0,0,0,50.46
60,2026-12-07,153,21.1,22.3,5798.0,32.63,32.8,31.3,23.45,329,0,0,1,51.61
60,2026-12-14,154,21.1,22.3,5798.0,32.48,33.02,29.3,26.3,336,0,0,0,51.61
61,2026-05-18,124,41.7,4.3,4801.0,8.02,9.74,58.7,58.65,49,1,0,0,48.96
61,2026-05-25,125,41.7,4.3,4801.0,8.12,9.22,76.0,63.32,56,1,0,0,48.96
61,2026-06-01,126,41.7,4.3,4801.0,8.91,8.68,67.0,67.8,63,1,0,0,48.96
61,2026-06-08,127,41.7,4.3,4801.0,9.31,8.59,74.8,69.12,70,1,0,0,48.96
61,2026-06-15,128,41.7,4.3,4801.0,10.13,9.12,87.4,76.3,77,1,0,0,48.96
61,2026-06-22,129,41.7,4.3,4801.0,10.19,9.64,78.0,76.8,0,1,0,0,49.64
61,2026-06-29,130,41.7,4.3,4801.0,13.21,10.71,77.0,79.3,7,0,0,0,49.64
61,2026-07-06,131,41.7,4.3,4801.0,14.56,12.02,79.3,80.42,14,0,0,0,48.96
61,2026-07-13,132,41.7,4.3,4801.0,13.24,12.8,63.4,74.42,21,0,0,0,48.96
61,2026-07-20,133,41.7,4.3,4801.0,13.87,13.72,79.7,74.85,28,0,0,0,48.96
61,2026-07-27,134,41.7,4.3,4801.0,13.9,13.89,65.1,71.88,35,0,0,0,48.96
61,2026-08-03,135,41.7,4.3,4801.0,15.13,14.04,63.6,67.95,42,0,0,0,48.96
61,2026-08-10,136,41.7,4.3,4801.0,16.02,14.73,64.7,68.28,49,0,0,0,48.96
61,2026-08-17,137,41.7,4.3,4801.0,15.58,15.16,58.2,62.9,56,0,0,0,48.96
61,2026-08-24,138,41.7,4.3,4801.0,16.11,15.71,51.1,59.4,63,0,0,0,48.96
61,2026-08-31,139,41.7,4.3,4801.0,16.61,16.08,56.1,57.53,70,0,0,0,48.96
61,2026-09-07,140,41.7,4.3,4801.0,18.12,16.6,50.8,54.05,77,0,0,0,48.96
61,2026-09-14,141,41.7,4.3,4801.0,17.77,17.15,47.3,51.32,84,0,0,0,48.96
61,2026-09-21,142,41.7,4.3,4801.0,16.42,17.23,45.7,49.97,91,0,0,0,48.96
61,2026-09-28,143,41.7,4.3,4801.0,17.31,17.4,31.3,43.78,98,0,0,0,48.96
61,2026-10-05,144,41.7,4.3,4801.0,17.39,17.22,37.5,40.45,105,0,0,0,48.96
61,2026-10-12,145,41.7,4.3,4801.0,19.65,17.69,56.7,42.8,112,0,0,0,48.96
61,2026-10-19,146,41.7,4.3,4801.0,20.55,18.73,51.8,44.32,119,0,0,0,48.96
61,2026-10-26,147,41.7,4.3,4801.0,21.6,19.8,30.9,44.22,126,0,0,0,48.96
61,2026-11-02,148,41.7,4.3,4801.0,21.86,20.92,27.8,41.8,133,0,0,0,48.96
61,2026-11-09,149,41.7,4.3,4801.0,22.14,21.54,12.6,30.78,140,0,0,0,47.37
61,2026-11-16,150,41.7,4.3,4801.0,21.06,21.66,17.9,22.3,147,0,0,0,48.96
61,2026-11-23,151,41.7,4.3,4801.0,21.42,21.62,29.2,21.88,154,0,0,0,49.65
61,2026-11-30,152,41.7,4.3,4801.0,21.37,21.5,15.4,18.77,161,0,0,0,48.96
61,2026-12-07,153,41.7,4.3,4801.0,22.47,21.58,31.3,23.45,168,0,0,0,50.11
61,2026-12-14,154,41.7,4.3,4801.0,23.89,22.29,29.3,26.3,175,0,0,0,50.11
62,2026-05-18,124,38.0,20.6,5267.0,35.67,35.73,58.7,58.65,133,0,0,0,48.81
62,2026-05-25,125,38.0,20.6,5267.0,36.19,35.8,76.0,63.32,140,0,0,0,50.31
62,2026-06-01,126,38.0,20.6,5267.0,38.01,36.46,67.0,67.8,147,0,0,0,50.8
62,2026-06-08,127,38.0,20.6,5267.0,38.05,36.98,74.8,69.12,154,0,0,0,50.8
62,2026-06-15,128,38.0,20.6,5267.0,38.25,37.62,87.4,76.3,161,0,0,0,50.8
62,2026-06-22,129,38.0,20.6,5267.0,38.67,38.24,78.0,76.8,168,0,0,0,51.26
62,2026-06-29,130,38.0,20.6,5267.0,40.1,38.77,77.0,79.3,175,0,0,0,51.26
62,2026-07-06,131,38.0,20.6,5267.0,41.2,39.56,79.3,80.42,182,0,0,0,51.26
62,2026-07-13,132,38.0,20.6,5267.0,42.84,40.7,63.4,74.42,189,0,0,0,51.26
62,2026-07-20,133,38.0,20.6,5267.0,43.11,41.81,79.7,74.85,196,0,0,0,51.26
62,2026-07-27,134,38.0,20.6,5267.0,43.43,42.64,65.1,71.88,203,0,0,0,51.26
62,2026-08-03,135,38.0,20.6,5267.0,41.98,42.84,63.6,67.95,210,0,0,0,51.26
62,2026-08-10,136,38.0,20.6,5267.0,42.36,42.72,64.7,68.28,217,0,0,0,51.26
62,2026-08-17,137,38.0,20.6,5267.0,41.63,42.35,58.2,62.9,224,0,0,1,51.26
62,2026-08-24,138,38.0,20.6,5267.0,41.74,41.93,51.1,59.4,231,0,0,0,51.26
62,2026-08-31,139,38.0,20.6,5267.0,30.61,39.08,56.1,57.53,0,1,0,0,48.63
62,2026-09-07,140,38.0,20.6,5267.0,33.04,36.75,50.8,54.05,7,1,0,0,48.63
62,2026-09-14,141,38.0,20.6,5267.0,33.85,34.81,47.3,51.32,14,1,0,0,48.63
62,2026-09-21,142,38.0,20.6,5267.0,33.94,32.86,45.7,49.97,21,1,0,0,48.63
62,2026-09-28,143,38.0,20.6,5267.0,34.95,33.94,31.3,43.78,28,1,0,0,48.63
62,2026-10-05,144,38.0,20.6,5267.0,34.13,34.22,37.5,40.45,35,1,0,0,48.63
62,2026-10-12,145,38.0,20.6,5267.0,34.28,34.33,56.7,42.8,42,1,0,0,48.63
62,2026-10-19,146,38.0,20.6,5267.0,34.73,34.52,51.8,44.32,49,1,0,0,48.63
62,2026-10-26,147,38.0,20.6,5267.0,34.79,34.48,30.9,44.22,56,1,0,0,48.63
62,2026-11-02,148,38.0,20.6,5267.0,34.31,34.53,27.8,41.8,63,1,0,0,48.63
62,2026-11-09,149,38.0,20.6,5267.0,34.7,34.63,12.6,30.78,70,1,0,0,47.04
62,2026-11-16,150,38.0,20.6,5267.0,33.92,34.43,17.9,22.3,77,1,0,0,47.04
62,2026-11-23,151,38.0,20.6,5267.0,34.18,34.28,29.2,21.88,84,1,0,0,48.63
62,2026-11-30,152,38.0,20.6,5267.0,34.95,34.44,15.4,18.77,91,0,0,0,47.04
62,2026-12-07,153,38.0,20.6,5267.0,36.31,34.84,31.3,23.45,98,0,0,0,48.95
62,2026-12-14,154,38.0,20.6,5267.0,36.45,35.47,29.3,26.3,105,0,0,0,48.95
63,2026-05-18,124,32.7,24.0,1128.0,7.71,6.83,58.7,58.65,21,1,0,0,48.63
63,2026-05-25,125,32.7,24.0,1128.0,8.5,7.44,76.0,63.32,28,1,0,0,48.63
63,2026-06-01,126,32.7,24.0,1128.0,9.26,8.22,67.0,67.8,35,1,0,0,48.63
63,2026-06-08,127,32.7,24.0,1128.0,10.01,8.87,74.8,69.12,42,1,0,0,48.63
63,2026-06-15,128,32.7,24.0,1128.0,9.89,9.41,87.4,76.3,49,1,0,0,48.63
63,2026-06-22,129,32.7,24.0,1128.0,11.06,10.06,78.0,76.8,56,1,0,0,48.63
63,2026-06-29,130,32.7,24.0,1128.0,11.48,10.61,77.0,79.3,63,1,0,0,48.63
63,2026-07-06,131,32.7,24.0,1128.0,13.21,11.41,79.3,80.42,70,1,0,0,48.63
63,2026-07-13,132,32.7,24.0,1128.0,13.75,12.38,63.4,74.42,77,1,0,0,48.63
63,2026-07-20,133,32.7,24.0,1128.0,15.48,13.48,79.7,74.85,84,1,0,0,48.63
63,2026-07-27,134,32.7,24.0,1128.0,17.66,15.02,65.1,71.88,91,0,0,0,48.63
63,2026-08-03,135,32.7,24.0,1128.0,17.04,15.98,63.6,67.95,98,0,0,0,48.63
63,2026-08-10,136,32.7,24.0,1128.0,16.38,16.64,64.7,68.28,105,0,0,0,48.63
63,2026-08-17,137,32.7,24.0,1128.0,17.57,17.16,58.2,62.9,112,0,0,0,48.63
63,2026-08-24,138,32.7,24.0,1128.0,17.43,17.1,51.1,59.4,119,0,0,0,48.63
63,2026-08-31,139,32.7,24.0,1128.0,16.21,16.9,56.1,57.53,126,0,0,0,48.63
63,2026-09-07,140,32.7,24.0,1128.0,16.61,16.96,50.8,54.05,133,0,0,0,48.63
63,2026-09-14,141,32.7,24.0,1128.0,17.42,16.92,47.3,51.32,140,0,0,0,48.63
63,2026-09-21,142,32.7,24.0,1128.0,17.6,16.96,45.7,49.97,147,0,0,0,49.65
63,2026-09-28,143,32.7,24.0,1128.0,17.87,17.38,31.3,43.78,154,0,0,0,49.65
63,2026-10-05,144,32.7,24.0,1128.0,17.49,17.6,37.5,40.45,161,0,0,0,49.65
63,2026-10-12,145,32.7,24.0,1128.0,17.74,17.67,56.7,42.8,168,0,0,0,50.11
63,2026-10-19,146,32.7,24.0,1128.0,17.46,17.64,51.8,44.32,175,0,0,0,50.11
63,2026-10-26,147,32.7,24.0,1128.0,18.67,17.84,30.9,44.22,182,0,0,0,50.11
63,2026-11-02,148,32.7,24.0,1128.0,16.88,17.69,27.8,41.8,189,0,0,0,50.11
63,2026-11-09,149,32.7,24.0,1128.0,17.33,17.58,12.6,30.78,196,0,0,0,48.96
63,2026-11-16,150,32.7,24.0,1128.0,15.89,17.19,17.9,22.3,203,0,0,0,48.96
63,2026-11-23,151,32.7,24.0,1128.0,15.66,16.44,29.2,21.88,210,0,0,0,50.11
63,2026-11-30,152,32.7,24.0,1128.0,16.44,16.33,15.4,18.77,217,0,0,0,48.96
63,2026-12-07,153,32.7,24.0,1128.0,17.38,16.34,31.3,23.45,224,0,0,0,50.11
63,2026-12-14,154,32.7,24.0,1128.0,18.67,17.04,29.3,26.3,231,0,0,0,50.11
64,2026-05-18,124,38.0,0.4,4528.0,33.07,41.77,58.7,58.65,0,1,0,0,48.63
64,2026-05-25,125,38.0,0.4,4528.0,33.37,39.35,76.0,63.32,7,1,0,0,48.63
64,2026-06-01,126,38.0,0.4,4528.0,33.24,36.57,67.0,67.8,14,1,0,0,48.63
64,2026-06-08,127,38.0,0.4,4528.0,34.82,33.62,74.8,69.12,21,1,0,0,48.63
64,2026-06-15,128,38.0,0.4,4528.0,35.82,34.31,87.4,76.3,28,1,0,0,48.95
64,2026-06-22,129,38.0,0.4,4528.0,34.57,34.61,78.0,76.8,35,1,0,0,48.63
64,2026-06-29,130,38.0,0.4,4528.0,34.62,34.96,77.0,79.3,42,1,0,0,48.63
64,2026-07-06,131,38.0,0.4,4528.0,35.76,35.19,79.3,80.42,49,1,0,0,48.81
64,2026-07-13,132,38.0,0.4,4528.0,36.99,35.48,63.4,74.42,56,1,0,0,48.95
64,2026-07-20,133,38.0,0.4,4528.0,38.69,36.52,79.7,74.85,63,1,0,0,48.95
64,2026-07-27,134,38.0,0.4,4528.0,37.2,37.16,65.1,71.88,70,1,0,0,48.95
64,2026-08-03,135,38.0,0.4,4528.0,37.82,37.68,63.6,67.95,77,1,0,0,48.95
64,2026-08-10,136,38.0,0.4,4528.0,39.57,38.32,64.7,68.28,84,1,0,0,48.95
64,2026-08-17,137,38.0,0.4,4528.0,40.72,38.83,58.2,62.9,91,0,0,0,48.95
64,2026-08-24,138,38.0,0.4,4528.0,40.94,39.76,51.1,59.4,98,0,0,0,48.95
64,2026-08-31,139,38.0,0.4,4528.0,39.71,40.24,56.1,57.53,105,0,0,0,48.95
64,2026-09-07,140,38.0,0.4,4528.0,40.24,40.4,50.8,54.05,112,0,0,0,48.95
64,2026-09-14,141,38.0,0.4,4528.0,38.82,39.93,47.3,51.32,119,0,0,0,48.95
64,2026-09-21,142,38.0,0.4,4528.0,37.99,39.19,45.7,49.97,126,0,0,1,49.65
64,2026-09-28,143,38.0,0.4,4528.0,38.01,38.76,31.3,43.78,133,0,0,0,49.65
64,2026-10-05,144,38.0,0.4,4528.0,31.3,36.53,37.5,40.45,0,1,0,0,48.63
64,2026-10-12,145,38.0,0.4,4528.0,32.92,35.06,56.7,42.8,7,1,0,0,48.63
64,2026-10-19,146,38.0,0.4,4528.0,32.21,33.61,51.8,44.32,14,1,0,0,48.63
64,2026-10-26,147,38.0,0.4,4528.0,33.75,32.54,30.9,44.22,21,1,0,0,48.63
64,2026-11-02,148,38.0,0.4,4528.0,33.82,33.17,27.8,41.8,28,1,0,0,48.63
64,2026-11-09,149,38.0,0.4,4528.0,33.84,33.4,12.6,30.78,35,1,0,0,47.04
64,2026-11-16,150,38.0,0.4,4528.0,36.08,34.37,17.9,22.3,42,1,0,0,48.26
64,2026-11-23,151,38.0,0.4,4528.0,35.24,34.74,29.2,21.88,49,1,0,0,48.63
64,2026-11-30,152,38.0,0.4,4528.0,34.92,35.02,15.4,18.77,56,1,0,0,47.04
64,2026-12-07,153,38.0,0.4,4528.0,37.12,35.84,31.3,23.45,63,1,0,0,48.95
64,2026-12-14,154,38.0,0.4,4528.0,37.52,36.2,29.3,26.3,70,1,0,0,48.95
65,2026-05-18,124,38.1,15.9,2920.0,39.39,38.94,58.7,58.65,21,1,0,0,48.95
65,2026-05-25,125,38.1,15.9,2920.0,27.57,36.29,76.0,63.32,0,2,0,1,48.63
65,2026-06-01,126,38.1,15.9,2920.0,27.2,33.44,67.0,67.8,7,2,0,0,48.63
65,2026-06-08,127,38.1,15.9,2920.0,15.49,27.41,74.8,69.12,0,3,0,0,48.63
65,2026-06-15,128,38.1,15.9,2920.0,16.36,21.65,87.4,76.3,7,3,0,0,48.63
65,2026-06-22,129,38.1,15.9,2920.0,17.93,19.24,78.0,76.8,14,3,0,0,48.63
65,2026-06-29,130,38.1,15.9,2920.0,19.04,17.2,77.0,79.3,21,3,0,0,48.63
65,2026-07-06,131,38.1,15.9,2920.0,19.36,18.17,79.3,80.42,28,3,0,1,48.63
65,2026-07-13,132,38.1,15.9,2920.0,20.25,19.14,63.4,74.42,35,3,0,0,48.63
65,2026-07-20,133,38.1,15.9,2920.0,9.35,17.0,79.7,74.85,0,4,0,0,48.63
65,2026-07-27,134,38.1,15.9,2920.0,10.09,14.76,65.1,71.88,7,3,0,0,48.63
65,2026-08-03,135,38.1,15.9,2920.0,9.45,12.28,63.6,67.95,14,3,0,0,48.63
65,2026-08-10,136,38.1,15.9,2920.0,8.48,9.34,64.7,68.28,21,3,0,0,48.63
65,2026-08-17,137,38.1,15.9,2920.0,7.31,8.83,58.2,62.9,28,3,0,0,48.63
65,2026-08-24,138,38.1,15.9,2920.0,6.77,8.0,51.1,59.4,35,2,0,0,48.63
65,2026-08-31,139,38.1,15.9,2920.0,7.86,7.6,56.1,57.53,42,2,0,0,48.63
65,2026-09-07,140,38.1,15.9,2920.0,8.83,7.69,50.8,54.05,49,1,0,0,48.63
65,2026-09-14,141,38.1,15.9,2920.0,9.32,8.2,47.3,51.32,56,1,0,0,48.63
65,2026-09-21,142,38.1,15.9,2920.0,8.94,8.74,45.7,49.97,63,1,0,0,48.63
65,2026-09-28,143,38.1,15.9,2920.0,7.98,8.77,31.3,43.78,70,1,0,0,48.63
65,2026-10-05,144,38.1,15.9,2920.0,8.1,8.59,37.5,40.45,77,1,0,0,48.63
65,2026-10-12,145,38.1,15.9,2920.0,7.26,8.07,56.7,42.8,84,1,0,0,48.63
65,2026-10-19,146,38.1,15.9,2920.0,7.1,7.61,51.8,44.32,91,0,0,0,48.63
65,2026-10-26,147,38.1,15.9,2920.0,8.0,7.62,30.9,44.22,98,0,0,0,48.63
65,2026-11-02,148,38.1,15.9,2920.0,8.7,7.76,27.8,41.8,105,0,0,0,48.63
65,2026-11-09,149,38.1,15.9,2920.0,8.96,8.19,12.6,30.78,112,0,0,0,47.04
65,2026-11-16,150,38.1,15.9,2920.0,10.23,8.97,17.9,22.3,119,0,0,0,47.04
65,2026-11-23,151,38.1,15.9,2920.0,10.64,9.63,29.2,21.88,126,0,0,0,48.63
65,2026-11-30,152,38.1,15.9,2920.0,8.56,9.6,15.4,18.77,133,0,0,0,47.04
65,2026-12-07,153,38.1,15.9,2920.0,8.01,9.36,31.3,23.45,140,0,0,0,48.63
65,2026-12-14,154,38.1,15.9,2920.0,7.16,8.59,29.3,26.3,147,0,0,0,49.65
66,2026-05-18,124,48.5,34.1,6022.0,6.82,7.92,58.7,58.65,189,0,1,1,50.11
66,2026-05-25,125,48.5,34.1,6022.0,6.45,7.44,76.0,63.32,196,0,1,0,49.41
66,2026-06-01,126,48.5,34.1,6022.0,6.78,6.98,67.0,67.8,0,1,1,0,49.64
66,2026-06-08,127,48.5,34.1,6022.0,8.45,7.12,74.8,69.12,7,1,1,0,49.64
66,2026-06-15,128,48.5,34.1,6022.0,9.63,7.83,87.4,76.3,14,1,1,0,48.96
66,2026-06-22,129,48.5,34.1,6022.0,9.94,8.7,78.0,76.8,21,1,1,0,48.96
66,2026-06-29,130,48.5,34.1,6022.0,11.14,9.79,77.0,79.3,28,1,1,1,48.96
66,2026-07-06,131,48.5,34.1,6022.0,12.45,10.79,79.3,80.42,35,1,1,0,48.96
66,2026-07-13,132,48.5,34.1,6022.0,7.05,10.14,63.4,74.42,0,2,1,0,49.64
66,2026-07-20,133,48.5,34.1,6022.0,7.29,9.48,79.7,74.85,7,2,1,0,49.64
66,2026-07-27,134,48.5,34.1,6022.0,8.33,8.78,65.1,71.88,14,2,1,0,48.96
66,2026-08-03,135,48.5,34.1,6022.0,8.97,7.91,63.6,67.95,21,2,1,0,48.96
66,2026-08-10,136,48.5,34.1,6022.0,10.37,8.74,64.7,68.28,28,2,1,0,48.96
66,2026-08-17,137,48.5,34.1,6022.0,10.96,9.66,58.2,62.9,35,2,1,0,48.96
66,2026-08-24,138,48.5,34.1,6022.0,10.74,10.26,51.1,59.4,42,2,1,0,48.96
66,2026-08-31,139,48.5,34.1,6022.0,9.8,10.47,56.1,57.53,49,1,1,1,48.96
66,2026-09-07,140,48.5,34.1,6022.0,10.06,10.39,50.8,54.05,56,1,1,0,48.96
66,2026-09-14,141,48.5,34.1,6022.0,6.45,9.26,47.3,51.32,0,2,1,0,49.64
66,2026-09-21,142,48.5,34.1,6022.0,6.24,8.14,45.7,49.97,7,2,1,0,49.64
66,2026-09-28,143,48.5,34.1,6022.0,5.79,7.14,31.3,43.78,14,2,1,0,48.96
66,2026-10-05,144,48.5,34.1,6022.0,6.21,6.17,37.5,40.45,21,2,1,0,48.96
66,2026-10-12,145,48.5,34.1,6022.0,6.38,6.15,56.7,42.8,28,1,1,0,48.96
66,2026-10-19,146,48.5,34.1,6022.0,6.93,6.33,51.8,44.32,35,1,1,0,48.96
66,2026-10-26,147,48.5,34.1,6022.0,7.62,6.78,30.9,44.22,42,1,1,0,48.96
66,2026-11-02,148,48.5,34.1,6022.0,7.39,7.08,27.8,41.8,49,1,1,0,48.96
66,2026-11-09,149,48.5,34.1,6022.0,8.52,7.61,12.6,30.78,56,1,1,0,47.37
66,2026-11-16,150,48.5,34.1,6022.0,7.33,7.72,17.9,22.3,63,1,1,0,47.37
66,2026-11-23,151,48.5,34.1,6022.0,6.49,7.43,29.2,21.88,70,1,1,0,48.96
66,2026-11-30,152,48.5,34.1,6022.0,6.37,7.18,15.4,18.77,77,1,1,0,47.37
66,2026-12-07,153,48.5,34.1,6022.0,5.96,6.54,31.3,23.45,84,1,1,0,48.96
66,2026-12-14,154,48.5,34.1,6022.0,6.39,6.3,29.3,26.3,91,0,1,0,48.96
67,2026-05-18,124,16.7,10.3,4098.0,33.66,32.88,58.7,58.65,119,0,0,0,48.26
67,2026-05-25,125,16.7,10.3,4098.0,33.87,33.19,76.0,63.32,126,0,0,0,48.26
67,2026-06-01,126,16.7,10.3,4098.0,33.72,33.51,67.0,67.8,133,0,0,0,48.26
67,2026-06-08,127,16.7,10.3,4098.0,35.48,34.18,74.8,69.12,140,0,0,0,48.26
67,2026-06-15,128,16.7,10.3,4098.0,36.66,34.93,87.4,76.3,147,0,0,0,50.8
67,2026-06-22,129,16.7,10.3,4098.0,36.32,35.54,78.0,76.8,154,0,0,0,50.8
67,2026-06-29,130,16.7,10.3,4098.0,37.01,36.37,77.0,79.3,161,0,0,0,50.8
67,2026-07-06,131,16.7,10.3,4098.0,36.08,36.52,79.3,80.42,168,0,0,0,51.26
67,2026-07-13,132,16.7,10.3,4098.0,38.66,37.02,63.4,74.42,175,0,0,0,51.26
67,2026-07-20,133,16.7,10.3,4098.0,39.11,37.72,79.7,74.85,182,0,0,0,51.26
67,2026-07-27,134,16.7,10.3,4098.0,38.66,38.13,65.1,71.88,189,0,0,0,51.26
67,2026-08-03,135,16.7,10.3,4098.0,40.29,39.18,63.6,67.95,196,0,0,0,51.26
67,2026-08-10,136,16.7,10.3,4098.0,40.41,39.62,64.7,68.28,203,0,0,0,51.26
67,2026-08-17,137,16.7,10.3,4098.0,41.82,40.3,58.2,62.9,210,0,0,0,51.26
67,2026-08-24,138,16.7,10.3,4098.0,44.28,41.7,51.1,59.4,217,0,0,0,51.26
67,2026-08-31,139,16.7,10.3,4098.0,44.61,42.78,56.1,57.53,224,0,0,0,51.26
67,2026-09-07,140,16.7,10.3,4098.0,44.72,43.86,50.8,54.05,231,0,0,1,51.26
67,2026-09-14,141,16.7,10.3,4098.0,44.6,44.55,47.3,51.32,238,0,0,0,51.58
67,2026-09-21,142,16.7,10.3,4098.0,36.34,42.57,45.7,49.97,0,1,0,0,48.57
67,2026-09-28,143,16.7,10.3,4098.0,36.18,40.46,31.3,43.78,7,1,0,0,48.57
67,2026-10-05,144,16.7,10.3,4098.0,36.66,38.44,37.5,40.45,14,1,0,0,48.57
67,2026-10-12,145,16.7,10.3,4098.0,38.32,36.88,56.7,42.8,21,1,0,0,48.57
67,2026-10-19,146,16.7,10.3,4098.0,38.04,37.3,51.8,44.32,28,1,0,0,48.57
67,2026-10-26,147,16.7,10.3,4098.0,38.94,37.99,30.9,44.22,35,1,0,0,48.57
67,2026-11-02,148,16.7,10.3,4098.0,40.31,38.9,27.8,41.8,42,1,0,0,48.57
67,2026-11-09,149,16.7,10.3,4098.0,40.34,39.41,12.6,30.78,49,1,0,0,47.88
67,2026-11-16,150,16.7,10.3,4098.0,40.1,39.92,17.9,22.3,56,1,0,0,47.88
67,2026-11-23,151,16.7,10.3,4098.0,36.89,39.41,29.2,21.88,63,1,0,0,48.57
67,2026-11-30,152,16.7,10.3,4098.0,37.57,38.72,15.4,18.77,70,1,0,0,47.88
67,2026-12-07,153,16.7,10.3,4098.0,38.82,38.34,31.3,23.45,77,1,0,0,48.57
67,2026-12-14,154,16.7,10.3,4098.0,39.05,38.08,29.3,26.3,84,1,0,0,48.57
68,2026-05-18,124,33.6,16.0,5834.0,53.35,52.94,58.7,58.65,140,0,0,0,50.99
68,2026-05-25,125,33.6,16.0,5834.0,51.69,52.89,76.0,63.32,147,0,0,0,51.17
68,2026-06-01,126,33.6,16.0,5834.0,53.38,53.01,67.0,67.8,154,0,0,0,51.48
68,2026-06-08,127,33.6,16.0,5834.0,51.89,52.58,74.8,69.12,161,0,0,0,51.17
68,2026-06-15,128,33.6,16.0,5834.0,52.59,52.39,87.4,76.3,168,0,0,0,51.17
68,2026-06-22,129,33.6,16.0,5834.0,53.95,52.95,78.0,76.8,175,0,0,0,51.48
68,2026-06-29,130,33.6,16.0,5834.0,55.5,53.48,77.0,79.3,182,0,0,1,51.48
68,2026-07-06,131,33.6,16.0,5834.0,55.71,54.44,79.3,80.42,189,0,0,0,51.89
68,2026-07-13,132,33.6,16.0,5834.0,45.61,52.69,63.4,74.42,0,1,0,0,50.41
68,2026-07-20,133,33.6,16.0,5834.0,45.36,50.54,79.7,74.85,7,1,0,0,50.41
68,2026-07-27,134,33.6,16.0,5834.0,44.95,47.91,65.1,71.88,14,1,0,0,50.41
68,2026-08-03,135,33.6,16.0,5834.0,46.81,45.68,63.6,67.95,21,1,0,0,50.41
68,2026-08-10,136,33.6,16.0,5834.0,45.82,45.74,64.7,68.28,28,1,0,0,50.41
68,2026-08-17,137,33.6,16.0,5834.0,46.55,46.03,58.2,62.9,35,1,0,0,50.41
68,2026-08-24,138,33.6,16.0,5834.0,46.88,46.52,51.1,59.4,42,1,0,0,50.41
68,2026-08-31,139,33.6,16.0,5834.0,45.97,46.3,56.1,57.53,49,1,0,0,50.41
68,2026-09-07,140,33.6,16.0,5834.0,44.41,45.95,50.8,54.05,56,1,0,1,50.41
68,2026-09-14,141,33.6,16.0,5834.0,45.39,45.66,47.3,51.32,63,1,0,0,50.41
68,2026-09-21,142,33.6,16.0,5834.0,31.68,41.86,45.7,49.97,0,2,0,0,48.63
68,2026-09-28,143,33.6,16.0,5834.0,30.79,38.07,31.3,43.78,7,2,0,0,48.63
68,2026-10-05,144,33.6,16.0,5834.0,31.43,34.82,37.5,40.45,14,2,0,0,48.63
68,2026-10-12,145,33.6,16.0,5834.0,33.05,31.74,56.7,42.8,21,1,0,0,48.63
68,2026-10-19,146,33.6,16.0,5834.0,33.2,32.12,51.8,44.32,28,1,0,0,48.63
68,2026-10-26,147,33.6,16.0,5834.0,34.38,33.02,30.9,44.22,35,1,0,0,48.63
68,2026-11-02,148,33.6,16.0,5834.0,35.32,33.99,27.8,41.8,42,1,0,0,48.63
68,2026-11-09,149,33.6,16.0,5834.0,36.67,34.89,12.6,30.78,49,1,0,0,48.26
68,2026-11-16,150,33.6,16.0,5834.0,39.16,36.38,17.9,22.3,56,1,0,0,48.26
68,2026-11-23,151,33.6,16.0,5834.0,39.71,37.72,29.2,21.88,0,1,0,0,48.95
68,2026-11-30,152,33.6,16.0,5834.0,39.05,38.65,15.4,18.77,7,1,0,0,48.26
68,2026-12-07,153,33.6,16.0,5834.0,40.15,39.52,31.3,23.45,14,1,0,0,48.95
68,2026-12-14,154,33.6,16.0,5834.0,40.12,39.76,29.3,26.3,21,1,0,0,48.95
69,2026-05-18,124,29.5,15.5,5915.0,44.97,44.22,58.7,58.65,56,1,0,0,49.32
69,2026-05-25,125,29.5,15.5,5915.0,47.14,44.94,76.0,63.32,63,1,0,0,50.41
69,2026-06-01,126,29.5,15.5,5915.0,47.93,45.93,67.0,67.8,70,1,0,0,50.41
69,2026-06-08,127,29.5,15.5,5915.0,48.41,47.11,74.8,69.12,77,1,0,0,50.41
69,2026-06-15,128,29.5,15.5,5915.0,48.06,47.89,87.4,76.3,84,1,0,0,50.41
69,2026-06-22,129,29.5,15.5,5915.0,47.62,48.0,78.0,76.8,91,0,0,0,50.41
69,2026-06-29,130,29.5,15.5,5915.0,49.19,48.32,77.0,79.3,98,0,0,0,50.41
69,2026-07-06,131,29.5,15.5,5915.0,48.87,48.43,79.3,80.42,105,0,0,0,50.41
69,2026-07-13,132,29.5,15.5,5915.0,49.5,48.79,63.4,74.42,112,0,0,0,50.41
69,2026-07-20,133,29.5,15.5,5915.0,51.36,49.73,79.7,74.85,119,0,0,0,50.41
69,2026-07-27,134,29.5,15.5,5915.0,52.43,50.54,65.1,71.88,126,0,0,0,50.48
69,2026-08-03,135,29.5,15.5,5915.0,53.86,51.79,63.6,67.95,133,0,0,0,50.79
69,2026-08-10,136,29.5,15.5,5915.0,53.56,52.8,64.7,68.28,140,0,0,0,50.99
69,2026-08-17,137,29.5,15.5,5915.0,53.17,53.26,58.2,62.9,147,0,0,0,51.48
69,2026-08-24,138,29.5,15.5,5915.0,53.44,53.51,51.1,59.4,154,0,0,0,51.48
69,2026-08-31,139,29.5,15.5,5915.0,53.22,53.35,56.1,57.53,161,0,0,0,51.48
69,2026-09-07,140,29.5,15.5,5915.0,54.06,53.47,50.8,54.05,168,0,0,0,51.48
69,2026-09-14,141,29.5,15.5,5915.0,55.31,54.01,47.3,51.32,175,0,0,0,51.48
69,2026-09-21,142,29.5,15.5,5915.0,53.4,54.0,45.7,49.97,182,0,0,0,51.48
69,2026-09-28,143,29.5,15.5,5915.0,54.32,54.27,31.3,43.78,189,0,0,0,51.89
69,2026-10-05,144,29.5,15.5,5915.0,54.87,54.47,37.5,40.45,196,0,0,0,51.89
69,2026-10-12,145,29.5,15.5,5915.0,55.52,54.53,56.7,42.8,203,0,0,0,51.89
69,2026-10-19,146,29.5,15.5,5915.0,56.12,55.21,51.8,44.32,210,0,0,0,51.89
69,2026-10-26,147,29.5,15.5,5915.0,57.29,55.95,30.9,44.22,217,0,0,0,51.89
69,2026-11-02,148,29.5,15.5,5915.0,57.64,56.64,27.8,41.8,224,0,0,0,51.89
69,2026-11-09,149,29.5,15.5,5915.0,56.79,56.96,12.6,30.78,231,0,0,0,51.89
69,2026-11-16,150,29.5,15.5,5915.0,58.5,57.56,17.9,22.3,238,0,0,0,51.89
69,2026-11-23,151,29.5,15.5,5915.0,59.41,58.08,29.2,21.88,245,0,0,0,52.27
69,2026-11-30,152,29.5,15.5,5915.0,58.44,58.28,15.4,18.77,252,0,0,0,52.27
69,2026-12-07,153,29.5,15.5,5915.0,58.46,58.7,31.3,23.45,259,0,0,0,52.27
69,2026-12-14,154,29.5,15.5,5915.0,58.12,58.61,29.3,26.3,266,0,0,0,52.27
70,2026-05-18,124,18.8,10.6,2085.0,33.42,31.78,58.7,58.65,77,1,0,0,48.26
70,2026-05-25,125,18.8,10.6,2085.0,32.62,32.13,76.0,63.32,84,1,0,0,48.26
70,2026-06-01,126,18.8,10.6,2085.0,34.15,32.84,67.0,67.8,91,0,0,0,48.26
70,2026-06-08,127,18.8,10.6,2085.0,35.84,34.01,74.8,69.12,98,0,0,0,48.57
70,2026-06-15,128,18.8,10.6,2085.0,36.45,34.76,87.4,76.3,105,0,0,0,48.57
70,2026-06-22,129,18.8,10.6,2085.0,36.39,35.71,78.0,76.8,112,0,0,0,48.57
70,2026-06-29,130,18.8,10.6,2085.0,37.04,36.43,77.0,79.3,119,0,0,0,48.57
70,2026-07-06,131,18.8,10.6,2085.0,39.26,37.28,79.3,80.42,126,0,0,0,49.28
70,2026-07-13,132,18.8,10.6,2085.0,39.68,38.09,63.4,74.42,133,0,0,0,49.28
70,2026-07-20,133,18.8,10.6,2085.0,39.39,38.84,79.7,74.85,140,0,0,0,49.93
70,2026-07-27,134,18.8,10.6,2085.0,39.1,39.36,65.1,71.88,147,0,0,0,50.8
70,2026-08-03,135,18.8,10.6,2085.0,38.44,39.15,63.6,67.95,154,0,0,0,50.8
70,2026-08-10,136,18.8,10.6,2085.0,39.92,39.21,64.7,68.28,161,0,0,0,50.8
70,2026-08-17,137,18.8,10.6,2085.0,40.36,39.46,58.2,62.9,168,0,0,0,51.26
70,2026-08-24,138,18.8,10.6,2085.0,40.89,39.9,51.1,59.4,175,0,0,0,51.26
70,2026-08-31,139,18.8,10.6,2085.0,40.8,40.49,56.1,57.53,182,0,0,0,51.26
70,2026-09-07,140,18.8,10.6,2085.0,41.33,40.84,50.8,54.05,189,0,0,0,51.26
70,2026-09-14,141,18.8,10.6,2085.0,42.97,41.5,47.3,51.32,196,0,0,0,51.26
70,2026-09-21,142,18.8,10.6,2085.0,43.34,42.11,45.7,49.97,203,0,0,0,51.26
70,2026-09-28,143,18.8,10.6,2085.0,42.37,42.5,31.3,43.78,210,0,0,1,51.26
70,2026-10-05,144,18.8,10.6,2085.0,43.05,42.93,37.5,40.45,217,0,0,0,51.26
70,2026-10-12,145,18.8,10.6,2085.0,31.49,40.06,56.7,42.8,0,1,0,0,48.26
70,2026-10-19,146,18.8,10.6,2085.0,32.83,37.44,51.8,44.32,7,1,0,0,48.26
70,2026-10-26,147,18.8,10.6,2085.0,32.73,35.02,30.9,44.22,14,1,0,0,48.26
70,2026-11-02,148,18.8,10.6,2085.0,33.86,32.73,27.8,41.8,21,1,0,0,48.26
70,2026-11-09,149,18.8,10.6,2085.0,36.14,33.89,12.6,30.78,28,1,0,0,47.88
70,2026-11-16,150,18.8,10.6,2085.0,36.79,34.88,17.9,22.3,35,1,0,0,47.88
70,2026-11-23,151,18.8,10.6,2085.0,37.19,36.0,29.2,21.88,42,1,0,0,48.57
70,2026-11-30,152,18.8,10.6,2085.0,41.21,37.83,15.4,18.77,49,1,0,0,47.88
70,2026-12-07,153,18.8,10.6,2085.0,40.49,38.92,31.3,23.45,56,1,0,0,48.57
70,2026-12-14,154,18.8,10.6,2085.0,41.76,40.16,29.3,26.3,63,1,0,0,48.57
71,2026-05-18,124,8.5,32.1,4536.0,44.32,42.04,58.7,58.65,252,0,0,0,50.37
71,2026-05-25,125,8.5,32.1,4536.0,46.62,43.44,76.0,63.32,259,0,0,0,50.37
71,2026-06-01,126,8.5,32.1,4536.0,46.76,45.16,67.0,67.8,266,0,0,0,50.69
71,2026-06-08,127,8.5,32.1,4536.0,48.48,46.54,74.8,69.12,273,0,0,0,51.61
71,2026-06-15,128,8.5,32.1,4536.0,49.2,47.76,87.4,76.3,280,0,0,0,51.61
71,2026-06-22,129,8.5,32.1,4536.0,50.0,48.61,78.0,76.8,287,0,0,0,51.61
71,2026-06-29,130,8.5,32.1,4536.0,51.09,49.69,77.0,79.3,294,0,0,0,51.61
71,2026-07-06,131,8.5,32.1,4536.0,52.31,50.65,79.3,80.42,301,0,0,0,51.61
71,2026-07-13,132,8.5,32.1,4536.0,51.9,51.32,63.4,74.42,308,0,0,0,51.61
71,2026-07-20,133,8.5,32.1,4536.0,53.06,52.09,79.7,74.85,315,0,0,0,51.92
71,2026-07-27,134,8.5,32.1,4536.0,52.76,52.51,65.1,71.88,322,0,0,0,51.61
71,2026-08-03,135,8.5,32.1,4536.0,52.86,52.64,63.6,67.95,329,0,0,1,51.92
71,2026-08-10,136,8.5,32.1,4536.0,53.02,52.92,64.7,68.28,336,0,0,0,51.92
71,2026-08-17,137,8.5,32.1,4536.0,42.1,50.18,58.2,62.9,0,1,0,0,50.03
71,2026-08-24,138,8.5,32.1,4536.0,42.7,47.67,51.1,59.4,7,1,0,0,50.03
71,2026-08-31,139,8.5,32.1,4536.0,45.5,45.83,56.1,57.53,14,1,0,0,50.03
71,2026-09-07,140,8.5,32.1,4536.0,46.71,44.25,50.8,54.05,21,1,0,0,48.94
71,2026-09-14,141,8.5,32.1,4536.0,49.1,46.0,47.3,51.32,28,1,0,0,50.03
71,2026-09-21,142,8.5,32.1,4536.0,49.21,47.63,45.7,49.97,35,1,0,0,50.03
71,2026-09-28,143,8.5,32.1,4536.0,49.41,48.61,31.3,43.78,42,1,0,0,50.03
71,2026-10-05,144,8.5,32.1,4536.0,49.51,49.31,37.5,40.45,49,1,0,0,50.03
71,2026-10-12,145,8.5,32.1,4536.0,49.98,49.53,56.7,42.8,56,1,0,0,50.03
71,2026-10-19,146,8.5,32.1,4536.0,47.29,49.05,51.8,44.32,63,1,0,0,50.03
71,2026-10-26,147,8.5,32.1,4536.0,48.3,48.77,30.9,44.22,70,1,0,0,50.03
71,2026-11-02,148,8.5,32.1,4536.0,48.78,48.59,27.8,41.8,77,1,0,0,50.03
71,2026-11-09,149,8.5,32.1,4536.0,48.41,48.2,12.6,30.78,84,1,0,0,50.03
71,2026-11-16,150,8.5,32.1,4536.0,49.02,48.63,17.9,22.3,91,0,0,0,50.03
71,2026-11-23,151,8.5,32.1,4536.0,50.59,49.2,29.2,21.88,98,0,0,0,50.03
71,2026-11-30,152,8.5,32.1,4536.0,49.91,49.48,15.4,18.77,105,0,0,0,50.03
71,2026-12-07,153,8.5,32.1,4536.0,49.47,49.75,31.3,23.45,112,0,0,0,50.03
71,2026-12-14,154,8.5,32.1,4536.0,50.05,50.0,29.3,26.3,119,0,0,0,50.03
72,2026-05-18,124,32.6,27.3,4625.0,34.93,33.84,58.7,58.65,301,0,0,0,50.15
72,2026-05-25,125,32.6,27.3,4625.0,32.95,33.82,76.0,63.32,308,0,0,0,49.44
72,2026-06-01,126,32.6,27.3,4625.0,34.53,34.09,67.0,67.8,315,0,0,0,49.83
72,2026-06-08,127,32.6,27.3,4625.0,33.9,34.08,74.8,69.12,322,0,0,0,49.83
72,2026-06-15,128,32.6,27.3,4625.0,34.3,33.92,87.4,76.3,329,0,0,0,49.83
72,2026-06-22,129,32.6,27.3,4625.0,33.92,34.16,78.0,76.8,336,0,0,0,49.83
72,2026-06-29,130,32.6,27.3,4625.0,35.09,34.3,77.0,79.3,343,0,0,0,49.83
72,2026-07-06,131,32.6,27.3,4625.0,35.75,34.76,79.3,80.42,350,0,0,0,50.84
72,2026-07-13,132,32.6,27.3,4625.0,35.72,35.12,63.4,74.42,357,0,0,0,50.84
72,2026-07-20,133,32.6,27.3,4625.0,37.27,35.96,79.7,74.85,364,0,0,0,51.3
72,2026-07-27,134,32.6,27.3,4625.0,36.79,36.38,65.1,71.88,371,0,0,0,51.3
72,2026-08-03,135,32.6,27.3,4625.0,36.77,36.64,63.6,67.95,378,0,0,0,51.3
72,2026-08-10,136,32.6,27.3,4625.0,37.24,37.02,64.7,68.28,385,0,0,0,51.3
72,2026-08-17,137,32.6,27.3,4625.0,37.12,36.98,58.2,62.9,392,0,0,0,51.3
72,2026-08-24,138,32.6,27.3,4625.0,37.58,37.18,51.1,59.4,399,0,0,1,51.3
72,2026-08-31,139,32.6,27.3,4625.0,38.04,37.49,56.1,57.53,406,0,0,0,51.3
72,2026-09-07,140,32.6,27.3,4625.0,25.78,34.63,50.8,54.05,0,1,0,0,48.63
72,2026-09-14,141,32.6,27.3,4625.0,26.55,31.99,47.3,51.32,7,1,0,0,48.63
72,2026-09-21,142,32.6,27.3,4625.0,27.91,29.57,45.7,49.97,14,1,0,0,48.63
72,2026-09-28,143,32.6,27.3,4625.0,27.09,26.83,31.3,43.78,21,1,0,0,48.63
72,2026-10-05,144,32.6,27.3,4625.0,26.62,27.04,37.5,40.45,28,1,0,0,48.63
72,2026-10-12,145,32.6,27.3,4625.0,26.02,26.91,56.7,42.8,35,1,0,0,48.63
72,2026-10-19,146,32.6,27.3,4625.0,25.8,26.38,51.8,44.32,42,1,0,0,48.63
72,2026-10-26,147,32.6,27.3,4625.0,25.43,25.97,30.9,44.22,49,1,0,0,48.63
72,2026-11-02,148,32.6,27.3,4625.0,25.11,25.59,27.8,41.8,56,1,0,0,48.63
72,2026-11-09,149,32.6,27.3,4625.0,25.99,25.58,12.6,30.78,63,1,0,1,47.04
72,2026-11-16,150,32.6,27.3,4625.0,26.06,25.65,17.9,22.3,70,1,0,0,47.04
72,2026-11-23,151,32.6,27.3,4625.0,15.14,23.08,29.2,21.88,0,2,0,0,48.63
72,2026-11-30,152,32.6,27.3,4625.0,15.7,20.72,15.4,18.77,7,2,0,0,47.04
72,2026-12-07,153,32.6,27.3,4625.0,14.97,17.97,31.3,23.45,14,1,0,0,48.63
72,2026-12-14,154,32.6,27.3,4625.0,15.37,15.3,29.3,26.3,21,1,0,0,48.63
73,2026-05-18,124,14.7,3.9,2406.0,29.08,27.48,58.7,58.65,133,0,0,0,48.26
73,2026-05-25,125,14.7,3.9,2406.0,30.27,28.34,76.0,63.32,140,0,0,0,48.26
73,2026-06-01,126,14.7,3.9,2406.0,30.83,29.3,67.0,67.8,147,0,0,0,48.95
73,2026-06-08,127,14.7,3.9,2406.0,30.84,30.26,74.8,69.12,154,0,0,0,48.95
73,2026-06-15,128,14.7,3.9,2406.0,32.14,31.02,87.4,76.3,161,0,0,0,48.95
73,2026-06-22,129,14.7,3.9,2406.0,33.43,31.81,78.0,76.8,168,0,0,0,49.41
73,2026-06-29,130,14.7,3.9,2406.0,35.37,32.94,77.0,79.3,175,0,0,0,49.41
73,2026-07-06,131,14.7,3.9,2406.0,35.14,34.02,79.3,80.42,182,0,0,0,49.41
73,2026-07-13,132,14.7,3.9,2406.0,36.28,35.06,63.4,74.42,189,0,0,0,51.26
73,2026-07-20,133,14.7,3.9,2406.0,35.76,35.64,79.7,74.85,196,0,0,0,50.42
73,2026-07-27,134,14.7,3.9,2406.0,35.58,35.69,65.1,71.88,203,0,0,0,49.41
73,2026-08-03,135,14.7,3.9,2406.0,36.22,35.96,63.6,67.95,210,0,0,0,51.26
73,2026-08-10,136,14.7,3.9,2406.0,35.56,35.78,64.7,68.28,217,0,0,0,49.41
73,2026-08-17,137,14.7,3.9,2406.0,37.11,36.12,58.2,62.9,224,0,0,0,51.26
73,2026-08-24,138,14.7,3.9,2406.0,37.21,36.52,51.1,59.4,231,0,0,0,51.26
73,2026-08-31,139,14.7,3.9,2406.0,39.27,37.29,56.1,57.53,238,0,0,0,51.26
73,2026-09-07,140,14.7,3.9,2406.0,38.08,37.92,50.8,54.05,245,0,0,0,51.26
73,2026-09-14,141,14.7,3.9,2406.0,39.8,38.59,47.3,51.32,252,0,0,0,51.26
73,2026-09-21,142,14.7,3.9,2406.0,41.08,39.56,45.7,49.97,259,0,0,0,51.26
73,2026-09-28,143,14.7,3.9,2406.0,41.64,40.15,31.3,43.78,266,0,0,0,51.26
73,2026-10-05,144,14.7,3.9,2406.0,43.02,41.39,37.5,40.45,273,0,0,0,51.73
73,2026-10-12,145,14.7,3.9,2406.0,43.69,42.36,56.7,42.8,280,0,0,0,51.73
73,2026-10-19,146,14.7,3.9,2406.0,43.39,42.94,51.8,44.32,287,0,0,0,51.73
73,2026-10-26,147,14.7,3.9,2406.0,44.68,43.7,30.9,44.22,294,0,0,0,51.73
73,2026-11-02,148,14.7,3.9,2406.0,45.24,44.25,27.8,41.8,301,0,0,0,52.04
73,2026-11-09,149,14.7,3.9,2406.0,47.43,45.18,12.6,30.78,308,0,0,0,52.04
73,2026-11-16,150,14.7,3.9,2406.0,48.54,46.47,17.9,22.3,315,0,0,0,52.04
73,2026-11-23,151,14.7,3.9,2406.0,49.6,47.7,29.2,21.88,322,0,0,0,52.04
73,2026-11-30,152,14.7,3.9,2406.0,49.99,48.89,15.4,18.77,329,0,0,0,52.04
73,2026-12-07,153,14.7,3.9,2406.0,49.44,49.39,31.3,23.45,336,0,0,0,52.04
73,2026-12-14,154,14.7,3.9,2406.0,49.16,49.55,29.3,26.3,343,0,0,0,52.04
74,2026-05-18,124,45.8,62.1,8052.0,27.14,27.53,58.7,58.65,14,2,1,0,49.52
74,2026-05-25,125,45.8,62.1,8052.0,27.52,26.64,76.0,63.32,21,2,1,0,49.52
74,2026-06-01,126,45.8,62.1,8052.0,29.59,27.72,67.0,67.8,28,2,1,0,49.52
74,2026-06-08,127,45.8,62.1,8052.0,29.7,28.49,74.8,69.12,35,2,1,0,49.52
74,2026-06-15,128,45.8,62.1,8052.0,30.49,29.33,87.4,76.3,42,2,1,0,49.52
74,2026-06-22,129,45.8,62.1,8052.0,32.2,30.49,78.0,76.8,49,2,1,0,49.52
74,2026-06-29,130,45.8,62.1,8052.0,32.73,31.28,77.0,79.3,56,2,1,0,49.52
74,2026-07-06,131,45.8,62.1,8052.0,33.19,32.15,79.3,80.42,63,2,1,0,49.52
74,2026-07-13,132,45.8,62.1,8052.0,33.07,32.8,63.4,74.42,70,1,1,1,49.52
74,2026-07-20,133,45.8,62.1,8052.0,32.93,32.98,79.7,74.85,77,1,1,0,49.52
74,2026-07-27,134,45.8,62.1,8052.0,25.6,31.2,65.1,71.88,0,2,1,0,50.2
74,2026-08-03,135,45.8,62.1,8052.0,26.19,29.45,63.6,67.95,7,1,1,0,50.2
74,2026-08-10,136,45.8,62.1,8052.0,26.0,27.68,64.7,68.28,14,1,1,0,49.52
74,2026-08-17,137,45.8,62.1,8052.0,25.85,25.91,58.2,62.9,21,1,1,0,49.52
74,2026-08-24,138,45.8,62.1,8052.0,27.47,26.38,51.1,59.4,28,1,1,0,49.52
74,2026-08-31,139,45.8,62.1,8052.0,27.76,26.77,56.1,57.53,35,1,1,0,49.52
74,2026-09-07,140,45.8,62.1,8052.0,28.76,27.46,50.8,54.05,42,1,1,0,49.52
74,2026-09-14,141,45.8,62.1,8052.0,28.37,28.09,47.3,51.32,49,1,1,0,49.52
74,2026-09-21,142,45.8,62.1,8052.0,28.07,28.24,45.7,49.97,56,1,1,0,49.52
74,2026-09-28,143,45.8,62.1,8052.0,26.94,28.04,31.3,43.78,63,1,1,0,49.52
74,2026-10-05,144,45.8,62.1,8052.0,26.5,27.47,37.5,40.45,70,1,1,0,49.52
74,2026-10-12,145,45.8,62.1,8052.0,27.08,27.15,56.7,42.8,77,1,1,0,49.52
74,2026-10-19,146,45.8,62.1,8052.0,26.61,26.78,51.8,44.32,84,1,1,0,49.52
74,2026-10-26,147,45.8,62.1,8052.0,27.53,26.93,30.9,44.22,91,0,1,0,49.52
74,2026-11-02,148,45.8,62.1,8052.0,27.12,27.08,27.8,41.8,98,0,1,1,49.52
74,2026-11-09,149,45.8,62.1,8052.0,28.95,27.55,12.6,30.78,105,0,1,0,47.93
74,2026-11-16,150,45.8,62.1,8052.0,20.63,26.06,17.9,22.3,0,1,1,0,48.61
74,2026-11-23,151,45.8,62.1,8052.0,23.15,24.96,29.2,21.88,7,1,1,0,50.2
74,2026-11-30,152,45.8,62.1,8052.0,23.03,23.94,15.4,18.77,14,1,1,0,47.93
74,2026-12-07,153,45.8,62.1,8052.0,22.41,22.3,31.3,23.45,21,1,1,0,49.52
74,2026-12-14,154,45.8,62.1,8052.0,22.8,22.85,29.3,26.3,28,1,1,0,49.52
75,2026-05-18,124,13.9,30.8,725.0,42.8,43.89,58.7,58.65,413,0,0,0,51.3
75,2026-05-25,125,13.9,30.8,725.0,43.24,43.77,76.0,63.32,420,0,0,0,51.3
75,2026-06-01,126,13.9,30.8,725.0,42.91,43.39,67.0,67.8,427,0,0,0,51.3
75,2026-06-08,127,13.9,30.8,725.0,44.1,43.26,74.8,69.12,434,0,0,0,51.3
75,2026-06-15,128,13.9,30.8,725.0,45.27,43.88,87.4,76.3,441,0,0,0,51.3
75,2026-06-22,129,13.9,30.8,725.0,46.86,44.78,78.0,76.8,0,0,0,0,50.03
75,2026-06-29,130,13.9,30.8,725.0,48.64,46.22,77.0,79.3,7,0,0,0,50.03
75,2026-07-06,131,13.9,30.8,725.0,49.88,47.66,79.3,80.42,14,0,0,0,50.03
75,2026-07-13,132,13.9,30.8,725.0,50.24,48.9,63.4,74.42,21,0,0,0,50.03
75,2026-07-20,133,13.9,30.8,725.0,49.94,49.68,79.7,74.85,28,0,0,0,50.03
75,2026-07-27,134,13.9,30.8,725.0,51.9,50.49,65.1,71.88,35,0,0,0,50.03
75,2026-08-03,135,13.9,30.8,725.0,52.34,51.1,63.6,67.95,42,0,0,0,50.03
75,2026-08-10,136,13.9,30.8,725.0,50.24,51.1,64.7,68.28,49,0,0,0,50.03
75,2026-08-17,137,13.9,30.8,725.0,51.17,51.41,58.2,62.9,56,0,0,0,50.03
75,2026-08-24,138,13.9,30.8,725.0,50.35,51.03,51.1,59.4,63,0,0,0,50.03
75,2026-08-31,139,13.9,30.8,725.0,49.87,50.41,56.1,57.53,70,0,0,0,50.03
75,2026-09-07,140,13.9,30.8,725.0,53.01,51.1,50.8,54.05,77,0,0,0,50.03
75,2026-09-14,141,13.9,30.8,725.0,54.07,51.82,47.3,51.32,84,0,0,0,50.03
75,2026-09-21,142,13.9,30.8,725.0,54.16,52.78,45.7,49.97,91,0,0,0,50.03
75,2026-09-28,143,13.9,30.8,725.0,54.59,53.96,31.3,43.78,98,0,0,0,50.03
75,2026-10-05,144,13.9,30.8,725.0,56.43,54.81,37.5,40.45,105,0,0,0,50.03
75,2026-10-12,145,13.9,30.8,725.0,58.13,55.83,56.7,42.8,112,0,0,0,50.03
75,2026-10-19,146,13.9,30.8,725.0,57.69,56.71,51.8,44.32,119,0,0,0,50.03
75,2026-10-26,147,13.9,30.8,725.0,58.54,57.7,30.9,44.22,126,0,0,0,50.42
75,2026-11-02,148,13.9,30.8,725.0,57.48,57.96,27.8,41.8,133,0,0,0,50.42
75,2026-11-09,149,13.9,30.8,725.0,57.45,57.79,12.6,30.78,140,0,0,0,50.61
75,2026-11-16,150,13.9,30.8,725.0,57.53,57.75,17.9,22.3,147,0,0,0,51.48
75,2026-11-23,151,13.9,30.8,725.0,58.57,57.76,29.2,21.88,154,0,0,0,51.48
75,2026-11-30,152,13.9,30.8,725.0,59.07,58.16,15.4,18.77,161,0,0,0,51.87
75,2026-12-07,153,13.9,30.8,725.0,59.78,58.74,31.3,23.45,168,0,0,0,51.87
75,2026-12-14,154,13.9,30.8,725.0,59.4,59.2,29.3,26.3,175,0,0,0,51.87
76,2026-05-18,124,9.5,9.9,4775.0,35.32,39.39,58.7,58.65,7,1,0,0,48.26
76,2026-05-25,125,9.5,9.9,4775.0,35.84,37.38,76.0,63.32,14,1,0,0,48.57
76,2026-06-01,126,9.5,9.9,4775.0,36.65,35.6,67.0,67.8,21,1,0,0,48.57
76,2026-06-08,127,9.5,9.9,4775.0,38.62,36.61,74.8,69.12,28,1,0,0,48.57
76,2026-06-15,128,9.5,9.9,4775.0,38.32,37.36,87.4,76.3,35,1,0,0,48.57
76,2026-06-22,129,9.5,9.9,4775.0,38.22,37.95,78.0,76.8,42,1,0,0,48.57
76,2026-06-29,130,9.5,9.9,4775.0,40.43,38.9,77.0,79.3,49,1,0,0,48.57
76,2026-07-06,131,9.5,9.9,4775.0,41.33,39.57,79.3,80.42,56,1,0,0,48.57
76,2026-07-13,132,9.5,9.9,4775.0,40.87,40.21,63.4,74.42,63,1,0,0,48.57
76,2026-07-20,133,9.5,9.9,4775.0,41.51,41.04,79.7,74.85,70,1,0,0,48.57
76,2026-07-27,134,9.5,9.9,4775.0,41.79,41.38,65.1,71.88,77,1,0,0,48.57
76,2026-08-03,135,9.5,9.9,4775.0,40.4,41.14,63.6,67.95,84,1,0,0,48.57
76,2026-08-10,136,9.5,9.9,4775.0,39.05,40.69,64.7,68.28,91,0,0,0,48.57
76,2026-08-17,137,9.5,9.9,4775.0,39.11,40.09,58.2,62.9,98,0,0,0,48.57
76,2026-08-24,138,9.5,9.9,4775.0,38.65,39.3,51.1,59.4,105,0,0,0,48.57
76,2026-08-31,139,9.5,9.9,4775.0,38.84,38.91,56.1,57.53,112,0,0,0,48.57
76,2026-09-07,140,9.5,9.9,4775.0,38.61,38.8,50.8,54.05,119,0,0,0,48.57
76,2026-09-14,141,9.5,9.9,4775.0,39.9,39.0,47.3,51.32,126,0,0,0,49.28
76,2026-09-21,142,9.5,9.9,4775.0,39.1,39.11,45.7,49.97,133,0,0,0,49.28
76,2026-09-28,143,9.5,9.9,4775.0,39.56,39.29,31.3,43.78,140,0,0,0,49.93
76,2026-10-05,144,9.5,9.9,4775.0,39.94,39.62,37.5,40.45,147,0,0,0,50.8
76,2026-10-12,145,9.5,9.9,4775.0,39.52,39.53,56.7,42.8,154,0,0,0,50.8
76,2026-10-19,146,9.5,9.9,4775.0,40.35,39.84,51.8,44.32,161,0,0,0,50.8
76,2026-10-26,147,9.5,9.9,4775.0,40.91,40.18,30.9,44.22,168,0,0,0,51.26
76,2026-11-02,148,9.5,9.9,4775.0,42.16,40.74,27.8,41.8,175,0,0,0,51.26
76,2026-11-09,149,9.5,9.9,4775.0,42.19,41.4,12.6,30.78,182,0,0,0,50.11
76,2026-11-16,150,9.5,9.9,4775.0,44.26,42.38,17.9,22.3,189,0,0,0,50.11
76,2026-11-23,151,9.5,9.9,4775.0,44.57,43.3,29.2,21.88,196,0,0,0,51.26
76,2026-11-30,152,9.5,9.9,4775.0,44.08,43.78,15.4,18.77,203,0,0,0,50.11
76,2026-12-07,153,9.5,9.9,4775.0,45.85,44.69,31.3,23.45,210,0,0,0,51.58
76,2026-12-14,154,9.5,9.9,4775.0,47.38,45.47,29.3,26.3,217,0,0,0,51.58
77,2026-05-18,124,58.6,61.2,5005.0,56.89,56.81,58.7,58.65,154,0,1,0,52.34
77,2026-05-25,125,58.6,61.2,5005.0,56.68,57.0,76.0,63.32,161,0,1,0,52.34
77,2026-06-01,126,58.6,61.2,5005.0,58.11,57.37,67.0,67.8,168,0,1,0,52.34
77,2026-06-08,127,58.6,61.2,5005.0,57.55,57.31,74.8,69.12,175,0,1,0,52.34
77,2026-06-15,128,58.6,61.2,5005.0,58.27,57.65,87.4,76.3,182,0,1,0,52.34
77,2026-06-22,129,58.6,61.2,5005.0,59.1,58.26,78.0,76.8,189,0,1,0,52.72
77,2026-06-29,130,58.6,61.2,5005.0,59.04,58.49,77.0,79.3,196,0,1,0,52.72
77,2026-07-06,131,58.6,61.2,5005.0,57.57,58.5,79.3,80.42,203,0,1,0,52.72
77,2026-07-13,132,58.6,61.2,5005.0,58.26,58.49,63.4,74.42,210,0,1,0,52.72
77,2026-07-20,133,58.6,61.2,5005.0,59.45,58.58,79.7,74.85,217,0,1,0,52.72
77,2026-07-27,134,58.6,61.2,5005.0,59.53,58.7,65.1,71.88,224,0,1,0,52.72
77,2026-08-03,135,58.6,61.2,5005.0,60.21,59.36,63.6,67.95,231,0,1,0,52.72
77,2026-08-10,136,58.6,61.2,5005.0,61.56,60.19,64.7,68.28,238,0,1,0,52.72
77,2026-08-17,137,58.6,61.2,5005.0,62.54,60.96,58.2,62.9,245,0,1,0,52.72
77,2026-08-24,138,58.6,61.2,5005.0,63.7,62.0,51.1,59.4,252,0,1,0,52.72
77,2026-08-31,139,58.6,61.2,5005.0,62.69,62.62,56.1,57.53,259,0,1,0,52.72
77,2026-09-07,140,58.6,61.2,5005.0,63.29,63.05,50.8,54.05,266,0,1,0,52.72
77,2026-09-14,141,58.6,61.2,5005.0,64.13,63.45,47.3,51.32,273,0,1,1,52.76
77,2026-09-21,142,58.6,61.2,5005.0,65.16,63.82,45.7,49.97,280,0,1,0,52.76
77,2026-09-28,143,58.6,61.2,5005.0,57.04,62.4,31.3,43.78,0,1,1,0,51.7
77,2026-10-05,144,58.6,61.2,5005.0,57.96,61.07,37.5,40.45,7,1,1,1,51.7
77,2026-10-12,145,58.6,61.2,5005.0,58.53,59.67,56.7,42.8,14,1,1,0,51.02
77,2026-10-19,146,58.6,61.2,5005.0,45.39,54.73,51.8,44.32,0,2,1,0,51.7
77,2026-10-26,147,58.6,61.2,5005.0,45.55,51.86,30.9,44.22,7,2,1,0,51.7
77,2026-11-02,148,58.6,61.2,5005.0,46.63,49.02,27.8,41.8,14,2,1,0,51.02
77,2026-11-09,149,58.6,61.2,5005.0,46.68,46.06,12.6,30.78,21,2,1,0,51.02
77,2026-11-16,150,58.6,61.2,5005.0,46.47,46.33,17.9,22.3,28,2,1,0,51.02
77,2026-11-23,151,58.6,61.2,5005.0,47.39,46.79,29.2,21.88,35,2,1,1,51.02
77,2026-11-30,152,58.6,61.2,5005.0,45.78,46.58,15.4,18.77,42,2,1,0,51.02
77,2026-12-07,153,58.6,61.2,5005.0,35.76,43.85,31.3,23.45,0,3,1,0,50.38
77,2026-12-14,154,58.6,61.2,5005.0,36.01,41.23,29.3,26.3,7,3,1,0,49.95
78,2026-05-18,124,10.7,3.7,5920.0,38.33,38.04,58.7,58.65,259,0,0,0,51.26
78,2026-05-25,125,10.7,3.7,5920.0,39.22,38.2,76.0,63.32,266,0,0,0,51.26
78,2026-06-01,126,10.7,3.7,5920.0,39.03,38.69,67.0,67.8,273,0,0,0,51.73
78,2026-06-08,127,10.7,3.7,5920.0,38.82,38.85,74.8,69.12,280,0,0,0,51.73
78,2026-06-15,128,10.7,3.7,5920.0,38.33,38.85,87.4,76.3,287,0,0,1,51.73
78,2026-06-22,129,10.7,3.7,5920.0,37.62,38.45,78.0,76.8,294,0,0,0,51.73
78,2026-06-29,130,10.7,3.7,5920.0,22.44,34.3,77.0,79.3,0,1,0,0,48.26
78,2026-07-06,131,10.7,3.7,5920.0,22.57,30.24,79.3,80.42,7,1,0,0,48.26
78,2026-07-13,132,10.7,3.7,5920.0,21.77,26.1,63.4,74.42,14,1,0,0,48.26
78,2026-07-20,133,10.7,3.7,5920.0,22.52,22.32,79.7,74.85,21,1,0,0,48.26
78,2026-07-27,134,10.7,3.7,5920.0,22.28,22.28,65.1,71.88,28,1,0,0,48.26
78,2026-08-03,135,10.7,3.7,5920.0,23.19,22.44,63.6,67.95,35,1,0,0,48.26
78,2026-08-10,136,10.7,3.7,5920.0,25.35,23.34,64.7,68.28,42,1,0,0,48.26
78,2026-08-17,137,10.7,3.7,5920.0,26.41,24.31,58.2,62.9,49,1,0,0,48.26
78,2026-08-24,138,10.7,3.7,5920.0,26.38,25.33,51.1,59.4,56,1,0,0,48.26
78,2026-08-31,139,10.7,3.7,5920.0,28.55,26.67,56.1,57.53,63,1,0,0,48.26
78,2026-09-07,140,10.7,3.7,5920.0,29.5,27.71,50.8,54.05,70,1,0,0,48.26
78,2026-09-14,141,10.7,3.7,5920.0,31.7,29.03,47.3,51.32,77,1,0,0,48.26
78,2026-09-21,142,10.7,3.7,5920.0,31.67,30.36,45.7,49.97,84,1,0,0,48.26
78,2026-09-28,143,10.7,3.7,5920.0,31.55,31.1,31.3,43.78,91,0,0,0,48.26
78,2026-10-05,144,10.7,3.7,5920.0,31.28,31.55,37.5,40.45,98,0,0,0,48.26
78,2026-10-12,145,10.7,3.7,5920.0,31.46,31.49,56.7,42.8,105,0,0,0,48.26
78,2026-10-19,146,10.7,3.7,5920.0,33.41,31.92,51.8,44.32,112,0,0,0,48.26
78,2026-10-26,147,10.7,3.7,5920.0,34.14,32.57,30.9,44.22,119,0,0,0,48.26
78,2026-11-02,148,10.7,3.7,5920.0,33.06,33.02,27.8,41.8,126,0,0,0,48.26
78,2026-11-09,149,10.7,3.7,5920.0,33.39,33.5,12.6,30.78,133,0,0,0,46.67
78,2026-11-16,150,10.7,3.7,5920.0,34.81,33.85,17.9,22.3,140,0,0,0,46.67
78,2026-11-23,151,10.7,3.7,5920.0,34.2,33.86,29.2,21.88,147,0,0,0,49.65
78,2026-11-30,152,10.7,3.7,5920.0,34.82,34.3,15.4,18.77,154,0,0,0,48.96
78,2026-12-07,153,10.7,3.7,5920.0,34.39,34.56,31.3,23.45,161,0,0,0,49.65
78,2026-12-14,154,10.7,3.7,5920.0,34.09,34.38,29.3,26.3,168,0,0,0,50.11
79,2026-05-18,124,11.6,35.0,3057.0,47.43,47.16,58.7,58.65,140,0,0,0,50.3
79,2026-05-25,125,11.6,35.0,3057.0,49.97,47.65,76.0,63.32,147,0,0,0,51.17
79,2026-06-01,126,11.6,35.0,3057.0,50.54,48.54,67.0,67.8,154,0,0,0,51.17
79,2026-06-08,127,11.6,35.0,3057.0,49.65,49.4,74.8,69.12,161,0,0,0,51.17
79,2026-06-15,128,11.6,35.0,3057.0,50.01,50.04,87.4,76.3,168,0,0,1,51.17
79,2026-06-22,129,11.6,35.0,3057.0,51.74,50.48,78.0,76.8,175,0,0,0,51.17
79,2026-06-29,130,11.6,35.0,3057.0,44.8,49.05,77.0,79.3,0,1,0,0,50.03
79,2026-07-06,131,11.6,35.0,3057.0,46.34,48.22,79.3,80.42,7,1,0,0,50.03
79,2026-07-13,132,11.6,35.0,3057.0,45.23,47.03,63.4,74.42,14,1,0,0,50.03
79,2026-07-20,133,11.6,35.0,3057.0,46.0,45.59,79.7,74.85,21,1,0,0,50.03
79,2026-07-27,134,11.6,35.0,3057.0,45.68,45.81,65.1,71.88,28,1,0,0,50.03
79,2026-08-03,135,11.6,35.0,3057.0,45.26,45.54,63.6,67.95,35,1,0,0,50.03
79,2026-08-10,136,11.6,35.0,3057.0,45.54,45.62,64.7,68.28,42,1,0,0,50.03
79,2026-08-17,137,11.6,35.0,3057.0,46.61,45.77,58.2,62.9,49,1,0,1,50.03
79,2026-08-24,138,11.6,35.0,3057.0,47.53,46.24,51.1,59.4,56,1,0,0,50.03
79,2026-08-31,139,11.6,35.0,3057.0,40.91,45.15,56.1,57.53,0,2,0,0,50.03
79,2026-09-07,140,11.6,35.0,3057.0,42.86,44.48,50.8,54.05,7,2,0,0,49.57
79,2026-09-14,141,11.6,35.0,3057.0,43.37,43.67,47.3,51.32,14,2,0,0,48.57
79,2026-09-21,142,11.6,35.0,3057.0,42.22,42.34,45.7,49.97,21,2,0,0,48.57
79,2026-09-28,143,11.6,35.0,3057.0,42.55,42.75,31.3,43.78,28,1,0,0,48.57
79,2026-10-05,144,11.6,35.0,3057.0,40.62,42.19,37.5,40.45,35,1,0,0,48.57
79,2026-10-12,145,11.6,35.0,3057.0,40.88,41.57,56.7,42.8,42,1,0,0,48.57
79,2026-10-19,146,11.6,35.0,3057.0,41.73,41.44,51.8,44.32,49,1,0,0,48.57
79,2026-10-26,147,11.6,35.0,3057.0,40.96,41.05,30.9,44.22,56,1,0,0,48.57
79,2026-11-02,148,11.6,35.0,3057.0,39.87,40.86,27.8,41.8,63,1,0,0,48.57
79,2026-11-09,149,11.6,35.0,3057.0,40.43,40.75,12.6,30.78,70,1,0,0,47.88
79,2026-11-16,150,11.6,35.0,3057.0,41.11,40.59,17.9,22.3,77,1,0,0,47.88
79,2026-11-23,151,11.6,35.0,3057.0,41.79,40.8,29.2,21.88,84,1,0,0,48.57
79,2026-11-30,152,11.6,35.0,3057.0,41.59,41.23,15.4,18.77,91,0,0,0,47.88
79,2026-12-07,153,11.6,35.0,3057.0,42.52,41.75,31.3,23.45,98,0,0,0,48.57
79,2026-12-14,154,11.6,35.0,3057.0,44.71,42.65,29.3,26.3,105,0,0,0,48.57
80,2026-05-18,124,27.2,23.3,5879.0,61.03,58.92,58.7,58.65,168,0,0,1,51.87
80,2026-05-25,125,27.2,23.3,5879.0,63.82,60.58,76.0,63.32,175,0,0,0,51.87
80,2026-06-01,126,27.2,23.3,5879.0,59.45,60.99,67.0,67.8,0,1,0,0,50.41
80,2026-06-08,127,27.2,23.3,5879.0,61.02,61.33,74.8,69.12,7,1,0,0,50.41
80,2026-06-15,128,27.2,23.3,5879.0,63.33,61.9,87.4,76.3,14,1,0,0,50.41
80,2026-06-22,129,27.2,23.3,5879.0,63.33,61.78,78.0,76.8,21,1,0,0,50.41
80,2026-06-29,130,27.2,23.3,5879.0,64.18,62.96,77.0,79.3,28,1,0,0,50.41
80,2026-07-06,131,27.2,23.3,5879.0,64.82,63.92,79.3,80.42,35,1,0,0,50.41
80,2026-07-13,132,27.2,23.3,5879.0,65.82,64.54,63.4,74.42,42,1,0,0,50.41
80,2026-07-20,133,27.2,23.3,5879.0,67.24,65.52,79.7,74.85,49,1,0,0,50.41
80,2026-07-27,134,27.2,23.3,5879.0,67.93,66.45,65.1,71.88,56,1,0,0,50.41
80,2026-08-03,135,27.2,23.3,5879.0,70.54,67.88,63.6,67.95,63,1,0,0,50.41
80,2026-08-10,136,27.2,23.3,5879.0,71.37,69.27,64.7,68.28,70,1,0,0,50.41
80,2026-08-17,137,27.2,23.3,5879.0,70.95,70.2,58.2,62.9,77,1,0,0,50.41
80,2026-08-24,138,27.2,23.3,5879.0,70.26,70.78,51.1,59.4,84,1,0,0,50.41
80,2026-08-31,139,27.2,23.3,5879.0,70.55,70.78,56.1,57.53,91,0,0,0,50.41
80,2026-09-07,140,27.2,23.3,5879.0,72.87,71.16,50.8,54.05,98,0,0,0,50.41
80,2026-09-14,141,27.2,23.3,5879.0,73.54,71.81,47.3,51.32,105,0,0,0,50.41
80,2026-09-21,142,27.2,23.3,5879.0,74.44,72.85,45.7,49.97,112,0,0,0,50.41
80,2026-09-28,143,27.2,23.3,5879.0,75.67,74.13,31.3,43.78,119,0,0,0,50.41
80,2026-10-05,144,27.2,23.3,5879.0,75.62,74.82,37.5,40.45,126,0,0,0,50.79
80,2026-10-12,145,27.2,23.3,5879.0,75.73,75.37,56.7,42.8,133,0,0,0,50.79
80,2026-10-19,146,27.2,23.3,5879.0,75.22,75.56,51.8,44.32,140,0,0,0,51.37
80,2026-10-26,147,27.2,23.3,5879.0,74.88,75.36,30.9,44.22,147,0,0,0,51.87
80,2026-11-02,148,27.2,23.3,5879.0,77.26,75.77,27.8,41.8,154,0,0,0,51.87
80,2026-11-09,149,27.2,23.3,5879.0,75.71,75.77,12.6,30.78,161,0,0,0,51.87
80,2026-11-16,150,27.2,23.3,5879.0,75.23,75.77,17.9,22.3,168,0,0,0,51.87
80,2026-11-23,151,27.2,23.3,5879.0,76.01,76.05,29.2,21.88,175,0,0,0,51.87
80,2026-11-30,152,27.2,23.3,5879.0,77.35,76.08,15.4,18.77,182,0,0,0,51.87
80,2026-12-07,153,27.2,23.3,5879.0,78.61,76.8,31.3,23.45,189,0,0,1,52.27
80,2026-12-14,154,27.2,23.3,5879.0,77.75,77.43,29.3,26.3,196,0,0,0,52.27
81,2026-05-18,124,37.4,22.8,2764.0,41.62,40.94,58.7,58.65,119,0,0,0,48.95
81,2026-05-25,125,37.4,22.8,2764.0,41.94,41.44,76.0,63.32,126,0,0,0,49.65
81,2026-06-01,126,37.4,22.8,2764.0,41.05,41.52,67.0,67.8,133,0,0,0,49.65
81,2026-06-08,127,37.4,22.8,2764.0,41.62,41.56,74.8,69.12,140,0,0,0,50.31
81,2026-06-15,128,37.4,22.8,2764.0,41.76,41.59,87.4,76.3,147,0,0,1,50.8
81,2026-06-22,129,37.4,22.8,2764.0,42.07,41.62,78.0,76.8,154,0,0,0,50.8
81,2026-06-29,130,37.4,22.8,2764.0,35.54,40.25,77.0,79.3,0,1,0,0,48.63
81,2026-07-06,131,37.4,22.8,2764.0,36.1,38.87,79.3,80.42,7,1,0,0,48.95
81,2026-07-13,132,37.4,22.8,2764.0,36.02,37.43,63.4,74.42,14,1,0,0,48.95
81,2026-07-20,133,37.4,22.8,2764.0,36.92,36.15,79.7,74.85,21,1,0,1,48.95
81,2026-07-27,134,37.4,22.8,2764.0,36.7,36.44,65.1,71.88,28,1,0,0,48.95
81,2026-08-03,135,37.4,22.8,2764.0,27.02,34.16,63.6,67.95,0,2,0,0,48.63
81,2026-08-10,136,37.4,22.8,2764.0,27.27,31.98,64.7,68.28,7,2,0,0,48.63
81,2026-08-17,137,37.4,22.8,2764.0,28.2,29.8,58.2,62.9,14,2,0,0,48.63
81,2026-08-24,138,37.4,22.8,2764.0,29.62,28.03,51.1,59.4,21,2,0,0,48.63
81,2026-08-31,139,37.4,22.8,2764.0,31.27,29.09,56.1,57.53,28,2,0,0,48.63
81,2026-09-07,140,37.4,22.8,2764.0,31.91,30.25,50.8,54.05,35,2,0,0,48.63
81,2026-09-14,141,37.4,22.8,2764.0,32.41,31.3,47.3,51.32,42,2,0,0,48.63
81,2026-09-21,142,37.4,22.8,2764.0,34.22,32.45,45.7,49.97,49,2,0,0,48.63
81,2026-09-28,143,37.4,22.8,2764.0,34.0,33.14,31.3,43.78,56,1,0,0,48.63
81,2026-10-05,144,37.4,22.8,2764.0,34.53,33.79,37.5,40.45,63,1,0,0,48.63
81,2026-10-12,145,37.4,22.8,2764.0,34.46,34.3,56.7,42.8,70,1,0,1,48.63
81,2026-10-19,146,37.4,22.8,2764.0,34.46,34.36,51.8,44.32,77,1,0,0,48.63
81,2026-10-26,147,37.4,22.8,2764.0,28.26,32.93,30.9,44.22,0,2,0,1,48.63
81,2026-11-02,148,37.4,22.8,2764.0,29.62,31.7,27.8,41.8,7,1,0,0,48.63
81,2026-11-09,149,37.4,22.8,2764.0,20.14,28.12,12.6,30.78,0,2,0,0,47.04
81,2026-11-16,150,37.4,22.8,2764.0,21.96,25.0,17.9,22.3,7,2,0,0,47.04
81,2026-11-23,151,37.4,22.8,2764.0,21.73,23.36,29.2,21.88,14,2,0,0,48.63
81,2026-11-30,152,37.4,22.8,2764.0,21.07,21.22,15.4,18.77,21,2,0,0,47.04
81,2026-12-07,153,37.4,22.8,2764.0,20.16,21.23,31.3,23.45,28,2,0,0,48.63
81,2026-12-14,154,37.4,22.8,2764.0,19.82,20.7,29.3,26.3,35,2,0,0,48.63
82,2026-05-18,124,12.3,3.2,4865.0,65.58,63.61,58.7,58.65,154,0,0,0,51.87
82,2026-05-25,125,12.3,3.2,4865.0,67.63,65.21,76.0,63.32,161,0,0,0,51.87
82,2026-06-01,126,12.3,3.2,4865.0,68.31,66.51,67.0,67.8,168,0,0,0,51.87
82,2026-06-08,127,12.3,3.2,4865.0,69.64,67.79,74.8,69.12,175,0,0,0,51.87
82,2026-06-15,128,12.3,3.2,4865.0,70.17,68.94,87.4,76.3,182,0,0,0,51.87
82,2026-06-22,129,12.3,3.2,4865.0,71.75,69.97,78.0,76.8,189,0,0,1,52.27
82,2026-06-29,130,12.3,3.2,4865.0,73.96,71.38,77.0,79.3,0,0,0,0,50.03
82,2026-07-06,131,12.3,3.2,4865.0,63.97,69.96,79.3,80.42,0,1,0,0,50.03
82,2026-07-13,132,12.3,3.2,4865.0,62.54,68.05,63.4,74.42,7,1,0,0,50.03
82,2026-07-20,133,12.3,3.2,4865.0,64.74,66.3,79.7,74.85,14,1,0,0,50.03
82,2026-07-27,134,12.3,3.2,4865.0,65.66,64.23,65.1,71.88,21,1,0,0,50.03
82,2026-08-03,135,12.3,3.2,4865.0,67.79,65.18,63.6,67.95,28,1,0,0,50.03
82,2026-08-10,136,12.3,3.2,4865.0,70.2,67.1,64.7,68.28,35,1,0,0,50.03
82,2026-08-17,137,12.3,3.2,4865.0,71.61,68.82,58.2,62.9,42,1,0,0,50.03
82,2026-08-24,138,12.3,3.2,4865.0,71.45,70.26,51.1,59.4,49,1,0,0,50.03
82,2026-08-31,139,12.3,3.2,4865.0,72.9,71.54,56.1,57.53,56,1,0,0,50.03
82,2026-09-07,140,12.3,3.2,4865.0,73.7,72.42,50.8,54.05,63,1,0,0,50.03
82,2026-09-14,141,12.3,3.2,4865.0,73.04,72.77,47.3,51.32,70,1,0,0,50.03
82,2026-09-21,142,12.3,3.2,4865.0,73.16,73.2,45.7,49.97,77,1,0,0,50.03
82,2026-09-28,143,12.3,3.2,4865.0,72.03,72.98,31.3,43.78,84,1,0,0,50.03
82,2026-10-05,144,12.3,3.2,4865.0,72.22,72.61,37.5,40.45,91,0,0,0,50.03
82,2026-10-12,145,12.3,3.2,4865.0,73.1,72.63,56.7,42.8,98,0,0,0,50.03
82,2026-10-19,146,12.3,3.2,4865.0,73.93,72.82,51.8,44.32,105,0,0,0,50.03
82,2026-10-26,147,12.3,3.2,4865.0,75.72,73.74,30.9,44.22,112,0,0,0,50.03
82,2026-11-02,148,12.3,3.2,4865.0,77.0,74.94,27.8,41.8,119,0,0,0,50.03
82,2026-11-09,149,12.3,3.2,4865.0,73.22,74.97,12.6,30.78,126,0,0,0,50.42
82,2026-11-16,150,12.3,3.2,4865.0,73.81,74.94,17.9,22.3,133,0,0,0,50.42
82,2026-11-23,151,12.3,3.2,4865.0,72.15,74.04,29.2,21.88,140,0,0,0,51.0
82,2026-11-30,152,12.3,3.2,4865.0,73.32,73.12,15.4,18.77,147,0,0,0,51.87
82,2026-12-07,153,12.3,3.2,4865.0,73.3,73.14,31.3,23.45,154,0,0,1,51.87
82,2026-12-14,154,12.3,3.2,4865.0,75.58,73.59,29.3,26.3,161,0,0,0,51.87
83,2026-05-18,124,16.5,31.4,967.0,29.26,27.85,58.7,58.65,98,0,0,0,48.26
83,2026-05-25,125,16.5,31.4,967.0,29.38,28.56,76.0,63.32,105,0,0,0,48.26
83,2026-06-01,126,16.5,31.4,967.0,30.9,29.42,67.0,67.8,112,0,0,0,48.26
83,2026-06-08,127,16.5,31.4,967.0,30.75,30.07,74.8,69.12,119,0,0,0,48.26
83,2026-06-15,128,16.5,31.4,967.0,33.63,31.17,87.4,76.3,126,0,0,0,48.26
83,2026-06-22,129,16.5,31.4,967.0,35.69,32.74,78.0,76.8,133,0,0,0,48.44
83,2026-06-29,130,16.5,31.4,967.0,36.35,34.11,77.0,79.3,140,0,0,0,49.93
83,2026-07-06,131,16.5,31.4,967.0,38.04,35.93,79.3,80.42,147,0,0,0,50.8
83,2026-07-13,132,16.5,31.4,967.0,36.82,36.72,63.4,74.42,154,0,0,0,50.8
83,2026-07-20,133,16.5,31.4,967.0,37.57,37.2,79.7,74.85,161,0,0,0,50.8
83,2026-07-27,134,16.5,31.4,967.0,37.27,37.43,65.1,71.88,168,0,0,0,51.26
83,2026-08-03,135,16.5,31.4,967.0,37.23,37.22,63.6,67.95,175,0,0,0,51.26
83,2026-08-10,136,16.5,31.4,967.0,38.89,37.74,64.7,68.28,182,0,0,0,51.26
83,2026-08-17,137,16.5,31.4,967.0,41.13,38.63,58.2,62.9,189,0,0,0,51.26
83,2026-08-24,138,16.5,31.4,967.0,41.93,39.8,51.1,59.4,196,0,0,0,51.26
83,2026-08-31,139,16.5,31.4,967.0,42.5,41.11,56.1,57.53,203,0,0,0,51.26
83,2026-09-07,140,16.5,31.4,967.0,42.2,41.94,50.8,54.05,210,0,0,0,51.26
83,2026-09-14,141,16.5,31.4,967.0,42.75,42.34,47.3,51.32,217,0,0,0,51.26
83,2026-09-21,142,16.5,31.4,967.0,44.01,42.86,45.7,49.97,224,0,0,0,51.26
83,2026-09-28,143,16.5,31.4,967.0,43.92,43.22,31.3,43.78,231,0,0,0,51.26
83,2026-10-05,144,16.5,31.4,967.0,45.7,44.1,37.5,40.45,238,0,0,0,51.58
83,2026-10-12,145,16.5,31.4,967.0,45.2,44.71,56.7,42.8,245,0,0,0,51.58
83,2026-10-19,146,16.5,31.4,967.0,45.32,45.04,51.8,44.32,252,0,0,0,51.58
83,2026-10-26,147,16.5,31.4,967.0,45.02,45.31,30.9,44.22,259,0,0,0,51.58
83,2026-11-02,148,16.5,31.4,967.0,45.91,45.36,27.8,41.8,266,0,0,0,51.58
83,2026-11-09,149,16.5,31.4,967.0,46.9,45.79,12.6,30.78,273,0,0,0,51.61
83,2026-11-16,150,16.5,31.4,967.0,45.6,45.86,17.9,22.3,280,0,0,0,51.61
83,2026-11-23,151,16.5,31.4,967.0,45.92,46.08,29.2,21.88,287,0,0,0,51.61
83,2026-11-30,152,16.5,31.4,967.0,45.47,45.97,15.4,18.77,294,0,0,0,51.61
83,2026-12-07,153,16.5,31.4,967.0,46.71,45.92,31.3,23.45,301,0,0,0,51.61
83,2026-12-14,154,16.5,31.4,967.0,47.4,46.38,29.3,26.3,308,0,0,0,51.61
84,2026-05-18,124,33.8,1.0,3555.0,23.6,22.8,58.7,58.65,49,3,0,0,48.63
84,2026-05-25,125,33.8,1.0,3555.0,23.62,23.23,76.0,63.32,56,3,0,0,48.63
84,2026-06-01,126,33.8,1.0,3555.0,25.31,24.0,67.0,67.8,63,3,0,0,48.63
84,2026-06-08,127,33.8,1.0,3555.0,25.92,24.61,74.8,69.12,70,2,0,0,48.63
84,2026-06-15,128,33.8,1.0,3555.0,26.05,25.22,87.4,76.3,77,1,0,0,48.63
84,2026-06-22,129,33.8,1.0,3555.0,25.49,25.69,78.0,76.8,84,1,0,0,48.63
84,2026-06-29,130,33.8,1.0,3555.0,26.25,25.93,77.0,79.3,91,0,0,0,48.63
84,2026-07-06,131,33.8,1.0,3555.0,27.47,26.32,79.3,80.42,98,0,0,0,48.63
84,2026-07-13,132,33.8,1.0,3555.0,27.57,26.7,63.4,74.42,105,0,0,0,48.63
84,2026-07-20,133,33.8,1.0,3555.0,28.44,27.43,79.7,74.85,112,0,0,0,48.63
84,2026-07-27,134,33.8,1.0,3555.0,27.62,27.78,65.1,71.88,119,0,0,0,48.63
84,2026-08-03,135,33.8,1.0,3555.0,27.76,27.85,63.6,67.95,126,0,0,0,48.63
84,2026-08-10,136,33.8,1.0,3555.0,30.39,28.55,64.7,68.28,133,0,0,0,48.63
84,2026-08-17,137,33.8,1.0,3555.0,31.48,29.31,58.2,62.9,140,0,0,0,48.63
84,2026-08-24,138,33.8,1.0,3555.0,31.69,30.33,51.1,59.4,147,0,0,0,49.65
84,2026-08-31,139,33.8,1.0,3555.0,30.25,30.95,56.1,57.53,154,0,0,0,49.65
84,2026-09-07,140,33.8,1.0,3555.0,30.05,30.87,50.8,54.05,161,0,0,0,49.65
84,2026-09-14,141,33.8,1.0,3555.0,31.12,30.78,47.3,51.32,168,0,0,0,50.11
84,2026-09-21,142,33.8,1.0,3555.0,29.73,30.29,45.7,49.97,175,0,0,0,50.11
84,2026-09-28,143,33.8,1.0,3555.0,30.0,30.22,31.3,43.78,182,0,0,0,50.11
84,2026-10-05,144,33.8,1.0,3555.0,30.25,30.28,37.5,40.45,189,0,0,1,50.11
84,2026-10-12,145,33.8,1.0,3555.0,29.66,29.91,56.7,42.8,196,0,0,0,50.11
84,2026-10-19,146,33.8,1.0,3555.0,20.23,27.54,51.8,44.32,0,1,0,0,48.63
84,2026-10-26,147,33.8,1.0,3555.0,20.79,25.23,30.9,44.22,7,1,0,0,48.63
84,2026-11-02,148,33.8,1.0,3555.0,20.27,22.74,27.8,41.8,14,1,0,0,48.63
84,2026-11-09,149,33.8,1.0,3555.0,21.9,20.8,12.6,30.78,21,1,0,0,47.04
84,2026-11-16,150,33.8,1.0,3555.0,21.25,21.05,17.9,22.3,28,1,0,0,47.04
84,2026-11-23,151,33.8,1.0,3555.0,22.09,21.38,29.2,21.88,35,1,0,0,48.63
84,2026-11-30,152,33.8,1.0,3555.0,21.41,21.66,15.4,18.77,42,1,0,0,47.04
84,2026-12-07,153,33.8,1.0,3555.0,20.44,21.3,31.3,23.45,49,1,0,0,48.63
84,2026-12-14,154,33.8,1.0,3555.0,19.75,20.92,29.3,26.3,56,1,0,0,48.63
85,2026-05-18,124,41.0,8.4,4911.0,20.06,25.09,58.7,58.65,0,1,0,0,49.64
85,2026-05-25,125,41.0,8.4,4911.0,20.4,23.72,76.0,63.32,7,1,0,0,49.64
85,2026-06-01,126,41.0,8.4,4911.0,21.52,22.49,67.0,67.8,14,1,0,0,48.96
85,2026-06-08,127,41.0,8.4,4911.0,23.27,21.31,74.8,69.12,21,1,0,0,48.96
85,2026-06-15,128,41.0,8.4,4911.0,23.95,22.28,87.4,76.3,28,1,0,1,48.96
85,2026-06-22,129,41.0,8.4,4911.0,24.41,23.29,78.0,76.8,35,1,0,0,48.96
85,2026-06-29,130,41.0,8.4,4911.0,19.7,22.83,77.0,79.3,0,2,0,0,49.64
85,2026-07-06,131,41.0,8.4,4911.0,19.64,21.92,79.3,80.42,7,2,0,0,49.64
85,2026-07-13,132,41.0,8.4,4911.0,20.18,20.98,63.4,74.42,14,2,0,0,48.96
85,2026-07-20,133,41.0,8.4,4911.0,22.81,20.58,79.7,74.85,21,2,0,0,48.96
85,2026-07-27,134,41.0,8.4,4911.0,21.97,21.15,65.1,71.88,28,2,0,0,48.96
85,2026-08-03,135,41.0,8.4,4911.0,21.23,21.55,63.6,67.95,35,2,0,0,48.96
85,2026-08-10,136,41.0,8.4,4911.0,23.38,22.35,64.7,68.28,42,2,0,0,48.96
85,2026-08-17,137,41.0,8.4,4911.0,24.86,22.86,58.2,62.9,49,1,0,0,48.96
85,2026-08-24,138,41.0,8.4,4911.0,26.52,24.0,51.1,59.4,56,1,0,0,48.96
85,2026-08-31,139,41.0,8.4,4911.0,26.67,25.36,56.1,57.53,63,1,0,0,48.96
85,2026-09-07,140,41.0,8.4,4911.0,25.89,25.98,50.8,54.05,70,1,0,0,48.96
85,2026-09-14,141,41.0,8.4,4911.0,26.18,26.32,47.3,51.32,77,1,0,0,48.96
85,2026-09-21,142,41.0,8.4,4911.0,27.61,26.59,45.7,49.97,84,1,0,0,48.96
85,2026-09-28,143,41.0,8.4,4911.0,27.06,26.68,31.3,43.78,91,0,0,0,48.96
85,2026-10-05,144,41.0,8.4,4911.0,27.06,26.98,37.5,40.45,98,0,0,0,48.96
85,2026-10-12,145,41.0,8.4,4911.0,28.28,27.5,56.7,42.8,105,0,0,0,48.96
85,2026-10-19,146,41.0,8.4,4911.0,28.58,27.74,51.8,44.32,112,0,0,0,48.96
85,2026-10-26,147,41.0,8.4,4911.0,28.8,28.18,30.9,44.22,119,0,0,0,48.96
85,2026-11-02,148,41.0,8.4,4911.0,28.32,28.5,27.8,41.8,126,0,0,0,48.96
85,2026-11-09,149,41.0,8.4,4911.0,29.39,28.77,12.6,30.78,133,0,0,0,47.37
85,2026-11-16,150,41.0,8.4,4911.0,30.43,29.24,17.9,22.3,140,0,0,0,47.37
85,2026-11-23,151,41.0,8.4,4911.0,29.62,29.44,29.2,21.88,147,0,0,0,49.65
85,2026-11-30,152,41.0,8.4,4911.0,30.52,29.99,15.4,18.77,154,0,0,0,48.96
85,2026-12-07,153,41.0,8.4,4911.0,28.71,29.82,31.3,23.45,161,0,0,0,49.65
85,2026-12-14,154,41.0,8.4,4911.0,29.06,29.48,29.3,26.3,168,0,0,0,50.11
86,2026-05-18,124,23.5,5.0,5586.0,28.16,28.16,58.7,58.65,28,1,0,0,48.63
86,2026-05-25,125,23.5,5.0,5586.0,29.32,28.39,76.0,63.32,35,1,0,0,48.63
86,2026-06-01,126,23.5,5.0,5586.0,29.26,28.75,67.0,67.8,42,1,0,0,48.63
86,2026-06-08,127,23.5,5.0,5586.0,28.37,28.78,74.8,69.12,49,1,0,0,48.63
86,2026-06-15,128,23.5,5.0,5586.0,29.93,29.22,87.4,76.3,56,1,0,0,48.63
86,2026-06-22,129,23.5,5.0,5586.0,30.07,29.41,78.0,76.8,63,1,0,0,48.63
86,2026-06-29,130,23.5,5.0,5586.0,31.52,29.97,77.0,79.3,70,1,0,0,48.63
86,2026-07-06,131,23.5,5.0,5586.0,31.91,30.86,79.3,80.42,77,1,0,0,48.63
86,2026-07-13,132,23.5,5.0,5586.0,33.09,31.65,63.4,74.42,84,1,0,0,48.63
86,2026-07-20,133,23.5,5.0,5586.0,35.37,32.97,79.7,74.85,91,0,0,0,48.63
86,2026-07-27,134,23.5,5.0,5586.0,36.39,34.19,65.1,71.88,98,0,0,0,48.95
86,2026-08-03,135,23.5,5.0,5586.0,34.36,34.8,63.6,67.95,105,0,0,0,48.63
86,2026-08-10,136,23.5,5.0,5586.0,34.13,35.06,64.7,68.28,112,0,0,0,48.63
86,2026-08-17,137,23.5,5.0,5586.0,35.98,35.21,58.2,62.9,119,0,0,0,48.95
86,2026-08-24,138,23.5,5.0,5586.0,36.58,35.26,51.1,59.4,126,0,0,0,49.65
86,2026-08-31,139,23.5,5.0,5586.0,37.2,35.97,56.1,57.53,133,0,0,0,49.65
86,2026-09-07,140,23.5,5.0,5586.0,36.35,36.53,50.8,54.05,140,0,0,0,50.31
86,2026-09-14,141,23.5,5.0,5586.0,34.57,36.18,47.3,51.32,147,0,0,0,49.65
86,2026-09-21,142,23.5,5.0,5586.0,36.11,36.06,45.7,49.97,154,0,0,0,50.8
86,2026-09-28,143,23.5,5.0,5586.0,36.33,35.84,31.3,43.78,161,0,0,0,50.8
86,2026-10-05,144,23.5,5.0,5586.0,36.22,35.81,37.5,40.45,168,0,0,0,51.26
86,2026-10-12,145,23.5,5.0,5586.0,37.36,36.51,56.7,42.8,175,0,0,0,51.26
86,2026-10-19,146,23.5,5.0,5586.0,38.51,37.1,51.8,44.32,182,0,0,0,51.26
86,2026-10-26,147,23.5,5.0,5586.0,38.55,37.66,30.9,44.22,189,0,0,0,51.26
86,2026-11-02,148,23.5,5.0,5586.0,38.23,38.16,27.8,41.8,196,0,0,0,51.26
86,2026-11-09,149,23.5,5.0,5586.0,39.86,38.79,12.6,30.78,203,0,0,0,50.11
86,2026-11-16,150,23.5,5.0,5586.0,40.34,39.24,17.9,22.3,210,0,0,0,50.11
86,2026-11-23,151,23.5,5.0,5586.0,40.94,39.84,29.2,21.88,217,0,0,0,51.26
86,2026-11-30,152,23.5,5.0,5586.0,41.32,40.62,15.4,18.77,224,0,0,0,50.11
86,2026-12-07,153,23.5,5.0,5586.0,41.18,40.94,31.3,23.45,231,0,0,0,51.26
86,2026-12-14,154,23.5,5.0,5586.0,41.08,41.13,29.3,26.3,238,0,0,0,51.26
87,2026-05-18,124,10.3,27.2,5024.0,21.97,21.34,58.7,58.65,364,0,0,0,50.53
87,2026-05-25,125,10.3,27.2,5024.0,22.9,21.73,76.0,63.32,371,0,0,0,49.83
87,2026-06-01,126,10.3,27.2,5024.0,22.98,22.26,67.0,67.8,378,0,0,0,49.83
87,2026-06-08,127,10.3,27.2,5024.0,24.7,23.14,74.8,69.12,385,0,0,1,49.83
87,2026-06-15,128,10.3,27.2,5024.0,24.22,23.7,87.4,76.3,392,0,0,0,49.83
87,2026-06-22,129,10.3,27.2,5024.0,13.15,21.26,78.0,76.8,0,1,0,0,48.26
87,2026-06-29,130,10.3,27.2,5024.0,13.71,18.94,77.0,79.3,7,1,0,0,48.26
87,2026-07-06,131,10.3,27.2,5024.0,15.14,16.56,79.3,80.42,14,1,0,0,48.26
87,2026-07-13,132,10.3,27.2,5024.0,15.41,14.35,63.4,74.42,21,1,0,0,48.26
87,2026-07-20,133,10.3,27.2,5024.0,17.05,15.33,79.7,74.85,28,1,0,0,48.26
87,2026-07-27,134,10.3,27.2,5024.0,16.44,16.01,65.1,71.88,0,1,0,0,48.26
87,2026-08-03,135,10.3,27.2,5024.0,19.15,17.01,63.6,67.95,7,1,0,0,48.26
87,2026-08-10,136,10.3,27.2,5024.0,19.73,18.09,64.7,68.28,14,1,0,0,48.26
87,2026-08-17,137,10.3,27.2,5024.0,21.04,19.09,58.2,62.9,21,1,0,0,48.26
87,2026-08-24,138,10.3,27.2,5024.0,21.52,20.36,51.1,59.4,28,1,0,0,48.26
87,2026-08-31,139,10.3,27.2,5024.0,20.69,20.74,56.1,57.53,35,1,0,0,48.26
87,2026-09-07,140,10.3,27.2,5024.0,20.66,20.98,50.8,54.05,42,1,0,0,48.26
87,2026-09-14,141,10.3,27.2,5024.0,19.55,20.6,47.3,51.32,49,1,0,0,48.26
87,2026-09-21,142,10.3,27.2,5024.0,21.3,20.55,45.7,49.97,56,0,0,0,48.26
87,2026-09-28,143,10.3,27.2,5024.0,19.45,20.24,31.3,43.78,63,0,0,0,48.26
87,2026-10-05,144,10.3,27.2,5024.0,21.22,20.38,37.5,40.45,70,0,0,0,48.26
87,2026-10-12,145,10.3,27.2,5024.0,22.15,21.03,56.7,42.8,77,0,0,0,48.26
87,2026-10-19,146,10.3,27.2,5024.0,22.87,21.42,51.8,44.32,84,0,0,0,48.26
87,2026-10-26,147,10.3,27.2,5024.0,22.82,22.26,30.9,44.22,91,0,0,0,48.26
87,2026-11-02,148,10.3,27.2,5024.0,24.22,23.02,27.8,41.8,98,0,0,0,48.26
87,2026-11-09,149,10.3,27.2,5024.0,23.03,23.24,12.6,30.78,105,0,0,0,46.67
87,2026-11-16,150,10.3,27.2,5024.0,24.95,23.76,17.9,22.3,112,0,0,0,46.67
87,2026-11-23,151,10.3,27.2,5024.0,25.26,24.36,29.2,21.88,119,0,0,0,48.26
87,2026-11-30,152,10.3,27.2,5024.0,24.78,24.5,15.4,18.77,126,0,0,0,46.67
87,2026-12-07,153,10.3,27.2,5024.0,24.23,24.8,31.3,23.45,133,0,0,0,48.26
87,2026-12-14,154,10.3,27.2,5024.0,23.2,24.37,29.3,26.3,140,0,0,0,48.26
88,2026-05-18,124,5.5,6.9,703.0,31.13,30.13,58.7,58.65,105,0,0,0,48.26
88,2026-05-25,125,5.5,6.9,703.0,32.54,30.86,76.0,63.32,112,0,0,0,48.26
88,2026-06-01,126,5.5,6.9,703.0,32.25,31.63,67.0,67.8,119,0,0,0,48.26
88,2026-06-08,127,5.5,6.9,703.0,34.62,32.64,74.8,69.12,126,0,0,0,48.26
88,2026-06-15,128,5.5,6.9,703.0,36.27,33.92,87.4,76.3,133,0,0,0,49.28
88,2026-06-22,129,5.5,6.9,703.0,35.49,34.66,78.0,76.8,140,0,0,0,48.26
88,2026-06-29,130,5.5,6.9,703.0,36.11,35.62,77.0,79.3,147,0,0,0,49.91
88,2026-07-06,131,5.5,6.9,703.0,37.65,36.38,79.3,80.42,154,0,0,0,49.91
88,2026-07-13,132,5.5,6.9,703.0,38.78,37.01,63.4,74.42,161,0,0,0,49.91
88,2026-07-20,133,5.5,6.9,703.0,40.01,38.14,79.7,74.85,168,0,0,0,50.37
88,2026-07-27,134,5.5,6.9,703.0,41.55,39.5,65.1,71.88,175,0,0,0,50.37
88,2026-08-03,135,5.5,6.9,703.0,42.64,40.74,63.6,67.95,182,0,0,0,50.37
88,2026-08-10,136,5.5,6.9,703.0,43.46,41.92,64.7,68.28,189,0,0,0,50.37
88,2026-08-17,137,5.5,6.9,703.0,44.91,43.14,58.2,62.9,196,0,0,0,50.37
88,2026-08-24,138,5.5,6.9,703.0,46.62,44.41,51.1,59.4,203,0,0,1,50.69
88,2026-08-31,139,5.5,6.9,703.0,48.86,45.96,56.1,57.53,210,0,0,0,50.69
88,2026-09-07,140,5.5,6.9,703.0,35.16,43.89,50.8,54.05,0,1,0,0,48.26
88,2026-09-14,141,5.5,6.9,703.0,36.82,41.86,47.3,51.32,7,1,0,0,48.57
88,2026-09-21,142,5.5,6.9,703.0,36.37,39.3,45.7,49.97,14,1,0,0,48.57
88,2026-09-28,143,5.5,6.9,703.0,35.72,36.02,31.3,43.78,21,1,0,0,48.44
88,2026-10-05,144,5.5,6.9,703.0,34.44,35.84,37.5,40.45,28,1,0,0,48.26
88,2026-10-12,145,5.5,6.9,703.0,35.42,35.49,56.7,42.8,35,1,0,0,48.26
88,2026-10-19,146,5.5,6.9,703.0,37.51,35.77,51.8,44.32,42,1,0,0,48.57
88,2026-10-26,147,5.5,6.9,703.0,37.99,36.34,30.9,44.22,49,1,0,0,48.57
88,2026-11-02,148,5.5,6.9,703.0,39.12,37.51,27.8,41.8,56,1,0,0,48.57
88,2026-11-09,149,5.5,6.9,703.0,39.11,38.43,12.6,30.78,63,1,0,0,47.88
88,2026-11-16,150,5.5,6.9,703.0,39.98,39.05,17.9,22.3,70,1,0,0,47.88
88,2026-11-23,151,5.5,6.9,703.0,40.13,39.58,29.2,21.88,77,1,0,0,48.57
88,2026-11-30,152,5.5,6.9,703.0,40.67,39.97,15.4,18.77,84,1,0,0,47.88
88,2026-12-07,153,5.5,6.9,703.0,39.68,40.12,31.3,23.45,91,0,0,0,48.57
88,2026-12-14,154,5.5,6.9,703.0,39.19,39.92,29.3,26.3,98,0,0,0,48.57
89,2026-05-18,124,44.7,39.3,8751.0,30.13,32.16,58.7,58.65,14,1,1,0,48.96
89,2026-05-25,125,44.7,39.3,8751.0,21.06,28.05,76.0,63.32,0,2,1,0,49.64
89,2026-06-01,126,44.7,39.3,8751.0,20.47,25.6,67.0,67.8,7,2,1,0,49.64
89,2026-06-08,127,44.7,39.3,8751.0,20.04,22.92,74.8,69.12,14,2,1,0,48.96
89,2026-06-15,128,44.7,39.3,8751.0,20.73,20.58,87.4,76.3,21,2,1,0,48.96
89,2026-06-22,129,44.7,39.3,8751.0,21.57,20.7,78.0,76.8,28,2,1,0,48.96
89,2026-06-29,130,44.7,39.3,8751.0,23.83,21.54,77.0,79.3,35,2,1,1,48.96
89,2026-07-06,131,44.7,39.3,8751.0,24.84,22.74,79.3,80.42,42,2,1,0,48.96
89,2026-07-13,132,44.7,39.3,8751.0,11.99,20.56,63.4,74.42,0,3,1,0,49.64
89,2026-07-20,133,44.7,39.3,8751.0,12.54,18.3,79.7,74.85,7,3,1,0,49.64
89,2026-07-27,134,44.7,39.3,8751.0,12.77,15.53,65.1,71.88,14,3,1,0,48.96
89,2026-08-03,135,44.7,39.3,8751.0,12.48,12.44,63.6,67.95,21,2,1,0,48.96
89,2026-08-10,136,44.7,39.3,8751.0,12.02,12.45,64.7,68.28,28,2,1,0,48.96
89,2026-08-17,137,44.7,39.3,8751.0,12.28,12.39,58.2,62.9,35,2,1,0,48.96
89,2026-08-24,138,44.7,39.3,8751.0,13.5,12.57,51.1,59.4,42,1,1,0,48.96
89,2026-08-31,139,44.7,39.3,8751.0,14.8,13.15,56.1,57.53,49,1,1,0,48.96
89,2026-09-07,140,44.7,39.3,8751.0,15.9,14.12,50.8,54.05,56,1,1,0,48.96
89,2026-09-14,141,44.7,39.3,8751.0,15.0,14.8,47.3,51.32,63,1,1,0,48.96
89,2026-09-21,142,44.7,39.3,8751.0,14.32,15.0,45.7,49.97,70,1,1,0,48.96
89,2026-09-28,143,44.7,39.3,8751.0,15.4,15.16,31.3,43.78,0,1,1,0,49.64
89,2026-10-05,144,44.7,39.3,8751.0,15.29,15.0,37.5,40.45,7,1,1,0,49.64
89,2026-10-12,145,44.7,39.3,8751.0,14.37,14.84,56.7,42.8,14,0,1,0,48.96
89,2026-10-19,146,44.7,39.3,8751.0,15.27,15.08,51.8,44.32,21,0,1,1,48.96
89,2026-10-26,147,44.7,39.3,8751.0,14.73,14.92,30.9,44.22,28,0,1,0,48.96
89,2026-11-02,148,44.7,39.3,8751.0,5.0,12.34,27.8,41.8,0,1,1,0,49.64
89,2026-11-09,149,44.7,39.3,8751.0,5.41,10.1,12.6,30.78,7,1,1,0,48.05
89,2026-11-16,150,44.7,39.3,8751.0,6.14,7.82,17.9,22.3,14,1,1,0,47.37
89,2026-11-23,151,44.7,39.3,8751.0,7.01,5.89,29.2,21.88,21,1,1,0,48.96
89,2026-11-30,152,44.7,39.3,8751.0,6.74,6.32,15.4,18.77,28,1,1,0,47.37
89,2026-12-07,153,44.7,39.3,8751.0,8.32,7.05,31.3,23.45,35,1,1,0,48.96
89,2026-12-14,154,44.7,39.3,8751.0,9.71,7.94,29.3,26.3,42,1,1,0,48.96
90,2026-05-18,124,9.9,23.0,768.0,29.25,28.29,58.7,58.65,77,1,0,0,48.26
90,2026-05-25,125,9.9,23.0,768.0,28.65,28.48,76.0,63.32,84,1,0,0,48.26
90,2026-06-01,126,9.9,23.0,768.0,30.37,29.19,67.0,67.8,91,0,0,0,48.26
90,2026-06-08,127,9.9,23.0,768.0,32.21,30.12,74.8,69.12,98,0,0,0,48.26
90,2026-06-15,128,9.9,23.0,768.0,32.61,30.96,87.4,76.3,105,0,0,0,48.26
90,2026-06-22,129,9.9,23.0,768.0,32.52,31.93,78.0,76.8,112,0,0,0,48.26
90,2026-06-29,130,9.9,23.0,768.0,34.44,32.94,77.0,79.3,119,0,0,0,48.26
90,2026-07-06,131,9.9,23.0,768.0,34.71,33.57,79.3,80.42,126,0,0,0,48.26
90,2026-07-13,132,9.9,23.0,768.0,34.63,34.08,63.4,74.42,133,0,0,0,48.26
90,2026-07-20,133,9.9,23.0,768.0,36.97,35.19,79.7,74.85,140,0,0,0,49.93
90,2026-07-27,134,9.9,23.0,768.0,37.8,36.03,65.1,71.88,147,0,0,0,50.8
90,2026-08-03,135,9.9,23.0,768.0,40.26,37.42,63.6,67.95,154,0,0,0,50.8
90,2026-08-10,136,9.9,23.0,768.0,42.76,39.45,64.7,68.28,161,0,0,0,50.8
90,2026-08-17,137,9.9,23.0,768.0,42.98,40.95,58.2,62.9,168,0,0,0,51.26
90,2026-08-24,138,9.9,23.0,768.0,41.8,41.95,51.1,59.4,175,0,0,0,51.26
90,2026-08-31,139,9.9,23.0,768.0,42.03,42.39,56.1,57.53,182,0,0,1,51.26
90,2026-09-07,140,9.9,23.0,768.0,42.7,42.38,50.8,54.05,189,0,0,0,51.26
90,2026-09-14,141,9.9,23.0,768.0,30.44,39.24,47.3,51.32,0,1,0,0,48.26
90,2026-09-21,142,9.9,23.0,768.0,28.89,36.02,45.7,49.97,7,1,0,0,48.26
90,2026-09-28,143,9.9,23.0,768.0,30.34,33.09,31.3,43.78,14,1,0,0,48.26
90,2026-10-05,144,9.9,23.0,768.0,31.32,30.25,37.5,40.45,21,1,0,0,48.26
90,2026-10-12,145,9.9,23.0,768.0,32.85,30.85,56.7,42.8,28,1,0,0,48.26
90,2026-10-19,146,9.9,23.0,768.0,33.59,32.03,51.8,44.32,35,1,0,1,48.26
90,2026-10-26,147,9.9,23.0,768.0,31.65,32.35,30.9,44.22,42,1,0,0,48.26
90,2026-11-02,148,9.9,23.0,768.0,24.16,30.56,27.8,41.8,0,2,0,0,48.26
90,2026-11-09,149,9.9,23.0,768.0,24.76,28.54,12.6,30.78,7,2,0,0,46.67
90,2026-11-16,150,9.9,23.0,768.0,25.55,26.53,17.9,22.3,14,2,0,0,46.67
90,2026-11-23,151,9.9,23.0,768.0,25.56,25.01,29.2,21.88,21,2,0,0,48.26
90,2026-11-30,152,9.9,23.0,768.0,26.33,25.55,15.4,18.77,28,2,0,0,46.67
90,2026-12-07,153,9.9,23.0,768.0,27.15,26.15,31.3,23.45,35,2,0,0,48.26
90,2026-12-14,154,9.9,23.0,768.0,27.42,26.62,29.3,26.3,42,1,0,0,48.26
91,2026-05-18,124,30.1,1.3,1101.0,23.96,24.04,58.7,58.65,28,1,0,0,48.63
91,2026-05-25,125,30.1,1.3,1101.0,26.08,24.77,76.0,63.32,35,1,0,0,48.63
91,2026-06-01,126,30.1,1.3,1101.0,25.42,25.01,67.0,67.8,42,1,0,0,48.63
91,2026-06-08,127,30.1,1.3,1101.0,27.71,25.79,74.8,69.12,49,1,0,0,48.63
91,2026-06-15,128,30.1,1.3,1101.0,29.02,27.06,87.4,76.3,56,1,0,0,48.63
91,2026-06-22,129,30.1,1.3,1101.0,29.98,28.03,78.0,76.8,63,1,0,0,48.63
91,2026-06-29,130,30.1,1.3,1101.0,30.54,29.31,77.0,79.3,70,1,0,0,48.63
91,2026-07-06,131,30.1,1.3,1101.0,30.54,30.02,79.3,80.42,77,1,0,0,48.63
91,2026-07-13,132,30.1,1.3,1101.0,31.44,30.62,63.4,74.42,84,1,0,0,48.63
91,2026-07-20,133,30.1,1.3,1101.0,31.37,30.97,79.7,74.85,91,0,0,0,48.63
91,2026-07-27,134,30.1,1.3,1101.0,31.53,31.22,65.1,71.88,98,0,0,0,48.63
91,2026-08-03,135,30.1,1.3,1101.0,32.05,31.6,63.6,67.95,105,0,0,0,48.63
91,2026-08-10,136,30.1,1.3,1101.0,32.7,31.91,64.7,68.28,112,0,0,0,48.63
91,2026-08-17,137,30.1,1.3,1101.0,34.71,32.75,58.2,62.9,119,0,0,0,48.63
91,2026-08-24,138,30.1,1.3,1101.0,34.56,33.51,51.1,59.4,126,0,0,0,48.63
91,2026-08-31,139,30.1,1.3,1101.0,33.75,33.93,56.1,57.53,133,0,0,0,48.63
91,2026-09-07,140,30.1,1.3,1101.0,33.44,34.12,50.8,54.05,140,0,0,0,48.63
91,2026-09-14,141,30.1,1.3,1101.0,32.58,33.58,47.3,51.32,147,0,0,0,49.65
91,2026-09-21,142,30.1,1.3,1101.0,33.77,33.38,45.7,49.97,154,0,0,0,49.65
91,2026-09-28,143,30.1,1.3,1101.0,35.14,33.73,31.3,43.78,161,0,0,0,49.65
91,2026-10-05,144,30.1,1.3,1101.0,34.73,34.06,37.5,40.45,168,0,0,0,50.11
91,2026-10-12,145,30.1,1.3,1101.0,34.44,34.52,56.7,42.8,175,0,0,0,50.11
91,2026-10-19,146,30.1,1.3,1101.0,34.49,34.7,51.8,44.32,182,0,0,0,50.11
91,2026-10-26,147,30.1,1.3,1101.0,34.82,34.62,30.9,44.22,189,0,0,0,50.11
91,2026-11-02,148,30.1,1.3,1101.0,35.09,34.71,27.8,41.8,196,0,0,0,50.11
91,2026-11-09,149,30.1,1.3,1101.0,34.06,34.62,12.6,30.78,203,0,0,0,48.96
91,2026-11-16,150,30.1,1.3,1101.0,33.11,34.27,17.9,22.3,210,0,0,0,48.96
91,2026-11-23,151,30.1,1.3,1101.0,32.16,33.61,29.2,21.88,217,0,0,1,50.11
91,2026-11-30,152,30.1,1.3,1101.0,33.34,33.17,15.4,18.77,224,0,0,0,48.96
91,2026-12-07,153,30.1,1.3,1101.0,28.32,31.73,31.3,23.45,0,1,0,0,48.63
91,2026-12-14,154,30.1,1.3,1101.0,28.86,30.67,29.3,26.3,7,1,0,0,48.63
92,2026-05-18,124,9.5,0.2,4214.0,17.39,16.51,58.7,58.65,182,0,0,0,50.11
92,2026-05-25,125,9.5,0.2,4214.0,17.93,17.02,76.0,63.32,189,0,0,0,49.41
92,2026-06-01,126,9.5,0.2,4214.0,19.06,17.7,67.0,67.8,196,0,0,0,49.41
92,2026-06-08,127,9.5,0.2,4214.0,21.04,18.86,74.8,69.12,203,0,0,0,49.41
92,2026-06-15,128,9.5,0.2,4214.0,23.3,20.33,87.4,76.3,210,0,0,0,49.41
92,2026-06-22,129,9.5,0.2,4214.0,23.36,21.69,78.0,76.8,217,0,0,0,49.41
92,2026-06-29,130,9.5,0.2,4214.0,24.15,22.96,77.0,79.3,224,0,0,0,49.41
92,2026-07-06,131,9.5,0.2,4214.0,25.77,24.14,79.3,80.42,231,0,0,0,49.41
92,2026-07-13,132,9.5,0.2,4214.0,27.27,25.14,63.4,74.42,238,0,0,0,49.41
92,2026-07-20,133,9.5,0.2,4214.0,28.37,26.39,79.7,74.85,245,0,0,0,49.41
92,2026-07-27,134,9.5,0.2,4214.0,28.41,27.46,65.1,71.88,252,0,0,0,49.41
92,2026-08-03,135,9.5,0.2,4214.0,28.37,28.1,63.6,67.95,259,0,0,0,49.41
92,2026-08-10,136,9.5,0.2,4214.0,28.19,28.34,64.7,68.28,266,0,0,0,49.41
92,2026-08-17,137,9.5,0.2,4214.0,30.95,28.98,58.2,62.9,273,0,0,0,49.88
92,2026-08-24,138,9.5,0.2,4214.0,31.28,29.7,51.1,59.4,280,0,0,0,50.58
92,2026-08-31,139,9.5,0.2,4214.0,31.95,30.59,56.1,57.53,287,0,0,0,50.58
92,2026-09-07,140,9.5,0.2,4214.0,31.6,31.44,50.8,54.05,294,0,0,0,50.58
92,2026-09-14,141,9.5,0.2,4214.0,33.79,32.16,47.3,51.32,301,0,0,0,50.58
92,2026-09-21,142,9.5,0.2,4214.0,33.21,32.64,45.7,49.97,308,0,0,0,50.58
92,2026-09-28,143,9.5,0.2,4214.0,33.07,32.92,31.3,43.78,315,0,0,0,52.04
92,2026-10-05,144,9.5,0.2,4214.0,33.82,33.47,37.5,40.45,0,0,0,0,48.26
92,2026-10-12,145,9.5,0.2,4214.0,33.57,33.42,56.7,42.8,7,0,0,0,48.26
92,2026-10-19,146,9.5,0.2,4214.0,36.54,34.25,51.8,44.32,14,0,0,0,48.57
92,2026-10-26,147,9.5,0.2,4214.0,34.17,34.52,30.9,44.22,21,0,0,0,48.26
92,2026-11-02,148,9.5,0.2,4214.0,33.8,34.52,27.8,41.8,28,0,0,0,48.26
92,2026-11-09,149,9.5,0.2,4214.0,33.44,34.49,12.6,30.78,35,0,0,0,46.67
92,2026-11-16,150,9.5,0.2,4214.0,31.98,33.35,17.9,22.3,42,0,0,0,46.67
92,2026-11-23,151,9.5,0.2,4214.0,33.0,33.05,29.2,21.88,49,0,0,0,48.26
92,2026-11-30,152,9.5,0.2,4214.0,32.67,32.77,15.4,18.77,56,0,0,0,46.67
92,2026-12-07,153,9.5,0.2,4214.0,33.66,32.83,31.3,23.45,63,0,0,0,48.26
92,2026-12-14,154,9.5,0.2,4214.0,32.65,32.99,29.3,26.3,70,0,0,0,48.26
93,2026-05-18,124,23.7,1.8,4423.0,45.6,44.82,58.7,58.65,133,0,0,0,50.48
93,2026-05-25,125,23.7,1.8,4423.0,46.44,45.58,76.0,63.32,140,0,0,0,50.67
93,2026-06-01,126,23.7,1.8,4423.0,47.98,46.22,67.0,67.8,147,0,0,0,51.17
93,2026-06-08,127,23.7,1.8,4423.0,48.71,47.18,74.8,69.12,154,0,0,0,51.17
93,2026-06-15,128,23.7,1.8,4423.0,49.22,48.09,87.4,76.3,161,0,0,0,51.17
93,2026-06-22,129,23.7,1.8,4423.0,49.85,48.94,78.0,76.8,168,0,0,0,51.17
93,2026-06-29,130,23.7,1.8,4423.0,50.75,49.63,77.0,79.3,175,0,0,0,51.17
93,2026-07-06,131,23.7,1.8,4423.0,51.95,50.44,79.3,80.42,182,0,0,0,51.17
93,2026-07-13,132,23.7,1.8,4423.0,51.94,51.12,63.4,74.42,0,0,0,1,50.41
93,2026-07-20,133,23.7,1.8,4423.0,52.59,51.81,79.7,74.85,7,0,0,0,50.41
93,2026-07-27,134,23.7,1.8,4423.0,46.48,50.74,65.1,71.88,0,1,0,0,50.41
93,2026-08-03,135,23.7,1.8,4423.0,47.77,49.7,63.6,67.95,7,1,0,0,50.41
93,2026-08-10,136,23.7,1.8,4423.0,47.31,48.54,64.7,68.28,14,1,0,0,50.41
93,2026-08-17,137,23.7,1.8,4423.0,47.32,47.22,58.2,62.9,21,1,0,0,50.41
93,2026-08-24,138,23.7,1.8,4423.0,45.46,46.96,51.1,59.4,28,1,0,0,50.41
93,2026-08-31,139,23.7,1.8,4423.0,45.46,46.39,56.1,57.53,35,1,0,0,50.41
93,2026-09-07,140,23.7,1.8,4423.0,45.6,45.96,50.8,54.05,42,1,0,0,50.41
93,2026-09-14,141,23.7,1.8,4423.0,46.2,45.68,47.3,51.32,49,1,0,0,50.41
93,2026-09-21,142,23.7,1.8,4423.0,46.29,45.89,45.7,49.97,56,1,0,0,50.41
93,2026-09-28,143,23.7,1.8,4423.0,47.11,46.3,31.3,43.78,63,1,0,0,50.41
93,2026-10-05,144,23.7,1.8,4423.0,49.04,47.16,37.5,40.45,70,1,0,0,50.41
93,2026-10-12,145,23.7,1.8,4423.0,50.51,48.24,56.7,42.8,77,1,0,0,50.41
93,2026-10-19,146,23.7,1.8,4423.0,52.38,49.76,51.8,44.32,84,1,0,0,50.41
93,2026-10-26,147,23.7,1.8,4423.0,51.91,50.96,30.9,44.22,91,0,0,0,50.41
93,2026-11-02,148,23.7,1.8,4423.0,52.66,51.86,27.8,41.8,98,0,0,0,50.41
93,2026-11-09,149,23.7,1.8,4423.0,51.75,52.18,12.6,30.78,105,0,0,0,50.41
93,2026-11-16,150,23.7,1.8,4423.0,51.9,52.06,17.9,22.3,112,0,0,0,50.41
93,2026-11-23,151,23.7,1.8,4423.0,53.38,52.42,29.2,21.88,119,0,0,0,50.41
93,2026-11-30,152,23.7,1.8,4423.0,51.98,52.25,15.4,18.77,126,0,0,0,50.48
93,2026-12-07,153,23.7,1.8,4423.0,52.02,52.32,31.3,23.45,133,0,0,0,50.48
93,2026-12-14,154,23.7,1.8,4423.0,53.64,52.76,29.3,26.3,140,0,0,0,50.99
94,2026-05-18,124,30.7,21.2,4755.0,45.85,45.49,58.7,58.65,259,0,0,0,51.58
94,2026-05-25,125,30.7,21.2,4755.0,47.45,46.02,76.0,63.32,266,0,0,0,51.58
94,2026-06-01,126,30.7,21.2,4755.0,48.51,46.9,67.0,67.8,273,0,0,0,51.61
94,2026-06-08,127,30.7,21.2,4755.0,50.2,48.0,74.8,69.12,280,0,0,0,51.61
94,2026-06-15,128,30.7,21.2,4755.0,51.23,49.35,87.4,76.3,287,0,0,0,51.61
94,2026-06-22,129,30.7,21.2,4755.0,51.5,50.36,78.0,76.8,294,0,0,0,51.61
94,2026-06-29,130,30.7,21.2,4755.0,52.44,51.34,77.0,79.3,301,0,0,0,51.61
94,2026-07-06,131,30.7,21.2,4755.0,52.11,51.82,79.3,80.42,308,0,0,0,51.61
94,2026-07-13,132,30.7,21.2,4755.0,51.37,51.86,63.4,74.42,315,0,0,0,51.61
94,2026-07-20,133,30.7,21.2,4755.0,52.63,52.14,79.7,74.85,322,0,0,0,51.61
94,2026-07-27,134,30.7,21.2,4755.0,53.07,52.3,65.1,71.88,329,0,0,0,51.92
94,2026-08-03,135,30.7,21.2,4755.0,53.21,52.57,63.6,67.95,336,0,0,0,51.92
94,2026-08-10,136,30.7,21.2,4755.0,55.1,53.5,64.7,68.28,343,0,0,0,51.92
94,2026-08-17,137,30.7,21.2,4755.0,55.57,54.24,58.2,62.9,350,0,0,1,51.92
94,2026-08-24,138,30.7,21.2,4755.0,54.99,54.72,51.1,59.4,357,0,0,0,51.92
94,2026-08-31,139,30.7,21.2,4755.0,51.18,54.21,56.1,57.53,0,1,0,0,50.41
94,2026-09-07,140,30.7,21.2,4755.0,52.68,53.6,50.8,54.05,7,1,0,1,50.41
94,2026-09-14,141,30.7,21.2,4755.0,51.38,52.56,47.3,51.32,14,1,0,0,50.41
94,2026-09-21,142,30.7,21.2,4755.0,37.48,48.18,45.7,49.97,0,2,0,0,50.41
94,2026-09-28,143,30.7,21.2,4755.0,38.73,45.07,31.3,43.78,7,2,0,0,50.41
94,2026-10-05,144,30.7,21.2,4755.0,39.52,41.78,37.5,40.45,14,2,0,0,48.95
94,2026-10-12,145,30.7,21.2,4755.0,39.53,38.82,56.7,42.8,21,2,0,0,48.95
94,2026-10-19,146,30.7,21.2,4755.0,40.62,39.6,51.8,44.32,28,2,0,0,48.95
94,2026-10-26,147,30.7,21.2,4755.0,41.12,40.2,30.9,44.22,35,2,0,0,48.95
94,2026-11-02,148,30.7,21.2,4755.0,39.53,40.2,27.8,41.8,42,2,0,0,48.95
94,2026-11-09,149,30.7,21.2,4755.0,38.51,39.94,12.6,30.78,49,2,0,0,48.26
94,2026-11-16,150,30.7,21.2,4755.0,39.33,39.62,17.9,22.3,56,2,0,0,48.26
94,2026-11-23,151,30.7,21.2,4755.0,38.39,38.94,29.2,21.88,63,2,0,0,48.95
94,2026-11-30,152,30.7,21.2,4755.0,37.3,38.38,15.4,18.77,70,1,0,0,48.26
94,2026-12-07,153,30.7,21.2,4755.0,38.27,38.32,31.3,23.45,77,1,0,0,48.95
94,2026-12-14,154,30.7,21.2,4755.0,38.25,38.05,29.3,26.3,84,1,0,0,48.95
95,2026-05-18,124,26.5,28.1,5260.0,31.74,30.6,58.7,58.65,119,0,0,0,48.63
95,2026-05-25,125,26.5,28.1,5260.0,34.39,31.69,76.0,63.32,126,0,0,0,48.63
95,2026-06-01,126,26.5,28.1,5260.0,35.77,33.23,67.0,67.8,133,0,0,0,49.65
95,2026-06-08,127,26.5,28.1,5260.0,35.14,34.26,74.8,69.12,140,0,0,0,48.63
95,2026-06-15,128,26.5,28.1,5260.0,36.63,35.48,87.4,76.3,147,0,0,0,50.8
95,2026-06-22,129,26.5,28.1,5260.0,38.74,36.57,78.0,76.8,154,0,0,0,50.8
95,2026-06-29,130,26.5,28.1,5260.0,40.83,37.84,77.0,79.3,161,0,0,0,50.8
95,2026-07-06,131,26.5,28.1,5260.0,40.71,39.23,79.3,80.42,168,0,0,0,51.26
95,2026-07-13,132,26.5,28.1,5260.0,41.27,40.39,63.4,74.42,175,0,0,0,51.26
95,2026-07-20,133,26.5,28.1,5260.0,41.71,41.13,79.7,74.85,182,0,0,0,51.26
95,2026-07-27,134,26.5,28.1,5260.0,42.44,41.53,65.1,71.88,189,0,0,0,51.26
95,2026-08-03,135,26.5,28.1,5260.0,43.46,42.22,63.6,67.95,196,0,0,0,51.26
95,2026-08-10,136,26.5,28.1,5260.0,43.64,42.81,64.7,68.28,203,0,0,0,51.26
95,2026-08-17,137,26.5,28.1,5260.0,43.86,43.35,58.2,62.9,210,0,0,0,51.26
95,2026-08-24,138,26.5,28.1,5260.0,45.36,44.08,51.1,59.4,217,0,0,0,51.58
95,2026-08-31,139,26.5,28.1,5260.0,44.39,44.31,56.1,57.53,224,0,0,0,51.58
95,2026-09-07,140,26.5,28.1,5260.0,44.95,44.64,50.8,54.05,231,0,0,0,51.58
95,2026-09-14,141,26.5,28.1,5260.0,43.98,44.67,47.3,51.32,238,0,0,0,51.58
95,2026-09-21,142,26.5,28.1,5260.0,45.87,44.8,45.7,49.97,245,0,0,0,51.58
95,2026-09-28,143,26.5,28.1,5260.0,46.04,45.21,31.3,43.78,252,0,0,0,51.58
95,2026-10-05,144,26.5,28.1,5260.0,47.9,45.95,37.5,40.45,259,0,0,1,51.58
95,2026-10-12,145,26.5,28.1,5260.0,47.92,46.93,56.7,42.8,266,0,0,0,51.58
95,2026-10-19,146,26.5,28.1,5260.0,37.71,44.89,51.8,44.32,0,1,0,0,50.41
95,2026-10-26,147,26.5,28.1,5260.0,36.48,42.5,30.9,44.22,7,1,0,0,48.95
95,2026-11-02,148,26.5,28.1,5260.0,34.55,39.16,27.8,41.8,14,1,0,0,48.63
95,2026-11-09,149,26.5,28.1,5260.0,34.94,35.92,12.6,30.78,21,1,0,0,47.04
95,2026-11-16,150,26.5,28.1,5260.0,35.46,35.36,17.9,22.3,28,1,0,0,47.04
95,2026-11-23,151,26.5,28.1,5260.0,36.33,35.32,29.2,21.88,35,1,0,0,48.95
95,2026-11-30,152,26.5,28.1,5260.0,35.74,35.62,15.4,18.77,42,1,0,0,48.12
95,2026-12-07,153,26.5,28.1,5260.0,35.11,35.66,31.3,23.45,49,1,0,0,48.63
95,2026-12-14,154,26.5,28.1,5260.0,37.97,36.29,29.3,26.3,56,1,0,0,48.95
96,2026-05-18,124,12.4,8.3,4567.0,28.21,28.53,58.7,58.65,182,0,0,0,50.11
96,2026-05-25,125,12.4,8.3,4567.0,29.63,28.84,76.0,63.32,189,0,0,0,49.41
96,2026-06-01,126,12.4,8.3,4567.0,28.72,28.83,67.0,67.8,196,0,0,0,49.41
96,2026-06-08,127,12.4,8.3,4567.0,31.7,29.56,74.8,69.12,203,0,0,0,49.41
96,2026-06-15,128,12.4,8.3,4567.0,34.79,31.21,87.4,76.3,210,0,0,1,49.41
96,2026-06-22,129,12.4,8.3,4567.0,35.52,32.68,78.0,76.8,217,0,0,0,49.41
96,2026-06-29,130,12.4,8.3,4567.0,24.61,31.66,77.0,79.3,0,1,0,0,48.26
96,2026-07-06,131,12.4,8.3,4567.0,27.9,30.7,79.3,80.42,7,1,0,0,48.26
96,2026-07-13,132,12.4,8.3,4567.0,27.84,28.97,63.4,74.42,14,1,0,0,48.26
96,2026-07-20,133,12.4,8.3,4567.0,27.44,26.95,79.7,74.85,21,1,0,0,48.26
96,2026-07-27,134,12.4,8.3,4567.0,27.67,27.71,65.1,71.88,28,1,0,0,48.26
96,2026-08-03,135,12.4,8.3,4567.0,27.45,27.6,63.6,67.95,35,1,0,0,48.26
96,2026-08-10,136,12.4,8.3,4567.0,28.44,27.75,64.7,68.28,42,1,0,0,48.26
96,2026-08-17,137,12.4,8.3,4567.0,28.28,27.96,58.2,62.9,49,1,0,0,48.26
96,2026-08-24,138,12.4,8.3,4567.0,28.52,28.17,51.1,59.4,56,1,0,0,48.26
96,2026-08-31,139,12.4,8.3,4567.0,28.7,28.48,56.1,57.53,63,1,0,0,48.26
96,2026-09-07,140,12.4,8.3,4567.0,29.65,28.79,50.8,54.05,70,1,0,0,48.26
96,2026-09-14,141,12.4,8.3,4567.0,31.09,29.49,47.3,51.32,77,1,0,0,48.26
96,2026-09-21,142,12.4,8.3,4567.0,32.03,30.37,45.7,49.97,84,1,0,0,48.26
96,2026-09-28,143,12.4,8.3,4567.0,31.03,30.95,31.3,43.78,91,0,0,0,48.26
96,2026-10-05,144,12.4,8.3,4567.0,33.12,31.82,37.5,40.45,98,0,0,0,48.26
96,2026-10-12,145,12.4,8.3,4567.0,31.98,32.04,56.7,42.8,105,0,0,0,48.26
96,2026-10-19,146,12.4,8.3,4567.0,32.57,32.17,51.8,44.32,112,0,0,0,48.26
96,2026-10-26,147,12.4,8.3,4567.0,32.95,32.66,30.9,44.22,119,0,0,0,48.26
96,2026-11-02,148,12.4,8.3,4567.0,34.34,32.96,27.8,41.8,126,0,0,0,48.26
96,2026-11-09,149,12.4,8.3,4567.0,34.11,33.49,12.6,30.78,133,0,0,0,46.67
96,2026-11-16,150,12.4,8.3,4567.0,33.98,33.84,17.9,22.3,140,0,0,0,46.67
96,2026-11-23,151,12.4,8.3,4567.0,34.44,34.22,29.2,21.88,147,0,0,0,49.65
96,2026-11-30,152,12.4,8.3,4567.0,34.89,34.35,15.4,18.77,154,0,0,0,48.96
96,2026-12-07,153,12.4,8.3,4567.0,36.08,34.85,31.3,23.45,161,0,0,0,50.8
96,2026-12-14,154,12.4,8.3,4567.0,36.43,35.46,29.3,26.3,168,0,0,0,51.26
97,2026-05-18,124,34.8,29.7,4905.0,34.58,32.89,58.7,58.65,70,0,0,0,48.63
97,2026-05-25,125,34.8,29.7,4905.0,35.9,34.03,76.0,63.32,77,0,0,0,48.95
97,2026-06-01,126,34.8,29.7,4905.0,35.78,34.9,67.0,67.8,84,0,0,0,48.95
97,2026-06-08,127,34.8,29.7,4905.0,36.33,35.65,74.8,69.12,91,0,0,0,48.95
97,2026-06-15,128,34.8,29.7,4905.0,38.31,36.58,87.4,76.3,98,0,0,0,48.95
97,2026-06-22,129,34.8,29.7,4905.0,37.91,37.08,78.0,76.8,105,0,0,0,48.95
97,2026-06-29,130,34.8,29.7,4905.0,38.66,37.8,77.0,79.3,112,0,0,0,48.95
97,2026-07-06,131,34.8,29.7,4905.0,39.73,38.65,79.3,80.42,119,0,0,0,48.95
97,2026-07-13,132,34.8,29.7,4905.0,41.41,39.43,63.4,74.42,126,0,0,1,49.65
97,2026-07-20,133,34.8,29.7,4905.0,43.54,40.84,79.7,74.85,133,0,0,0,49.65
97,2026-07-27,134,34.8,29.7,4905.0,31.07,38.94,65.1,71.88,0,1,0,0,48.63
97,2026-08-03,135,34.8,29.7,4905.0,33.81,37.46,63.6,67.95,7,1,0,0,48.63
97,2026-08-10,136,34.8,29.7,4905.0,34.46,35.72,64.7,68.28,14,1,0,0,48.63
97,2026-08-17,137,34.8,29.7,4905.0,33.61,33.24,58.2,62.9,21,1,0,0,48.63
97,2026-08-24,138,34.8,29.7,4905.0,33.95,33.96,51.1,59.4,28,1,0,0,48.63
97,2026-08-31,139,34.8,29.7,4905.0,35.96,34.5,56.1,57.53,35,1,0,0,48.95
97,2026-09-07,140,34.8,29.7,4905.0,35.78,34.83,50.8,54.05,42,1,0,0,48.95
97,2026-09-14,141,34.8,29.7,4905.0,35.86,35.39,47.3,51.32,49,1,0,0,48.95
97,2026-09-21,142,34.8,29.7,4905.0,36.97,36.14,45.7,49.97,56,1,0,0,48.95
97,2026-09-28,143,34.8,29.7,4905.0,37.72,36.58,31.3,43.78,63,1,0,0,48.95
97,2026-10-05,144,34.8,29.7,4905.0,38.79,37.34,37.5,40.45,70,1,0,0,48.95
97,2026-10-12,145,34.8,29.7,4905.0,39.44,38.23,56.7,42.8,77,1,0,0,48.95
97,2026-10-19,146,34.8,29.7,4905.0,40.67,39.16,51.8,44.32,84,1,0,0,48.95
97,2026-10-26,147,34.8,29.7,4905.0,40.06,39.74,30.9,44.22,91,0,0,0,48.95
97,2026-11-02,148,34.8,29.7,4905.0,40.45,40.16,27.8,41.8,98,0,0,0,48.95
97,2026-11-09,149,34.8,29.7,4905.0,39.5,40.17,12.6,30.78,105,0,0,0,48.26
97,2026-11-16,150,34.8,29.7,4905.0,41.17,40.3,17.9,22.3,112,0,0,0,48.26
97,2026-11-23,151,34.8,29.7,4905.0,41.2,40.58,29.2,21.88,119,0,0,0,48.95
97,2026-11-30,152,34.8,29.7,4905.0,41.96,40.96,15.4,18.77,126,0,0,0,48.96
97,2026-12-07,153,34.8,29.7,4905.0,43.69,42.0,31.3,23.45,133,0,0,0,49.65
97,2026-12-14,154,34.8,29.7,4905.0,43.49,42.58,29.3,26.3,140,0,0,0,50.31
98,2026-05-18,124,31.5,2.0,769.0,18.67,17.9,58.7,58.65,126,0,0,0,48.63
98,2026-05-25,125,31.5,2.0,769.0,19.5,18.69,76.0,63.32,133,0,0,0,48.63
98,2026-06-01,126,31.5,2.0,769.0,19.69,18.93,67.0,67.8,140,0,0,0,48.63
98,2026-06-08,127,31.5,2.0,769.0,20.65,19.63,74.8,69.12,147,0,0,0,48.95
98,2026-06-15,128,31.5,2.0,769.0,20.65,20.12,87.4,76.3,154,0,0,0,48.95
98,2026-06-22,129,31.5,2.0,769.0,19.97,20.24,78.0,76.8,161,0,0,0,48.95
98,2026-06-29,130,31.5,2.0,769.0,19.92,20.3,77.0,79.3,168,0,0,0,49.41
98,2026-07-06,131,31.5,2.0,769.0,21.18,20.43,79.3,80.42,175,0,0,1,49.41
98,2026-07-13,132,31.5,2.0,769.0,22.62,20.92,63.4,74.42,182,0,0,0,49.41
98,2026-07-20,133,31.5,2.0,769.0,10.48,18.55,79.7,74.85,0,1,0,0,48.63
98,2026-07-27,134,31.5,2.0,769.0,11.31,16.4,65.1,71.88,7,1,0,0,48.63
98,2026-08-03,135,31.5,2.0,769.0,12.52,14.23,63.6,67.95,14,1,0,0,48.63
98,2026-08-10,136,31.5,2.0,769.0,13.18,11.87,64.7,68.28,21,1,0,0,48.63
98,2026-08-17,137,31.5,2.0,769.0,13.08,12.52,58.2,62.9,28,1,0,0,48.63
98,2026-08-24,138,31.5,2.0,769.0,14.42,13.3,51.1,59.4,35,1,0,0,48.63
98,2026-08-31,139,31.5,2.0,769.0,13.45,13.53,56.1,57.53,42,1,0,0,48.63
98,2026-09-07,140,31.5,2.0,769.0,13.91,13.72,50.8,54.05,49,1,0,0,48.63
98,2026-09-14,141,31.5,2.0,769.0,16.78,14.64,47.3,51.32,56,1,0,0,48.63
98,2026-09-21,142,31.5,2.0,769.0,17.36,15.38,45.7,49.97,63,1,0,0,48.63
98,2026-09-28,143,31.5,2.0,769.0,17.64,16.42,31.3,43.78,70,1,0,0,48.63
98,2026-10-05,144,31.5,2.0,769.0,18.38,17.54,37.5,40.45,77,1,0,0,48.63
98,2026-10-12,145,31.5,2.0,769.0,20.23,18.4,56.7,42.8,84,1,0,0,48.63
98,2026-10-19,146,31.5,2.0,769.0,22.42,19.67,51.8,44.32,91,0,0,0,48.63
98,2026-10-26,147,31.5,2.0,769.0,22.86,20.97,30.9,44.22,98,0,0,0,48.63
98,2026-11-02,148,31.5,2.0,769.0,22.39,21.98,27.8,41.8,105,0,0,0,48.63
98,2026-11-09,149,31.5,2.0,769.0,20.94,22.15,12.6,30.78,112,0,0,0,47.04
98,2026-11-16,150,31.5,2.0,769.0,21.26,21.86,17.9,22.3,119,0,0,0,47.04
98,2026-11-23,151,31.5,2.0,769.0,20.91,21.38,29.2,21.88,126,0,0,0,48.63
98,2026-11-30,152,31.5,2.0,769.0,22.5,21.4,15.4,18.77,133,0,0,0,47.04
98,2026-12-07,153,31.5,2.0,769.0,22.95,21.9,31.3,23.45,140,0,0,0,48.63
98,2026-12-14,154,31.5,2.0,769.0,23.04,22.35,29.3,26.3,147,0,0,0,49.65
99,2026-05-18,124,32.3,28.0,1790.0,23.88,23.3,58.7,58.65,56,1,0,0,48.63
99,2026-05-25,125,32.3,28.0,1790.0,23.0,23.43,76.0,63.32,63,1,0,0,48.63
99,2026-06-01,126,32.3,28.0,1790.0,25.21,24.06,67.0,67.8,70,1,0,0,48.63
99,2026-06-08,127,32.3,28.0,1790.0,26.44,24.63,74.8,69.12,77,1,0,0,48.63
99,2026-06-15,128,32.3,28.0,1790.0,26.2,25.21,87.4,76.3,84,1,0,0,48.63
99,2026-06-22,129,32.3,28.0,1790.0,26.21,26.02,78.0,76.8,91,0,0,0,48.63
99,2026-06-29,130,32.3,28.0,1790.0,27.36,26.55,77.0,79.3,98,0,0,0,48.63
99,2026-07-06,131,32.3,28.0,1790.0,28.23,27.0,79.3,80.42,0,0,0,0,48.63
99,2026-07-13,132,32.3,28.0,1790.0,29.37,27.79,63.4,74.42,7,0,0,0,48.63
99,2026-07-20,133,32.3,28.0,1790.0,27.96,28.23,79.7,74.85,14,0,0,0,48.63
99,2026-07-27,134,32.3,28.0,1790.0,28.26,28.46,65.1,71.88,21,0,0,0,48.63
99,2026-08-03,135,32.3,28.0,1790.0,29.84,28.86,63.6,67.95,28,0,0,0,48.63
99,2026-08-10,136,32.3,28.0,1790.0,31.84,29.48,64.7,68.28,35,0,0,0,48.63
99,2026-08-17,137,32.3,28.0,1790.0,32.15,30.52,58.2,62.9,42,0,0,0,48.63
99,2026-08-24,138,32.3,28.0,1790.0,33.74,31.89,51.1,59.4,49,0,0,0,48.63
99,2026-08-31,139,32.3,28.0,1790.0,33.87,32.9,56.1,57.53,56,0,0,0,48.63
99,2026-09-07,140,32.3,28.0,1790.0,33.31,33.27,50.8,54.05,63,0,0,0,48.63
99,2026-09-14,141,32.3,28.0,1790.0,33.95,33.72,47.3,51.32,70,0,0,0,48.63
99,2026-09-21,142,32.3,28.0,1790.0,33.45,33.65,45.7,49.97,77,0,0,0,48.63
99,2026-09-28,143,32.3,28.0,1790.0,34.45,33.79,31.3,43.78,84,0,0,0,48.63
99,2026-10-05,144,32.3,28.0,1790.0,35.3,34.29,37.5,40.45,91,0,0,0,48.63
99,2026-10-12,145,32.3,28.0,1790.0,37.08,35.07,56.7,42.8,98,0,0,0,48.95
99,2026-10-19,146,32.3,28.0,1790.0,37.21,36.01,51.8,44.32,105,0,0,0,48.95
99,2026-10-26,147,32.3,28.0,1790.0,37.92,36.88,30.9,44.22,112,0,0,0,48.95
99,2026-11-02,148,32.3,28.0,1790.0,40.52,38.18,27.8,41.8,119,0,0,0,48.95
99,2026-11-09,149,32.3,28.0,1790.0,39.81,38.86,12.6,30.78,126,0,0,0,48.96
99,2026-11-16,150,32.3,28.0,1790.0,40.17,39.61,17.9,22.3,133,0,0,0,48.96
99,2026-11-23,151,32.3,28.0,1790.0,41.25,40.44,29.2,21.88,140,0,0,1,50.31
99,2026-11-30,152,32.3,28.0,1790.0,41.45,40.67,15.4,18.77,147,0,0,0,50.11
99,2026-12-07,153,32.3,28.0,1790.0,27.8,37.67,31.3,23.45,0,1,0,0,48.63
99,2026-12-14,154,32.3,28.0,1790.0,28.07,34.64,29.3,26.3,7,1,0,0,48.63
100,2026-05-18,124,9.8,32.5,3920.0,43.0,42.34,58.7,58.65,252,0,0,0,51.26
100,2026-05-25,125,9.8,32.5,3920.0,43.57,42.67,76.0,63.32,259,0,0,0,51.26
100,2026-06-01,126,9.8,32.5,3920.0,45.6,43.57,67.0,67.8,266,0,0,0,51.26
100,2026-06-08,127,9.8,32.5,3920.0,47.83,45.0,74.8,69.12,273,0,0,0,51.61
100,2026-06-15,128,9.8,32.5,3920.0,49.66,46.66,87.4,76.3,280,0,0,0,51.61
100,2026-06-22,129,9.8,32.5,3920.0,50.93,48.5,78.0,76.8,287,0,0,0,51.61
100,2026-06-29,130,9.8,32.5,3920.0,51.09,49.88,77.0,79.3,294,0,0,0,51.61
100,2026-07-06,131,9.8,32.5,3920.0,51.17,50.71,79.3,80.42,301,0,0,0,51.61
100,2026-07-13,132,9.8,32.5,3920.0,51.82,51.25,63.4,74.42,308,0,0,1,51.61
100,2026-07-20,133,9.8,32.5,3920.0,51.56,51.41,79.7,74.85,315,0,0,0,51.61
100,2026-07-27,134,9.8,32.5,3920.0,43.09,49.41,65.1,71.88,0,1,0,0,50.03
100,2026-08-03,135,9.8,32.5,3920.0,44.74,47.8,63.6,67.95,7,1,0,0,50.03
100,2026-08-10,136,9.8,32.5,3920.0,44.71,46.02,64.7,68.28,14,1,0,0,50.03
100,2026-08-17,137,9.8,32.5,3920.0,44.11,44.16,58.2,62.9,21,1,0,0,48.94
100,2026-08-24,138,9.8,32.5,3920.0,44.84,44.6,51.1,59.4,28,1,0,0,50.03
100,2026-08-31,139,9.8,32.5,3920.0,48.1,45.44,56.1,57.53,35,1,0,0,50.03
100,2026-09-07,140,9.8,32.5,3920.0,49.7,46.69,50.8,54.05,42,1,0,0,50.03
100,2026-09-14,141,9.8,32.5,3920.0,51.49,48.53,47.3,51.32,49,1,0,0,50.03
100,2026-09-21,142,9.8,32.5,3920.0,53.7,50.75,45.7,49.97,56,1,0,0,50.03
100,2026-09-28,143,9.8,32.5,3920.0,55.55,52.61,31.3,43.78,63,1,0,0,50.03
100,2026-10-05,144,9.8,32.5,3920.0,57.3,54.51,37.5,40.45,70,1,0,0,50.03
100,2026-10-12,145,9.8,32.5,3920.0,58.72,56.32,56.7,42.8,77,1,0,0,50.03
100,2026-10-19,146,9.8,32.5,3920.0,59.79,57.84,51.8,44.32,84,1,0,0,50.03
100,2026-10-26,147,9.8,32.5,3920.0,58.56,58.59,30.9,44.22,91,0,0,0,50.03
100,2026-11-02,148,9.8,32.5,3920.0,59.65,59.18,27.8,41.8,98,0,0,0,50.03
100,2026-11-09,149,9.8,32.5,3920.0,60.27,59.57,12.6,30.78,105,0,0,0,50.03
100,2026-11-16,150,9.8,32.5,3920.0,61.07,59.89,17.9,22.3,112,0,0,0,50.03
100,2026-11-23,151,9.8,32.5,3920.0,60.56,60.39,29.2,21.88,119,0,0,0,50.03
100,2026-11-30,152,9.8,32.5,3920.0,60.13,60.51,15.4,18.77,126,0,0,0,50.42
100,2026-12-07,153,9.8,32.5,3920.0,60.29,60.51,31.3,23.45,133,0,0,0,50.42
100,2026-12-14,154,9.8,32.5,3920.0,61.12,60.53,29.3,26.3,140,0,0,0,51.0
101,2026-05-18,124,9.6,27.0,5220.0,42.1,39.65,58.7,58.65,322,0,0,0,51.3
101,2026-05-25,125,9.6,27.0,5220.0,44.22,40.88,76.0,63.32,329,0,0,0,51.3
101,2026-06-01,126,9.6,27.0,5220.0,44.98,42.57,67.0,67.8,336,0,0,0,51.3
101,2026-06-08,127,9.6,27.0,5220.0,45.91,44.3,74.8,69.12,343,0,0,0,51.61
101,2026-06-15,128,9.6,27.0,5220.0,46.13,45.31,87.4,76.3,350,0,0,0,51.61
101,2026-06-22,129,9.6,27.0,5220.0,46.64,45.92,78.0,76.8,357,0,0,0,51.61
101,2026-06-29,130,9.6,27.0,5220.0,47.61,46.57,77.0,79.3,364,0,0,0,51.61
101,2026-07-06,131,9.6,27.0,5220.0,47.04,46.86,79.3,80.42,371,0,0,0,51.61
101,2026-07-13,132,9.6,27.0,5220.0,48.65,47.48,63.4,74.42,378,0,0,0,51.61
101,2026-07-20,133,9.6,27.0,5220.0,50.27,48.39,79.7,74.85,385,0,0,0,51.61
101,2026-07-27,134,9.6,27.0,5220.0,51.35,49.33,65.1,71.88,392,0,0,1,51.61
101,2026-08-03,135,9.6,27.0,5220.0,52.67,50.74,63.6,67.95,399,0,0,0,51.61
101,2026-08-10,136,9.6,27.0,5220.0,41.61,48.98,64.7,68.28,0,1,0,0,50.03
101,2026-08-17,137,9.6,27.0,5220.0,42.42,47.01,58.2,62.9,7,1,0,0,50.03
101,2026-08-24,138,9.6,27.0,5220.0,43.86,45.14,51.1,59.4,14,1,0,0,50.03
101,2026-08-31,139,9.6,27.0,5220.0,42.66,42.64,56.1,57.53,21,1,0,0,48.57
101,2026-09-07,140,9.6,27.0,5220.0,43.85,43.2,50.8,54.05,28,1,0,0,48.57
101,2026-09-14,141,9.6,27.0,5220.0,44.01,43.6,47.3,51.32,35,1,0,1,48.57
101,2026-09-21,142,9.6,27.0,5220.0,45.33,43.96,45.7,49.97,42,1,0,0,48.94
101,2026-09-28,143,9.6,27.0,5220.0,33.52,41.68,31.3,43.78,0,2,0,0,48.26
101,2026-10-05,144,9.6,27.0,5220.0,33.52,39.1,37.5,40.45,7,2,0,0,48.26
101,2026-10-12,145,9.6,27.0,5220.0,33.92,36.57,56.7,42.8,14,2,0,0,48.26
101,2026-10-19,146,9.6,27.0,5220.0,33.34,33.58,51.8,44.32,0,2,0,0,48.26
101,2026-10-26,147,9.6,27.0,5220.0,33.03,33.45,30.9,44.22,7,2,0,0,48.26
101,2026-11-02,148,9.6,27.0,5220.0,33.57,33.47,27.8,41.8,14,2,0,0,48.26
101,2026-11-09,149,9.6,27.0,5220.0,33.48,33.36,12.6,30.78,21,1,0,0,46.67
101,2026-11-16,150,9.6,27.0,5220.0,35.29,33.84,17.9,22.3,28,1,0,0,46.67
101,2026-11-23,151,9.6,27.0,5220.0,34.56,34.22,29.2,21.88,35,1,0,0,48.26
101,2026-11-30,152,9.6,27.0,5220.0,35.87,34.8,15.4,18.77,42,1,0,0,47.88
101,2026-12-07,153,9.6,27.0,5220.0,35.66,35.34,31.3,23.45,49,1,0,0,48.44
101,2026-12-14,154,9.6,27.0,5220.0,36.94,35.76,29.3,26.3,56,1,0,0,48.57
102,2026-05-18,124,46.7,56.1,8018.0,11.25,9.63,58.7,58.65,84,1,1,0,49.52
102,2026-05-25,125,46.7,56.1,8018.0,11.6,10.79,76.0,63.32,91,0,1,0,49.52
102,2026-06-01,126,46.7,56.1,8018.0,11.77,11.58,67.0,67.8,98,0,1,0,49.52
102,2026-06-08,127,46.7,56.1,8018.0,12.52,11.78,74.8,69.12,105,0,1,0,49.52
102,2026-06-15,128,46.7,56.1,8018.0,15.17,12.76,87.4,76.3,112,0,1,0,49.52
102,2026-06-22,129,46.7,56.1,8018.0,17.0,14.12,78.0,76.8,119,0,1,0,49.52
102,2026-06-29,130,46.7,56.1,8018.0,18.25,15.74,77.0,79.3,126,0,1,0,49.52
102,2026-07-06,131,46.7,56.1,8018.0,18.42,17.21,79.3,80.42,133,0,1,1,49.52
102,2026-07-13,132,46.7,56.1,8018.0,19.95,18.4,63.4,74.42,140,0,1,0,49.52
102,2026-07-20,133,46.7,56.1,8018.0,13.19,17.45,79.7,74.85,0,1,1,0,50.2
102,2026-07-27,134,46.7,56.1,8018.0,14.32,16.47,65.1,71.88,7,1,1,0,50.2
102,2026-08-03,135,46.7,56.1,8018.0,15.62,15.77,63.6,67.95,14,1,1,0,49.52
102,2026-08-10,136,46.7,56.1,8018.0,17.71,15.21,64.7,68.28,21,1,1,0,49.52
102,2026-08-17,137,46.7,56.1,8018.0,18.37,16.5,58.2,62.9,28,1,1,0,49.52
102,2026-08-24,138,46.7,56.1,8018.0,17.39,17.27,51.1,59.4,35,1,1,0,49.52
102,2026-08-31,139,46.7,56.1,8018.0,18.34,17.95,56.1,57.53,42,1,1,0,49.52
102,2026-09-07,140,46.7,56.1,8018.0,17.28,17.84,50.8,54.05,49,1,1,0,49.52
102,2026-09-14,141,46.7,56.1,8018.0,17.36,17.59,47.3,51.32,56,1,1,0,49.52
102,2026-09-21,142,46.7,56.1,8018.0,18.63,17.9,45.7,49.97,63,1,1,0,49.52
102,2026-09-28,143,46.7,56.1,8018.0,18.68,17.99,31.3,43.78,70,1,1,0,49.52
102,2026-10-05,144,46.7,56.1,8018.0,19.66,18.58,37.5,40.45,77,1,1,0,49.52
102,2026-10-12,145,46.7,56.1,8018.0,19.49,19.11,56.7,42.8,84,1,1,0,49.52
102,2026-10-19,146,46.7,56.1,8018.0,18.91,19.19,51.8,44.32,91,0,1,0,49.52
102,2026-10-26,147,46.7,56.1,8018.0,19.94,19.5,30.9,44.22,98,0,1,0,49.52
102,2026-11-02,148,46.7,56.1,8018.0,19.03,19.34,27.8,41.8,105,0,1,0,49.52
102,2026-11-09,149,46.7,56.1,8018.0,19.09,19.24,12.6,30.78,112,0,1,0,47.93
102,2026-11-16,150,46.7,56.1,8018.0,20.83,19.72,17.9,22.3,119,0,1,0,47.93
102,2026-11-23,151,46.7,56.1,8018.0,21.47,20.1,29.2,21.88,126,0,1,0,49.52
102,2026-11-30,152,46.7,56.1,8018.0,22.17,20.89,15.4,18.77,133,0,1,0,47.93
102,2026-12-07,153,46.7,56.1,8018.0,20.65,21.28,31.3,23.45,140,0,1,0,49.52
102,2026-12-14,154,46.7,56.1,8018.0,20.81,21.28,29.3,26.3,147,0,1,0,50.21
103,2026-05-18,124,19.7,29.3,3330.0,69.93,68.74,58.7,58.65,140,0,0,1,51.0
103,2026-05-25,125,19.7,29.3,3330.0,68.93,69.28,76.0,63.32,147,0,0,0,51.87
103,2026-06-01,126,19.7,29.3,3330.0,54.82,65.95,67.0,67.8,0,1,0,0,50.03
103,2026-06-08,127,19.7,29.3,3330.0,55.79,62.37,74.8,69.12,7,1,0,0,50.03
103,2026-06-15,128,19.7,29.3,3330.0,56.43,58.99,87.4,76.3,14,1,0,0,50.03
103,2026-06-22,129,19.7,29.3,3330.0,57.28,56.08,78.0,76.8,21,1,0,0,50.03
103,2026-06-29,130,19.7,29.3,3330.0,57.58,56.77,77.0,79.3,28,1,0,1,50.03
103,2026-07-06,131,19.7,29.3,3330.0,58.01,57.32,79.3,80.42,35,1,0,0,50.03
103,2026-07-13,132,19.7,29.3,3330.0,45.47,54.58,63.4,74.42,0,2,0,0,50.03
103,2026-07-20,133,19.7,29.3,3330.0,44.02,51.27,79.7,74.85,7,2,0,1,50.03
103,2026-07-27,134,19.7,29.3,3330.0,42.65,47.54,65.1,71.88,14,2,0,0,50.03
103,2026-08-03,135,19.7,29.3,3330.0,29.06,40.3,63.6,67.95,0,3,0,0,48.26
103,2026-08-10,136,19.7,29.3,3330.0,29.01,36.18,64.7,68.28,7,3,0,0,48.26
103,2026-08-17,137,19.7,29.3,3330.0,29.72,32.61,58.2,62.9,14,3,0,0,48.26
103,2026-08-24,138,19.7,29.3,3330.0,32.12,29.98,51.1,59.4,21,3,0,0,48.26
103,2026-08-31,139,19.7,29.3,3330.0,30.99,30.46,56.1,57.53,28,2,0,0,48.26
103,2026-09-07,140,19.7,29.3,3330.0,30.95,30.94,50.8,54.05,35,2,0,0,48.26
103,2026-09-14,141,19.7,29.3,3330.0,32.01,31.52,47.3,51.32,42,2,0,0,48.26
103,2026-09-21,142,19.7,29.3,3330.0,31.85,31.45,45.7,49.97,49,2,0,0,48.26
103,2026-09-28,143,19.7,29.3,3330.0,32.92,31.93,31.3,43.78,56,2,0,0,48.26
103,2026-10-05,144,19.7,29.3,3330.0,32.1,32.22,37.5,40.45,63,2,0,0,48.26
103,2026-10-12,145,19.7,29.3,3330.0,32.53,32.35,56.7,42.8,70,1,0,0,48.26
103,2026-10-19,146,19.7,29.3,3330.0,33.37,32.73,51.8,44.32,77,1,0,0,48.26
103,2026-10-26,147,19.7,29.3,3330.0,33.4,32.85,30.9,44.22,84,1,0,0,48.26
103,2026-11-02,148,19.7,29.3,3330.0,32.75,33.01,27.8,41.8,91,0,0,0,48.26
103,2026-11-09,149,19.7,29.3,3330.0,31.46,32.75,12.6,30.78,98,0,0,0,46.67
103,2026-11-16,150,19.7,29.3,3330.0,30.51,32.03,17.9,22.3,105,0,0,0,46.67
103,2026-11-23,151,19.7,29.3,3330.0,31.65,31.59,29.2,21.88,112,0,0,0,48.26
103,2026-11-30,152,19.7,29.3,3330.0,32.48,31.52,15.4,18.77,119,0,0,0,46.67
103,2026-12-07,153,19.7,29.3,3330.0,31.01,31.41,31.3,23.45,0,0,0,0,48.26
103,2026-12-14,154,19.7,29.3,3330.0,31.31,31.61,29.3,26.3,7,0,0,0,48.26
104,2026-05-18,124,55.3,51.3,6336.0,11.36,10.67,58.7,58.65,63,1,1,0,49.52
104,2026-05-25,125,55.3,51.3,6336.0,13.96,11.71,76.0,63.32,70,1,1,0,49.52
104,2026-06-01,126,55.3,51.3,6336.0,12.6,12.18,67.0,67.8,77,1,1,0,49.52
104,2026-06-08,127,55.3,51.3,6336.0,14.15,13.02,74.8,69.12,84,1,1,0,49.52
104,2026-06-15,128,55.3,51.3,6336.0,15.59,14.08,87.4,76.3,91,0,1,1,49.52
104,2026-06-22,129,55.3,51.3,6336.0,16.27,14.65,78.0,76.8,98,0,1,0,49.52
104,2026-06-29,130,55.3,51.3,6336.0,5.84,12.96,77.0,79.3,0,1,1,0,50.2
104,2026-07-06,131,55.3,51.3,6336.0,5.82,10.88,79.3,80.42,7,1,1,0,50.2
104,2026-07-13,132,55.3,51.3,6336.0,5.88,8.45,63.4,74.42,14,1,1,0,49.52
104,2026-07-20,133,55.3,51.3,6336.0,7.37,6.23,79.7,74.85,21,1,1,1,49.52
104,2026-07-27,134,55.3,51.3,6336.0,8.18,6.81,65.1,71.88,28,1,1,0,49.52
104,2026-08-03,135,55.3,51.3,6336.0,5.0,6.61,63.6,67.95,0,2,1,0,50.2
104,2026-08-10,136,55.3,51.3,6336.0,5.66,6.55,64.7,68.28,7,2,1,0,50.2
104,2026-08-17,137,55.3,51.3,6336.0,5.66,6.12,58.2,62.9,14,2,1,0,49.52
104,2026-08-24,138,55.3,51.3,6336.0,5.75,5.52,51.1,59.4,21,2,1,0,49.52
104,2026-08-31,139,55.3,51.3,6336.0,8.01,6.27,56.1,57.53,28,2,1,0,49.52
104,2026-09-07,140,55.3,51.3,6336.0,7.67,6.77,50.8,54.05,35,2,1,0,49.52
104,2026-09-14,141,55.3,51.3,6336.0,8.26,7.42,47.3,51.32,42,2,1,0,49.52
104,2026-09-21,142,55.3,51.3,6336.0,7.03,7.74,45.7,49.97,49,2,1,0,49.52
104,2026-09-28,143,55.3,51.3,6336.0,7.7,7.67,31.3,43.78,56,1,1,0,49.52
104,2026-10-05,144,55.3,51.3,6336.0,8.13,7.78,37.5,40.45,63,1,1,0,49.52
104,2026-10-12,145,55.3,51.3,6336.0,8.63,7.87,56.7,42.8,70,1,1,0,49.52
104,2026-10-19,146,55.3,51.3,6336.0,7.89,8.09,51.8,44.32,77,1,1,0,49.52
104,2026-10-26,147,55.3,51.3,6336.0,9.08,8.43,30.9,44.22,84,1,1,0,49.52
104,2026-11-02,148,55.3,51.3,6336.0,7.98,8.4,27.8,41.8,91,0,1,0,49.52
104,2026-11-09,149,55.3,51.3,6336.0,7.32,8.07,12.6,30.78,98,0,1,0,47.93
104,2026-11-16,150,55.3,51.3,6336.0,9.21,8.4,17.9,22.3,105,0,1,0,47.93
104,2026-11-23,151,55.3,51.3,6336.0,7.38,7.97,29.2,21.88,112,0,1,0,49.52
104,2026-11-30,152,55.3,51.3,6336.0,8.93,8.21,15.4,18.77,119,0,1,0,47.93
104,2026-12-07,153,55.3,51.3,6336.0,8.02,8.38,31.3,23.45,126,0,1,0,49.52
104,2026-12-14,154,55.3,51.3,6336.0,9.13,8.36,29.3,26.3,133,0,1,0,49.52
105,2026-05-18,124,23.1,7.1,663.0,17.3,15.86,58.7,58.65,182,0,0,0,50.11
105,2026-05-25,125,23.1,7.1,663.0,16.98,16.22,76.0,63.32,189,0,0,0,49.41
105,2026-06-01,126,23.1,7.1,663.0,20.42,17.52,67.0,67.8,196,0,0,0,49.41
105,2026-06-08,127,23.1,7.1,663.0,20.64,18.84,74.8,69.12,203,0,0,0,49.41
105,2026-06-15,128,23.1,7.1,663.0,22.15,20.05,87.4,76.3,210,0,0,0,49.41
105,2026-06-22,129,23.1,7.1,663.0,24.55,21.94,78.0,76.8,217,0,0,0,49.41
105,2026-06-29,130,23.1,7.1,663.0,26.06,23.35,77.0,79.3,224,0,0,0,49.41
105,2026-07-06,131,23.1,7.1,663.0,27.35,25.03,79.3,80.42,231,0,0,0,49.41
105,2026-07-13,132,23.1,7.1,663.0,29.51,26.87,63.4,74.42,238,0,0,1,49.41
105,2026-07-20,133,23.1,7.1,663.0,31.36,28.57,79.7,74.85,245,0,0,0,49.41
105,2026-07-27,134,23.1,7.1,663.0,18.23,26.61,65.1,71.88,0,1,0,0,48.63
105,2026-08-03,135,23.1,7.1,663.0,18.26,24.34,63.6,67.95,7,1,0,0,48.63
105,2026-08-10,136,23.1,7.1,663.0,17.66,21.38,64.7,68.28,14,1,0,0,48.63
105,2026-08-17,137,23.1,7.1,663.0,18.17,18.08,58.2,62.9,21,1,0,0,48.63
105,2026-08-24,138,23.1,7.1,663.0,19.81,18.48,51.1,59.4,28,1,0,0,48.63
105,2026-08-31,139,23.1,7.1,663.0,21.17,19.2,56.1,57.53,35,1,0,0,48.63
105,2026-09-07,140,23.1,7.1,663.0,22.46,20.4,50.8,54.05,42,1,0,0,48.63
105,2026-09-14,141,23.1,7.1,663.0,22.73,21.54,47.3,51.32,49,1,0,0,48.63
105,2026-09-21,142,23.1,7.1,663.0,23.13,22.37,45.7,49.97,56,1,0,0,48.63
105,2026-09-28,143,23.1,7.1,663.0,22.4,22.68,31.3,43.78,63,1,0,0,48.63
105,2026-10-05,144,23.1,7.1,663.0,22.83,22.77,37.5,40.45,70,1,0,0,48.63
105,2026-10-12,145,23.1,7.1,663.0,23.44,22.95,56.7,42.8,77,1,0,0,48.63
105,2026-10-19,146,23.1,7.1,663.0,22.78,22.86,51.8,44.32,84,1,0,0,48.63
105,2026-10-26,147,23.1,7.1,663.0,22.56,22.9,30.9,44.22,91,0,0,0,48.63
105,2026-11-02,148,23.1,7.1,663.0,21.76,22.64,27.8,41.8,98,0,0,0,48.63
105,2026-11-09,149,23.1,7.1,663.0,21.74,22.21,12.6,30.78,105,0,0,0,47.04
105,2026-11-16,150,23.1,7.1,663.0,22.53,22.15,17.9,22.3,112,0,0,0,47.04
105,2026-11-23,151,23.1,7.1,663.0,23.11,22.28,29.2,21.88,119,0,0,0,48.63
105,2026-11-30,152,23.1,7.1,663.0,24.1,22.87,15.4,18.77,126,0,0,0,47.04
105,2026-12-07,153,23.1,7.1,663.0,24.46,23.55,31.3,23.45,133,0,0,0,48.63
105,2026-12-14,154,23.1,7.1,663.0,24.14,23.95,29.3,26.3,140,0,0,0,48.63
106,2026-05-18,124,29.5,4.4,2707.0,26.93,26.2,58.7,58.65,7,0,0,0,48.63
106,2026-05-25,125,29.5,4.4,2707.0,27.57,26.84,76.0,63.32,14,0,0,0,48.63
106,2026-06-01,126,29.5,4.4,2707.0,29.24,27.67,67.0,67.8,21,0,0,0,48.63
106,2026-06-08,127,29.5,4.4,2707.0,31.16,28.72,74.8,69.12,28,0,0,0,48.63
106,2026-06-15,128,29.5,4.4,2707.0,32.81,30.2,87.4,76.3,35,0,0,0,48.63
106,2026-06-22,129,29.5,4.4,2707.0,31.44,31.16,78.0,76.8,42,0,0,0,48.63
106,2026-06-29,130,29.5,4.4,2707.0,31.07,31.62,77.0,79.3,49,0,0,0,48.63
106,2026-07-06,131,29.5,4.4,2707.0,30.53,31.46,79.3,80.42,0,0,0,0,48.63
106,2026-07-13,132,29.5,4.4,2707.0,30.57,30.9,63.4,74.42,7,0,0,0,48.63
106,2026-07-20,133,29.5,4.4,2707.0,32.44,31.15,79.7,74.85,14,0,0,0,48.63
106,2026-07-27,134,29.5,4.4,2707.0,33.39,31.73,65.1,71.88,21,0,0,0,48.63
106,2026-08-03,135,29.5,4.4,2707.0,33.26,32.42,63.6,67.95,28,0,0,0,48.63
106,2026-08-10,136,29.5,4.4,2707.0,34.31,33.35,64.7,68.28,35,0,0,0,48.63
106,2026-08-17,137,29.5,4.4,2707.0,35.81,34.19,58.2,62.9,42,0,0,0,48.95
106,2026-08-24,138,29.5,4.4,2707.0,37.49,35.22,51.1,59.4,49,0,0,0,48.95
106,2026-08-31,139,29.5,4.4,2707.0,38.13,36.44,56.1,57.53,56,0,0,0,48.95
106,2026-09-07,140,29.5,4.4,2707.0,38.37,37.45,50.8,54.05,63,0,0,0,48.95
106,2026-09-14,141,29.5,4.4,2707.0,40.06,38.51,47.3,51.32,70,0,0,0,48.95
106,2026-09-21,142,29.5,4.4,2707.0,41.59,39.54,45.7,49.97,77,0,0,0,48.95
106,2026-09-28,143,29.5,4.4,2707.0,42.85,40.72,31.3,43.78,84,0,0,1,48.95
106,2026-10-05,144,29.5,4.4,2707.0,42.69,41.8,37.5,40.45,91,0,0,0,48.95
106,2026-10-12,145,29.5,4.4,2707.0,31.57,39.67,56.7,42.8,0,1,0,0,48.63
106,2026-10-19,146,29.5,4.4,2707.0,31.77,37.22,51.8,44.32,7,1,0,0,48.63
106,2026-10-26,147,29.5,4.4,2707.0,31.22,34.31,30.9,44.22,14,1,0,0,48.63
106,2026-11-02,148,29.5,4.4,2707.0,30.84,31.35,27.8,41.8,21,1,0,0,48.63
106,2026-11-09,149,29.5,4.4,2707.0,32.08,31.48,12.6,30.78,28,1,0,0,47.04
106,2026-11-16,150,29.5,4.4,2707.0,31.69,31.46,17.9,22.3,35,1,0,0,47.04
106,2026-11-23,151,29.5,4.4,2707.0,32.36,31.74,29.2,21.88,42,1,0,0,48.63
106,2026-11-30,152,29.5,4.4,2707.0,31.68,31.95,15.4,18.77,49,1,0,0,47.04
106,2026-12-07,153,29.5,4.4,2707.0,33.0,32.18,31.3,23.45,56,1,0,0,48.63
106,2026-12-14,154,29.5,4.4,2707.0,33.17,32.55,29.3,26.3,63,1,0,0,48.63
107,2026-05-18,124,40.4,17.7,5426.0,59.61,58.19,58.7,58.65,98,0,0,0,50.69
107,2026-05-25,125,40.4,17.7,5426.0,61.08,59.4,76.0,63.32,105,0,0,0,50.69
107,2026-06-01,126,40.4,17.7,5426.0,62.49,60.75,67.0,67.8,112,0,0,0,50.69
107,2026-06-08,127,40.4,17.7,5426.0,63.59,61.69,74.8,69.12,119,0,0,0,50.69
107,2026-06-15,128,40.4,17.7,5426.0,63.37,62.63,87.4,76.3,126,0,0,0,51.08
107,2026-06-22,129,40.4,17.7,5426.0,64.78,63.56,78.0,76.8,133,0,0,0,51.65
107,2026-06-29,130,40.4,17.7,5426.0,64.3,64.01,77.0,79.3,0,0,0,0,50.69
107,2026-07-06,131,40.4,17.7,5426.0,65.29,64.44,79.3,80.42,7,0,0,0,50.69
107,2026-07-13,132,40.4,17.7,5426.0,65.61,65.0,63.4,74.42,14,0,0,0,50.69
107,2026-07-20,133,40.4,17.7,5426.0,67.53,65.68,79.7,74.85,21,0,0,1,50.69
107,2026-07-27,134,40.4,17.7,5426.0,66.75,66.3,65.1,71.88,28,0,0,0,50.69
107,2026-08-03,135,40.4,17.7,5426.0,55.57,63.86,63.6,67.95,0,1,0,0,50.69
107,2026-08-10,136,40.4,17.7,5426.0,56.45,61.58,64.7,68.28,7,1,0,0,50.69
107,2026-08-17,137,40.4,17.7,5426.0,55.67,58.61,58.2,62.9,14,1,0,0,50.69
107,2026-08-24,138,40.4,17.7,5426.0,57.06,56.19,51.1,59.4,21,1,0,0,50.69
107,2026-08-31,139,40.4,17.7,5426.0,56.71,56.47,56.1,57.53,28,1,0,0,50.69
107,2026-09-07,140,40.4,17.7,5426.0,59.48,57.23,50.8,54.05,35,1,0,0,50.69
107,2026-09-14,141,40.4,17.7,5426.0,59.56,58.2,47.3,51.32,42,1,0,0,50.69
107,2026-09-21,142,40.4,17.7,5426.0,61.63,59.34,45.7,49.97,49,1,0,0,50.69
107,2026-09-28,143,40.4,17.7,5426.0,63.0,60.92,31.3,43.78,56,1,0,0,50.69
107,2026-10-05,144,40.4,17.7,5426.0,64.29,62.12,37.5,40.45,63,1,0,0,50.69
107,2026-10-12,145,40.4,17.7,5426.0,65.9,63.71,56.7,42.8,70,1,0,1,50.69
107,2026-10-19,146,40.4,17.7,5426.0,66.33,64.88,51.8,44.32,77,1,0,0,50.69
107,2026-10-26,147,40.4,17.7,5426.0,56.35,63.22,30.9,44.22,0,2,0,0,50.69
107,2026-11-02,148,40.4,17.7,5426.0,56.23,61.2,27.8,41.8,7,1,0,0,50.69
107,2026-11-09,149,40.4,17.7,5426.0,55.84,58.69,12.6,30.78,14,1,0,0,50.69
107,2026-11-16,150,40.4,17.7,5426.0,56.8,56.31,17.9,22.3,21,1,0,0,50.69
107,2026-11-23,151,40.4,17.7,5426.0,56.74,56.4,29.2,21.88,28,1,0,0,50.69
107,2026-11-30,152,40.4,17.7,5426.0,57.36,56.68,15.4,18.77,35,1,0,0,50.69
107,2026-12-07,153,40.4,17.7,5426.0,58.46,57.34,31.3,23.45,42,1,0,0,50.69
107,2026-12-14,154,40.4,17.7,5426.0,58.97,57.88,29.3,26.3,49,1,0,0,50.69
