ward_id,month,month_index,area_km2,failure_count_this_month,failure_occurred_this_month,cumulative_failures_to_date,months_since_last_failure,is_known_chokepoint,calendar_month,is_dry_season,nrw_pct,wss_bdrr,pop_density,failure_within_3mo,risk_score
TSH_1,2024-12,64,15.09431174085445,0,0,0,999,0,12,0,33.0,31.9,1679.440602209598,0,1.09
TSH_1,2025-01,65,15.09431174085445,0,0,0,999,0,1,0,33.0,31.9,1679.440602209598,0,0.96
TSH_1,2025-02,66,15.09431174085445,0,0,0,999,0,2,0,33.0,31.9,1679.440602209598,0,1.04
TSH_1,2025-03,67,15.09431174085445,0,0,0,999,0,3,0,33.0,31.9,1679.440602209598,0,1.49
TSH_1,2025-04,68,15.09431174085445,0,0,0,999,0,4,0,33.0,31.9,1679.440602209598,0,2.43
TSH_1,2025-05,69,15.09431174085445,0,0,0,999,0,5,1,33.0,31.9,1679.440602209598,0,2.36
TSH_1,2025-06,70,15.09431174085445,0,0,0,999,0,6,1,33.0,31.9,1679.440602209598,0,2.47
TSH_1,2025-07,71,15.09431174085445,0,0,0,999,0,7,1,33.0,31.9,1679.440602209598,0,2.35
TSH_1,2025-08,72,15.09431174085445,0,0,0,999,0,8,1,33.0,31.9,1679.440602209598,0,1.99
TSH_1,2025-09,73,15.09431174085445,0,0,0,999,0,9,1,33.0,31.9,1679.440602209598,0,1.68
TSH_1,2025-10,74,15.09431174085445,0,0,0,999,0,10,0,33.0,31.9,1679.440602209598,0,1.97
TSH_1,2025-11,75,15.09431174085445,0,0,0,999,0,11,0,33.0,31.9,1679.440602209598,0,1.38
TSH_1,2025-12,76,15.09431174085445,0,0,0,999,0,12,0,33.0,31.9,1679.440602209598,0,1.09
TSH_1,2026-01,77,15.09431174085445,0,0,0,999,0,1,0,33.0,31.9,1679.440602209598,0,0.96
TSH_1,2026-02,78,15.09431174085445,0,0,0,999,0,2,0,33.0,31.9,1679.440602209598,0,1.04
TSH_1,2026-03,79,15.09431174085445,0,0,0,999,0,3,0,33.0,31.9,1679.440602209598,0,1.49
TSH_10,2024-12,64,6.307856807989962,0,0,0,999,0,12,0,33.0,38.1,6336.224999491714,0,2.46
TSH_10,2025-01,65,6.307856807989962,0,0,0,999,0,1,0,33.0,38.1,6336.224999491714,0,1.27
TSH_10,2025-02,66,6.307856807989962,0,0,0,999,0,2,0,33.0,38.1,6336.224999491714,0,1.29
TSH_10,2025-03,67,6.307856807989962,0,0,0,999,0,3,0,33.0,38.1,6336.224999491714,0,1.87
TSH_10,2025-04,68,6.307856807989962,0,0,0,999,0,4,0,33.0,38.1,6336.224999491714,0,3.51
TSH_10,2025-05,69,6.307856807989962,0,0,0,999,0,5,1,33.0,38.1,6336.224999491714,0,4.58
TSH_10,2025-06,70,6.307856807989962,0,0,0,999,0,6,1,33.0,38.1,6336.224999491714,0,4.8
TSH_10,2025-07,71,6.307856807989962,0,0,0,999,0,7,1,33.0,38.1,6336.224999491714,0,4.23
TSH_10,2025-08,72,6.307856807989962,0,0,0,999,0,8,1,33.0,38.1,6336.224999491714,0,4.58
TSH_10,2025-09,73,6.307856807989962,0,0,0,999,0,9,1,33.0,38.1,6336.224999491714,0,4.14
TSH_10,2025-10,74,6.307856807989962,0,0,0,999,0,10,0,33.0,38.1,6336.224999491714,0,4.04
TSH_10,2025-11,75,6.307856807989962,0,0,0,999,0,11,0,33.0,38.1,6336.224999491714,0,3.3
TSH_10,2025-12,76,6.307856807989962,0,0,0,999,0,12,0,33.0,38.1,6336.224999491714,0,2.46
TSH_10,2026-01,77,6.307856807989962,0,0,0,999,0,1,0,33.0,38.1,6336.224999491714,0,1.27
TSH_10,2026-02,78,6.307856807989962,0,0,0,999,0,2,0,33.0,38.1,6336.224999491714,0,1.29
TSH_10,2026-03,79,6.307856807989962,0,0,0,999,0,3,0,33.0,38.1,6336.224999491714,0,1.87
TSH_100,2024-12,64,431.6082917954603,0,0,0,999,0,12,0,33.0,53.6,75.58010497040945,0,8.36
TSH_100,2025-01,65,431.6082917954603,0,0,0,999,0,1,0,33.0,53.6,75.58010497040945,0,19.73
TSH_100,2025-02,66,431.6082917954603,0,0,0,999,0,2,0,33.0,53.6,75.58010497040945,0,21.43
TSH_100,2025-03,67,431.6082917954603,0,0,0,999,0,3,0,33.0,53.6,75.58010497040945,0,25.62
TSH_100,2025-04,68,431.6082917954603,0,0,0,999,0,4,0,33.0,53.6,75.58010497040945,0,31.48
TSH_100,2025-05,69,431.6082917954603,0,0,0,999,0,5,1,33.0,53.6,75.58010497040945,0,32.06
TSH_100,2025-06,70,431.6082917954603,0,0,0,999,0,6,1,33.0,53.6,75.58010497040945,0,31.08
TSH_100,2025-07,71,431.6082917954603,0,0,0,999,0,7,1,33.0,53.6,75.58010497040945,0,30.27
TSH_100,2025-08,72,431.6082917954603,0,0,0,999,0,8,1,33.0,53.6,75.58010497040945,0,21.6
TSH_100,2025-09,73,431.6082917954603,0,0,0,999,0,9,1,33.0,53.6,75.58010497040945,0,13.16
TSH_100,2025-10,74,431.6082917954603,0,0,0,999,0,10,0,33.0,53.6,75.58010497040945,0,12.5
TSH_100,2025-11,75,431.6082917954603,0,0,0,999,0,11,0,33.0,53.6,75.58010497040945,0,9.68
TSH_100,2025-12,76,431.6082917954603,0,0,0,999,0,12,0,33.0,53.6,75.58010497040945,0,8.36
TSH_100,2026-01,77,431.6082917954603,0,0,0,999,0,1,0,33.0,53.6,75.58010497040945,0,19.73
TSH_100,2026-02,78,431.6082917954603,0,0,0,999,0,2,0,33.0,53.6,75.58010497040945,0,21.43
TSH_100,2026-03,79,431.6082917954603,0,0,0,999,0,3,0,33.0,53.6,75.58010497040945,0,25.62
TSH_101,2024-12,64,117.59438714787365,0,0,0,999,0,12,0,33.0,31.9,258.2521218620011,0,1.72
TSH_101,2025-01,65,117.59438714787365,0,0,0,999,0,1,0,33.0,31.9,258.2521218620011,0,2.62
TSH_101,2025-02,66,117.59438714787365,0,0,0,999,0,2,0,33.0,31.9,258.2521218620011,0,2.84
TSH_101,2025-03,67,117.59438714787365,0,0,0,999,0,3,0,33.0,31.9,258.2521218620011,0,4.14
TSH_101,2025-04,68,117.59438714787365,0,0,0,999,0,4,0,33.0,31.9,258.2521218620011,0,6.89
TSH_101,2025-05,69,117.59438714787365,0,0,0,999,0,5,1,33.0,31.9,258.2521218620011,0,7.83
TSH_101,2025-06,70,117.59438714787365,0,0,0,999,0,6,1,33.0,31.9,258.2521218620011,0,7.69
TSH_101,2025-07,71,117.59438714787365,0,0,0,999,0,7,1,33.0,31.9,258.2521218620011,0,7.12
TSH_101,2025-08,72,117.59438714787365,0,0,0,999,0,8,1,33.0,31.9,258.2521218620011,0,4.93
TSH_101,2025-09,73,117.59438714787365,0,0,0,999,0,9,1,33.0,31.9,258.2521218620011,0,3.3
TSH_101,2025-10,74,117.59438714787365,0,0,0,999,0,10,0,33.0,31.9,258.2521218620011,0,2.97
TSH_101,2025-11,75,117.59438714787365,0,0,0,999,0,11,0,33.0,31.9,258.2521218620011,0,2.12
TSH_101,2025-12,76,117.59438714787365,0,0,0,999,0,12,0,33.0,31.9,258.2521218620011,0,1.72
TSH_101,2026-01,77,117.59438714787365,0,0,0,999,0,1,0,33.0,31.9,258.2521218620011,0,2.62
TSH_101,2026-02,78,117.59438714787365,0,0,0,999,0,2,0,33.0,31.9,258.2521218620011,0,2.84
TSH_101,2026-03,79,117.59438714787365,0,0,0,999,0,3,0,33.0,31.9,258.2521218620011,0,4.14
TSH_102,2024-12,64,725.9571368711077,0,0,1,6,0,12,0,33.0,74.0,43.67888734680196,0,61.36
TSH_102,2025-01,65,725.9571368711077,0,0,1,7,0,1,0,33.0,74.0,43.67888734680196,0,66.58
TSH_102,2025-02,66,725.9571368711077,0,0,1,8,0,2,0,33.0,74.0,43.67888734680196,0,42.93
TSH_102,2025-03,67,725.9571368711077,0,0,1,9,0,3,0,33.0,74.0,43.67888734680196,0,47.28
TSH_102,2025-04,68,725.9571368711077,0,0,1,10,0,4,0,33.0,74.0,43.67888734680196,0,50.5
TSH_102,2025-05,69,725.9571368711077,0,0,1,11,0,5,1,33.0,74.0,43.67888734680196,0,46.15
TSH_102,2025-06,70,725.9571368711077,0,0,1,12,0,6,1,33.0,74.0,43.67888734680196,0,45.86
TSH_102,2025-07,71,725.9571368711077,0,0,1,13,0,7,1,33.0,74.0,43.67888734680196,0,44.91
TSH_102,2025-08,72,725.9571368711077,0,0,1,14,0,8,1,33.0,74.0,43.67888734680196,0,37.9
TSH_102,2025-09,73,725.9571368711077,0,0,1,15,0,9,1,33.0,74.0,43.67888734680196,0,26.65
TSH_102,2025-10,74,725.9571368711077,0,0,1,16,0,10,0,33.0,74.0,43.67888734680196,0,28.91
TSH_102,2025-11,75,725.9571368711077,0,0,1,17,0,11,0,33.0,74.0,43.67888734680196,0,26.39
TSH_102,2025-12,76,725.9571368711077,0,0,1,18,0,12,0,33.0,74.0,43.67888734680196,0,25.52
TSH_102,2026-01,77,725.9571368711077,0,0,1,19,0,1,0,33.0,74.0,43.67888734680196,0,41.42
TSH_102,2026-02,78,725.9571368711077,0,0,1,20,0,2,0,33.0,74.0,43.67888734680196,0,42.93
TSH_102,2026-03,79,725.9571368711077,0,0,1,21,0,3,0,33.0,74.0,43.67888734680196,0,47.28
TSH_103,2024-12,64,55.85310420905319,0,0,0,999,0,12,0,33.0,74.0,462.7137625738439,0,1.78
TSH_103,2025-01,65,55.85310420905319,0,0,0,999,0,1,0,33.0,74.0,462.7137625738439,0,2.4
TSH_103,2025-02,66,55.85310420905319,0,0,0,999,0,2,0,33.0,74.0,462.7137625738439,0,2.53
TSH_103,2025-03,67,55.85310420905319,0,0,0,999,0,3,0,33.0,74.0,462.7137625738439,0,3.05
TSH_103,2025-04,68,55.85310420905319,0,0,0,999,0,4,0,33.0,74.0,462.7137625738439,0,3.5
TSH_103,2025-05,69,55.85310420905319,0,0,0,999,0,5,1,33.0,74.0,462.7137625738439,0,3.46
TSH_103,2025-06,70,55.85310420905319,0,0,0,999,0,6,1,33.0,74.0,462.7137625738439,0,3.46
TSH_103,2025-07,71,55.85310420905319,0,0,0,999,0,7,1,33.0,74.0,462.7137625738439,0,3.24
TSH_103,2025-08,72,55.85310420905319,0,0,0,999,0,8,1,33.0,74.0,462.7137625738439,0,2.63
TSH_103,2025-09,73,55.85310420905319,0,0,0,999,0,9,1,33.0,74.0,462.7137625738439,0,2.06
TSH_103,2025-10,74,55.85310420905319,0,0,0,999,0,10,0,33.0,74.0,462.7137625738439,0,2.18
TSH_103,2025-11,75,55.85310420905319,0,0,0,999,0,11,0,33.0,74.0,462.7137625738439,0,1.86
TSH_103,2025-12,76,55.85310420905319,0,0,0,999,0,12,0,33.0,74.0,462.7137625738439,0,1.78
TSH_103,2026-01,77,55.85310420905319,0,0,0,999,0,1,0,33.0,74.0,462.7137625738439,0,2.4
TSH_103,2026-02,78,55.85310420905319,0,0,0,999,0,2,0,33.0,74.0,462.7137625738439,0,2.53
TSH_103,2026-03,79,55.85310420905319,0,0,0,999,0,3,0,33.0,74.0,462.7137625738439,0,3.05
TSH_104,2024-12,64,23.08757739126233,0,0,0,999,0,12,0,33.0,74.0,1130.2615063404553,0,4.07
TSH_104,2025-01,65,23.08757739126233,0,0,0,999,0,1,0,33.0,74.0,1130.2615063404553,0,4.53
TSH_104,2025-02,66,23.08757739126233,0,0,0,999,0,2,0,33.0,74.0,1130.2615063404553,0,4.96
TSH_104,2025-03,67,23.08757739126233,0,0,0,999,0,3,0,33.0,74.0,1130.2615063404553,0,5.82
TSH_104,2025-04,68,23.08757739126233,0,0,0,999,0,4,0,33.0,74.0,1130.2615063404553,0,6.66
TSH_104,2025-05,69,23.08757739126233,0,0,0,999,0,5,1,33.0,74.0,1130.2615063404553,0,5.91
TSH_104,2025-06,70,23.08757739126233,0,0,0,999,0,6,1,33.0,74.0,1130.2615063404553,0,6.28
TSH_104,2025-07,71,23.08757739126233,0,0,0,999,0,7,1,33.0,74.0,1130.2615063404553,0,6.08
TSH_104,2025-08,72,23.08757739126233,0,0,0,999,0,8,1,33.0,74.0,1130.2615063404553,0,5.01
TSH_104,2025-09,73,23.08757739126233,0,0,0,999,0,9,1,33.0,74.0,1130.2615063404553,0,4.28
TSH_104,2025-10,74,23.08757739126233,0,0,0,999,0,10,0,33.0,74.0,1130.2615063404553,0,4.98
TSH_104,2025-11,75,23.08757739126233,0,0,0,999,0,11,0,33.0,74.0,1130.2615063404553,0,4.37
TSH_104,2025-12,76,23.08757739126233,0,0,0,999,0,12,0,33.0,74.0,1130.2615063404553,0,4.07
TSH_104,2026-01,77,23.08757739126233,0,0,0,999,0,1,0,33.0,74.0,1130.2615063404553,0,4.53
TSH_104,2026-02,78,23.08757739126233,0,0,0,999,0,2,0,33.0,74.0,1130.2615063404553,0,4.96
TSH_104,2026-03,79,23.08757739126233,0,0,0,999,0,3,0,33.0,74.0,1130.2615063404553,0,5.82
TSH_105,2024-12,64,1133.330965468115,0,0,3,22,0,12,0,33.0,74.0,23.04622462090032,0,73.98
TSH_105,2025-01,65,1133.330965468115,0,0,3,23,0,1,0,33.0,74.0,23.04622462090032,0,80.42
TSH_105,2025-02,66,1133.330965468115,0,0,3,24,0,2,0,33.0,74.0,23.04622462090032,0,81.37
TSH_105,2025-03,67,1133.330965468115,0,0,3,25,0,3,0,33.0,74.0,23.04622462090032,0,83.89
TSH_105,2025-04,68,1133.330965468115,0,0,3,26,0,4,0,33.0,74.0,23.04622462090032,0,85.56
TSH_105,2025-05,69,1133.330965468115,0,0,3,27,0,5,1,33.0,74.0,23.04622462090032,0,89.38
TSH_105,2025-06,70,1133.330965468115,0,0,3,28,0,6,1,33.0,74.0,23.04622462090032,0,91.41
TSH_105,2025-07,71,1133.330965468115,0,0,3,29,0,7,1,33.0,74.0,23.04622462090032,0,91.1
TSH_105,2025-08,72,1133.330965468115,0,0,3,30,0,8,1,33.0,74.0,23.04622462090032,0,89.22
TSH_105,2025-09,73,1133.330965468115,0,0,3,31,0,9,1,33.0,74.0,23.04622462090032,0,83.13
TSH_105,2025-10,74,1133.330965468115,0,0,3,32,0,10,0,33.0,74.0,23.04622462090032,0,84.04
TSH_105,2025-11,75,1133.330965468115,0,0,3,33,0,11,0,33.0,74.0,23.04622462090032,0,85.48
TSH_105,2025-12,76,1133.330965468115,0,0,3,34,0,12,0,33.0,74.0,23.04622462090032,0,84.14
TSH_105,2026-01,77,1133.330965468115,0,0,3,35,0,1,0,33.0,74.0,23.04622462090032,0,81.5
TSH_105,2026-02,78,1133.330965468115,0,0,3,36,0,2,0,33.0,74.0,23.04622462090032,0,82.41
TSH_105,2026-03,79,1133.330965468115,0,0,3,37,0,3,0,33.0,74.0,23.04622462090032,0,85.29
TSH_106,2024-12,64,19.36999901015545,0,0,0,999,0,12,0,33.0,34.6,1436.4481890480336,0,2.91
TSH_106,2025-01,65,19.36999901015545,0,0,0,999,0,1,0,33.0,34.6,1436.4481890480336,0,3.06
TSH_106,2025-02,66,19.36999901015545,0,0,0,999,0,2,0,33.0,34.6,1436.4481890480336,0,3.43
TSH_106,2025-03,67,19.36999901015545,0,0,0,999,0,3,0,33.0,34.6,1436.4481890480336,0,4.89
TSH_106,2025-04,68,19.36999901015545,0,0,0,999,0,4,0,33.0,34.6,1436.4481890480336,0,7.07
TSH_106,2025-05,69,19.36999901015545,0,0,0,999,0,5,1,33.0,34.6,1436.4481890480336,0,6.79
TSH_106,2025-06,70,19.36999901015545,0,0,0,999,0,6,1,33.0,34.6,1436.4481890480336,0,7.21
TSH_106,2025-07,71,19.36999901015545,0,0,0,999,0,7,1,33.0,34.6,1436.4481890480336,0,6.99
TSH_106,2025-08,72,19.36999901015545,0,0,0,999,0,8,1,33.0,34.6,1436.4481890480336,0,5.59
TSH_106,2025-09,73,19.36999901015545,0,0,0,999,0,9,1,33.0,34.6,1436.4481890480336,0,4.55
TSH_106,2025-10,74,19.36999901015545,0,0,0,999,0,10,0,33.0,34.6,1436.4481890480336,0,5.02
TSH_106,2025-11,75,19.36999901015545,0,0,0,999,0,11,0,33.0,34.6,1436.4481890480336,0,3.64
TSH_106,2025-12,76,19.36999901015545,0,0,0,999,0,12,0,33.0,34.6,1436.4481890480336,0,2.91
TSH_106,2026-01,77,19.36999901015545,0,0,0,999,0,1,0,33.0,34.6,1436.4481890480336,0,3.06
TSH_106,2026-02,78,19.36999901015545,0,0,0,999,0,2,0,33.0,34.6,1436.4481890480336,0,3.43
TSH_106,2026-03,79,19.36999901015545,0,0,0,999,0,3,0,33.0,34.6,1436.4481890480336,0,4.89
TSH_107,2024-12,64,6.541905707860187,0,0,0,999,0,12,0,33.0,34.6,4253.194901077387,0,3.96
TSH_107,2025-01,65,6.541905707860187,0,0,0,999,0,1,0,33.0,34.6,4253.194901077387,0,1.91
TSH_107,2025-02,66,6.541905707860187,0,0,0,999,0,2,0,33.0,34.6,4253.194901077387,0,1.98
TSH_107,2025-03,67,6.541905707860187,0,0,0,999,0,3,0,33.0,34.6,4253.194901077387,0,2.86
TSH_107,2025-04,68,6.541905707860187,0,0,0,999,0,4,0,33.0,34.6,4253.194901077387,0,6.1
TSH_107,2025-05,69,6.541905707860187,0,0,0,999,0,5,1,33.0,34.6,4253.194901077387,0,8.48
TSH_107,2025-06,70,6.541905707860187,0,0,0,999,0,6,1,33.0,34.6,4253.194901077387,0,8.81
TSH_107,2025-07,71,6.541905707860187,0,0,0,999,0,7,1,33.0,34.6,4253.194901077387,0,7.8
TSH_107,2025-08,72,6.541905707860187,0,0,0,999,0,8,1,33.0,34.6,4253.194901077387,0,7.71
TSH_107,2025-09,73,6.541905707860187,0,0,0,999,0,9,1,33.0,34.6,4253.194901077387,0,6.78
TSH_107,2025-10,74,6.541905707860187,0,0,0,999,0,10,0,33.0,34.6,4253.194901077387,0,6.56
TSH_107,2025-11,75,6.541905707860187,0,0,0,999,0,11,0,33.0,34.6,4253.194901077387,0,5.39
TSH_107,2025-12,76,6.541905707860187,0,0,0,999,0,12,0,33.0,34.6,4253.194901077387,0,3.96
TSH_107,2026-01,77,6.541905707860187,0,0,0,999,0,1,0,33.0,34.6,4253.194901077387,0,1.91
TSH_107,2026-02,78,6.541905707860187,0,0,0,999,0,2,0,33.0,34.6,4253.194901077387,0,1.98
TSH_107,2026-03,79,6.541905707860187,0,0,0,999,0,3,0,33.0,34.6,4253.194901077387,0,2.86
TSH_11,2024-12,64,4.413062872700406,0,0,0,999,0,12,0,33.0,73.3,5492.557142102955,0,1.33
TSH_11,2025-01,65,4.413062872700406,0,0,0,999,0,1,0,33.0,73.3,5492.557142102955,0,0.9
TSH_11,2025-02,66,4.413062872700406,0,0,0,999,0,2,0,33.0,73.3,5492.557142102955,0,0.91
TSH_11,2025-03,67,4.413062872700406,0,0,0,999,0,3,0,33.0,73.3,5492.557142102955,0,1.06
TSH_11,2025-04,68,4.413062872700406,0,0,0,999,0,4,0,33.0,73.3,5492.557142102955,0,1.75
TSH_11,2025-05,69,4.413062872700406,0,0,0,999,0,5,1,33.0,73.3,5492.557142102955,0,1.89
TSH_11,2025-06,70,4.413062872700406,0,0,0,999,0,6,1,33.0,73.3,5492.557142102955,0,1.97
TSH_11,2025-07,71,4.413062872700406,0,0,0,999,0,7,1,33.0,73.3,5492.557142102955,0,1.73
TSH_11,2025-08,72,4.413062872700406,0,0,0,999,0,8,1,33.0,73.3,5492.557142102955,0,1.71
TSH_11,2025-09,73,4.413062872700406,0,0,0,999,0,9,1,33.0,73.3,5492.557142102955,0,1.57
TSH_11,2025-10,74,4.413062872700406,0,0,0,999,0,10,0,33.0,73.3,5492.557142102955,0,1.71
TSH_11,2025-11,75,4.413062872700406,0,0,0,999,0,11,0,33.0,73.3,5492.557142102955,0,1.63
TSH_11,2025-12,76,4.413062872700406,0,0,0,999,0,12,0,33.0,73.3,5492.557142102955,0,1.33
TSH_11,2026-01,77,4.413062872700406,0,0,0,999,0,1,0,33.0,73.3,5492.557142102955,0,0.9
TSH_11,2026-02,78,4.413062872700406,0,0,0,999,0,2,0,33.0,73.3,5492.557142102955,0,0.91
TSH_11,2026-03,79,4.413062872700406,0,0,0,999,0,3,0,33.0,73.3,5492.557142102955,0,1.06
TSH_12,2024-12,64,4.701788323380109,0,0,0,999,0,12,0,33.0,73.3,4625.474075865115,0,1.33
TSH_12,2025-01,65,4.701788323380109,0,0,0,999,0,1,0,33.0,73.3,4625.474075865115,0,0.9
TSH_12,2025-02,66,4.701788323380109,0,0,0,999,0,2,0,33.0,73.3,4625.474075865115,0,0.91
TSH_12,2025-03,67,4.701788323380109,0,0,0,999,0,3,0,33.0,73.3,4625.474075865115,0,1.06
TSH_12,2025-04,68,4.701788323380109,0,0,0,999,0,4,0,33.0,73.3,4625.474075865115,0,1.75
TSH_12,2025-05,69,4.701788323380109,0,0,0,999,0,5,1,33.0,73.3,4625.474075865115,0,1.89
TSH_12,2025-06,70,4.701788323380109,0,0,0,999,0,6,1,33.0,73.3,4625.474075865115,0,1.97
TSH_12,2025-07,71,4.701788323380109,0,0,0,999,0,7,1,33.0,73.3,4625.474075865115,0,1.73
TSH_12,2025-08,72,4.701788323380109,0,0,0,999,0,8,1,33.0,73.3,4625.474075865115,0,1.71
TSH_12,2025-09,73,4.701788323380109,0,0,0,999,0,9,1,33.0,73.3,4625.474075865115,0,1.57
TSH_12,2025-10,74,4.701788323380109,0,0,0,999,0,10,0,33.0,73.3,4625.474075865115,0,1.71
TSH_12,2025-11,75,4.701788323380109,0,0,0,999,0,11,0,33.0,73.3,4625.474075865115,0,1.63
TSH_12,2025-12,76,4.701788323380109,0,0,0,999,0,12,0,33.0,73.3,4625.474075865115,0,1.33
TSH_12,2026-01,77,4.701788323380109,0,0,0,999,0,1,0,33.0,73.3,4625.474075865115,0,0.9
TSH_12,2026-02,78,4.701788323380109,0,0,0,999,0,2,0,33.0,73.3,4625.474075865115,0,0.91
TSH_12,2026-03,79,4.701788323380109,0,0,0,999,0,3,0,33.0,73.3,4625.474075865115,0,1.06
TSH_13,2024-12,64,59.41503216069746,0,0,0,999,0,12,0,33.0,39.5,456.9045746971338,0,3.35
TSH_13,2025-01,65,59.41503216069746,0,0,0,999,0,1,0,33.0,39.5,456.9045746971338,0,6.69
TSH_13,2025-02,66,59.41503216069746,0,0,0,999,0,2,0,33.0,39.5,456.9045746971338,0,7.05
TSH_13,2025-03,67,59.41503216069746,0,0,0,999,0,3,0,33.0,39.5,456.9045746971338,0,8.57
TSH_13,2025-04,68,59.41503216069746,0,0,0,999,0,4,0,33.0,39.5,456.9045746971338,0,11.43
TSH_13,2025-05,69,59.41503216069746,0,0,0,999,0,5,1,33.0,39.5,456.9045746971338,0,11.6
TSH_13,2025-06,70,59.41503216069746,0,0,0,999,0,6,1,33.0,39.5,456.9045746971338,0,11.26
TSH_13,2025-07,71,59.41503216069746,0,0,0,999,0,7,1,33.0,39.5,456.9045746971338,0,10.6
TSH_13,2025-08,72,59.41503216069746,0,0,0,999,0,8,1,33.0,39.5,456.9045746971338,0,7.42
TSH_13,2025-09,73,59.41503216069746,0,0,0,999,0,9,1,33.0,39.5,456.9045746971338,0,5.03
TSH_13,2025-10,74,59.41503216069746,0,0,0,999,0,10,0,33.0,39.5,456.9045746971338,0,5.15
TSH_13,2025-11,75,59.41503216069746,0,0,0,999,0,11,0,33.0,39.5,456.9045746971338,0,3.92
TSH_13,2025-12,76,59.41503216069746,0,0,0,999,0,12,0,33.0,39.5,456.9045746971338,0,3.35
TSH_13,2026-01,77,59.41503216069746,0,0,0,999,0,1,0,33.0,39.5,456.9045746971338,0,6.69
TSH_13,2026-02,78,59.41503216069746,0,0,0,999,0,2,0,33.0,39.5,456.9045746971338,0,7.05
TSH_13,2026-03,79,59.41503216069746,0,0,0,999,0,3,0,33.0,39.5,456.9045746971338,0,8.57
TSH_14,2024-12,64,8.224916922627743,0,0,0,999,0,12,0,33.0,39.5,3287.084873236918,0,1.57
TSH_14,2025-01,65,8.224916922627743,0,0,0,999,0,1,0,33.0,39.5,3287.084873236918,0,1.42
TSH_14,2025-02,66,8.224916922627743,0,0,0,999,0,2,0,33.0,39.5,3287.084873236918,0,1.51
TSH_14,2025-03,67,8.224916922627743,0,0,0,999,0,3,0,33.0,39.5,3287.084873236918,0,1.75
TSH_14,2025-04,68,8.224916922627743,0,0,0,999,0,4,0,33.0,39.5,3287.084873236918,0,3.26
TSH_14,2025-05,69,8.224916922627743,0,0,0,999,0,5,1,33.0,39.5,3287.084873236918,0,3.81
TSH_14,2025-06,70,8.224916922627743,0,0,0,999,0,6,1,33.0,39.5,3287.084873236918,0,3.69
TSH_14,2025-07,71,8.224916922627743,0,0,0,999,0,7,1,33.0,39.5,3287.084873236918,0,3.18
TSH_14,2025-08,72,8.224916922627743,0,0,0,999,0,8,1,33.0,39.5,3287.084873236918,0,2.88
TSH_14,2025-09,73,8.224916922627743,0,0,0,999,0,9,1,33.0,39.5,3287.084873236918,0,2.57
TSH_14,2025-10,74,8.224916922627743,0,0,0,999,0,10,0,33.0,39.5,3287.084873236918,0,2.73
TSH_14,2025-11,75,8.224916922627743,0,0,0,999,0,11,0,33.0,39.5,3287.084873236918,0,2.07
TSH_14,2025-12,76,8.224916922627743,0,0,0,999,0,12,0,33.0,39.5,3287.084873236918,0,1.57
TSH_14,2026-01,77,8.224916922627743,0,0,0,999,0,1,0,33.0,39.5,3287.084873236918,0,1.42
TSH_14,2026-02,78,8.224916922627743,0,0,0,999,0,2,0,33.0,39.5,3287.084873236918,0,1.51
TSH_14,2026-03,79,8.224916922627743,0,0,0,999,0,3,0,33.0,39.5,3287.084873236918,0,1.75
TSH_15,2024-12,64,19.817856394087546,0,0,0,999,0,12,0,33.0,38.1,984.5161662298104,0,3.39
TSH_15,2025-01,65,19.817856394087546,0,0,0,999,0,1,0,33.0,38.1,984.5161662298104,0,3.88
TSH_15,2025-02,66,19.817856394087546,0,0,0,999,0,2,0,33.0,38.1,984.5161662298104,0,4.44
TSH_15,2025-03,67,19.817856394087546,0,0,0,999,0,3,0,33.0,38.1,984.5161662298104,0,6.3
TSH_15,2025-04,68,19.817856394087546,0,0,0,999,0,4,0,33.0,38.1,984.5161662298104,0,8.29
TSH_15,2025-05,69,19.817856394087546,0,0,0,999,0,5,1,33.0,38.1,984.5161662298104,0,7.58
TSH_15,2025-06,70,19.817856394087546,0,0,0,999,0,6,1,33.0,38.1,984.5161662298104,0,7.8
TSH_15,2025-07,71,19.817856394087546,0,0,0,999,0,7,1,33.0,38.1,984.5161662298104,0,7.56
TSH_15,2025-08,72,19.817856394087546,0,0,0,999,0,8,1,33.0,38.1,984.5161662298104,0,6.05
TSH_15,2025-09,73,19.817856394087546,0,0,0,999,0,9,1,33.0,38.1,984.5161662298104,0,5.09
TSH_15,2025-10,74,19.817856394087546,0,0,0,999,0,10,0,33.0,38.1,984.5161662298104,0,5.72
TSH_15,2025-11,75,19.817856394087546,0,0,0,999,0,11,0,33.0,38.1,984.5161662298104,0,4.16
TSH_15,2025-12,76,19.817856394087546,0,0,0,999,0,12,0,33.0,38.1,984.5161662298104,0,3.39
TSH_15,2026-01,77,19.817856394087546,0,0,0,999,0,1,0,33.0,38.1,984.5161662298104,0,3.88
TSH_15,2026-02,78,19.817856394087546,0,0,0,999,0,2,0,33.0,38.1,984.5161662298104,0,4.44
TSH_15,2026-03,79,19.817856394087546,0,0,0,999,0,3,0,33.0,38.1,984.5161662298104,0,6.3
TSH_16,2024-12,64,3.269751194346405,0,0,0,999,0,12,0,33.0,38.1,6447.891214614056,0,1.63
TSH_16,2025-01,65,3.269751194346405,0,0,0,999,0,1,0,33.0,38.1,6447.891214614056,0,0.75
TSH_16,2025-02,66,3.269751194346405,0,0,0,999,0,2,0,33.0,38.1,6447.891214614056,0,0.77
TSH_16,2025-03,67,3.269751194346405,0,0,0,999,0,3,0,33.0,38.1,6447.891214614056,0,1.06
TSH_16,2025-04,68,3.269751194346405,0,0,0,999,0,4,0,33.0,38.1,6447.891214614056,0,1.73
TSH_16,2025-05,69,3.269751194346405,0,0,0,999,0,5,1,33.0,38.1,6447.891214614056,0,2.26
TSH_16,2025-06,70,3.269751194346405,0,0,0,999,0,6,1,33.0,38.1,6447.891214614056,0,2.46
TSH_16,2025-07,71,3.269751194346405,0,0,0,999,0,7,1,33.0,38.1,6447.891214614056,0,2.4
TSH_16,2025-08,72,3.269751194346405,0,0,0,999,0,8,1,33.0,38.1,6447.891214614056,0,2.61
TSH_16,2025-09,73,3.269751194346405,0,0,0,999,0,9,1,33.0,38.1,6447.891214614056,0,2.39
TSH_16,2025-10,74,3.269751194346405,0,0,0,999,0,10,0,33.0,38.1,6447.891214614056,0,2.4
TSH_16,2025-11,75,3.269751194346405,0,0,0,999,0,11,0,33.0,38.1,6447.891214614056,0,2.05
TSH_16,2025-12,76,3.269751194346405,0,0,0,999,0,12,0,33.0,38.1,6447.891214614056,0,1.63
TSH_16,2026-01,77,3.269751194346405,0,0,0,999,0,1,0,33.0,38.1,6447.891214614056,0,0.75
TSH_16,2026-02,78,3.269751194346405,0,0,0,999,0,2,0,33.0,38.1,6447.891214614056,0,0.77
TSH_16,2026-03,79,3.269751194346405,0,0,0,999,0,3,0,33.0,38.1,6447.891214614056,0,1.06
TSH_17,2024-12,64,3.0341320232931133,0,0,0,999,0,12,0,33.0,38.1,13437.450871287056,0,1.66
TSH_17,2025-01,65,3.0341320232931133,0,0,0,999,0,1,0,33.0,38.1,13437.450871287056,0,0.73
TSH_17,2025-02,66,3.0341320232931133,0,0,0,999,0,2,0,33.0,38.1,13437.450871287056,0,0.74
TSH_17,2025-03,67,3.0341320232931133,0,0,0,999,0,3,0,33.0,38.1,13437.450871287056,0,1.02
TSH_17,2025-04,68,3.0341320232931133,0,0,0,999,0,4,0,33.0,38.1,13437.450871287056,0,1.58
TSH_17,2025-05,69,3.0341320232931133,0,0,0,999,0,5,1,33.0,38.1,13437.450871287056,0,1.99
TSH_17,2025-06,70,3.0341320232931133,0,0,0,999,0,6,1,33.0,38.1,13437.450871287056,0,2.17
TSH_17,2025-07,71,3.0341320232931133,0,0,0,999,0,7,1,33.0,38.1,13437.450871287056,0,2.12
TSH_17,2025-08,72,3.0341320232931133,0,0,0,999,0,8,1,33.0,38.1,13437.450871287056,0,2.22
TSH_17,2025-09,73,3.0341320232931133,0,0,0,999,0,9,1,33.0,38.1,13437.450871287056,0,2.03
TSH_17,2025-10,74,3.0341320232931133,0,0,0,999,0,10,0,33.0,38.1,13437.450871287056,0,2.12
TSH_17,2025-11,75,3.0341320232931133,0,0,0,999,0,11,0,33.0,38.1,13437.450871287056,0,2.0
TSH_17,2025-12,76,3.0341320232931133,0,0,0,999,0,12,0,33.0,38.1,13437.450871287056,0,1.66
TSH_17,2026-01,77,3.0341320232931133,0,0,0,999,0,1,0,33.0,38.1,13437.450871287056,0,0.73
TSH_17,2026-02,78,3.0341320232931133,0,0,0,999,0,2,0,33.0,38.1,13437.450871287056,0,0.74
TSH_17,2026-03,79,3.0341320232931133,0,0,0,999,0,3,0,33.0,38.1,13437.450871287056,0,1.02
TSH_18,2024-12,64,2.94448046796618,0,0,0,999,0,12,0,33.0,38.1,8347.143160700463,0,1.66
TSH_18,2025-01,65,2.94448046796618,0,0,0,999,0,1,0,33.0,38.1,8347.143160700463,0,0.73
TSH_18,2025-02,66,2.94448046796618,0,0,0,999,0,2,0,33.0,38.1,8347.143160700463,0,0.74
TSH_18,2025-03,67,2.94448046796618,0,0,0,999,0,3,0,33.0,38.1,8347.143160700463,0,1.02
TSH_18,2025-04,68,2.94448046796618,0,0,0,999,0,4,0,33.0,38.1,8347.143160700463,0,1.58
TSH_18,2025-05,69,2.94448046796618,0,0,0,999,0,5,1,33.0,38.1,8347.143160700463,0,1.99
TSH_18,2025-06,70,2.94448046796618,0,0,0,999,0,6,1,33.0,38.1,8347.143160700463,0,2.17
TSH_18,2025-07,71,2.94448046796618,0,0,0,999,0,7,1,33.0,38.1,8347.143160700463,0,2.12
TSH_18,2025-08,72,2.94448046796618,0,0,0,999,0,8,1,33.0,38.1,8347.143160700463,0,2.22
TSH_18,2025-09,73,2.94448046796618,0,0,0,999,0,9,1,33.0,38.1,8347.143160700463,0,2.03
TSH_18,2025-10,74,2.94448046796618,0,0,0,999,0,10,0,33.0,38.1,8347.143160700463,0,2.12
TSH_18,2025-11,75,2.94448046796618,0,0,0,999,0,11,0,33.0,38.1,8347.143160700463,0,2.0
TSH_18,2025-12,76,2.94448046796618,0,0,0,999,0,12,0,33.0,38.1,8347.143160700463,0,1.66
TSH_18,2026-01,77,2.94448046796618,0,0,0,999,0,1,0,33.0,38.1,8347.143160700463,0,0.73
TSH_18,2026-02,78,2.94448046796618,0,0,0,999,0,2,0,33.0,38.1,8347.143160700463,0,0.74
TSH_18,2026-03,79,2.94448046796618,0,0,0,999,0,3,0,33.0,38.1,8347.143160700463,0,1.02
TSH_19,2024-12,64,9.843940651208449,0,0,0,999,0,12,0,33.0,73.3,3095.6098862968174,0,2.45
TSH_19,2025-01,65,9.843940651208449,0,0,0,999,0,1,0,33.0,73.3,3095.6098862968174,0,2.04
TSH_19,2025-02,66,9.843940651208449,0,0,0,999,0,2,0,33.0,73.3,3095.6098862968174,0,2.17
TSH_19,2025-03,67,9.843940651208449,0,0,0,999,0,3,0,33.0,73.3,3095.6098862968174,0,2.42
TSH_19,2025-04,68,9.843940651208449,0,0,0,999,0,4,0,33.0,73.3,3095.6098862968174,0,4.21
TSH_19,2025-05,69,9.843940651208449,0,0,0,999,0,5,1,33.0,73.3,3095.6098862968174,0,4.43
TSH_19,2025-06,70,9.843940651208449,0,0,0,999,0,6,1,33.0,73.3,3095.6098862968174,0,4.43
TSH_19,2025-07,71,9.843940651208449,0,0,0,999,0,7,1,33.0,73.3,3095.6098862968174,0,3.82
TSH_19,2025-08,72,9.843940651208449,0,0,0,999,0,8,1,33.0,73.3,3095.6098862968174,0,3.47
TSH_19,2025-09,73,9.843940651208449,0,0,0,999,0,9,1,33.0,73.3,3095.6098862968174,0,3.12
TSH_19,2025-10,74,9.843940651208449,0,0,0,999,0,10,0,33.0,73.3,3095.6098862968174,0,3.43
TSH_19,2025-11,75,9.843940651208449,0,0,0,999,0,11,0,33.0,73.3,3095.6098862968174,0,3.0
TSH_19,2025-12,76,9.843940651208449,0,0,0,999,0,12,0,33.0,73.3,3095.6098862968174,0,2.45
TSH_19,2026-01,77,9.843940651208449,0,0,0,999,0,1,0,33.0,73.3,3095.6098862968174,0,2.04
TSH_19,2026-02,78,9.843940651208449,0,0,0,999,0,2,0,33.0,73.3,3095.6098862968174,0,2.17
TSH_19,2026-03,79,9.843940651208449,0,0,0,999,0,3,0,33.0,73.3,3095.6098862968174,0,2.42
TSH_2,2024-12,64,15.199544257090505,0,0,0,999,0,12,0,33.0,34.6,1368.9884149186369,0,2.61
TSH_2,2025-01,65,15.199544257090505,0,0,0,999,0,1,0,33.0,34.6,1368.9884149186369,0,2.46
TSH_2,2025-02,66,15.199544257090505,0,0,0,999,0,2,0,33.0,34.6,1368.9884149186369,0,2.64
TSH_2,2025-03,67,15.199544257090505,0,0,0,999,0,3,0,33.0,34.6,1368.9884149186369,0,3.78
TSH_2,2025-04,68,15.199544257090505,0,0,0,999,0,4,0,33.0,34.6,1368.9884149186369,0,5.52
TSH_2,2025-05,69,15.199544257090505,0,0,0,999,0,5,1,33.0,34.6,1368.9884149186369,0,5.28
TSH_2,2025-06,70,15.199544257090505,0,0,0,999,0,6,1,33.0,34.6,1368.9884149186369,0,5.61
TSH_2,2025-07,71,15.199544257090505,0,0,0,999,0,7,1,33.0,34.6,1368.9884149186369,0,5.43
TSH_2,2025-08,72,15.199544257090505,0,0,0,999,0,8,1,33.0,34.6,1368.9884149186369,0,4.63
TSH_2,2025-09,73,15.199544257090505,0,0,0,999,0,9,1,33.0,34.6,1368.9884149186369,0,3.93
TSH_2,2025-10,74,15.199544257090505,0,0,0,999,0,10,0,33.0,34.6,1368.9884149186369,0,4.63
TSH_2,2025-11,75,15.199544257090505,0,0,0,999,0,11,0,33.0,34.6,1368.9884149186369,0,3.27
TSH_2,2025-12,76,15.199544257090505,0,0,0,999,0,12,0,33.0,34.6,1368.9884149186369,0,2.61
TSH_2,2026-01,77,15.199544257090505,0,0,0,999,0,1,0,33.0,34.6,1368.9884149186369,0,2.46
TSH_2,2026-02,78,15.199544257090505,0,0,0,999,0,2,0,33.0,34.6,1368.9884149186369,0,2.64
TSH_2,2026-03,79,15.199544257090505,0,0,0,999,0,3,0,33.0,34.6,1368.9884149186369,0,3.78
TSH_20,2024-12,64,13.863432341316988,0,0,0,999,0,12,0,33.0,73.3,1955.7205843747304,0,31.32
TSH_20,2025-01,65,13.863432341316988,0,0,0,999,0,1,0,33.0,73.3,1955.7205843747304,0,28.45
TSH_20,2025-02,66,13.863432341316988,0,0,0,999,0,2,0,33.0,73.3,1955.7205843747304,0,29.45
TSH_20,2025-03,67,13.863432341316988,0,0,0,999,0,3,0,33.0,73.3,1955.7205843747304,0,32.58
TSH_20,2025-04,68,13.863432341316988,0,0,0,999,0,4,0,33.0,73.3,1955.7205843747304,0,38.77
TSH_20,2025-05,69,13.863432341316988,0,0,0,999,0,5,1,33.0,73.3,1955.7205843747304,0,28.91
TSH_20,2025-06,70,13.863432341316988,0,0,0,999,0,6,1,33.0,73.3,1955.7205843747304,0,30.26
TSH_20,2025-07,71,13.863432341316988,0,0,0,999,0,7,1,33.0,73.3,1955.7205843747304,0,30.15
TSH_20,2025-08,72,13.863432341316988,0,0,0,999,0,8,1,33.0,73.3,1955.7205843747304,0,29.59
TSH_20,2025-09,73,13.863432341316988,0,0,0,999,0,9,1,33.0,73.3,1955.7205843747304,0,27.48
TSH_20,2025-10,74,13.863432341316988,0,0,0,999,0,10,0,33.0,73.3,1955.7205843747304,0,38.12
TSH_20,2025-11,75,13.863432341316988,0,0,0,999,0,11,0,33.0,73.3,1955.7205843747304,0,34.79
TSH_20,2025-12,76,13.863432341316988,0,0,0,999,0,12,0,33.0,73.3,1955.7205843747304,0,31.32
TSH_20,2026-01,77,13.863432341316988,0,0,0,999,0,1,0,33.0,73.3,1955.7205843747304,0,28.45
TSH_20,2026-02,78,13.863432341316988,0,0,0,999,0,2,0,33.0,73.3,1955.7205843747304,0,29.45
TSH_20,2026-03,79,13.863432341316988,0,0,0,999,0,3,0,33.0,73.3,1955.7205843747304,0,32.58
TSH_21,2024-12,64,5.321071866335256,0,0,0,999,0,12,0,33.0,73.3,5613.154783524992,0,1.33
TSH_21,2025-01,65,5.321071866335256,0,0,0,999,0,1,0,33.0,73.3,5613.154783524992,0,0.9
TSH_21,2025-02,66,5.321071866335256,0,0,0,999,0,2,0,33.0,73.3,5613.154783524992,0,0.91
TSH_21,2025-03,67,5.321071866335256,0,0,0,999,0,3,0,33.0,73.3,5613.154783524992,0,1.06
TSH_21,2025-04,68,5.321071866335256,0,0,0,999,0,4,0,33.0,73.3,5613.154783524992,0,1.75
TSH_21,2025-05,69,5.321071866335256,0,0,0,999,0,5,1,33.0,73.3,5613.154783524992,0,1.89
TSH_21,2025-06,70,5.321071866335256,0,0,0,999,0,6,1,33.0,73.3,5613.154783524992,0,1.97
TSH_21,2025-07,71,5.321071866335256,0,0,0,999,0,7,1,33.0,73.3,5613.154783524992,0,1.73
TSH_21,2025-08,72,5.321071866335256,0,0,0,999,0,8,1,33.0,73.3,5613.154783524992,0,1.71
TSH_21,2025-09,73,5.321071866335256,0,0,0,999,0,9,1,33.0,73.3,5613.154783524992,0,1.57
TSH_21,2025-10,74,5.321071866335256,0,0,0,999,0,10,0,33.0,73.3,5613.154783524992,0,1.71
TSH_21,2025-11,75,5.321071866335256,0,0,0,999,0,11,0,33.0,73.3,5613.154783524992,0,1.63
TSH_21,2025-12,76,5.321071866335256,0,0,0,999,0,12,0,33.0,73.3,5613.154783524992,0,1.33
TSH_21,2026-01,77,5.321071866335256,0,0,0,999,0,1,0,33.0,73.3,5613.154783524992,0,0.9
TSH_21,2026-02,78,5.321071866335256,0,0,0,999,0,2,0,33.0,73.3,5613.154783524992,0,0.91
TSH_21,2026-03,79,5.321071866335256,0,0,0,999,0,3,0,33.0,73.3,5613.154783524992,0,1.06
TSH_22,2024-12,64,18.44621347194017,0,0,3,10,0,12,0,33.0,73.3,1821.349408706928,0,88.54
TSH_22,2025-01,65,18.44621347194017,0,0,3,11,0,1,0,33.0,73.3,1821.349408706928,0,90.56
TSH_22,2025-02,66,18.44621347194017,0,0,3,12,0,2,0,33.0,73.3,1821.349408706928,0,91.33
TSH_22,2025-03,67,18.44621347194017,0,0,3,13,0,3,0,33.0,73.3,1821.349408706928,0,91.33
TSH_22,2025-04,68,18.44621347194017,0,0,3,14,0,4,0,33.0,73.3,1821.349408706928,0,91.56
TSH_22,2025-05,69,18.44621347194017,0,0,3,15,0,5,1,33.0,73.3,1821.349408706928,0,85.76
TSH_22,2025-06,70,18.44621347194017,0,0,3,16,0,6,1,33.0,73.3,1821.349408706928,0,86.53
TSH_22,2025-07,71,18.44621347194017,0,0,3,17,0,7,1,33.0,73.3,1821.349408706928,0,86.47
TSH_22,2025-08,72,18.44621347194017,0,0,3,18,0,8,1,33.0,73.3,1821.349408706928,0,85.97
TSH_22,2025-09,73,18.44621347194017,0,0,3,19,0,9,1,33.0,73.3,1821.349408706928,0,84.67
TSH_22,2025-10,74,18.44621347194017,0,0,3,20,0,10,0,33.0,73.3,1821.349408706928,0,90.55
TSH_22,2025-11,75,18.44621347194017,0,0,3,21,0,11,0,33.0,73.3,1821.349408706928,0,90.04
TSH_22,2025-12,76,18.44621347194017,0,0,3,22,0,12,0,33.0,73.3,1821.349408706928,0,88.54
TSH_22,2026-01,77,18.44621347194017,0,0,3,23,0,1,0,33.0,73.3,1821.349408706928,0,90.56
TSH_22,2026-02,78,18.44621347194017,0,0,3,24,0,2,0,33.0,73.3,1821.349408706928,0,91.33
TSH_22,2026-03,79,18.44621347194017,0,0,3,25,0,3,0,33.0,73.3,1821.349408706928,1,91.33
TSH_23,2024-12,64,9.57723126584845,0,0,0,999,0,12,0,33.0,38.1,2241.670834091324,0,6.04
TSH_23,2025-01,65,9.57723126584845,0,0,0,999,0,1,0,33.0,38.1,2241.670834091324,0,4.57
TSH_23,2025-02,66,9.57723126584845,0,0,0,999,0,2,0,33.0,38.1,2241.670834091324,0,5.08
TSH_23,2025-03,67,9.57723126584845,0,0,0,999,0,3,0,33.0,38.1,2241.670834091324,0,6.96
TSH_23,2025-04,68,9.57723126584845,0,0,0,999,0,4,0,33.0,38.1,2241.670834091324,0,12.86
TSH_23,2025-05,69,9.57723126584845,0,0,0,999,0,5,1,33.0,38.1,2241.670834091324,0,14.77
TSH_23,2025-06,70,9.57723126584845,0,0,0,999,0,6,1,33.0,38.1,2241.670834091324,0,13.92
TSH_23,2025-07,71,9.57723126584845,0,0,0,999,0,7,1,33.0,38.1,2241.670834091324,0,12.18
TSH_23,2025-08,72,9.57723126584845,0,0,0,999,0,8,1,33.0,38.1,2241.670834091324,0,11.02
TSH_23,2025-09,73,9.57723126584845,0,0,0,999,0,9,1,33.0,38.1,2241.670834091324,0,9.49
TSH_23,2025-10,74,9.57723126584845,0,0,0,999,0,10,0,33.0,38.1,2241.670834091324,0,10.44
TSH_23,2025-11,75,9.57723126584845,0,0,0,999,0,11,0,33.0,38.1,2241.670834091324,0,8.0
TSH_23,2025-12,76,9.57723126584845,0,0,0,999,0,12,0,33.0,38.1,2241.670834091324,0,6.04
TSH_23,2026-01,77,9.57723126584845,0,0,0,999,0,1,0,33.0,38.1,2241.670834091324,0,4.57
TSH_23,2026-02,78,9.57723126584845,0,0,0,999,0,2,0,33.0,38.1,2241.670834091324,0,5.08
TSH_23,2026-03,79,9.57723126584845,0,0,0,999,0,3,0,33.0,38.1,2241.670834091324,0,6.96
TSH_24,2024-12,64,87.55604835865677,0,0,0,999,0,12,0,33.0,39.5,545.2164744171005,0,3.35
TSH_24,2025-01,65,87.55604835865677,0,0,0,999,0,1,0,33.0,39.5,545.2164744171005,0,6.69
TSH_24,2025-02,66,87.55604835865677,0,0,0,999,0,2,0,33.0,39.5,545.2164744171005,0,7.05
TSH_24,2025-03,67,87.55604835865677,0,0,0,999,0,3,0,33.0,39.5,545.2164744171005,0,8.57
TSH_24,2025-04,68,87.55604835865677,0,0,0,999,0,4,0,33.0,39.5,545.2164744171005,0,11.43
TSH_24,2025-05,69,87.55604835865677,0,0,0,999,0,5,1,33.0,39.5,545.2164744171005,0,11.6
TSH_24,2025-06,70,87.55604835865677,0,0,0,999,0,6,1,33.0,39.5,545.2164744171005,0,11.26
TSH_24,2025-07,71,87.55604835865677,0,0,0,999,0,7,1,33.0,39.5,545.2164744171005,0,10.6
TSH_24,2025-08,72,87.55604835865677,0,0,0,999,0,8,1,33.0,39.5,545.2164744171005,0,7.42
TSH_24,2025-09,73,87.55604835865677,0,0,0,999,0,9,1,33.0,39.5,545.2164744171005,0,5.03
TSH_24,2025-10,74,87.55604835865677,0,0,0,999,0,10,0,33.0,39.5,545.2164744171005,0,5.15
TSH_24,2025-11,75,87.55604835865677,0,0,0,999,0,11,0,33.0,39.5,545.2164744171005,0,3.92
TSH_24,2025-12,76,87.55604835865677,0,0,0,999,0,12,0,33.0,39.5,545.2164744171005,0,3.35
TSH_24,2026-01,77,87.55604835865677,0,0,0,999,0,1,0,33.0,39.5,545.2164744171005,0,6.69
TSH_24,2026-02,78,87.55604835865677,0,0,0,999,0,2,0,33.0,39.5,545.2164744171005,0,7.05
TSH_24,2026-03,79,87.55604835865677,0,0,0,999,0,3,0,33.0,39.5,545.2164744171005,0,8.57
TSH_25,2024-12,64,6.371238438459778,0,0,1,2,0,12,0,33.0,39.5,4019.62667813624,0,11.82
TSH_25,2025-01,65,6.371238438459778,0,0,1,3,0,1,0,33.0,39.5,4019.62667813624,0,9.58
TSH_25,2025-02,66,6.371238438459778,0,0,1,4,0,2,0,33.0,39.5,4019.62667813624,0,9.45
TSH_25,2025-03,67,6.371238438459778,0,0,1,5,0,3,0,33.0,39.5,4019.62667813624,0,12.35
TSH_25,2025-04,68,6.371238438459778,0,0,1,6,0,4,0,33.0,39.5,4019.62667813624,0,18.43
TSH_25,2025-05,69,6.371238438459778,0,0,1,7,0,5,1,33.0,39.5,4019.62667813624,0,12.41
TSH_25,2025-06,70,6.371238438459778,0,0,1,8,0,6,1,33.0,39.5,4019.62667813624,0,5.68
TSH_25,2025-07,71,6.371238438459778,0,0,1,9,0,7,1,33.0,39.5,4019.62667813624,0,5.02
TSH_25,2025-08,72,6.371238438459778,0,0,1,10,0,8,1,33.0,39.5,4019.62667813624,0,4.96
TSH_25,2025-09,73,6.371238438459778,0,0,1,11,0,9,1,33.0,39.5,4019.62667813624,0,4.43
TSH_25,2025-10,74,6.371238438459778,0,0,1,12,0,10,0,33.0,39.5,4019.62667813624,0,5.21
TSH_25,2025-11,75,6.371238438459778,0,0,1,13,0,11,0,33.0,39.5,4019.62667813624,0,4.59
TSH_25,2025-12,76,6.371238438459778,0,0,1,14,0,12,0,33.0,39.5,4019.62667813624,0,3.51
TSH_25,2026-01,77,6.371238438459778,0,0,1,15,0,1,0,33.0,39.5,4019.62667813624,0,2.82
TSH_25,2026-02,78,6.371238438459778,0,0,1,16,0,2,0,33.0,39.5,4019.62667813624,0,2.85
TSH_25,2026-03,79,6.371238438459778,0,0,1,17,0,3,0,33.0,39.5,4019.62667813624,0,3.32
TSH_26,2024-12,64,6.753727079650016,0,0,0,999,0,12,0,33.0,73.3,3849.133921672644,0,1.33
TSH_26,2025-01,65,6.753727079650016,0,0,0,999,0,1,0,33.0,73.3,3849.133921672644,0,0.9
TSH_26,2025-02,66,6.753727079650016,0,0,0,999,0,2,0,33.0,73.3,3849.133921672644,0,0.91
TSH_26,2025-03,67,6.753727079650016,0,0,0,999,0,3,0,33.0,73.3,3849.133921672644,0,1.06
TSH_26,2025-04,68,6.753727079650016,0,0,0,999,0,4,0,33.0,73.3,3849.133921672644,0,1.75
TSH_26,2025-05,69,6.753727079650016,0,0,0,999,0,5,1,33.0,73.3,3849.133921672644,0,1.89
TSH_26,2025-06,70,6.753727079650016,0,0,0,999,0,6,1,33.0,73.3,3849.133921672644,0,1.97
TSH_26,2025-07,71,6.753727079650016,0,0,0,999,0,7,1,33.0,73.3,3849.133921672644,0,1.73
TSH_26,2025-08,72,6.753727079650016,0,0,0,999,0,8,1,33.0,73.3,3849.133921672644,0,1.71
TSH_26,2025-09,73,6.753727079650016,0,0,0,999,0,9,1,33.0,73.3,3849.133921672644,0,1.57
TSH_26,2025-10,74,6.753727079650016,0,0,0,999,0,10,0,33.0,73.3,3849.133921672644,0,1.71
TSH_26,2025-11,75,6.753727079650016,0,0,0,999,0,11,0,33.0,73.3,3849.133921672644,0,1.63
TSH_26,2025-12,76,6.753727079650016,0,0,0,999,0,12,0,33.0,73.3,3849.133921672644,0,1.33
TSH_26,2026-01,77,6.753727079650016,0,0,0,999,0,1,0,33.0,73.3,3849.133921672644,0,0.9
TSH_26,2026-02,78,6.753727079650016,0,0,0,999,0,2,0,33.0,73.3,3849.133921672644,0,0.91
TSH_26,2026-03,79,6.753727079650016,0,0,0,999,0,3,0,33.0,73.3,3849.133921672644,0,1.06
TSH_27,2024-12,64,4.924044326203549,0,0,0,999,0,12,0,33.0,73.3,5751.166749108862,0,1.63
TSH_27,2025-01,65,4.924044326203549,0,0,0,999,0,1,0,33.0,73.3,5751.166749108862,0,1.03
TSH_27,2025-02,66,4.924044326203549,0,0,0,999,0,2,0,33.0,73.3,5751.166749108862,0,1.01
TSH_27,2025-03,67,4.924044326203549,0,0,0,999,0,3,0,33.0,73.3,5751.166749108862,0,1.17
TSH_27,2025-04,68,4.924044326203549,0,0,0,999,0,4,0,33.0,73.3,5751.166749108862,0,1.95
TSH_27,2025-05,69,4.924044326203549,0,0,0,999,0,5,1,33.0,73.3,5751.166749108862,0,2.05
TSH_27,2025-06,70,4.924044326203549,0,0,0,999,0,6,1,33.0,73.3,5751.166749108862,0,2.22
TSH_27,2025-07,71,4.924044326203549,0,0,0,999,0,7,1,33.0,73.3,5751.166749108862,0,1.95
TSH_27,2025-08,72,4.924044326203549,0,0,0,999,0,8,1,33.0,73.3,5751.166749108862,0,2.12
TSH_27,2025-09,73,4.924044326203549,0,0,0,999,0,9,1,33.0,73.3,5751.166749108862,0,1.94
TSH_27,2025-10,74,4.924044326203549,0,0,0,999,0,10,0,33.0,73.3,5751.166749108862,0,2.1
TSH_27,2025-11,75,4.924044326203549,0,0,0,999,0,11,0,33.0,73.3,5751.166749108862,0,2.0
TSH_27,2025-12,76,4.924044326203549,0,0,0,999,0,12,0,33.0,73.3,5751.166749108862,0,1.63
TSH_27,2026-01,77,4.924044326203549,0,0,0,999,0,1,0,33.0,73.3,5751.166749108862,0,1.03
TSH_27,2026-02,78,4.924044326203549,0,0,0,999,0,2,0,33.0,73.3,5751.166749108862,0,1.01
TSH_27,2026-03,79,4.924044326203549,0,0,0,999,0,3,0,33.0,73.3,5751.166749108862,0,1.17
TSH_28,2024-12,64,5.749240104689639,0,0,0,999,0,12,0,33.0,38.1,3105.801753771757,0,3.48
TSH_28,2025-01,65,5.749240104689639,0,0,0,999,0,1,0,33.0,38.1,3105.801753771757,0,2.11
TSH_28,2025-02,66,5.749240104689639,0,0,0,999,0,2,0,33.0,38.1,3105.801753771757,0,2.35
TSH_28,2025-03,67,5.749240104689639,0,0,0,999,0,3,0,33.0,38.1,3105.801753771757,0,3.39
TSH_28,2025-04,68,5.749240104689639,0,0,0,999,0,4,0,33.0,38.1,3105.801753771757,0,6.62
TSH_28,2025-05,69,5.749240104689639,0,0,0,999,0,5,1,33.0,38.1,3105.801753771757,0,8.75
TSH_28,2025-06,70,5.749240104689639,0,0,0,999,0,6,1,33.0,38.1,3105.801753771757,0,8.72
TSH_28,2025-07,71,5.749240104689639,0,0,0,999,0,7,1,33.0,38.1,3105.801753771757,0,7.73
TSH_28,2025-08,72,5.749240104689639,0,0,0,999,0,8,1,33.0,38.1,3105.801753771757,0,7.22
TSH_28,2025-09,73,5.749240104689639,0,0,0,999,0,9,1,33.0,38.1,3105.801753771757,0,6.54
TSH_28,2025-10,74,5.749240104689639,0,0,0,999,0,10,0,33.0,38.1,3105.801753771757,0,6.24
TSH_28,2025-11,75,5.749240104689639,0,0,0,999,0,11,0,33.0,38.1,3105.801753771757,0,4.66
TSH_28,2025-12,76,5.749240104689639,0,0,0,999,0,12,0,33.0,38.1,3105.801753771757,0,3.48
TSH_28,2026-01,77,5.749240104689639,0,0,0,999,0,1,0,33.0,38.1,3105.801753771757,0,2.11
TSH_28,2026-02,78,5.749240104689639,0,0,0,999,0,2,0,33.0,38.1,3105.801753771757,0,2.35
TSH_28,2026-03,79,5.749240104689639,0,0,0,999,0,3,0,33.0,38.1,3105.801753771757,0,3.39
TSH_29,2024-12,64,8.278663722704739,0,0,0,999,0,12,0,33.0,73.3,3462.9984935097104,0,1.22
TSH_29,2025-01,65,8.278663722704739,0,0,0,999,0,1,0,33.0,73.3,3462.9984935097104,0,0.94
TSH_29,2025-02,66,8.278663722704739,0,0,0,999,0,2,0,33.0,73.3,3462.9984935097104,0,0.94
TSH_29,2025-03,67,8.278663722704739,0,0,0,999,0,3,0,33.0,73.3,3462.9984935097104,0,1.05
TSH_29,2025-04,68,8.278663722704739,0,0,0,999,0,4,0,33.0,73.3,3462.9984935097104,0,1.75
TSH_29,2025-05,69,8.278663722704739,0,0,0,999,0,5,1,33.0,73.3,3462.9984935097104,0,1.88
TSH_29,2025-06,70,8.278663722704739,0,0,0,999,0,6,1,33.0,73.3,3462.9984935097104,0,1.9
TSH_29,2025-07,71,8.278663722704739,0,0,0,999,0,7,1,33.0,73.3,3462.9984935097104,0,1.64
TSH_29,2025-08,72,8.278663722704739,0,0,0,999,0,8,1,33.0,73.3,3462.9984935097104,0,1.57
TSH_29,2025-09,73,8.278663722704739,0,0,0,999,0,9,1,33.0,73.3,3462.9984935097104,0,1.4
TSH_29,2025-10,74,8.278663722704739,0,0,0,999,0,10,0,33.0,73.3,3462.9984935097104,0,1.59
TSH_29,2025-11,75,8.278663722704739,0,0,0,999,0,11,0,33.0,73.3,3462.9984935097104,0,1.49
TSH_29,2025-12,76,8.278663722704739,0,0,0,999,0,12,0,33.0,73.3,3462.9984935097104,0,1.22
TSH_29,2026-01,77,8.278663722704739,0,0,0,999,0,1,0,33.0,73.3,3462.9984935097104,0,0.94
TSH_29,2026-02,78,8.278663722704739,0,0,0,999,0,2,0,33.0,73.3,3462.9984935097104,0,0.94
TSH_29,2026-03,79,8.278663722704739,0,0,0,999,0,3,0,33.0,73.3,3462.9984935097104,1,1.05
TSH_3,2024-12,64,18.266002978882508,0,0,0,999,0,12,0,33.0,34.6,1867.677347881781,0,26.19
TSH_3,2025-01,65,18.266002978882508,0,0,0,999,0,1,0,33.0,34.6,1867.677347881781,0,21.67
TSH_3,2025-02,66,18.266002978882508,0,0,0,999,0,2,0,33.0,34.6,1867.677347881781,0,22.94
TSH_3,2025-03,67,18.266002978882508,0,0,0,999,0,3,0,33.0,34.6,1867.677347881781,0,30.14
TSH_3,2025-04,68,18.266002978882508,0,0,0,999,0,4,0,33.0,34.6,1867.677347881781,0,40.34
TSH_3,2025-05,69,18.266002978882508,0,0,0,999,0,5,1,33.0,34.6,1867.677347881781,0,34.81
TSH_3,2025-06,70,18.266002978882508,0,0,0,999,0,6,1,33.0,34.6,1867.677347881781,0,36.29
TSH_3,2025-07,71,18.266002978882508,0,0,0,999,0,7,1,33.0,34.6,1867.677347881781,0,36.16
TSH_3,2025-08,72,18.266002978882508,0,0,0,999,0,8,1,33.0,34.6,1867.677347881781,0,34.78
TSH_3,2025-09,73,18.266002978882508,0,0,0,999,0,9,1,33.0,34.6,1867.677347881781,0,31.35
TSH_3,2025-10,74,18.266002978882508,0,0,0,999,0,10,0,33.0,34.6,1867.677347881781,0,39.61
TSH_3,2025-11,75,18.266002978882508,0,0,0,999,0,11,0,33.0,34.6,1867.677347881781,0,31.79
TSH_3,2025-12,76,18.266002978882508,0,0,0,999,0,12,0,33.0,34.6,1867.677347881781,0,26.19
TSH_3,2026-01,77,18.266002978882508,0,0,0,999,0,1,0,33.0,34.6,1867.677347881781,0,21.67
TSH_3,2026-02,78,18.266002978882508,0,0,0,999,0,2,0,33.0,34.6,1867.677347881781,0,22.94
TSH_3,2026-03,79,18.266002978882508,0,0,0,999,0,3,0,33.0,34.6,1867.677347881781,0,30.14
TSH_30,2024-12,64,21.246768146454443,0,0,0,999,0,12,0,33.0,34.6,1777.635061467111,0,2.91
TSH_30,2025-01,65,21.246768146454443,0,0,0,999,0,1,0,33.0,34.6,1777.635061467111,0,3.06
TSH_30,2025-02,66,21.246768146454443,0,0,0,999,0,2,0,33.0,34.6,1777.635061467111,0,3.43
TSH_30,2025-03,67,21.246768146454443,0,0,0,999,0,3,0,33.0,34.6,1777.635061467111,0,4.89
TSH_30,2025-04,68,21.246768146454443,0,0,0,999,0,4,0,33.0,34.6,1777.635061467111,0,7.07
TSH_30,2025-05,69,21.246768146454443,0,0,0,999,0,5,1,33.0,34.6,1777.635061467111,0,6.79
TSH_30,2025-06,70,21.246768146454443,0,0,0,999,0,6,1,33.0,34.6,1777.635061467111,0,7.21
TSH_30,2025-07,71,21.246768146454443,0,0,0,999,0,7,1,33.0,34.6,1777.635061467111,0,6.99
TSH_30,2025-08,72,21.246768146454443,0,0,0,999,0,8,1,33.0,34.6,1777.635061467111,0,5.59
TSH_30,2025-09,73,21.246768146454443,0,0,0,999,0,9,1,33.0,34.6,1777.635061467111,0,4.55
TSH_30,2025-10,74,21.246768146454443,0,0,0,999,0,10,0,33.0,34.6,1777.635061467111,0,5.02
TSH_30,2025-11,75,21.246768146454443,0,0,0,999,0,11,0,33.0,34.6,1777.635061467111,0,3.64
TSH_30,2025-12,76,21.246768146454443,0,0,0,999,0,12,0,33.0,34.6,1777.635061467111,0,2.91
TSH_30,2026-01,77,21.246768146454443,0,0,0,999,0,1,0,33.0,34.6,1777.635061467111,0,3.06
TSH_30,2026-02,78,21.246768146454443,0,0,0,999,0,2,0,33.0,34.6,1777.635061467111,0,3.43
TSH_30,2026-03,79,21.246768146454443,0,0,0,999,0,3,0,33.0,34.6,1777.635061467111,0,4.89
TSH_31,2024-12,64,66.68009499093951,0,0,0,999,0,12,0,33.0,34.6,364.93649271655215,0,4.08
TSH_31,2025-01,65,66.68009499093951,0,0,0,999,0,1,0,33.0,34.6,364.93649271655215,0,6.56
TSH_31,2025-02,66,66.68009499093951,0,0,0,999,0,2,0,33.0,34.6,364.93649271655215,0,7.07
TSH_31,2025-03,67,66.68009499093951,0,0,0,999,0,3,0,33.0,34.6,364.93649271655215,0,10.12
TSH_31,2025-04,68,66.68009499093951,0,0,0,999,0,4,0,33.0,34.6,364.93649271655215,0,14.83
TSH_31,2025-05,69,66.68009499093951,0,0,0,999,0,5,1,33.0,34.6,364.93649271655215,0,16.67
TSH_31,2025-06,70,66.68009499093951,0,0,0,999,0,6,1,33.0,34.6,364.93649271655215,0,16.66
TSH_31,2025-07,71,66.68009499093951,0,0,0,999,0,7,1,33.0,34.6,364.93649271655215,0,15.74
TSH_31,2025-08,72,66.68009499093951,0,0,0,999,0,8,1,33.0,34.6,364.93649271655215,0,11.21
TSH_31,2025-09,73,66.68009499093951,0,0,0,999,0,9,1,33.0,34.6,364.93649271655215,0,7.35
TSH_31,2025-10,74,66.68009499093951,0,0,0,999,0,10,0,33.0,34.6,364.93649271655215,0,6.93
TSH_31,2025-11,75,66.68009499093951,0,0,0,999,0,11,0,33.0,34.6,364.93649271655215,0,5.01
TSH_31,2025-12,76,66.68009499093951,0,0,0,999,0,12,0,33.0,34.6,364.93649271655215,0,4.08
TSH_31,2026-01,77,66.68009499093951,0,0,0,999,0,1,0,33.0,34.6,364.93649271655215,0,6.56
TSH_31,2026-02,78,66.68009499093951,0,0,0,999,0,2,0,33.0,34.6,364.93649271655215,0,7.07
TSH_31,2026-03,79,66.68009499093951,0,0,0,999,0,3,0,33.0,34.6,364.93649271655215,0,10.12
TSH_32,2024-12,64,29.059882776000347,0,0,0,999,0,12,0,33.0,34.6,1062.83980008026,0,2.91
TSH_32,2025-01,65,29.059882776000347,0,0,0,999,0,1,0,33.0,34.6,1062.83980008026,0,3.06
TSH_32,2025-02,66,29.059882776000347,0,0,0,999,0,2,0,33.0,34.6,1062.83980008026,0,3.43
TSH_32,2025-03,67,29.059882776000347,0,0,0,999,0,3,0,33.0,34.6,1062.83980008026,0,4.89
TSH_32,2025-04,68,29.059882776000347,0,0,0,999,0,4,0,33.0,34.6,1062.83980008026,0,7.07
TSH_32,2025-05,69,29.059882776000347,0,0,0,999,0,5,1,33.0,34.6,1062.83980008026,0,6.79
TSH_32,2025-06,70,29.059882776000347,0,0,0,999,0,6,1,33.0,34.6,1062.83980008026,0,7.21
TSH_32,2025-07,71,29.059882776000347,0,0,0,999,0,7,1,33.0,34.6,1062.83980008026,0,6.99
TSH_32,2025-08,72,29.059882776000347,0,0,0,999,0,8,1,33.0,34.6,1062.83980008026,0,5.59
TSH_32,2025-09,73,29.059882776000347,0,0,0,999,0,9,1,33.0,34.6,1062.83980008026,0,4.55
TSH_32,2025-10,74,29.059882776000347,0,0,0,999,0,10,0,33.0,34.6,1062.83980008026,0,5.02
TSH_32,2025-11,75,29.059882776000347,0,0,0,999,0,11,0,33.0,34.6,1062.83980008026,0,3.64
TSH_32,2025-12,76,29.059882776000347,0,0,0,999,0,12,0,33.0,34.6,1062.83980008026,0,2.91
TSH_32,2026-01,77,29.059882776000347,0,0,0,999,0,1,0,33.0,34.6,1062.83980008026,0,3.06
TSH_32,2026-02,78,29.059882776000347,0,0,0,999,0,2,0,33.0,34.6,1062.83980008026,0,3.43
TSH_32,2026-03,79,29.059882776000347,0,0,0,999,0,3,0,33.0,34.6,1062.83980008026,0,4.89
TSH_33,2024-12,64,8.46978290162518,0,0,0,999,0,12,0,33.0,73.3,2006.308803586853,0,2.72
TSH_33,2025-01,65,8.46978290162518,0,0,0,999,0,1,0,33.0,73.3,2006.308803586853,0,2.95
TSH_33,2025-02,66,8.46978290162518,0,0,0,999,0,2,0,33.0,73.3,2006.308803586853,0,3.09
TSH_33,2025-03,67,8.46978290162518,0,0,0,999,0,3,0,33.0,73.3,2006.308803586853,0,3.44
TSH_33,2025-04,68,8.46978290162518,0,0,0,999,0,4,0,33.0,73.3,2006.308803586853,0,4.62
TSH_33,2025-05,69,8.46978290162518,0,0,0,999,0,5,1,33.0,73.3,2006.308803586853,0,4.02
TSH_33,2025-06,70,8.46978290162518,0,0,0,999,0,6,1,33.0,73.3,2006.308803586853,0,4.01
TSH_33,2025-07,71,8.46978290162518,0,0,0,999,0,7,1,33.0,73.3,2006.308803586853,0,3.45
TSH_33,2025-08,72,8.46978290162518,0,0,0,999,0,8,1,33.0,73.3,2006.308803586853,0,3.02
TSH_33,2025-09,73,8.46978290162518,0,0,0,999,0,9,1,33.0,73.3,2006.308803586853,0,2.62
TSH_33,2025-10,74,8.46978290162518,0,0,0,999,0,10,0,33.0,73.3,2006.308803586853,0,3.48
TSH_33,2025-11,75,8.46978290162518,0,0,0,999,0,11,0,33.0,73.3,2006.308803586853,0,3.17
TSH_33,2025-12,76,8.46978290162518,0,0,0,999,0,12,0,33.0,73.3,2006.308803586853,0,2.72
TSH_33,2026-01,77,8.46978290162518,0,0,0,999,0,1,0,33.0,73.3,2006.308803586853,0,2.95
TSH_33,2026-02,78,8.46978290162518,0,0,0,999,0,2,0,33.0,73.3,2006.308803586853,0,3.09
TSH_33,2026-03,79,8.46978290162518,0,0,0,999,0,3,0,33.0,73.3,2006.308803586853,0,3.44
TSH_34,2024-12,64,3.526909374731836,0,0,0,999,0,12,0,33.0,73.3,6280.002587728546,0,1.08
TSH_34,2025-01,65,3.526909374731836,0,0,0,999,0,1,0,33.0,73.3,6280.002587728546,0,0.61
TSH_34,2025-02,66,3.526909374731836,0,0,0,999,0,2,0,33.0,73.3,6280.002587728546,0,0.6
TSH_34,2025-03,67,3.526909374731836,0,0,0,999,0,3,0,33.0,73.3,6280.002587728546,0,0.66
TSH_34,2025-04,68,3.526909374731836,0,0,0,999,0,4,0,33.0,73.3,6280.002587728546,0,0.95
TSH_34,2025-05,69,3.526909374731836,0,0,0,999,0,5,1,33.0,73.3,6280.002587728546,0,1.0
TSH_34,2025-06,70,3.526909374731836,0,0,0,999,0,6,1,33.0,73.3,6280.002587728546,0,1.13
TSH_34,2025-07,71,3.526909374731836,0,0,0,999,0,7,1,33.0,73.3,6280.002587728546,0,1.1
TSH_34,2025-08,72,3.526909374731836,0,0,0,999,0,8,1,33.0,73.3,6280.002587728546,0,1.19
TSH_34,2025-09,73,3.526909374731836,0,0,0,999,0,9,1,33.0,73.3,6280.002587728546,0,1.11
TSH_34,2025-10,74,3.526909374731836,0,0,0,999,0,10,0,33.0,73.3,6280.002587728546,0,1.23
TSH_34,2025-11,75,3.526909374731836,0,0,0,999,0,11,0,33.0,73.3,6280.002587728546,0,1.24
TSH_34,2025-12,76,3.526909374731836,0,0,0,999,0,12,0,33.0,73.3,6280.002587728546,0,1.08
TSH_34,2026-01,77,3.526909374731836,0,0,0,999,0,1,0,33.0,73.3,6280.002587728546,0,0.61
TSH_34,2026-02,78,3.526909374731836,0,0,0,999,0,2,0,33.0,73.3,6280.002587728546,0,0.6
TSH_34,2026-03,79,3.526909374731836,0,0,0,999,0,3,0,33.0,73.3,6280.002587728546,0,0.66
TSH_35,2024-12,64,6.790840294304015,0,0,0,999,0,12,0,33.0,73.3,2627.215370528531,0,4.89
TSH_35,2025-01,65,6.790840294304015,0,0,0,999,0,1,0,33.0,73.3,2627.215370528531,0,3.86
TSH_35,2025-02,66,6.790840294304015,0,0,0,999,0,2,0,33.0,73.3,2627.215370528531,0,4.11
TSH_35,2025-03,67,6.790840294304015,0,0,0,999,0,3,0,33.0,73.3,2627.215370528531,0,4.75
TSH_35,2025-04,68,6.790840294304015,0,0,0,999,0,4,0,33.0,73.3,2627.215370528531,0,7.96
TSH_35,2025-05,69,6.790840294304015,0,0,0,999,0,5,1,33.0,73.3,2627.215370528531,0,7.71
TSH_35,2025-06,70,6.790840294304015,0,0,0,999,0,6,1,33.0,73.3,2627.215370528531,0,7.66
TSH_35,2025-07,71,6.790840294304015,0,0,0,999,0,7,1,33.0,73.3,2627.215370528531,0,6.78
TSH_35,2025-08,72,6.790840294304015,0,0,0,999,0,8,1,33.0,73.3,2627.215370528531,0,6.26
TSH_35,2025-09,73,6.790840294304015,0,0,0,999,0,9,1,33.0,73.3,2627.215370528531,0,5.61
TSH_35,2025-10,74,6.790840294304015,0,0,0,999,0,10,0,33.0,73.3,2627.215370528531,0,6.55
TSH_35,2025-11,75,6.790840294304015,0,0,0,999,0,11,0,33.0,73.3,2627.215370528531,0,5.94
TSH_35,2025-12,76,6.790840294304015,0,0,0,999,0,12,0,33.0,73.3,2627.215370528531,0,4.89
TSH_35,2026-01,77,6.790840294304015,0,0,0,999,0,1,0,33.0,73.3,2627.215370528531,0,3.86
TSH_35,2026-02,78,6.790840294304015,0,0,0,999,0,2,0,33.0,73.3,2627.215370528531,0,4.11
TSH_35,2026-03,79,6.790840294304015,0,0,0,999,0,3,0,33.0,73.3,2627.215370528531,0,4.75
TSH_36,2024-12,64,10.93798039294446,0,0,0,999,0,12,0,33.0,27.5,2071.771861523675,0,6.75
TSH_36,2025-01,65,10.93798039294446,0,0,0,999,0,1,0,33.0,27.5,2071.771861523675,0,3.9
TSH_36,2025-02,66,10.93798039294446,0,0,0,999,0,2,0,33.0,27.5,2071.771861523675,0,4.24
TSH_36,2025-03,67,10.93798039294446,0,0,0,999,0,3,0,33.0,27.5,2071.771861523675,1,5.83
TSH_36,2025-04,68,10.93798039294446,0,0,0,999,0,4,0,33.0,27.5,2071.771861523675,1,13.36
TSH_36,2025-05,69,10.93798039294446,0,0,0,999,0,5,1,33.0,27.5,2071.771861523675,1,15.34
TSH_36,2025-06,70,10.93798039294446,1,1,1,0,0,6,1,33.0,27.5,2071.771861523675,0,39.22
TSH_36,2025-07,71,10.93798039294446,0,0,1,1,0,7,1,33.0,27.5,2071.771861523675,0,35.25
TSH_36,2025-08,72,10.93798039294446,0,0,1,2,0,8,1,33.0,27.5,2071.771861523675,0,32.19
TSH_36,2025-09,73,10.93798039294446,0,0,1,3,0,9,1,33.0,27.5,2071.771861523675,0,30.62
TSH_36,2025-10,74,10.93798039294446,0,0,1,4,0,10,0,33.0,27.5,2071.771861523675,0,38.86
TSH_36,2025-11,75,10.93798039294446,0,0,1,5,0,11,0,33.0,27.5,2071.771861523675,0,44.61
TSH_36,2025-12,76,10.93798039294446,0,0,1,6,0,12,0,33.0,27.5,2071.771861523675,0,38.05
TSH_36,2026-01,77,10.93798039294446,0,0,1,7,0,1,0,33.0,27.5,2071.771861523675,0,21.21
TSH_36,2026-02,78,10.93798039294446,0,0,1,8,0,2,0,33.0,27.5,2071.771861523675,0,9.47
TSH_36,2026-03,79,10.93798039294446,0,0,1,9,0,3,0,33.0,27.5,2071.771861523675,0,12.33
TSH_37,2024-12,64,30.96889507172832,0,0,1,3,0,12,0,33.0,34.6,1409.0589896388158,0,20.87
TSH_37,2025-01,65,30.96889507172832,0,0,1,4,0,1,0,33.0,34.6,1409.0589896388158,0,25.6
TSH_37,2025-02,66,30.96889507172832,0,0,1,5,0,2,0,33.0,34.6,1409.0589896388158,0,34.55
TSH_37,2025-03,67,30.96889507172832,0,0,1,6,0,3,0,33.0,34.6,1409.0589896388158,0,42.82
TSH_37,2025-04,68,30.96889507172832,0,0,1,7,0,4,0,33.0,34.6,1409.0589896388158,0,35.07
TSH_37,2025-05,69,30.96889507172832,0,0,1,8,0,5,1,33.0,34.6,1409.0589896388158,0,14.41
TSH_37,2025-06,70,30.96889507172832,0,0,1,9,0,6,1,33.0,34.6,1409.0589896388158,0,15.22
TSH_37,2025-07,71,30.96889507172832,0,0,1,10,0,7,1,33.0,34.6,1409.0589896388158,0,14.78
TSH_37,2025-08,72,30.96889507172832,0,0,1,11,0,8,1,33.0,34.6,1409.0589896388158,0,12.47
TSH_37,2025-09,73,30.96889507172832,0,0,1,12,0,9,1,33.0,34.6,1409.0589896388158,0,10.29
TSH_37,2025-10,74,30.96889507172832,0,0,1,13,0,10,0,33.0,34.6,1409.0589896388158,0,12.52
TSH_37,2025-11,75,30.96889507172832,0,0,1,14,0,11,0,33.0,34.6,1409.0589896388158,0,9.46
TSH_37,2025-12,76,30.96889507172832,0,0,1,15,0,12,0,33.0,34.6,1409.0589896388158,0,7.65
TSH_37,2026-01,77,30.96889507172832,0,0,1,16,0,1,0,33.0,34.6,1409.0589896388158,0,8.73
TSH_37,2026-02,78,30.96889507172832,0,0,1,17,0,2,0,33.0,34.6,1409.0589896388158,0,9.72
TSH_37,2026-03,79,30.96889507172832,0,0,1,18,0,3,0,33.0,34.6,1409.0589896388158,0,13.06
TSH_38,2024-12,64,1.7626651486901386,0,0,0,999,0,12,0,33.0,38.1,5311.275375789346,0,1.34
TSH_38,2025-01,65,1.7626651486901386,0,0,0,999,0,1,0,33.0,38.1,5311.275375789346,0,0.66
TSH_38,2025-02,66,1.7626651486901386,0,0,0,999,0,2,0,33.0,38.1,5311.275375789346,0,0.69
TSH_38,2025-03,67,1.7626651486901386,0,0,0,999,0,3,0,33.0,38.1,5311.275375789346,0,0.96
TSH_38,2025-04,68,1.7626651486901386,0,0,0,999,0,4,0,33.0,38.1,5311.275375789346,0,1.57
TSH_38,2025-05,69,1.7626651486901386,0,0,0,999,0,5,1,33.0,38.1,5311.275375789346,0,2.1
TSH_38,2025-06,70,1.7626651486901386,0,0,0,999,0,6,1,33.0,38.1,5311.275375789346,0,2.2
TSH_38,2025-07,71,1.7626651486901386,0,0,0,999,0,7,1,33.0,38.1,5311.275375789346,0,2.15
TSH_38,2025-08,72,1.7626651486901386,0,0,0,999,0,8,1,33.0,38.1,5311.275375789346,0,2.12
TSH_38,2025-09,73,1.7626651486901386,0,0,0,999,0,9,1,33.0,38.1,5311.275375789346,0,1.94
TSH_38,2025-10,74,1.7626651486901386,0,0,0,999,0,10,0,33.0,38.1,5311.275375789346,0,1.97
TSH_38,2025-11,75,1.7626651486901386,0,0,0,999,0,11,0,33.0,38.1,5311.275375789346,0,1.68
TSH_38,2025-12,76,1.7626651486901386,0,0,0,999,0,12,0,33.0,38.1,5311.275375789346,0,1.34
TSH_38,2026-01,77,1.7626651486901386,0,0,0,999,0,1,0,33.0,38.1,5311.275375789346,0,0.66
TSH_38,2026-02,78,1.7626651486901386,0,0,0,999,0,2,0,33.0,38.1,5311.275375789346,0,0.69
TSH_38,2026-03,79,1.7626651486901386,0,0,0,999,0,3,0,33.0,38.1,5311.275375789346,0,0.96
TSH_39,2024-12,64,6.298461512874639,0,0,0,999,0,12,0,33.0,34.6,4947.081114381364,0,3.96
TSH_39,2025-01,65,6.298461512874639,0,0,0,999,0,1,0,33.0,34.6,4947.081114381364,0,1.91
TSH_39,2025-02,66,6.298461512874639,0,0,0,999,0,2,0,33.0,34.6,4947.081114381364,0,1.98
TSH_39,2025-03,67,6.298461512874639,0,0,0,999,0,3,0,33.0,34.6,4947.081114381364,0,2.86
TSH_39,2025-04,68,6.298461512874639,0,0,0,999,0,4,0,33.0,34.6,4947.081114381364,0,6.1
TSH_39,2025-05,69,6.298461512874639,0,0,0,999,0,5,1,33.0,34.6,4947.081114381364,0,8.48
TSH_39,2025-06,70,6.298461512874639,0,0,0,999,0,6,1,33.0,34.6,4947.081114381364,0,8.81
TSH_39,2025-07,71,6.298461512874639,0,0,0,999,0,7,1,33.0,34.6,4947.081114381364,0,7.8
TSH_39,2025-08,72,6.298461512874639,0,0,0,999,0,8,1,33.0,34.6,4947.081114381364,0,7.71
TSH_39,2025-09,73,6.298461512874639,0,0,0,999,0,9,1,33.0,34.6,4947.081114381364,0,6.78
TSH_39,2025-10,74,6.298461512874639,0,0,0,999,0,10,0,33.0,34.6,4947.081114381364,0,6.56
TSH_39,2025-11,75,6.298461512874639,0,0,0,999,0,11,0,33.0,34.6,4947.081114381364,0,5.39
TSH_39,2025-12,76,6.298461512874639,0,0,0,999,0,12,0,33.0,34.6,4947.081114381364,0,3.96
TSH_39,2026-01,77,6.298461512874639,0,0,0,999,0,1,0,33.0,34.6,4947.081114381364,0,1.91
TSH_39,2026-02,78,6.298461512874639,0,0,0,999,0,2,0,33.0,34.6,4947.081114381364,0,1.98
TSH_39,2026-03,79,6.298461512874639,0,0,0,999,0,3,0,33.0,34.6,4947.081114381364,0,2.86
TSH_4,2024-12,64,34.613820316966574,0,0,0,999,0,12,0,33.0,34.6,1085.8957392107357,0,2.91
TSH_4,2025-01,65,34.613820316966574,0,0,0,999,0,1,0,33.0,34.6,1085.8957392107357,0,3.06
TSH_4,2025-02,66,34.613820316966574,0,0,0,999,0,2,0,33.0,34.6,1085.8957392107357,0,3.43
TSH_4,2025-03,67,34.613820316966574,0,0,0,999,0,3,0,33.0,34.6,1085.8957392107357,0,4.89
TSH_4,2025-04,68,34.613820316966574,0,0,0,999,0,4,0,33.0,34.6,1085.8957392107357,0,7.07
TSH_4,2025-05,69,34.613820316966574,0,0,0,999,0,5,1,33.0,34.6,1085.8957392107357,0,6.79
TSH_4,2025-06,70,34.613820316966574,0,0,0,999,0,6,1,33.0,34.6,1085.8957392107357,0,7.21
TSH_4,2025-07,71,34.613820316966574,0,0,0,999,0,7,1,33.0,34.6,1085.8957392107357,0,6.99
TSH_4,2025-08,72,34.613820316966574,0,0,0,999,0,8,1,33.0,34.6,1085.8957392107357,0,5.59
TSH_4,2025-09,73,34.613820316966574,0,0,0,999,0,9,1,33.0,34.6,1085.8957392107357,0,4.55
TSH_4,2025-10,74,34.613820316966574,0,0,0,999,0,10,0,33.0,34.6,1085.8957392107357,0,5.02
TSH_4,2025-11,75,34.613820316966574,0,0,0,999,0,11,0,33.0,34.6,1085.8957392107357,0,3.64
TSH_4,2025-12,76,34.613820316966574,0,0,0,999,0,12,0,33.0,34.6,1085.8957392107357,0,2.91
TSH_4,2026-01,77,34.613820316966574,0,0,0,999,0,1,0,33.0,34.6,1085.8957392107357,0,3.06
TSH_4,2026-02,78,34.613820316966574,0,0,0,999,0,2,0,33.0,34.6,1085.8957392107357,0,3.43
TSH_4,2026-03,79,34.613820316966574,0,0,0,999,0,3,0,33.0,34.6,1085.8957392107357,0,4.89
TSH_40,2024-12,64,3.12568403373796,0,0,0,999,0,12,0,33.0,38.1,19912.76127982997,0,1.66
TSH_40,2025-01,65,3.12568403373796,0,0,0,999,0,1,0,33.0,38.1,19912.76127982997,0,0.73
TSH_40,2025-02,66,3.12568403373796,0,0,0,999,0,2,0,33.0,38.1,19912.76127982997,0,0.74
TSH_40,2025-03,67,3.12568403373796,0,0,0,999,0,3,0,33.0,38.1,19912.76127982997,0,1.02
TSH_40,2025-04,68,3.12568403373796,0,0,0,999,0,4,0,33.0,38.1,19912.76127982997,0,1.58
TSH_40,2025-05,69,3.12568403373796,0,0,0,999,0,5,1,33.0,38.1,19912.76127982997,0,1.99
TSH_40,2025-06,70,3.12568403373796,0,0,0,999,0,6,1,33.0,38.1,19912.76127982997,0,2.17
TSH_40,2025-07,71,3.12568403373796,0,0,0,999,0,7,1,33.0,38.1,19912.76127982997,0,2.12
TSH_40,2025-08,72,3.12568403373796,0,0,0,999,0,8,1,33.0,38.1,19912.76127982997,0,2.22
TSH_40,2025-09,73,3.12568403373796,0,0,0,999,0,9,1,33.0,38.1,19912.76127982997,0,2.03
TSH_40,2025-10,74,3.12568403373796,0,0,0,999,0,10,0,33.0,38.1,19912.76127982997,0,2.12
TSH_40,2025-11,75,3.12568403373796,0,0,0,999,0,11,0,33.0,38.1,19912.76127982997,0,2.0
TSH_40,2025-12,76,3.12568403373796,0,0,0,999,0,12,0,33.0,38.1,19912.76127982997,0,1.66
TSH_40,2026-01,77,3.12568403373796,0,0,0,999,0,1,0,33.0,38.1,19912.76127982997,0,0.73
TSH_40,2026-02,78,3.12568403373796,0,0,0,999,0,2,0,33.0,38.1,19912.76127982997,0,0.74
TSH_40,2026-03,79,3.12568403373796,0,0,0,999,0,3,0,33.0,38.1,19912.76127982997,0,1.02
TSH_41,2024-12,64,16.324508957941845,0,0,0,999,0,12,0,33.0,31.9,1128.1196909166845,0,1.09
TSH_41,2025-01,65,16.324508957941845,0,0,0,999,0,1,0,33.0,31.9,1128.1196909166845,0,0.96
TSH_41,2025-02,66,16.324508957941845,0,0,0,999,0,2,0,33.0,31.9,1128.1196909166845,0,1.04
TSH_41,2025-03,67,16.324508957941845,0,0,0,999,0,3,0,33.0,31.9,1128.1196909166845,0,1.49
TSH_41,2025-04,68,16.324508957941845,0,0,0,999,0,4,0,33.0,31.9,1128.1196909166845,0,2.43
TSH_41,2025-05,69,16.324508957941845,0,0,0,999,0,5,1,33.0,31.9,1128.1196909166845,0,2.36
TSH_41,2025-06,70,16.324508957941845,0,0,0,999,0,6,1,33.0,31.9,1128.1196909166845,0,2.47
TSH_41,2025-07,71,16.324508957941845,0,0,0,999,0,7,1,33.0,31.9,1128.1196909166845,0,2.35
TSH_41,2025-08,72,16.324508957941845,0,0,0,999,0,8,1,33.0,31.9,1128.1196909166845,0,1.99
TSH_41,2025-09,73,16.324508957941845,0,0,0,999,0,9,1,33.0,31.9,1128.1196909166845,0,1.68
TSH_41,2025-10,74,16.324508957941845,0,0,0,999,0,10,0,33.0,31.9,1128.1196909166845,0,1.97
TSH_41,2025-11,75,16.324508957941845,0,0,0,999,0,11,0,33.0,31.9,1128.1196909166845,0,1.38
TSH_41,2025-12,76,16.324508957941845,0,0,0,999,0,12,0,33.0,31.9,1128.1196909166845,0,1.09
TSH_41,2026-01,77,16.324508957941845,0,0,0,999,0,1,0,33.0,31.9,1128.1196909166845,0,0.96
TSH_41,2026-02,78,16.324508957941845,0,0,0,999,0,2,0,33.0,31.9,1128.1196909166845,0,1.04
TSH_41,2026-03,79,16.324508957941845,0,0,0,999,0,3,0,33.0,31.9,1128.1196909166845,0,1.49
TSH_42,2024-12,64,15.56683061725637,0,0,0,999,0,12,0,33.0,31.9,1310.0932682721264,0,1.09
TSH_42,2025-01,65,15.56683061725637,0,0,0,999,0,1,0,33.0,31.9,1310.0932682721264,0,0.96
TSH_42,2025-02,66,15.56683061725637,0,0,0,999,0,2,0,33.0,31.9,1310.0932682721264,0,1.04
TSH_42,2025-03,67,15.56683061725637,0,0,0,999,0,3,0,33.0,31.9,1310.0932682721264,0,1.49
TSH_42,2025-04,68,15.56683061725637,0,0,0,999,0,4,0,33.0,31.9,1310.0932682721264,0,2.43
TSH_42,2025-05,69,15.56683061725637,0,0,0,999,0,5,1,33.0,31.9,1310.0932682721264,0,2.36
TSH_42,2025-06,70,15.56683061725637,0,0,0,999,0,6,1,33.0,31.9,1310.0932682721264,0,2.47
TSH_42,2025-07,71,15.56683061725637,0,0,0,999,0,7,1,33.0,31.9,1310.0932682721264,0,2.35
TSH_42,2025-08,72,15.56683061725637,0,0,0,999,0,8,1,33.0,31.9,1310.0932682721264,0,1.99
TSH_42,2025-09,73,15.56683061725637,0,0,0,999,0,9,1,33.0,31.9,1310.0932682721264,0,1.68
TSH_42,2025-10,74,15.56683061725637,0,0,0,999,0,10,0,33.0,31.9,1310.0932682721264,0,1.97
TSH_42,2025-11,75,15.56683061725637,0,0,0,999,0,11,0,33.0,31.9,1310.0932682721264,0,1.38
TSH_42,2025-12,76,15.56683061725637,0,0,0,999,0,12,0,33.0,31.9,1310.0932682721264,0,1.09
TSH_42,2026-01,77,15.56683061725637,0,0,0,999,0,1,0,33.0,31.9,1310.0932682721264,0,0.96
TSH_42,2026-02,78,15.56683061725637,0,0,0,999,0,2,0,33.0,31.9,1310.0932682721264,0,1.04
TSH_42,2026-03,79,15.56683061725637,0,0,0,999,0,3,0,33.0,31.9,1310.0932682721264,0,1.49
TSH_43,2024-12,64,8.362014821224543,0,0,0,999,0,12,0,33.0,38.1,3128.073862486833,0,2.91
TSH_43,2025-01,65,8.362014821224543,0,0,0,999,0,1,0,33.0,38.1,3128.073862486833,0,2.07
TSH_43,2025-02,66,8.362014821224543,0,0,0,999,0,2,0,33.0,38.1,3128.073862486833,0,2.31
TSH_43,2025-03,67,8.362014821224543,0,0,0,999,0,3,0,33.0,38.1,3128.073862486833,0,3.2
TSH_43,2025-04,68,8.362014821224543,0,0,0,999,0,4,0,33.0,38.1,3128.073862486833,0,6.25
TSH_43,2025-05,69,8.362014821224543,0,0,0,999,0,5,1,33.0,38.1,3128.073862486833,0,8.05
TSH_43,2025-06,70,8.362014821224543,0,0,0,999,0,6,1,33.0,38.1,3128.073862486833,0,7.81
TSH_43,2025-07,71,8.362014821224543,0,0,0,999,0,7,1,33.0,38.1,3128.073862486833,0,6.77
TSH_43,2025-08,72,8.362014821224543,0,0,0,999,0,8,1,33.0,38.1,3128.073862486833,0,6.16
TSH_43,2025-09,73,8.362014821224543,0,0,0,999,0,9,1,33.0,38.1,3128.073862486833,0,5.41
TSH_43,2025-10,74,8.362014821224543,0,0,0,999,0,10,0,33.0,38.1,3128.073862486833,0,5.38
TSH_43,2025-11,75,8.362014821224543,0,0,0,999,0,11,0,33.0,38.1,3128.073862486833,0,3.9
TSH_43,2025-12,76,8.362014821224543,0,0,0,999,0,12,0,33.0,38.1,3128.073862486833,0,2.91
TSH_43,2026-01,77,8.362014821224543,0,0,0,999,0,1,0,33.0,38.1,3128.073862486833,0,2.07
TSH_43,2026-02,78,8.362014821224543,0,0,0,999,0,2,0,33.0,38.1,3128.073862486833,0,2.31
TSH_43,2026-03,79,8.362014821224543,0,0,0,999,0,3,0,33.0,38.1,3128.073862486833,0,3.2
TSH_44,2024-12,64,9.036037481771384,0,0,0,999,0,12,0,33.0,31.9,2002.4263994589955,0,3.76
TSH_44,2025-01,65,9.036037481771384,0,0,0,999,0,1,0,33.0,31.9,2002.4263994589955,0,3.26
TSH_44,2025-02,66,9.036037481771384,0,0,0,999,0,2,0,33.0,31.9,2002.4263994589955,0,3.5
TSH_44,2025-03,67,9.036037481771384,0,0,0,999,0,3,0,33.0,31.9,2002.4263994589955,0,4.82
TSH_44,2025-04,68,9.036037481771384,0,0,0,999,0,4,0,33.0,31.9,2002.4263994589955,0,8.77
TSH_44,2025-05,69,9.036037481771384,0,0,0,999,0,5,1,33.0,31.9,2002.4263994589955,0,9.39
TSH_44,2025-06,70,9.036037481771384,0,0,0,999,0,6,1,33.0,31.9,2002.4263994589955,0,9.2
TSH_44,2025-07,71,9.036037481771384,0,0,0,999,0,7,1,33.0,31.9,2002.4263994589955,0,7.88
TSH_44,2025-08,72,9.036037481771384,0,0,0,999,0,8,1,33.0,31.9,2002.4263994589955,0,6.72
TSH_44,2025-09,73,9.036037481771384,0,0,0,999,0,9,1,33.0,31.9,2002.4263994589955,0,5.57
TSH_44,2025-10,74,9.036037481771384,0,0,0,999,0,10,0,33.0,31.9,2002.4263994589955,0,6.44
TSH_44,2025-11,75,9.036037481771384,0,0,0,999,0,11,0,33.0,31.9,2002.4263994589955,0,4.88
TSH_44,2025-12,76,9.036037481771384,0,0,0,999,0,12,0,33.0,31.9,2002.4263994589955,0,3.76
TSH_44,2026-01,77,9.036037481771384,0,0,0,999,0,1,0,33.0,31.9,2002.4263994589955,0,3.26
TSH_44,2026-02,78,9.036037481771384,0,0,0,999,0,2,0,33.0,31.9,2002.4263994589955,0,3.5
TSH_44,2026-03,79,9.036037481771384,0,0,0,999,0,3,0,33.0,31.9,2002.4263994589955,0,4.82
TSH_45,2024-12,64,8.316279355030021,0,0,0,999,0,12,0,33.0,31.9,1337.3769116200945,0,0.85
TSH_45,2025-01,65,8.316279355030021,0,0,0,999,0,1,0,33.0,31.9,1337.3769116200945,0,0.84
TSH_45,2025-02,66,8.316279355030021,0,0,0,999,0,2,0,33.0,31.9,1337.3769116200945,0,0.91
TSH_45,2025-03,67,8.316279355030021,0,0,0,999,0,3,0,33.0,31.9,1337.3769116200945,0,1.26
TSH_45,2025-04,68,8.316279355030021,0,0,0,999,0,4,0,33.0,31.9,1337.3769116200945,0,2.25
TSH_45,2025-05,69,8.316279355030021,0,0,0,999,0,5,1,33.0,31.9,1337.3769116200945,0,2.51
TSH_45,2025-06,70,8.316279355030021,0,0,0,999,0,6,1,33.0,31.9,1337.3769116200945,0,2.45
TSH_45,2025-07,71,8.316279355030021,0,0,0,999,0,7,1,33.0,31.9,1337.3769116200945,0,2.02
TSH_45,2025-08,72,8.316279355030021,0,0,0,999,0,8,1,33.0,31.9,1337.3769116200945,0,1.61
TSH_45,2025-09,73,8.316279355030021,0,0,0,999,0,9,1,33.0,31.9,1337.3769116200945,0,1.3
TSH_45,2025-10,74,8.316279355030021,0,0,0,999,0,10,0,33.0,31.9,1337.3769116200945,0,1.46
TSH_45,2025-11,75,8.316279355030021,0,0,0,999,0,11,0,33.0,31.9,1337.3769116200945,0,1.07
TSH_45,2025-12,76,8.316279355030021,0,0,0,999,0,12,0,33.0,31.9,1337.3769116200945,0,0.85
TSH_45,2026-01,77,8.316279355030021,0,0,0,999,0,1,0,33.0,31.9,1337.3769116200945,0,0.84
TSH_45,2026-02,78,8.316279355030021,0,0,0,999,0,2,0,33.0,31.9,1337.3769116200945,0,0.91
TSH_45,2026-03,79,8.316279355030021,0,0,0,999,0,3,0,33.0,31.9,1337.3769116200945,0,1.26
TSH_46,2024-12,64,17.194857745469548,0,0,0,999,0,12,0,33.0,31.9,1203.9064414740064,0,1.09
TSH_46,2025-01,65,17.194857745469548,0,0,0,999,0,1,0,33.0,31.9,1203.9064414740064,0,0.96
TSH_46,2025-02,66,17.194857745469548,0,0,0,999,0,2,0,33.0,31.9,1203.9064414740064,0,1.04
TSH_46,2025-03,67,17.194857745469548,0,0,0,999,0,3,0,33.0,31.9,1203.9064414740064,0,1.49
TSH_46,2025-04,68,17.194857745469548,0,0,0,999,0,4,0,33.0,31.9,1203.9064414740064,0,2.43
TSH_46,2025-05,69,17.194857745469548,0,0,0,999,0,5,1,33.0,31.9,1203.9064414740064,0,2.36
TSH_46,2025-06,70,17.194857745469548,0,0,0,999,0,6,1,33.0,31.9,1203.9064414740064,0,2.47
TSH_46,2025-07,71,17.194857745469548,0,0,0,999,0,7,1,33.0,31.9,1203.9064414740064,0,2.35
TSH_46,2025-08,72,17.194857745469548,0,0,0,999,0,8,1,33.0,31.9,1203.9064414740064,0,1.99
TSH_46,2025-09,73,17.194857745469548,0,0,0,999,0,9,1,33.0,31.9,1203.9064414740064,0,1.68
TSH_46,2025-10,74,17.194857745469548,0,0,0,999,0,10,0,33.0,31.9,1203.9064414740064,0,1.97
TSH_46,2025-11,75,17.194857745469548,0,0,0,999,0,11,0,33.0,31.9,1203.9064414740064,0,1.38
TSH_46,2025-12,76,17.194857745469548,0,0,0,999,0,12,0,33.0,31.9,1203.9064414740064,0,1.09
TSH_46,2026-01,77,17.194857745469548,0,0,0,999,0,1,0,33.0,31.9,1203.9064414740064,0,0.96
TSH_46,2026-02,78,17.194857745469548,0,0,0,999,0,2,0,33.0,31.9,1203.9064414740064,0,1.04
TSH_46,2026-03,79,17.194857745469548,0,0,0,999,0,3,0,33.0,31.9,1203.9064414740064,0,1.49
TSH_47,2024-12,64,13.735185180523056,0,0,0,999,0,12,0,33.0,31.9,1194.5961983291702,0,1.09
TSH_47,2025-01,65,13.735185180523056,0,0,0,999,0,1,0,33.0,31.9,1194.5961983291702,0,0.96
TSH_47,2025-02,66,13.735185180523056,0,0,0,999,0,2,0,33.0,31.9,1194.5961983291702,0,1.04
TSH_47,2025-03,67,13.735185180523056,0,0,0,999,0,3,0,33.0,31.9,1194.5961983291702,0,1.49
TSH_47,2025-04,68,13.735185180523056,0,0,0,999,0,4,0,33.0,31.9,1194.5961983291702,0,2.43
TSH_47,2025-05,69,13.735185180523056,0,0,0,999,0,5,1,33.0,31.9,1194.5961983291702,0,2.36
TSH_47,2025-06,70,13.735185180523056,0,0,0,999,0,6,1,33.0,31.9,1194.5961983291702,0,2.47
TSH_47,2025-07,71,13.735185180523056,0,0,0,999,0,7,1,33.0,31.9,1194.5961983291702,0,2.35
TSH_47,2025-08,72,13.735185180523056,0,0,0,999,0,8,1,33.0,31.9,1194.5961983291702,0,1.99
TSH_47,2025-09,73,13.735185180523056,0,0,0,999,0,9,1,33.0,31.9,1194.5961983291702,0,1.68
TSH_47,2025-10,74,13.735185180523056,0,0,0,999,0,10,0,33.0,31.9,1194.5961983291702,0,1.97
TSH_47,2025-11,75,13.735185180523056,0,0,0,999,0,11,0,33.0,31.9,1194.5961983291702,0,1.38
TSH_47,2025-12,76,13.735185180523056,0,0,0,999,0,12,0,33.0,31.9,1194.5961983291702,0,1.09
TSH_47,2026-01,77,13.735185180523056,0,0,0,999,0,1,0,33.0,31.9,1194.5961983291702,0,0.96
TSH_47,2026-02,78,13.735185180523056,0,0,0,999,0,2,0,33.0,31.9,1194.5961983291702,0,1.04
TSH_47,2026-03,79,13.735185180523056,0,0,0,999,0,3,0,33.0,31.9,1194.5961983291702,0,1.49
TSH_48,2024-12,64,177.18363568224743,0,0,0,999,0,12,0,33.0,34.6,202.5977165542305,0,2.94
TSH_48,2025-01,65,177.18363568224743,0,0,0,999,0,1,0,33.0,34.6,202.5977165542305,0,4.76
TSH_48,2025-02,66,177.18363568224743,0,0,0,999,0,2,0,33.0,34.6,202.5977165542305,0,5.14
TSH_48,2025-03,67,177.18363568224743,0,0,0,999,0,3,0,33.0,34.6,202.5977165542305,0,7.58
TSH_48,2025-04,68,177.18363568224743,0,0,0,999,0,4,0,33.0,34.6,202.5977165542305,0,11.26
TSH_48,2025-05,69,177.18363568224743,0,0,0,999,0,5,1,33.0,34.6,202.5977165542305,0,12.47
TSH_48,2025-06,70,177.18363568224743,0,0,0,999,0,6,1,33.0,34.6,202.5977165542305,0,12.47
TSH_48,2025-07,71,177.18363568224743,0,0,0,999,0,7,1,33.0,34.6,202.5977165542305,0,11.75
TSH_48,2025-08,72,177.18363568224743,0,0,0,999,0,8,1,33.0,34.6,202.5977165542305,0,8.25
TSH_48,2025-09,73,177.18363568224743,0,0,0,999,0,9,1,33.0,34.6,202.5977165542305,0,5.59
TSH_48,2025-10,74,177.18363568224743,0,0,0,999,0,10,0,33.0,34.6,202.5977165542305,0,5.04
TSH_48,2025-11,75,177.18363568224743,0,0,0,999,0,11,0,33.0,34.6,202.5977165542305,0,3.62
TSH_48,2025-12,76,177.18363568224743,0,0,0,999,0,12,0,33.0,34.6,202.5977165542305,0,2.94
TSH_48,2026-01,77,177.18363568224743,0,0,0,999,0,1,0,33.0,34.6,202.5977165542305,0,4.76
TSH_48,2026-02,78,177.18363568224743,0,0,0,999,0,2,0,33.0,34.6,202.5977165542305,0,5.14
TSH_48,2026-03,79,177.18363568224743,0,0,0,999,0,3,0,33.0,34.6,202.5977165542305,0,7.58
TSH_49,2024-12,64,105.23103819378156,0,0,0,999,0,12,0,33.0,73.3,336.6402214408009,1,4.78
TSH_49,2025-01,65,105.23103819378156,1,1,1,0,0,1,0,33.0,73.3,336.6402214408009,0,54.56
TSH_49,2025-02,66,105.23103819378156,0,0,1,1,0,2,0,33.0,73.3,336.6402214408009,0,52.22
TSH_49,2025-03,67,105.23103819378156,0,0,1,2,0,3,0,33.0,73.3,336.6402214408009,0,54.31
TSH_49,2025-04,68,105.23103819378156,0,0,1,3,0,4,0,33.0,73.3,336.6402214408009,0,57.11
TSH_49,2025-05,69,105.23103819378156,0,0,1,4,0,5,1,33.0,73.3,336.6402214408009,0,42.2
TSH_49,2025-06,70,105.23103819378156,0,0,1,5,0,6,1,33.0,73.3,336.6402214408009,0,44.82
TSH_49,2025-07,71,105.23103819378156,0,0,1,6,0,7,1,33.0,73.3,336.6402214408009,0,44.44
TSH_49,2025-08,72,105.23103819378156,0,0,1,7,0,8,1,33.0,73.3,336.6402214408009,0,30.29
TSH_49,2025-09,73,105.23103819378156,0,0,1,8,0,9,1,33.0,73.3,336.6402214408009,0,11.37
TSH_49,2025-10,74,105.23103819378156,0,0,1,9,0,10,0,33.0,73.3,336.6402214408009,0,13.78
TSH_49,2025-11,75,105.23103819378156,0,0,1,10,0,11,0,33.0,73.3,336.6402214408009,0,12.35
TSH_49,2025-12,76,105.23103819378156,0,0,1,11,0,12,0,33.0,73.3,336.6402214408009,0,11.43
TSH_49,2026-01,77,105.23103819378156,0,0,1,12,0,1,0,33.0,73.3,336.6402214408009,0,18.43
TSH_49,2026-02,78,105.23103819378156,0,0,1,13,0,2,0,33.0,73.3,336.6402214408009,0,19.29
TSH_49,2026-03,79,105.23103819378156,0,0,1,14,0,3,0,33.0,73.3,336.6402214408009,0,21.4
TSH_5,2024-12,64,13.161588934779893,0,0,1,25,0,12,0,33.0,38.1,2084.626722195898,0,82.85
TSH_5,2025-01,65,13.161588934779893,0,0,1,26,0,1,0,33.0,38.1,2084.626722195898,0,69.02
TSH_5,2025-02,66,13.161588934779893,0,0,1,27,0,2,0,33.0,38.1,2084.626722195898,0,71.34
TSH_5,2025-03,67,13.161588934779893,0,0,1,28,0,3,0,33.0,38.1,2084.626722195898,0,78.08
TSH_5,2025-04,68,13.161588934779893,0,0,1,29,0,4,0,33.0,38.1,2084.626722195898,0,87.11
TSH_5,2025-05,69,13.161588934779893,0,0,1,30,0,5,1,33.0,38.1,2084.626722195898,0,84.76
TSH_5,2025-06,70,13.161588934779893,0,0,1,31,0,6,1,33.0,38.1,2084.626722195898,0,85.15
TSH_5,2025-07,71,13.161588934779893,0,0,1,32,0,7,1,33.0,38.1,2084.626722195898,0,91.71
TSH_5,2025-08,72,13.161588934779893,0,0,1,33,0,8,1,33.0,38.1,2084.626722195898,0,94.01
TSH_5,2025-09,73,13.161588934779893,0,0,1,34,0,9,1,33.0,38.1,2084.626722195898,0,92.29
TSH_5,2025-10,74,13.161588934779893,0,0,1,35,0,10,0,33.0,38.1,2084.626722195898,0,88.96
TSH_5,2025-11,75,13.161588934779893,0,0,1,36,0,11,0,33.0,38.1,2084.626722195898,0,84.82
TSH_5,2025-12,76,13.161588934779893,0,0,1,37,0,12,0,33.0,38.1,2084.626722195898,0,80.51
TSH_5,2026-01,77,13.161588934779893,0,0,1,38,0,1,0,33.0,38.1,2084.626722195898,0,64.43
TSH_5,2026-02,78,13.161588934779893,0,0,1,39,0,2,0,33.0,38.1,2084.626722195898,0,66.93
TSH_5,2026-03,79,13.161588934779893,0,0,1,40,0,3,0,33.0,38.1,2084.626722195898,1,75.04
TSH_50,2024-12,64,15.018383339276006,0,0,0,999,0,12,0,33.0,38.1,1388.1653923081326,0,3.05
TSH_50,2025-01,65,15.018383339276006,0,0,0,999,0,1,0,33.0,38.1,1388.1653923081326,0,3.12
TSH_50,2025-02,66,15.018383339276006,0,0,0,999,0,2,0,33.0,38.1,1388.1653923081326,0,3.43
TSH_50,2025-03,67,15.018383339276006,0,0,0,999,0,3,0,33.0,38.1,1388.1653923081326,0,4.89
TSH_50,2025-04,68,15.018383339276006,0,0,0,999,0,4,0,33.0,38.1,1388.1653923081326,0,6.48
TSH_50,2025-05,69,15.018383339276006,0,0,0,999,0,5,1,33.0,38.1,1388.1653923081326,0,5.9
TSH_50,2025-06,70,15.018383339276006,0,0,0,999,0,6,1,33.0,38.1,1388.1653923081326,0,6.07
TSH_50,2025-07,71,15.018383339276006,0,0,0,999,0,7,1,33.0,38.1,1388.1653923081326,0,5.88
TSH_50,2025-08,72,15.018383339276006,0,0,0,999,0,8,1,33.0,38.1,1388.1653923081326,0,5.02
TSH_50,2025-09,73,15.018383339276006,0,0,0,999,0,9,1,33.0,38.1,1388.1653923081326,0,4.4
TSH_50,2025-10,74,15.018383339276006,0,0,0,999,0,10,0,33.0,38.1,1388.1653923081326,0,5.28
TSH_50,2025-11,75,15.018383339276006,0,0,0,999,0,11,0,33.0,38.1,1388.1653923081326,0,3.74
TSH_50,2025-12,76,15.018383339276006,0,0,0,999,0,12,0,33.0,38.1,1388.1653923081326,0,3.05
TSH_50,2026-01,77,15.018383339276006,0,0,0,999,0,1,0,33.0,38.1,1388.1653923081326,0,3.12
TSH_50,2026-02,78,15.018383339276006,0,0,0,999,0,2,0,33.0,38.1,1388.1653923081326,0,3.43
TSH_50,2026-03,79,15.018383339276006,0,0,0,999,0,3,0,33.0,38.1,1388.1653923081326,0,4.89
TSH_51,2024-12,64,20.048261695096297,0,0,0,999,0,12,0,33.0,34.6,1280.709539335284,0,2.91
TSH_51,2025-01,65,20.048261695096297,0,0,0,999,0,1,0,33.0,34.6,1280.709539335284,0,3.06
TSH_51,2025-02,66,20.048261695096297,0,0,0,999,0,2,0,33.0,34.6,1280.709539335284,0,3.43
TSH_51,2025-03,67,20.048261695096297,0,0,0,999,0,3,0,33.0,34.6,1280.709539335284,0,4.89
TSH_51,2025-04,68,20.048261695096297,0,0,0,999,0,4,0,33.0,34.6,1280.709539335284,0,7.07
TSH_51,2025-05,69,20.048261695096297,0,0,0,999,0,5,1,33.0,34.6,1280.709539335284,0,6.79
TSH_51,2025-06,70,20.048261695096297,0,0,0,999,0,6,1,33.0,34.6,1280.709539335284,0,7.21
TSH_51,2025-07,71,20.048261695096297,0,0,0,999,0,7,1,33.0,34.6,1280.709539335284,0,6.99
TSH_51,2025-08,72,20.048261695096297,0,0,0,999,0,8,1,33.0,34.6,1280.709539335284,0,5.59
TSH_51,2025-09,73,20.048261695096297,0,0,0,999,0,9,1,33.0,34.6,1280.709539335284,0,4.55
TSH_51,2025-10,74,20.048261695096297,0,0,0,999,0,10,0,33.0,34.6,1280.709539335284,0,5.02
TSH_51,2025-11,75,20.048261695096297,0,0,0,999,0,11,0,33.0,34.6,1280.709539335284,0,3.64
TSH_51,2025-12,76,20.048261695096297,0,0,0,999,0,12,0,33.0,34.6,1280.709539335284,0,2.91
TSH_51,2026-01,77,20.048261695096297,0,0,0,999,0,1,0,33.0,34.6,1280.709539335284,0,3.06
TSH_51,2026-02,78,20.048261695096297,0,0,0,999,0,2,0,33.0,34.6,1280.709539335284,0,3.43
TSH_51,2026-03,79,20.048261695096297,0,0,0,999,0,3,0,33.0,34.6,1280.709539335284,0,4.89
TSH_52,2024-12,64,15.22978443257048,0,0,0,999,0,12,0,33.0,34.6,1394.963933604034,0,2.61
TSH_52,2025-01,65,15.22978443257048,0,0,0,999,0,1,0,33.0,34.6,1394.963933604034,0,2.46
TSH_52,2025-02,66,15.22978443257048,0,0,0,999,0,2,0,33.0,34.6,1394.963933604034,0,2.64
TSH_52,2025-03,67,15.22978443257048,0,0,0,999,0,3,0,33.0,34.6,1394.963933604034,0,3.78
TSH_52,2025-04,68,15.22978443257048,0,0,0,999,0,4,0,33.0,34.6,1394.963933604034,0,5.52
TSH_52,2025-05,69,15.22978443257048,0,0,0,999,0,5,1,33.0,34.6,1394.963933604034,0,5.28
TSH_52,2025-06,70,15.22978443257048,0,0,0,999,0,6,1,33.0,34.6,1394.963933604034,0,5.61
TSH_52,2025-07,71,15.22978443257048,0,0,0,999,0,7,1,33.0,34.6,1394.963933604034,0,5.43
TSH_52,2025-08,72,15.22978443257048,0,0,0,999,0,8,1,33.0,34.6,1394.963933604034,0,4.63
TSH_52,2025-09,73,15.22978443257048,0,0,0,999,0,9,1,33.0,34.6,1394.963933604034,0,3.93
TSH_52,2025-10,74,15.22978443257048,0,0,0,999,0,10,0,33.0,34.6,1394.963933604034,0,4.63
TSH_52,2025-11,75,15.22978443257048,0,0,0,999,0,11,0,33.0,34.6,1394.963933604034,0,3.27
TSH_52,2025-12,76,15.22978443257048,0,0,0,999,0,12,0,33.0,34.6,1394.963933604034,0,2.61
TSH_52,2026-01,77,15.22978443257048,0,0,0,999,0,1,0,33.0,34.6,1394.963933604034,0,2.46
TSH_52,2026-02,78,15.22978443257048,0,0,0,999,0,2,0,33.0,34.6,1394.963933604034,0,2.64
TSH_52,2026-03,79,15.22978443257048,0,0,0,999,0,3,0,33.0,34.6,1394.963933604034,0,3.78
TSH_53,2024-12,64,10.342948140610115,0,0,0,999,0,12,0,33.0,34.6,2308.5294130259003,0,8.5
TSH_53,2025-01,65,10.342948140610115,0,0,0,999,0,1,0,33.0,34.6,2308.5294130259003,0,5.75
TSH_53,2025-02,66,10.342948140610115,0,0,0,999,0,2,0,33.0,34.6,2308.5294130259003,0,6.25
TSH_53,2025-03,67,10.342948140610115,0,0,0,999,0,3,0,33.0,34.6,2308.5294130259003,0,8.52
TSH_53,2025-04,68,10.342948140610115,0,0,0,999,0,4,0,33.0,34.6,2308.5294130259003,0,17.58
TSH_53,2025-05,69,10.342948140610115,0,0,0,999,0,5,1,33.0,34.6,2308.5294130259003,0,20.5
TSH_53,2025-06,70,10.342948140610115,0,0,0,999,0,6,1,33.0,34.6,2308.5294130259003,0,19.94
TSH_53,2025-07,71,10.342948140610115,0,0,0,999,0,7,1,33.0,34.6,2308.5294130259003,0,17.59
TSH_53,2025-08,72,10.342948140610115,0,0,0,999,0,8,1,33.0,34.6,2308.5294130259003,0,16.01
TSH_53,2025-09,73,10.342948140610115,0,0,0,999,0,9,1,33.0,34.6,2308.5294130259003,0,13.64
TSH_53,2025-10,74,10.342948140610115,0,0,0,999,0,10,0,33.0,34.6,2308.5294130259003,0,14.68
TSH_53,2025-11,75,10.342948140610115,0,0,0,999,0,11,0,33.0,34.6,2308.5294130259003,0,11.38
TSH_53,2025-12,76,10.342948140610115,0,0,0,999,0,12,0,33.0,34.6,2308.5294130259003,0,8.5
TSH_53,2026-01,77,10.342948140610115,0,0,0,999,0,1,0,33.0,34.6,2308.5294130259003,0,5.75
TSH_53,2026-02,78,10.342948140610115,0,0,0,999,0,2,0,33.0,34.6,2308.5294130259003,0,6.25
TSH_53,2026-03,79,10.342948140610115,0,0,0,999,0,3,0,33.0,34.6,2308.5294130259003,0,8.52
TSH_54,2024-12,64,10.952609533464562,0,0,0,999,0,12,0,33.0,34.6,1901.921175620572,0,4.17
TSH_54,2025-01,65,10.952609533464562,0,0,0,999,0,1,0,33.0,34.6,1901.921175620572,0,3.91
TSH_54,2025-02,66,10.952609533464562,0,0,0,999,0,2,0,33.0,34.6,1901.921175620572,0,4.19
TSH_54,2025-03,67,10.952609533464562,0,0,0,999,0,3,0,33.0,34.6,1901.921175620572,0,5.75
TSH_54,2025-04,68,10.952609533464562,0,0,0,999,0,4,0,33.0,34.6,1901.921175620572,0,9.47
TSH_54,2025-05,69,10.952609533464562,0,0,0,999,0,5,1,33.0,34.6,1901.921175620572,0,9.79
TSH_54,2025-06,70,10.952609533464562,0,0,0,999,0,6,1,33.0,34.6,1901.921175620572,0,9.76
TSH_54,2025-07,71,10.952609533464562,0,0,0,999,0,7,1,33.0,34.6,1901.921175620572,0,8.48
TSH_54,2025-08,72,10.952609533464562,0,0,0,999,0,8,1,33.0,34.6,1901.921175620572,0,7.24
TSH_54,2025-09,73,10.952609533464562,0,0,0,999,0,9,1,33.0,34.6,1901.921175620572,0,6.07
TSH_54,2025-10,74,10.952609533464562,0,0,0,999,0,10,0,33.0,34.6,1901.921175620572,0,7.11
TSH_54,2025-11,75,10.952609533464562,0,0,0,999,0,11,0,33.0,34.6,1901.921175620572,0,5.4
TSH_54,2025-12,76,10.952609533464562,0,0,0,999,0,12,0,33.0,34.6,1901.921175620572,0,4.17
TSH_54,2026-01,77,10.952609533464562,0,0,0,999,0,1,0,33.0,34.6,1901.921175620572,0,3.91
TSH_54,2026-02,78,10.952609533464562,0,0,0,999,0,2,0,33.0,34.6,1901.921175620572,0,4.19
TSH_54,2026-03,79,10.952609533464562,0,0,0,999,0,3,0,33.0,34.6,1901.921175620572,0,5.75
TSH_55,2024-12,64,108.6404416060091,0,0,0,999,0,12,0,33.0,34.6,237.68312810845327,0,4.08
TSH_55,2025-01,65,108.6404416060091,0,0,0,999,0,1,0,33.0,34.6,237.68312810845327,0,6.56
TSH_55,2025-02,66,108.6404416060091,0,0,0,999,0,2,0,33.0,34.6,237.68312810845327,0,7.07
TSH_55,2025-03,67,108.6404416060091,0,0,0,999,0,3,0,33.0,34.6,237.68312810845327,0,10.12
TSH_55,2025-04,68,108.6404416060091,0,0,0,999,0,4,0,33.0,34.6,237.68312810845327,0,14.83
TSH_55,2025-05,69,108.6404416060091,0,0,0,999,0,5,1,33.0,34.6,237.68312810845327,0,16.67
TSH_55,2025-06,70,108.6404416060091,0,0,0,999,0,6,1,33.0,34.6,237.68312810845327,0,16.66
TSH_55,2025-07,71,108.6404416060091,0,0,0,999,0,7,1,33.0,34.6,237.68312810845327,0,15.74
TSH_55,2025-08,72,108.6404416060091,0,0,0,999,0,8,1,33.0,34.6,237.68312810845327,0,11.21
TSH_55,2025-09,73,108.6404416060091,0,0,0,999,0,9,1,33.0,34.6,237.68312810845327,0,7.67
TSH_55,2025-10,74,108.6404416060091,0,0,0,999,0,10,0,33.0,34.6,237.68312810845327,0,6.93
TSH_55,2025-11,75,108.6404416060091,0,0,0,999,0,11,0,33.0,34.6,237.68312810845327,0,5.01
TSH_55,2025-12,76,108.6404416060091,0,0,0,999,0,12,0,33.0,34.6,237.68312810845327,0,4.08
TSH_55,2026-01,77,108.6404416060091,0,0,0,999,0,1,0,33.0,34.6,237.68312810845327,0,6.56
TSH_55,2026-02,78,108.6404416060091,0,0,0,999,0,2,0,33.0,34.6,237.68312810845327,0,7.07
TSH_55,2026-03,79,108.6404416060091,0,0,0,999,0,3,0,33.0,34.6,237.68312810845327,0,10.12
TSH_56,2024-12,64,7.255355673800725,0,0,1,17,0,12,0,33.0,31.9,2671.26807717853,0,65.41
TSH_56,2025-01,65,7.255355673800725,0,0,1,18,0,1,0,33.0,31.9,2671.26807717853,0,58.35
TSH_56,2025-02,66,7.255355673800725,0,0,1,19,0,2,0,33.0,31.9,2671.26807717853,0,60.49
TSH_56,2025-03,67,7.255355673800725,0,0,1,20,0,3,0,33.0,31.9,2671.26807717853,0,68.27
TSH_56,2025-04,68,7.255355673800725,0,0,1,21,0,4,0,33.0,31.9,2671.26807717853,0,84.25
TSH_56,2025-05,69,7.255355673800725,0,0,1,22,0,5,1,33.0,31.9,2671.26807717853,0,86.15
TSH_56,2025-06,70,7.255355673800725,0,0,1,23,0,6,1,33.0,31.9,2671.26807717853,0,85.2
TSH_56,2025-07,71,7.255355673800725,0,0,1,24,0,7,1,33.0,31.9,2671.26807717853,0,83.23
TSH_56,2025-08,72,7.255355673800725,0,0,1,25,0,8,1,33.0,31.9,2671.26807717853,0,81.22
TSH_56,2025-09,73,7.255355673800725,0,0,1,26,0,9,1,33.0,31.9,2671.26807717853,0,77.44
TSH_56,2025-10,74,7.255355673800725,0,0,1,27,0,10,0,33.0,31.9,2671.26807717853,0,78.26
TSH_56,2025-11,75,7.255355673800725,0,0,1,28,0,11,0,33.0,31.9,2671.26807717853,0,72.32
TSH_56,2025-12,76,7.255355673800725,0,0,1,29,0,12,0,33.0,31.9,2671.26807717853,0,65.41
TSH_56,2026-01,77,7.255355673800725,0,0,1,30,0,1,0,33.0,31.9,2671.26807717853,0,58.35
TSH_56,2026-02,78,7.255355673800725,0,0,1,31,0,2,0,33.0,31.9,2671.26807717853,0,60.49
TSH_56,2026-03,79,7.255355673800725,0,0,1,32,0,3,0,33.0,31.9,2671.26807717853,0,80.69
TSH_57,2024-12,64,8.84383673624741,0,0,0,999,0,12,0,33.0,31.9,3180.9723357621465,0,4.55
TSH_57,2025-01,65,8.84383673624741,0,0,0,999,0,1,0,33.0,31.9,3180.9723357621465,0,2.67
TSH_57,2025-02,66,8.84383673624741,0,0,0,999,0,2,0,33.0,31.9,3180.9723357621465,0,2.91
TSH_57,2025-03,67,8.84383673624741,0,0,0,999,0,3,0,33.0,31.9,3180.9723357621465,0,4.02
TSH_57,2025-04,68,8.84383673624741,0,0,0,999,0,4,0,33.0,31.9,3180.9723357621465,0,9.8
TSH_57,2025-05,69,8.84383673624741,0,0,0,999,0,5,1,33.0,31.9,3180.9723357621465,0,13.23
TSH_57,2025-06,70,8.84383673624741,0,0,0,999,0,6,1,33.0,31.9,3180.9723357621465,0,13.03
TSH_57,2025-07,71,8.84383673624741,0,0,0,999,0,7,1,33.0,31.9,3180.9723357621465,0,11.22
TSH_57,2025-08,72,8.84383673624741,0,0,0,999,0,8,1,33.0,31.9,3180.9723357621465,0,10.25
TSH_57,2025-09,73,8.84383673624741,0,0,0,999,0,9,1,33.0,31.9,3180.9723357621465,0,8.78
TSH_57,2025-10,74,8.84383673624741,0,0,0,999,0,10,0,33.0,31.9,3180.9723357621465,0,8.47
TSH_57,2025-11,75,8.84383673624741,0,0,0,999,0,11,0,33.0,31.9,3180.9723357621465,0,6.18
TSH_57,2025-12,76,8.84383673624741,0,0,0,999,0,12,0,33.0,31.9,3180.9723357621465,0,4.55
TSH_57,2026-01,77,8.84383673624741,0,0,0,999,0,1,0,33.0,31.9,3180.9723357621465,0,2.67
TSH_57,2026-02,78,8.84383673624741,0,0,0,999,0,2,0,33.0,31.9,3180.9723357621465,0,2.91
TSH_57,2026-03,79,8.84383673624741,0,0,0,999,0,3,0,33.0,31.9,3180.9723357621465,0,4.02
TSH_58,2024-12,64,9.75908053475707,0,0,2,5,1,12,0,33.0,34.6,3449.197891145174,0,61.57
TSH_58,2025-01,65,9.75908053475707,0,0,2,6,1,1,0,33.0,34.6,3449.197891145174,0,61.45
TSH_58,2025-02,66,9.75908053475707,0,0,2,7,1,2,0,33.0,34.6,3449.197891145174,1,51.47
TSH_58,2025-03,67,9.75908053475707,0,0,2,8,1,3,0,33.0,34.6,3449.197891145174,1,39.46
TSH_58,2025-04,68,9.75908053475707,0,0,2,9,1,4,0,33.0,34.6,3449.197891145174,1,56.53
TSH_58,2025-05,69,9.75908053475707,1,1,3,0,1,5,1,33.0,34.6,3449.197891145174,0,73.22
TSH_58,2025-06,70,9.75908053475707,0,0,3,1,1,6,1,33.0,34.6,3449.197891145174,0,73.23
TSH_58,2025-07,71,9.75908053475707,0,0,3,2,1,7,1,33.0,34.6,3449.197891145174,0,70.5
TSH_58,2025-08,72,9.75908053475707,0,0,3,3,1,8,1,33.0,34.6,3449.197891145174,0,66.24
TSH_58,2025-09,73,9.75908053475707,0,0,3,4,1,9,1,33.0,34.6,3449.197891145174,0,62.88
TSH_58,2025-10,74,9.75908053475707,0,0,3,5,1,10,0,33.0,34.6,3449.197891145174,0,68.98
TSH_58,2025-11,75,9.75908053475707,0,0,3,6,1,11,0,33.0,34.6,3449.197891145174,0,68.47
TSH_58,2025-12,76,9.75908053475707,0,0,3,7,1,12,0,33.0,34.6,3449.197891145174,0,55.62
TSH_58,2026-01,77,9.75908053475707,0,0,3,8,1,1,0,33.0,34.6,3449.197891145174,0,33.18
TSH_58,2026-02,78,9.75908053475707,0,0,3,9,1,2,0,33.0,34.6,3449.197891145174,0,33.49
TSH_58,2026-03,79,9.75908053475707,0,0,3,10,1,3,0,33.0,34.6,3449.197891145174,1,39.46
TSH_59,2024-12,64,32.770037941087175,0,0,1,64,0,12,0,33.0,34.6,724.0760612684479,0,1.73
TSH_59,2025-01,65,32.770037941087175,0,0,1,65,0,1,0,33.0,34.6,724.0760612684479,0,2.31
TSH_59,2025-02,66,32.770037941087175,0,0,1,66,0,2,0,33.0,34.6,724.0760612684479,0,2.5
TSH_59,2025-03,67,32.770037941087175,0,0,1,67,0,3,0,33.0,34.6,724.0760612684479,0,3.66
TSH_59,2025-04,68,32.770037941087175,0,0,1,68,0,4,0,33.0,34.6,724.0760612684479,0,5.01
TSH_59,2025-05,69,32.770037941087175,0,0,1,69,0,5,1,33.0,34.6,724.0760612684479,0,4.58
TSH_59,2025-06,70,32.770037941087175,0,0,1,70,0,6,1,33.0,34.6,724.0760612684479,0,4.58
TSH_59,2025-07,71,32.770037941087175,0,0,1,71,0,7,1,33.0,34.6,724.0760612684479,0,4.29
TSH_59,2025-08,72,32.770037941087175,0,0,1,72,0,8,1,33.0,34.6,724.0760612684479,0,3.51
TSH_59,2025-09,73,32.770037941087175,0,0,1,73,0,9,1,33.0,34.6,724.0760612684479,0,2.62
TSH_59,2025-10,74,32.770037941087175,0,0,1,74,0,10,0,33.0,34.6,724.0760612684479,0,3.03
TSH_59,2025-11,75,32.770037941087175,0,0,1,75,0,11,0,33.0,34.6,724.0760612684479,0,2.14
TSH_59,2025-12,76,32.770037941087175,0,0,1,76,0,12,0,33.0,34.6,724.0760612684479,0,1.73
TSH_59,2026-01,77,32.770037941087175,0,0,1,77,0,1,0,33.0,34.6,724.0760612684479,0,2.31
TSH_59,2026-02,78,32.770037941087175,0,0,1,78,0,2,0,33.0,34.6,724.0760612684479,0,2.5
TSH_59,2026-03,79,32.770037941087175,0,0,1,79,0,3,0,33.0,34.6,724.0760612684479,0,3.66
TSH_6,2024-12,64,2.5444498613694995,0,0,0,999,0,12,0,33.0,38.1,6749.592617539902,0,1.63
TSH_6,2025-01,65,2.5444498613694995,0,0,0,999,0,1,0,33.0,38.1,6749.592617539902,0,0.75
TSH_6,2025-02,66,2.5444498613694995,0,0,0,999,0,2,0,33.0,38.1,6749.592617539902,0,0.77
TSH_6,2025-03,67,2.5444498613694995,0,0,0,999,0,3,0,33.0,38.1,6749.592617539902,0,1.06
TSH_6,2025-04,68,2.5444498613694995,0,0,0,999,0,4,0,33.0,38.1,6749.592617539902,0,1.73
TSH_6,2025-05,69,2.5444498613694995,0,0,0,999,0,5,1,33.0,38.1,6749.592617539902,0,2.26
TSH_6,2025-06,70,2.5444498613694995,0,0,0,999,0,6,1,33.0,38.1,6749.592617539902,0,2.46
TSH_6,2025-07,71,2.5444498613694995,0,0,0,999,0,7,1,33.0,38.1,6749.592617539902,0,2.4
TSH_6,2025-08,72,2.5444498613694995,0,0,0,999,0,8,1,33.0,38.1,6749.592617539902,0,2.61
TSH_6,2025-09,73,2.5444498613694995,0,0,0,999,0,9,1,33.0,38.1,6749.592617539902,0,2.39
TSH_6,2025-10,74,2.5444498613694995,0,0,0,999,0,10,0,33.0,38.1,6749.592617539902,0,2.4
TSH_6,2025-11,75,2.5444498613694995,0,0,0,999,0,11,0,33.0,38.1,6749.592617539902,0,2.05
TSH_6,2025-12,76,2.5444498613694995,0,0,0,999,0,12,0,33.0,38.1,6749.592617539902,0,1.63
TSH_6,2026-01,77,2.5444498613694995,0,0,0,999,0,1,0,33.0,38.1,6749.592617539902,0,0.75
TSH_6,2026-02,78,2.5444498613694995,0,0,0,999,0,2,0,33.0,38.1,6749.592617539902,0,0.77
TSH_6,2026-03,79,2.5444498613694995,0,0,0,999,0,3,0,33.0,38.1,6749.592617539902,0,1.06
TSH_60,2024-12,64,6.846689150375504,0,0,0,999,0,12,0,33.0,31.9,4773.109934194644,0,6.18
TSH_60,2025-01,65,6.846689150375504,0,0,0,999,0,1,0,33.0,31.9,4773.109934194644,0,2.92
TSH_60,2025-02,66,6.846689150375504,0,0,0,999,0,2,0,33.0,31.9,4773.109934194644,0,3.02
TSH_60,2025-03,67,6.846689150375504,0,0,0,999,0,3,0,33.0,31.9,4773.109934194644,0,4.34
TSH_60,2025-04,68,6.846689150375504,0,0,0,999,0,4,0,33.0,31.9,4773.109934194644,0,9.99
TSH_60,2025-05,69,6.846689150375504,0,0,0,999,0,5,1,33.0,31.9,4773.109934194644,0,13.85
TSH_60,2025-06,70,6.846689150375504,0,0,0,999,0,6,1,33.0,31.9,4773.109934194644,0,14.12
TSH_60,2025-07,71,6.846689150375504,0,0,0,999,0,7,1,33.0,31.9,4773.109934194644,0,12.42
TSH_60,2025-08,72,6.846689150375504,0,0,0,999,0,8,1,33.0,31.9,4773.109934194644,0,12.28
TSH_60,2025-09,73,6.846689150375504,0,0,0,999,0,9,1,33.0,31.9,4773.109934194644,0,10.87
TSH_60,2025-10,74,6.846689150375504,0,0,0,999,0,10,0,33.0,31.9,4773.109934194644,0,10.09
TSH_60,2025-11,75,6.846689150375504,0,0,0,999,0,11,0,33.0,31.9,4773.109934194644,0,8.34
TSH_60,2025-12,76,6.846689150375504,0,0,0,999,0,12,0,33.0,31.9,4773.109934194644,0,6.18
TSH_60,2026-01,77,6.846689150375504,0,0,0,999,0,1,0,33.0,31.9,4773.109934194644,0,2.92
TSH_60,2026-02,78,6.846689150375504,0,0,0,999,0,2,0,33.0,31.9,4773.109934194644,0,3.02
TSH_60,2026-03,79,6.846689150375504,0,0,0,999,0,3,0,33.0,31.9,4773.109934194644,0,4.34
TSH_61,2024-12,64,58.08103644252696,0,0,2,19,0,12,0,33.0,34.6,736.1611055668646,0,73.61
TSH_61,2025-01,65,58.08103644252696,0,0,2,20,0,1,0,33.0,34.6,736.1611055668646,0,78.6
TSH_61,2025-02,66,58.08103644252696,0,0,2,21,0,2,0,33.0,34.6,736.1611055668646,0,80.84
TSH_61,2025-03,67,58.08103644252696,0,0,2,22,0,3,0,33.0,34.6,736.1611055668646,0,85.74
TSH_61,2025-04,68,58.08103644252696,0,0,2,23,0,4,0,33.0,34.6,736.1611055668646,0,89.72
TSH_61,2025-05,69,58.08103644252696,0,0,2,24,0,5,1,33.0,34.6,736.1611055668646,0,91.14
TSH_61,2025-06,70,58.08103644252696,0,0,2,25,0,6,1,33.0,34.6,736.1611055668646,0,91.82
TSH_61,2025-07,71,58.08103644252696,0,0,2,26,0,7,1,33.0,34.6,736.1611055668646,0,91.56
TSH_61,2025-08,72,58.08103644252696,0,0,2,27,0,8,1,33.0,34.6,736.1611055668646,0,89.21
TSH_61,2025-09,73,58.08103644252696,0,0,2,28,0,9,1,33.0,34.6,736.1611055668646,0,83.84
TSH_61,2025-10,74,58.08103644252696,0,0,2,29,0,10,0,33.0,34.6,736.1611055668646,0,82.18
TSH_61,2025-11,75,58.08103644252696,0,0,2,30,0,11,0,33.0,34.6,736.1611055668646,0,78.08
TSH_61,2025-12,76,58.08103644252696,0,0,2,31,0,12,0,33.0,34.6,736.1611055668646,0,73.61
TSH_61,2026-01,77,58.08103644252696,0,0,2,32,0,1,0,33.0,34.6,736.1611055668646,0,86.36
TSH_61,2026-02,78,58.08103644252696,0,0,2,33,0,2,0,33.0,34.6,736.1611055668646,0,89.07
TSH_61,2026-03,79,58.08103644252696,0,0,2,34,0,3,0,33.0,34.6,736.1611055668646,0,90.91
TSH_62,2024-12,64,2.612016805168228,0,0,0,999,0,12,0,33.0,34.6,7763.73259156498,0,2.97
TSH_62,2025-01,65,2.612016805168228,0,0,0,999,0,1,0,33.0,34.6,7763.73259156498,0,1.14
TSH_62,2025-02,66,2.612016805168228,0,0,0,999,0,2,0,33.0,34.6,7763.73259156498,0,1.13
TSH_62,2025-03,67,2.612016805168228,0,0,0,999,0,3,0,33.0,34.6,7763.73259156498,0,1.57
TSH_62,2025-04,68,2.612016805168228,0,0,0,999,0,4,0,33.0,34.6,7763.73259156498,0,2.8
TSH_62,2025-05,69,2.612016805168228,0,0,0,999,0,5,1,33.0,34.6,7763.73259156498,0,3.7
TSH_62,2025-06,70,2.612016805168228,0,0,0,999,0,6,1,33.0,34.6,7763.73259156498,0,4.16
TSH_62,2025-07,71,2.612016805168228,0,0,0,999,0,7,1,33.0,34.6,7763.73259156498,0,4.06
TSH_62,2025-08,72,2.612016805168228,0,0,0,999,0,8,1,33.0,34.6,7763.73259156498,0,4.26
TSH_62,2025-09,73,2.612016805168228,0,0,0,999,0,9,1,33.0,34.6,7763.73259156498,0,3.78
TSH_62,2025-10,74,2.612016805168228,0,0,0,999,0,10,0,33.0,34.6,7763.73259156498,0,3.86
TSH_62,2025-11,75,2.612016805168228,0,0,0,999,0,11,0,33.0,34.6,7763.73259156498,0,3.65
TSH_62,2025-12,76,2.612016805168228,0,0,0,999,0,12,0,33.0,34.6,7763.73259156498,0,2.97
TSH_62,2026-01,77,2.612016805168228,0,0,0,999,0,1,0,33.0,34.6,7763.73259156498,0,1.14
TSH_62,2026-02,78,2.612016805168228,0,0,0,999,0,2,0,33.0,34.6,7763.73259156498,0,1.13
TSH_62,2026-03,79,2.612016805168228,0,0,0,999,0,3,0,33.0,34.6,7763.73259156498,0,1.57
TSH_63,2024-12,64,2.233106943225556,0,0,0,999,0,12,0,33.0,34.6,7640.923804282198,0,2.97
TSH_63,2025-01,65,2.233106943225556,0,0,0,999,0,1,0,33.0,34.6,7640.923804282198,0,1.14
TSH_63,2025-02,66,2.233106943225556,0,0,0,999,0,2,0,33.0,34.6,7640.923804282198,0,1.13
TSH_63,2025-03,67,2.233106943225556,0,0,0,999,0,3,0,33.0,34.6,7640.923804282198,0,1.57
TSH_63,2025-04,68,2.233106943225556,0,0,0,999,0,4,0,33.0,34.6,7640.923804282198,0,2.8
TSH_63,2025-05,69,2.233106943225556,0,0,0,999,0,5,1,33.0,34.6,7640.923804282198,0,3.7
TSH_63,2025-06,70,2.233106943225556,0,0,0,999,0,6,1,33.0,34.6,7640.923804282198,0,4.16
TSH_63,2025-07,71,2.233106943225556,0,0,0,999,0,7,1,33.0,34.6,7640.923804282198,0,4.06
TSH_63,2025-08,72,2.233106943225556,0,0,0,999,0,8,1,33.0,34.6,7640.923804282198,0,4.26
TSH_63,2025-09,73,2.233106943225556,0,0,0,999,0,9,1,33.0,34.6,7640.923804282198,0,3.78
TSH_63,2025-10,74,2.233106943225556,0,0,0,999,0,10,0,33.0,34.6,7640.923804282198,0,3.86
TSH_63,2025-11,75,2.233106943225556,0,0,0,999,0,11,0,33.0,34.6,7640.923804282198,0,3.65
TSH_63,2025-12,76,2.233106943225556,0,0,0,999,0,12,0,33.0,34.6,7640.923804282198,0,2.97
TSH_63,2026-01,77,2.233106943225556,0,0,0,999,0,1,0,33.0,34.6,7640.923804282198,0,1.14
TSH_63,2026-02,78,2.233106943225556,0,0,0,999,0,2,0,33.0,34.6,7640.923804282198,0,1.13
TSH_63,2026-03,79,2.233106943225556,0,0,0,999,0,3,0,33.0,34.6,7640.923804282198,0,1.57
TSH_64,2024-12,64,9.111454001527113,0,0,0,999,0,12,0,33.0,31.9,3865.135026099841,0,2.77
TSH_64,2025-01,65,9.111454001527113,0,0,0,999,0,1,0,33.0,31.9,3865.135026099841,0,1.51
TSH_64,2025-02,66,9.111454001527113,0,0,0,999,0,2,0,33.0,31.9,3865.135026099841,0,1.56
TSH_64,2025-03,67,9.111454001527113,0,0,0,999,0,3,0,33.0,31.9,3865.135026099841,0,2.17
TSH_64,2025-04,68,9.111454001527113,0,0,0,999,0,4,0,33.0,31.9,3865.135026099841,0,5.13
TSH_64,2025-05,69,9.111454001527113,0,0,0,999,0,5,1,33.0,31.9,3865.135026099841,0,7.06
TSH_64,2025-06,70,9.111454001527113,0,0,0,999,0,6,1,33.0,31.9,3865.135026099841,0,7.02
TSH_64,2025-07,71,9.111454001527113,0,0,0,999,0,7,1,33.0,31.9,3865.135026099841,0,5.98
TSH_64,2025-08,72,9.111454001527113,0,0,0,999,0,8,1,33.0,31.9,3865.135026099841,0,5.77
TSH_64,2025-09,73,9.111454001527113,0,0,0,999,0,9,1,33.0,31.9,3865.135026099841,0,4.9
TSH_64,2025-10,74,9.111454001527113,0,0,0,999,0,10,0,33.0,31.9,3865.135026099841,0,4.88
TSH_64,2025-11,75,9.111454001527113,0,0,0,999,0,11,0,33.0,31.9,3865.135026099841,0,3.79
TSH_64,2025-12,76,9.111454001527113,0,0,0,999,0,12,0,33.0,31.9,3865.135026099841,0,2.77
TSH_64,2026-01,77,9.111454001527113,0,0,0,999,0,1,0,33.0,31.9,3865.135026099841,0,1.51
TSH_64,2026-02,78,9.111454001527113,0,0,0,999,0,2,0,33.0,31.9,3865.135026099841,0,1.56
TSH_64,2026-03,79,9.111454001527113,0,0,0,999,0,3,0,33.0,31.9,3865.135026099841,0,2.17
TSH_65,2024-12,64,59.60705278528746,0,0,0,999,0,12,0,33.0,31.9,358.9675885683334,0,1.72
TSH_65,2025-01,65,59.60705278528746,0,0,0,999,0,1,0,33.0,31.9,358.9675885683334,0,2.62
TSH_65,2025-02,66,59.60705278528746,0,0,0,999,0,2,0,33.0,31.9,358.9675885683334,0,2.84
TSH_65,2025-03,67,59.60705278528746,0,0,0,999,0,3,0,33.0,31.9,358.9675885683334,0,4.14
TSH_65,2025-04,68,59.60705278528746,0,0,0,999,0,4,0,33.0,31.9,358.9675885683334,0,6.89
TSH_65,2025-05,69,59.60705278528746,0,0,0,999,0,5,1,33.0,31.9,358.9675885683334,0,7.83
TSH_65,2025-06,70,59.60705278528746,0,0,0,999,0,6,1,33.0,31.9,358.9675885683334,0,7.69
TSH_65,2025-07,71,59.60705278528746,0,0,0,999,0,7,1,33.0,31.9,358.9675885683334,0,7.12
TSH_65,2025-08,72,59.60705278528746,0,0,0,999,0,8,1,33.0,31.9,358.9675885683334,0,4.93
TSH_65,2025-09,73,59.60705278528746,0,0,0,999,0,9,1,33.0,31.9,358.9675885683334,0,3.15
TSH_65,2025-10,74,59.60705278528746,0,0,0,999,0,10,0,33.0,31.9,358.9675885683334,0,2.97
TSH_65,2025-11,75,59.60705278528746,0,0,0,999,0,11,0,33.0,31.9,358.9675885683334,0,2.12
TSH_65,2025-12,76,59.60705278528746,0,0,0,999,0,12,0,33.0,31.9,358.9675885683334,0,1.72
TSH_65,2026-01,77,59.60705278528746,0,0,0,999,0,1,0,33.0,31.9,358.9675885683334,0,2.62
TSH_65,2026-02,78,59.60705278528746,0,0,0,999,0,2,0,33.0,31.9,358.9675885683334,0,2.84
TSH_65,2026-03,79,59.60705278528746,0,0,0,999,0,3,0,33.0,31.9,358.9675885683334,0,4.14
TSH_66,2024-12,64,32.503510916943206,0,0,0,999,0,12,0,33.0,34.6,722.5373301983171,0,1.35
TSH_66,2025-01,65,32.503510916943206,0,0,0,999,0,1,0,33.0,34.6,722.5373301983171,0,1.73
TSH_66,2025-02,66,32.503510916943206,0,0,0,999,0,2,0,33.0,34.6,722.5373301983171,0,1.87
TSH_66,2025-03,67,32.503510916943206,0,0,0,999,0,3,0,33.0,34.6,722.5373301983171,0,2.74
TSH_66,2025-04,68,32.503510916943206,0,0,0,999,0,4,0,33.0,34.6,722.5373301983171,0,4.01
TSH_66,2025-05,69,32.503510916943206,0,0,0,999,0,5,1,33.0,34.6,722.5373301983171,0,4.29
TSH_66,2025-06,70,32.503510916943206,0,0,0,999,0,6,1,33.0,34.6,722.5373301983171,0,4.29
TSH_66,2025-07,71,32.503510916943206,0,0,0,999,0,7,1,33.0,34.6,722.5373301983171,0,4.02
TSH_66,2025-08,72,32.503510916943206,0,0,0,999,0,8,1,33.0,34.6,722.5373301983171,0,3.16
TSH_66,2025-09,73,32.503510916943206,0,0,0,999,0,9,1,33.0,34.6,722.5373301983171,0,2.36
TSH_66,2025-10,74,32.503510916943206,0,0,0,999,0,10,0,33.0,34.6,722.5373301983171,0,2.37
TSH_66,2025-11,75,32.503510916943206,0,0,0,999,0,11,0,33.0,34.6,722.5373301983171,0,1.66
TSH_66,2025-12,76,32.503510916943206,0,0,0,999,0,12,0,33.0,34.6,722.5373301983171,0,1.35
TSH_66,2026-01,77,32.503510916943206,0,0,0,999,0,1,0,33.0,34.6,722.5373301983171,0,1.73
TSH_66,2026-02,78,32.503510916943206,0,0,0,999,0,2,0,33.0,34.6,722.5373301983171,0,1.87
TSH_66,2026-03,79,32.503510916943206,0,0,0,999,0,3,0,33.0,34.6,722.5373301983171,0,2.74
TSH_67,2024-12,64,4.684794510739335,0,0,0,999,0,12,0,33.0,38.1,4406.169780271188,0,2.02
TSH_67,2025-01,65,4.684794510739335,0,0,0,999,0,1,0,33.0,38.1,4406.169780271188,0,1.11
TSH_67,2025-02,66,4.684794510739335,0,0,0,999,0,2,0,33.0,38.1,4406.169780271188,0,1.17
TSH_67,2025-03,67,4.684794510739335,0,0,0,999,0,3,0,33.0,38.1,4406.169780271188,0,1.7
TSH_67,2025-04,68,4.684794510739335,0,0,0,999,0,4,0,33.0,38.1,4406.169780271188,0,3.19
TSH_67,2025-05,69,4.684794510739335,0,0,0,999,0,5,1,33.0,38.1,4406.169780271188,0,4.26
TSH_67,2025-06,70,4.684794510739335,0,0,0,999,0,6,1,33.0,38.1,4406.169780271188,0,4.29
TSH_67,2025-07,71,4.684794510739335,0,0,0,999,0,7,1,33.0,38.1,4406.169780271188,0,3.78
TSH_67,2025-08,72,4.684794510739335,0,0,0,999,0,8,1,33.0,38.1,4406.169780271188,0,3.74
TSH_67,2025-09,73,4.684794510739335,0,0,0,999,0,9,1,33.0,38.1,4406.169780271188,0,3.38
TSH_67,2025-10,74,4.684794510739335,0,0,0,999,0,10,0,33.0,38.1,4406.169780271188,0,3.33
TSH_67,2025-11,75,4.684794510739335,0,0,0,999,0,11,0,33.0,38.1,4406.169780271188,0,2.72
TSH_67,2025-12,76,4.684794510739335,0,0,0,999,0,12,0,33.0,38.1,4406.169780271188,0,2.02
TSH_67,2026-01,77,4.684794510739335,0,0,0,999,0,1,0,33.0,38.1,4406.169780271188,0,1.11
TSH_67,2026-02,78,4.684794510739335,0,0,0,999,0,2,0,33.0,38.1,4406.169780271188,0,1.17
TSH_67,2026-03,79,4.684794510739335,0,0,0,999,0,3,0,33.0,38.1,4406.169780271188,0,1.7
TSH_68,2024-12,64,2.364930151178175,0,0,0,999,0,12,0,33.0,34.6,12347.933398985157,0,2.97
TSH_68,2025-01,65,2.364930151178175,0,0,0,999,0,1,0,33.0,34.6,12347.933398985157,0,1.14
TSH_68,2025-02,66,2.364930151178175,0,0,0,999,0,2,0,33.0,34.6,12347.933398985157,0,1.13
TSH_68,2025-03,67,2.364930151178175,0,0,0,999,0,3,0,33.0,34.6,12347.933398985157,0,1.57
TSH_68,2025-04,68,2.364930151178175,0,0,0,999,0,4,0,33.0,34.6,12347.933398985157,0,2.8
TSH_68,2025-05,69,2.364930151178175,0,0,0,999,0,5,1,33.0,34.6,12347.933398985157,0,3.7
TSH_68,2025-06,70,2.364930151178175,0,0,0,999,0,6,1,33.0,34.6,12347.933398985157,0,4.16
TSH_68,2025-07,71,2.364930151178175,0,0,0,999,0,7,1,33.0,34.6,12347.933398985157,0,4.06
TSH_68,2025-08,72,2.364930151178175,0,0,0,999,0,8,1,33.0,34.6,12347.933398985157,0,4.26
TSH_68,2025-09,73,2.364930151178175,0,0,0,999,0,9,1,33.0,34.6,12347.933398985157,0,3.78
TSH_68,2025-10,74,2.364930151178175,0,0,0,999,0,10,0,33.0,34.6,12347.933398985157,0,3.86
TSH_68,2025-11,75,2.364930151178175,0,0,0,999,0,11,0,33.0,34.6,12347.933398985157,0,3.65
TSH_68,2025-12,76,2.364930151178175,0,0,0,999,0,12,0,33.0,34.6,12347.933398985157,0,2.97
TSH_68,2026-01,77,2.364930151178175,0,0,0,999,0,1,0,33.0,34.6,12347.933398985157,0,1.14
TSH_68,2026-02,78,2.364930151178175,0,0,0,999,0,2,0,33.0,34.6,12347.933398985157,0,1.13
TSH_68,2026-03,79,2.364930151178175,0,0,0,999,0,3,0,33.0,34.6,12347.933398985157,0,1.57
TSH_69,2024-12,64,9.829401220637266,0,0,0,999,0,12,0,33.0,34.6,2505.74775076718,0,8.5
TSH_69,2025-01,65,9.829401220637266,0,0,0,999,0,1,0,33.0,34.6,2505.74775076718,0,5.75
TSH_69,2025-02,66,9.829401220637266,0,0,0,999,0,2,0,33.0,34.6,2505.74775076718,0,6.25
TSH_69,2025-03,67,9.829401220637266,0,0,0,999,0,3,0,33.0,34.6,2505.74775076718,0,8.52
TSH_69,2025-04,68,9.829401220637266,0,0,0,999,0,4,0,33.0,34.6,2505.74775076718,0,17.58
TSH_69,2025-05,69,9.829401220637266,0,0,0,999,0,5,1,33.0,34.6,2505.74775076718,0,20.5
TSH_69,2025-06,70,9.829401220637266,0,0,0,999,0,6,1,33.0,34.6,2505.74775076718,0,19.94
TSH_69,2025-07,71,9.829401220637266,0,0,0,999,0,7,1,33.0,34.6,2505.74775076718,0,17.59
TSH_69,2025-08,72,9.829401220637266,0,0,0,999,0,8,1,33.0,34.6,2505.74775076718,0,16.01
TSH_69,2025-09,73,9.829401220637266,0,0,0,999,0,9,1,33.0,34.6,2505.74775076718,0,13.64
TSH_69,2025-10,74,9.829401220637266,0,0,0,999,0,10,0,33.0,34.6,2505.74775076718,0,14.68
TSH_69,2025-11,75,9.829401220637266,0,0,0,999,0,11,0,33.0,34.6,2505.74775076718,0,11.38
TSH_69,2025-12,76,9.829401220637266,0,0,0,999,0,12,0,33.0,34.6,2505.74775076718,0,8.5
TSH_69,2026-01,77,9.829401220637266,0,0,0,999,0,1,0,33.0,34.6,2505.74775076718,0,5.75
TSH_69,2026-02,78,9.829401220637266,0,0,0,999,0,2,0,33.0,34.6,2505.74775076718,0,6.25
TSH_69,2026-03,79,9.829401220637266,0,0,0,999,0,3,0,33.0,34.6,2505.74775076718,0,8.52
TSH_7,2024-12,64,67.77590615405869,0,0,0,999,0,12,0,33.0,34.6,632.1715552221239,0,4.08
TSH_7,2025-01,65,67.77590615405869,0,0,0,999,0,1,0,33.0,34.6,632.1715552221239,0,6.56
TSH_7,2025-02,66,67.77590615405869,0,0,0,999,0,2,0,33.0,34.6,632.1715552221239,0,7.07
TSH_7,2025-03,67,67.77590615405869,0,0,0,999,0,3,0,33.0,34.6,632.1715552221239,0,10.12
TSH_7,2025-04,68,67.77590615405869,0,0,0,999,0,4,0,33.0,34.6,632.1715552221239,0,14.83
TSH_7,2025-05,69,67.77590615405869,0,0,0,999,0,5,1,33.0,34.6,632.1715552221239,0,16.67
TSH_7,2025-06,70,67.77590615405869,0,0,0,999,0,6,1,33.0,34.6,632.1715552221239,0,16.66
TSH_7,2025-07,71,67.77590615405869,0,0,0,999,0,7,1,33.0,34.6,632.1715552221239,0,15.74
TSH_7,2025-08,72,67.77590615405869,0,0,0,999,0,8,1,33.0,34.6,632.1715552221239,0,11.21
TSH_7,2025-09,73,67.77590615405869,0,0,0,999,0,9,1,33.0,34.6,632.1715552221239,0,7.35
TSH_7,2025-10,74,67.77590615405869,0,0,0,999,0,10,0,33.0,34.6,632.1715552221239,0,6.93
TSH_7,2025-11,75,67.77590615405869,0,0,0,999,0,11,0,33.0,34.6,632.1715552221239,0,5.01
TSH_7,2025-12,76,67.77590615405869,0,0,0,999,0,12,0,33.0,34.6,632.1715552221239,0,4.08
TSH_7,2026-01,77,67.77590615405869,0,0,0,999,0,1,0,33.0,34.6,632.1715552221239,0,6.56
TSH_7,2026-02,78,67.77590615405869,0,0,0,999,0,2,0,33.0,34.6,632.1715552221239,0,7.07
TSH_7,2026-03,79,67.77590615405869,0,0,0,999,0,3,0,33.0,34.6,632.1715552221239,0,10.12
TSH_70,2024-12,64,34.86930068529167,0,0,0,999,0,12,0,33.0,34.6,894.9706299433623,1,2.91
TSH_70,2025-01,65,34.86930068529167,0,0,0,999,0,1,0,33.0,34.6,894.9706299433623,1,3.06
TSH_70,2025-02,66,34.86930068529167,0,0,0,999,0,2,0,33.0,34.6,894.9706299433623,1,3.43
TSH_70,2025-03,67,34.86930068529167,1,1,1,0,0,3,0,33.0,34.6,894.9706299433623,0,38.49
TSH_70,2025-04,68,34.86930068529167,0,0,1,1,0,4,0,33.0,34.6,894.9706299433623,0,39.12
TSH_70,2025-05,69,34.86930068529167,0,0,1,2,0,5,1,33.0,34.6,894.9706299433623,0,28.37
TSH_70,2025-06,70,34.86930068529167,0,0,1,3,0,6,1,33.0,34.6,894.9706299433623,0,29.7
TSH_70,2025-07,71,34.86930068529167,0,0,1,4,0,7,1,33.0,34.6,894.9706299433623,0,28.98
TSH_70,2025-08,72,34.86930068529167,0,0,1,5,0,8,1,33.0,34.6,894.9706299433623,0,32.36
TSH_70,2025-09,73,34.86930068529167,0,0,1,6,0,9,1,33.0,34.6,894.9706299433623,0,30.42
TSH_70,2025-10,74,34.86930068529167,0,0,1,7,0,10,0,33.0,34.6,894.9706299433623,0,29.25
TSH_70,2025-11,75,34.86930068529167,0,0,1,8,0,11,0,33.0,34.6,894.9706299433623,0,10.11
TSH_70,2025-12,76,34.86930068529167,0,0,1,9,0,12,0,33.0,34.6,894.9706299433623,0,8.19
TSH_70,2026-01,77,34.86930068529167,0,0,1,10,0,1,0,33.0,34.6,894.9706299433623,0,9.34
TSH_70,2026-02,78,34.86930068529167,0,0,1,11,0,2,0,33.0,34.6,894.9706299433623,0,10.39
TSH_70,2026-03,79,34.86930068529167,0,0,1,12,0,3,0,33.0,34.6,894.9706299433623,0,13.93
TSH_71,2024-12,64,1.6724743417237375,0,0,0,999,0,12,0,33.0,34.6,18415.230196151755,0,2.97
TSH_71,2025-01,65,1.6724743417237375,0,0,0,999,0,1,0,33.0,34.6,18415.230196151755,0,1.14
TSH_71,2025-02,66,1.6724743417237375,0,0,0,999,0,2,0,33.0,34.6,18415.230196151755,0,1.13
TSH_71,2025-03,67,1.6724743417237375,0,0,0,999,0,3,0,33.0,34.6,18415.230196151755,0,1.57
TSH_71,2025-04,68,1.6724743417237375,0,0,0,999,0,4,0,33.0,34.6,18415.230196151755,0,2.8
TSH_71,2025-05,69,1.6724743417237375,0,0,0,999,0,5,1,33.0,34.6,18415.230196151755,0,3.7
TSH_71,2025-06,70,1.6724743417237375,0,0,0,999,0,6,1,33.0,34.6,18415.230196151755,0,4.16
TSH_71,2025-07,71,1.6724743417237375,0,0,0,999,0,7,1,33.0,34.6,18415.230196151755,0,4.06
TSH_71,2025-08,72,1.6724743417237375,0,0,0,999,0,8,1,33.0,34.6,18415.230196151755,0,4.26
TSH_71,2025-09,73,1.6724743417237375,0,0,0,999,0,9,1,33.0,34.6,18415.230196151755,0,3.78
TSH_71,2025-10,74,1.6724743417237375,0,0,0,999,0,10,0,33.0,34.6,18415.230196151755,0,3.86
TSH_71,2025-11,75,1.6724743417237375,0,0,0,999,0,11,0,33.0,34.6,18415.230196151755,0,3.65
TSH_71,2025-12,76,1.6724743417237375,0,0,0,999,0,12,0,33.0,34.6,18415.230196151755,0,2.97
TSH_71,2026-01,77,1.6724743417237375,0,0,0,999,0,1,0,33.0,34.6,18415.230196151755,0,1.14
TSH_71,2026-02,78,1.6724743417237375,0,0,0,999,0,2,0,33.0,34.6,18415.230196151755,0,1.13
TSH_71,2026-03,79,1.6724743417237375,0,0,0,999,0,3,0,33.0,34.6,18415.230196151755,0,1.57
TSH_72,2024-12,64,2.136528314352078,0,0,0,999,0,12,0,33.0,34.6,10365.413765516128,0,2.97
TSH_72,2025-01,65,2.136528314352078,0,0,0,999,0,1,0,33.0,34.6,10365.413765516128,0,1.14
TSH_72,2025-02,66,2.136528314352078,0,0,0,999,0,2,0,33.0,34.6,10365.413765516128,0,1.13
TSH_72,2025-03,67,2.136528314352078,0,0,0,999,0,3,0,33.0,34.6,10365.413765516128,0,1.57
TSH_72,2025-04,68,2.136528314352078,0,0,0,999,0,4,0,33.0,34.6,10365.413765516128,0,2.8
TSH_72,2025-05,69,2.136528314352078,0,0,0,999,0,5,1,33.0,34.6,10365.413765516128,0,3.7
TSH_72,2025-06,70,2.136528314352078,0,0,0,999,0,6,1,33.0,34.6,10365.413765516128,0,4.16
TSH_72,2025-07,71,2.136528314352078,0,0,0,999,0,7,1,33.0,34.6,10365.413765516128,0,4.06
TSH_72,2025-08,72,2.136528314352078,0,0,0,999,0,8,1,33.0,34.6,10365.413765516128,0,4.26
TSH_72,2025-09,73,2.136528314352078,0,0,0,999,0,9,1,33.0,34.6,10365.413765516128,0,3.78
TSH_72,2025-10,74,2.136528314352078,0,0,0,999,0,10,0,33.0,34.6,10365.413765516128,0,3.86
TSH_72,2025-11,75,2.136528314352078,0,0,0,999,0,11,0,33.0,34.6,10365.413765516128,0,3.65
TSH_72,2025-12,76,2.136528314352078,0,0,0,999,0,12,0,33.0,34.6,10365.413765516128,0,2.97
TSH_72,2026-01,77,2.136528314352078,0,0,0,999,0,1,0,33.0,34.6,10365.413765516128,0,1.14
TSH_72,2026-02,78,2.136528314352078,0,0,0,999,0,2,0,33.0,34.6,10365.413765516128,0,1.13
TSH_72,2026-03,79,2.136528314352078,0,0,0,999,0,3,0,33.0,34.6,10365.413765516128,0,1.57
TSH_73,2024-12,64,181.10333380101383,0,0,0,999,0,12,0,33.0,73.3,218.7480438296505,0,3.83
TSH_73,2025-01,65,181.10333380101383,0,0,0,999,0,1,0,33.0,73.3,218.7480438296505,0,6.71
TSH_73,2025-02,66,181.10333380101383,0,0,0,999,0,2,0,33.0,73.3,218.7480438296505,0,7.07
TSH_73,2025-03,67,181.10333380101383,0,0,0,999,0,3,0,33.0,73.3,218.7480438296505,0,8.42
TSH_73,2025-04,68,181.10333380101383,0,0,0,999,0,4,0,33.0,73.3,218.7480438296505,0,10.21
TSH_73,2025-05,69,181.10333380101383,0,0,0,999,0,5,1,33.0,73.3,218.7480438296505,0,9.87
TSH_73,2025-06,70,181.10333380101383,0,0,0,999,0,6,1,33.0,73.3,218.7480438296505,0,9.87
TSH_73,2025-07,71,181.10333380101383,0,0,0,999,0,7,1,33.0,73.3,218.7480438296505,0,9.28
TSH_73,2025-08,72,181.10333380101383,0,0,0,999,0,8,1,33.0,73.3,218.7480438296505,0,6.68
TSH_73,2025-09,73,181.10333380101383,0,0,0,999,0,9,1,33.0,73.3,218.7480438296505,0,4.72
TSH_73,2025-10,74,181.10333380101383,0,0,0,999,0,10,0,33.0,73.3,218.7480438296505,0,4.79
TSH_73,2025-11,75,181.10333380101383,0,0,0,999,0,11,0,33.0,73.3,218.7480438296505,0,4.16
TSH_73,2025-12,76,181.10333380101383,0,0,0,999,0,12,0,33.0,73.3,218.7480438296505,0,3.83
TSH_73,2026-01,77,181.10333380101383,0,0,0,999,0,1,0,33.0,73.3,218.7480438296505,0,6.71
TSH_73,2026-02,78,181.10333380101383,0,0,0,999,0,2,0,33.0,73.3,218.7480438296505,0,7.07
TSH_73,2026-03,79,181.10333380101383,0,0,0,999,0,3,0,33.0,73.3,218.7480438296505,0,8.42
TSH_74,2024-12,64,9.2869295585758,0,0,0,999,0,12,0,33.0,39.5,2597.306229993532,0,3.32
TSH_74,2025-01,65,9.2869295585758,0,0,0,999,0,1,0,33.0,39.5,2597.306229993532,0,3.15
TSH_74,2025-02,66,9.2869295585758,0,0,0,999,0,2,0,33.0,39.5,2597.306229993532,0,3.35
TSH_74,2025-03,67,9.2869295585758,0,0,0,999,0,3,0,33.0,39.5,2597.306229993532,0,3.88
TSH_74,2025-04,68,9.2869295585758,0,0,0,999,0,4,0,33.0,39.5,2597.306229993532,0,6.94
TSH_74,2025-05,69,9.2869295585758,0,0,0,999,0,5,1,33.0,39.5,2597.306229993532,0,7.27
TSH_74,2025-06,70,9.2869295585758,0,0,0,999,0,6,1,33.0,39.5,2597.306229993532,0,6.82
TSH_74,2025-07,71,9.2869295585758,0,0,0,999,0,7,1,33.0,39.5,2597.306229993532,0,5.91
TSH_74,2025-08,72,9.2869295585758,0,0,0,999,0,8,1,33.0,39.5,2597.306229993532,0,5.31
TSH_74,2025-09,73,9.2869295585758,0,0,0,999,0,9,1,33.0,39.5,2597.306229993532,0,4.61
TSH_74,2025-10,74,9.2869295585758,0,0,0,999,0,10,0,33.0,39.5,2597.306229993532,0,5.44
TSH_74,2025-11,75,9.2869295585758,0,0,0,999,0,11,0,33.0,39.5,2597.306229993532,0,4.35
TSH_74,2025-12,76,9.2869295585758,0,0,0,999,0,12,0,33.0,39.5,2597.306229993532,0,3.32
TSH_74,2026-01,77,9.2869295585758,0,0,0,999,0,1,0,33.0,39.5,2597.306229993532,0,3.15
TSH_74,2026-02,78,9.2869295585758,0,0,0,999,0,2,0,33.0,39.5,2597.306229993532,0,3.35
TSH_74,2026-03,79,9.2869295585758,0,0,0,999,0,3,0,33.0,39.5,2597.306229993532,0,3.88
TSH_75,2024-12,64,11.886732983856334,0,0,0,999,0,12,0,33.0,39.5,2472.420305891781,0,4.01
TSH_75,2025-01,65,11.886732983856334,0,0,0,999,0,1,0,33.0,39.5,2472.420305891781,0,3.86
TSH_75,2025-02,66,11.886732983856334,0,0,0,999,0,2,0,33.0,39.5,2472.420305891781,0,4.1
TSH_75,2025-03,67,11.886732983856334,0,0,0,999,0,3,0,33.0,39.5,2472.420305891781,0,4.75
TSH_75,2025-04,68,11.886732983856334,0,0,0,999,0,4,0,33.0,39.5,2472.420305891781,0,8.43
TSH_75,2025-05,69,11.886732983856334,0,0,0,999,0,5,1,33.0,39.5,2472.420305891781,0,8.63
TSH_75,2025-06,70,11.886732983856334,0,0,0,999,0,6,1,33.0,39.5,2472.420305891781,0,8.1
TSH_75,2025-07,71,11.886732983856334,0,0,0,999,0,7,1,33.0,39.5,2472.420305891781,0,7.02
TSH_75,2025-08,72,11.886732983856334,0,0,0,999,0,8,1,33.0,39.5,2472.420305891781,0,6.32
TSH_75,2025-09,73,11.886732983856334,0,0,0,999,0,9,1,33.0,39.5,2472.420305891781,0,5.56
TSH_75,2025-10,74,11.886732983856334,0,0,0,999,0,10,0,33.0,39.5,2472.420305891781,0,6.54
TSH_75,2025-11,75,11.886732983856334,0,0,0,999,0,11,0,33.0,39.5,2472.420305891781,0,5.24
TSH_75,2025-12,76,11.886732983856334,0,0,0,999,0,12,0,33.0,39.5,2472.420305891781,0,4.01
TSH_75,2026-01,77,11.886732983856334,0,0,0,999,0,1,0,33.0,39.5,2472.420305891781,0,3.86
TSH_75,2026-02,78,11.886732983856334,0,0,0,999,0,2,0,33.0,39.5,2472.420305891781,0,4.1
TSH_75,2026-03,79,11.886732983856334,0,0,0,999,0,3,0,33.0,39.5,2472.420305891781,0,4.75
TSH_76,2024-12,64,28.90359448721781,0,0,0,999,0,12,0,33.0,39.5,817.0610063894936,0,2.72
TSH_76,2025-01,65,28.90359448721781,0,0,0,999,0,1,0,33.0,39.5,817.0610063894936,0,3.59
TSH_76,2025-02,66,28.90359448721781,0,0,0,999,0,2,0,33.0,39.5,817.0610063894936,0,3.93
TSH_76,2025-03,67,28.90359448721781,0,0,0,999,0,3,0,33.0,39.5,817.0610063894936,0,4.72
TSH_76,2025-04,68,28.90359448721781,0,0,0,999,0,4,0,33.0,39.5,817.0610063894936,0,6.13
TSH_76,2025-05,69,28.90359448721781,0,0,0,999,0,5,1,33.0,39.5,817.0610063894936,0,5.25
TSH_76,2025-06,70,28.90359448721781,0,0,0,999,0,6,1,33.0,39.5,817.0610063894936,0,5.4
TSH_76,2025-07,71,28.90359448721781,0,0,0,999,0,7,1,33.0,39.5,817.0610063894936,0,5.23
TSH_76,2025-08,72,28.90359448721781,0,0,0,999,0,8,1,33.0,39.5,817.0610063894936,0,4.17
TSH_76,2025-09,73,28.90359448721781,0,0,0,999,0,9,1,33.0,39.5,817.0610063894936,0,3.56
TSH_76,2025-10,74,28.90359448721781,0,0,0,999,0,10,0,33.0,39.5,817.0610063894936,0,4.27
TSH_76,2025-11,75,28.90359448721781,0,0,0,999,0,11,0,33.0,39.5,817.0610063894936,0,3.27
TSH_76,2025-12,76,28.90359448721781,0,0,0,999,0,12,0,33.0,39.5,817.0610063894936,0,2.72
TSH_76,2026-01,77,28.90359448721781,0,0,0,999,0,1,0,33.0,39.5,817.0610063894936,0,3.59
TSH_76,2026-02,78,28.90359448721781,0,0,0,999,0,2,0,33.0,39.5,817.0610063894936,0,3.93
TSH_76,2026-03,79,28.90359448721781,0,0,0,999,0,3,0,33.0,39.5,817.0610063894936,0,4.72
TSH_77,2024-12,64,19.23445779559901,0,0,0,999,0,12,0,33.0,31.9,4395.029009829561,0,4.77
TSH_77,2025-01,65,19.23445779559901,0,0,0,999,0,1,0,33.0,31.9,4395.029009829561,0,2.89
TSH_77,2025-02,66,19.23445779559901,0,0,0,999,0,2,0,33.0,31.9,4395.029009829561,0,3.12
TSH_77,2025-03,67,19.23445779559901,0,0,0,999,0,3,0,33.0,31.9,4395.029009829561,0,4.46
TSH_77,2025-04,68,19.23445779559901,0,0,0,999,0,4,0,33.0,31.9,4395.029009829561,0,8.46
TSH_77,2025-05,69,19.23445779559901,0,0,0,999,0,5,1,33.0,31.9,4395.029009829561,0,8.21
TSH_77,2025-06,70,19.23445779559901,0,0,0,999,0,6,1,33.0,31.9,4395.029009829561,0,8.69
TSH_77,2025-07,71,19.23445779559901,0,0,0,999,0,7,1,33.0,31.9,4395.029009829561,0,8.52
TSH_77,2025-08,72,19.23445779559901,0,0,0,999,0,8,1,33.0,31.9,4395.029009829561,0,8.53
TSH_77,2025-09,73,19.23445779559901,0,0,0,999,0,9,1,33.0,31.9,4395.029009829561,0,7.28
TSH_77,2025-10,74,19.23445779559901,0,0,0,999,0,10,0,33.0,31.9,4395.029009829561,0,8.44
TSH_77,2025-11,75,19.23445779559901,0,0,0,999,0,11,0,33.0,31.9,4395.029009829561,0,6.48
TSH_77,2025-12,76,19.23445779559901,0,0,0,999,0,12,0,33.0,31.9,4395.029009829561,0,4.77
TSH_77,2026-01,77,19.23445779559901,0,0,0,999,0,1,0,33.0,31.9,4395.029009829561,0,2.89
TSH_77,2026-02,78,19.23445779559901,0,0,0,999,0,2,0,33.0,31.9,4395.029009829561,0,3.12
TSH_77,2026-03,79,19.23445779559901,0,0,0,999,0,3,0,33.0,31.9,4395.029009829561,0,4.46
TSH_78,2024-12,64,8.280439085738122,0,0,0,999,0,12,0,33.0,31.9,2800.093057859044,0,4.55
TSH_78,2025-01,65,8.280439085738122,0,0,0,999,0,1,0,33.0,31.9,2800.093057859044,0,2.67
TSH_78,2025-02,66,8.280439085738122,0,0,0,999,0,2,0,33.0,31.9,2800.093057859044,0,2.91
TSH_78,2025-03,67,8.280439085738122,0,0,0,999,0,3,0,33.0,31.9,2800.093057859044,0,4.02
TSH_78,2025-04,68,8.280439085738122,0,0,0,999,0,4,0,33.0,31.9,2800.093057859044,0,9.8
TSH_78,2025-05,69,8.280439085738122,0,0,0,999,0,5,1,33.0,31.9,2800.093057859044,0,13.23
TSH_78,2025-06,70,8.280439085738122,0,0,0,999,0,6,1,33.0,31.9,2800.093057859044,0,13.03
TSH_78,2025-07,71,8.280439085738122,0,0,0,999,0,7,1,33.0,31.9,2800.093057859044,0,11.22
TSH_78,2025-08,72,8.280439085738122,0,0,0,999,0,8,1,33.0,31.9,2800.093057859044,0,10.25
TSH_78,2025-09,73,8.280439085738122,0,0,0,999,0,9,1,33.0,31.9,2800.093057859044,0,8.78
TSH_78,2025-10,74,8.280439085738122,0,0,0,999,0,10,0,33.0,31.9,2800.093057859044,0,8.47
TSH_78,2025-11,75,8.280439085738122,0,0,0,999,0,11,0,33.0,31.9,2800.093057859044,0,6.18
TSH_78,2025-12,76,8.280439085738122,0,0,0,999,0,12,0,33.0,31.9,2800.093057859044,0,4.55
TSH_78,2026-01,77,8.280439085738122,0,0,0,999,0,1,0,33.0,31.9,2800.093057859044,0,2.67
TSH_78,2026-02,78,8.280439085738122,0,0,0,999,0,2,0,33.0,31.9,2800.093057859044,0,2.91
TSH_78,2026-03,79,8.280439085738122,0,0,0,999,0,3,0,33.0,31.9,2800.093057859044,0,4.02
TSH_79,2024-12,64,25.17271805780424,0,0,0,999,0,12,0,33.0,31.9,1148.1874914592015,0,1.31
TSH_79,2025-01,65,25.17271805780424,0,0,0,999,0,1,0,33.0,31.9,1148.1874914592015,0,1.29
TSH_79,2025-02,66,25.17271805780424,0,0,0,999,0,2,0,33.0,31.9,1148.1874914592015,0,1.44
TSH_79,2025-03,67,25.17271805780424,0,0,0,999,0,3,0,33.0,31.9,1148.1874914592015,0,2.08
TSH_79,2025-04,68,25.17271805780424,0,0,0,999,0,4,0,33.0,31.9,1148.1874914592015,0,3.36
TSH_79,2025-05,69,25.17271805780424,0,0,0,999,0,5,1,33.0,31.9,1148.1874914592015,0,3.27
TSH_79,2025-06,70,25.17271805780424,0,0,0,999,0,6,1,33.0,31.9,1148.1874914592015,0,3.42
TSH_79,2025-07,71,25.17271805780424,0,0,0,999,0,7,1,33.0,31.9,1148.1874914592015,0,3.26
TSH_79,2025-08,72,25.17271805780424,0,0,0,999,0,8,1,33.0,31.9,1148.1874914592015,0,2.58
TSH_79,2025-09,73,25.17271805780424,0,0,0,999,0,9,1,33.0,31.9,1148.1874914592015,0,2.09
TSH_79,2025-10,74,25.17271805780424,0,0,0,999,0,10,0,33.0,31.9,1148.1874914592015,0,2.28
TSH_79,2025-11,75,25.17271805780424,0,0,0,999,0,11,0,33.0,31.9,1148.1874914592015,0,1.64
TSH_79,2025-12,76,25.17271805780424,0,0,0,999,0,12,0,33.0,31.9,1148.1874914592015,0,1.31
TSH_79,2026-01,77,25.17271805780424,0,0,0,999,0,1,0,33.0,31.9,1148.1874914592015,0,1.29
TSH_79,2026-02,78,25.17271805780424,0,0,0,999,0,2,0,33.0,31.9,1148.1874914592015,0,1.44
TSH_79,2026-03,79,25.17271805780424,0,0,0,999,0,3,0,33.0,31.9,1148.1874914592015,0,2.08
TSH_8,2024-12,64,22.09999690327132,0,0,0,999,0,12,0,33.0,39.5,1350.8146689188472,0,2.72
TSH_8,2025-01,65,22.09999690327132,0,0,0,999,0,1,0,33.0,39.5,1350.8146689188472,0,3.59
TSH_8,2025-02,66,22.09999690327132,0,0,0,999,0,2,0,33.0,39.5,1350.8146689188472,0,3.93
TSH_8,2025-03,67,22.09999690327132,0,0,0,999,0,3,0,33.0,39.5,1350.8146689188472,0,4.72
TSH_8,2025-04,68,22.09999690327132,0,0,0,999,0,4,0,33.0,39.5,1350.8146689188472,0,6.13
TSH_8,2025-05,69,22.09999690327132,0,0,0,999,0,5,1,33.0,39.5,1350.8146689188472,0,5.25
TSH_8,2025-06,70,22.09999690327132,0,0,0,999,0,6,1,33.0,39.5,1350.8146689188472,0,5.4
TSH_8,2025-07,71,22.09999690327132,0,0,0,999,0,7,1,33.0,39.5,1350.8146689188472,0,5.23
TSH_8,2025-08,72,22.09999690327132,0,0,0,999,0,8,1,33.0,39.5,1350.8146689188472,0,4.17
TSH_8,2025-09,73,22.09999690327132,0,0,0,999,0,9,1,33.0,39.5,1350.8146689188472,0,3.56
TSH_8,2025-10,74,22.09999690327132,0,0,0,999,0,10,0,33.0,39.5,1350.8146689188472,0,4.27
TSH_8,2025-11,75,22.09999690327132,0,0,0,999,0,11,0,33.0,39.5,1350.8146689188472,0,3.27
TSH_8,2025-12,76,22.09999690327132,0,0,0,999,0,12,0,33.0,39.5,1350.8146689188472,0,2.72
TSH_8,2026-01,77,22.09999690327132,0,0,0,999,0,1,0,33.0,39.5,1350.8146689188472,0,3.59
TSH_8,2026-02,78,22.09999690327132,0,0,0,999,0,2,0,33.0,39.5,1350.8146689188472,0,3.93
TSH_8,2026-03,79,22.09999690327132,0,0,0,999,0,3,0,33.0,39.5,1350.8146689188472,0,4.72
TSH_80,2024-12,64,3.909024734987968,0,0,3,15,1,12,0,33.0,34.6,6856.697467298706,0,76.7
TSH_80,2025-01,65,3.909024734987968,0,0,3,16,1,1,0,33.0,34.6,6856.697467298706,0,60.53
TSH_80,2025-02,66,3.909024734987968,0,0,3,17,1,2,0,33.0,34.6,6856.697467298706,0,58.53
TSH_80,2025-03,67,3.909024734987968,0,0,3,18,1,3,0,33.0,34.6,6856.697467298706,0,64.6
TSH_80,2025-04,68,3.909024734987968,0,0,3,19,1,4,0,33.0,34.6,6856.697467298706,0,76.64
TSH_80,2025-05,69,3.909024734987968,0,0,3,20,1,5,1,33.0,34.6,6856.697467298706,0,81.72
TSH_80,2025-06,70,3.909024734987968,0,0,3,21,1,6,1,33.0,34.6,6856.697467298706,0,84.22
TSH_80,2025-07,71,3.909024734987968,0,0,3,22,1,7,1,33.0,34.6,6856.697467298706,0,85.03
TSH_80,2025-08,72,3.909024734987968,0,0,3,23,1,8,1,33.0,34.6,6856.697467298706,0,84.0
TSH_80,2025-09,73,3.909024734987968,0,0,3,24,1,9,1,33.0,34.6,6856.697467298706,0,80.82
TSH_80,2025-10,74,3.909024734987968,0,0,3,25,1,10,0,33.0,34.6,6856.697467298706,0,79.37
TSH_80,2025-11,75,3.909024734987968,0,0,3,26,1,11,0,33.0,34.6,6856.697467298706,0,79.65
TSH_80,2025-12,76,3.909024734987968,0,0,3,27,1,12,0,33.0,34.6,6856.697467298706,0,76.7
TSH_80,2026-01,77,3.909024734987968,0,0,3,28,1,1,0,33.0,34.6,6856.697467298706,0,60.53
TSH_80,2026-02,78,3.909024734987968,0,0,3,29,1,2,0,33.0,34.6,6856.697467298706,0,59.92
TSH_80,2026-03,79,3.909024734987968,0,0,3,30,1,3,0,33.0,34.6,6856.697467298706,0,66.9
TSH_81,2024-12,64,1.4250219760349891,0,0,0,999,0,12,0,33.0,34.6,8658.813834108223,0,2.97
TSH_81,2025-01,65,1.4250219760349891,0,0,0,999,0,1,0,33.0,34.6,8658.813834108223,0,1.14
TSH_81,2025-02,66,1.4250219760349891,0,0,0,999,0,2,0,33.0,34.6,8658.813834108223,0,1.13
TSH_81,2025-03,67,1.4250219760349891,0,0,0,999,0,3,0,33.0,34.6,8658.813834108223,0,1.57
TSH_81,2025-04,68,1.4250219760349891,0,0,0,999,0,4,0,33.0,34.6,8658.813834108223,0,2.8
TSH_81,2025-05,69,1.4250219760349891,0,0,0,999,0,5,1,33.0,34.6,8658.813834108223,0,3.7
TSH_81,2025-06,70,1.4250219760349891,0,0,0,999,0,6,1,33.0,34.6,8658.813834108223,0,4.16
TSH_81,2025-07,71,1.4250219760349891,0,0,0,999,0,7,1,33.0,34.6,8658.813834108223,0,4.06
TSH_81,2025-08,72,1.4250219760349891,0,0,0,999,0,8,1,33.0,34.6,8658.813834108223,0,4.26
TSH_81,2025-09,73,1.4250219760349891,0,0,0,999,0,9,1,33.0,34.6,8658.813834108223,0,3.78
TSH_81,2025-10,74,1.4250219760349891,0,0,0,999,0,10,0,33.0,34.6,8658.813834108223,0,3.86
TSH_81,2025-11,75,1.4250219760349891,0,0,0,999,0,11,0,33.0,34.6,8658.813834108223,0,3.65
TSH_81,2025-12,76,1.4250219760349891,0,0,0,999,0,12,0,33.0,34.6,8658.813834108223,0,2.97
TSH_81,2026-01,77,1.4250219760349891,0,0,0,999,0,1,0,33.0,34.6,8658.813834108223,0,1.14
TSH_81,2026-02,78,1.4250219760349891,0,0,0,999,0,2,0,33.0,34.6,8658.813834108223,0,1.13
TSH_81,2026-03,79,1.4250219760349891,0,0,0,999,0,3,0,33.0,34.6,8658.813834108223,0,1.57
TSH_82,2024-12,64,14.31107954181459,0,0,0,999,0,12,0,33.0,31.9,1398.706501596449,0,1.09
TSH_82,2025-01,65,14.31107954181459,0,0,0,999,0,1,0,33.0,31.9,1398.706501596449,0,0.96
TSH_82,2025-02,66,14.31107954181459,0,0,0,999,0,2,0,33.0,31.9,1398.706501596449,0,1.04
TSH_82,2025-03,67,14.31107954181459,0,0,0,999,0,3,0,33.0,31.9,1398.706501596449,0,1.49
TSH_82,2025-04,68,14.31107954181459,0,0,0,999,0,4,0,33.0,31.9,1398.706501596449,0,2.43
TSH_82,2025-05,69,14.31107954181459,0,0,0,999,0,5,1,33.0,31.9,1398.706501596449,0,2.36
TSH_82,2025-06,70,14.31107954181459,0,0,0,999,0,6,1,33.0,31.9,1398.706501596449,0,2.47
TSH_82,2025-07,71,14.31107954181459,0,0,0,999,0,7,1,33.0,31.9,1398.706501596449,0,2.35
TSH_82,2025-08,72,14.31107954181459,0,0,0,999,0,8,1,33.0,31.9,1398.706501596449,0,1.99
TSH_82,2025-09,73,14.31107954181459,0,0,0,999,0,9,1,33.0,31.9,1398.706501596449,0,1.68
TSH_82,2025-10,74,14.31107954181459,0,0,0,999,0,10,0,33.0,31.9,1398.706501596449,0,1.97
TSH_82,2025-11,75,14.31107954181459,0,0,0,999,0,11,0,33.0,31.9,1398.706501596449,0,1.38
TSH_82,2025-12,76,14.31107954181459,0,0,0,999,0,12,0,33.0,31.9,1398.706501596449,0,1.09
TSH_82,2026-01,77,14.31107954181459,0,0,0,999,0,1,0,33.0,31.9,1398.706501596449,0,0.96
TSH_82,2026-02,78,14.31107954181459,0,0,0,999,0,2,0,33.0,31.9,1398.706501596449,0,1.04
TSH_82,2026-03,79,14.31107954181459,0,0,0,999,0,3,0,33.0,31.9,1398.706501596449,0,1.49
TSH_83,2024-12,64,12.66888241708827,0,0,0,999,0,12,0,33.0,31.9,954.8592844845656,0,0.79
TSH_83,2025-01,65,12.66888241708827,0,0,0,999,0,1,0,33.0,31.9,954.8592844845656,0,0.79
TSH_83,2025-02,66,12.66888241708827,0,0,0,999,0,2,0,33.0,31.9,954.8592844845656,0,0.85
TSH_83,2025-03,67,12.66888241708827,0,0,0,999,0,3,0,33.0,31.9,954.8592844845656,0,1.18
TSH_83,2025-04,68,12.66888241708827,0,0,0,999,0,4,0,33.0,31.9,954.8592844845656,0,2.1
TSH_83,2025-05,69,12.66888241708827,0,0,0,999,0,5,1,33.0,31.9,954.8592844845656,0,2.29
TSH_83,2025-06,70,12.66888241708827,0,0,0,999,0,6,1,33.0,31.9,954.8592844845656,0,2.24
TSH_83,2025-07,71,12.66888241708827,0,0,0,999,0,7,1,33.0,31.9,954.8592844845656,0,1.84
TSH_83,2025-08,72,12.66888241708827,0,0,0,999,0,8,1,33.0,31.9,954.8592844845656,0,1.47
TSH_83,2025-09,73,12.66888241708827,0,0,0,999,0,9,1,33.0,31.9,954.8592844845656,0,1.2
TSH_83,2025-10,74,12.66888241708827,0,0,0,999,0,10,0,33.0,31.9,954.8592844845656,0,1.35
TSH_83,2025-11,75,12.66888241708827,0,0,0,999,0,11,0,33.0,31.9,954.8592844845656,0,0.99
TSH_83,2025-12,76,12.66888241708827,0,0,0,999,0,12,0,33.0,31.9,954.8592844845656,0,0.79
TSH_83,2026-01,77,12.66888241708827,0,0,0,999,0,1,0,33.0,31.9,954.8592844845656,0,0.79
TSH_83,2026-02,78,12.66888241708827,0,0,0,999,0,2,0,33.0,31.9,954.8592844845656,0,0.85
TSH_83,2026-03,79,12.66888241708827,0,0,0,999,0,3,0,33.0,31.9,954.8592844845656,0,1.18
TSH_84,2024-12,64,13.126114123407064,0,0,1,11,0,12,0,33.0,34.6,2016.3621732347185,0,73.57
TSH_84,2025-01,65,13.126114123407064,0,0,1,12,0,1,0,33.0,34.6,2016.3621732347185,0,56.21
TSH_84,2025-02,66,13.126114123407064,0,0,1,13,0,2,0,33.0,34.6,2016.3621732347185,0,58.38
TSH_84,2025-03,67,13.126114123407064,0,0,1,14,0,3,0,33.0,34.6,2016.3621732347185,0,66.74
TSH_84,2025-04,68,13.126114123407064,0,0,1,15,0,4,0,33.0,34.6,2016.3621732347185,0,80.86
TSH_84,2025-05,69,13.126114123407064,0,0,1,16,0,5,1,33.0,34.6,2016.3621732347185,0,77.46
TSH_84,2025-06,70,13.126114123407064,0,0,1,17,0,6,1,33.0,34.6,2016.3621732347185,0,78.57
TSH_84,2025-07,71,13.126114123407064,0,0,1,18,0,7,1,33.0,34.6,2016.3621732347185,0,77.39
TSH_84,2025-08,72,13.126114123407064,0,0,1,19,0,8,1,33.0,34.6,2016.3621732347185,0,80.08
TSH_84,2025-09,73,13.126114123407064,0,0,1,20,0,9,1,33.0,34.6,2016.3621732347185,0,77.49
TSH_84,2025-10,74,13.126114123407064,0,0,1,21,0,10,0,33.0,34.6,2016.3621732347185,0,84.46
TSH_84,2025-11,75,13.126114123407064,0,0,1,22,0,11,0,33.0,34.6,2016.3621732347185,0,79.36
TSH_84,2025-12,76,13.126114123407064,0,0,1,23,0,12,0,33.0,34.6,2016.3621732347185,0,73.57
TSH_84,2026-01,77,13.126114123407064,0,0,1,24,0,1,0,33.0,34.6,2016.3621732347185,0,56.21
TSH_84,2026-02,78,13.126114123407064,0,0,1,25,0,2,0,33.0,34.6,2016.3621732347185,0,58.38
TSH_84,2026-03,79,13.126114123407064,0,0,1,26,0,3,0,33.0,34.6,2016.3621732347185,0,66.74
TSH_85,2024-12,64,12.602463893187249,0,0,0,999,0,12,0,33.0,31.9,2747.637310726117,0,4.33
TSH_85,2025-01,65,12.602463893187249,0,0,0,999,0,1,0,33.0,31.9,2747.637310726117,0,2.57
TSH_85,2025-02,66,12.602463893187249,0,0,0,999,0,2,0,33.0,31.9,2747.637310726117,0,2.8
TSH_85,2025-03,67,12.602463893187249,0,0,0,999,0,3,0,33.0,31.9,2747.637310726117,0,3.87
TSH_85,2025-04,68,12.602463893187249,0,0,0,999,0,4,0,33.0,31.9,2747.637310726117,0,9.46
TSH_85,2025-05,69,12.602463893187249,0,0,0,999,0,5,1,33.0,31.9,2747.637310726117,0,12.52
TSH_85,2025-06,70,12.602463893187249,0,0,0,999,0,6,1,33.0,31.9,2747.637310726117,0,12.33
TSH_85,2025-07,71,12.602463893187249,0,0,0,999,0,7,1,33.0,31.9,2747.637310726117,0,10.61
TSH_85,2025-08,72,12.602463893187249,0,0,0,999,0,8,1,33.0,31.9,2747.637310726117,0,9.68
TSH_85,2025-09,73,12.602463893187249,0,0,0,999,0,9,1,33.0,31.9,2747.637310726117,0,8.37
TSH_85,2025-10,74,12.602463893187249,0,0,0,999,0,10,0,33.0,31.9,2747.637310726117,0,8.07
TSH_85,2025-11,75,12.602463893187249,0,0,0,999,0,11,0,33.0,31.9,2747.637310726117,0,5.89
TSH_85,2025-12,76,12.602463893187249,0,0,0,999,0,12,0,33.0,31.9,2747.637310726117,0,4.33
TSH_85,2026-01,77,12.602463893187249,0,0,0,999,0,1,0,33.0,31.9,2747.637310726117,0,2.57
TSH_85,2026-02,78,12.602463893187249,0,0,0,999,0,2,0,33.0,31.9,2747.637310726117,0,2.8
TSH_85,2026-03,79,12.602463893187249,0,0,0,999,0,3,0,33.0,31.9,2747.637310726117,0,3.87
TSH_86,2024-12,64,9.2948335596709,0,0,0,999,0,12,0,33.0,38.1,4689.164116839032,0,1.76
TSH_86,2025-01,65,9.2948335596709,0,0,0,999,0,1,0,33.0,38.1,4689.164116839032,0,1.17
TSH_86,2025-02,66,9.2948335596709,0,0,0,999,0,2,0,33.0,38.1,4689.164116839032,0,1.24
TSH_86,2025-03,67,9.2948335596709,0,0,0,999,0,3,0,33.0,38.1,4689.164116839032,0,1.72
TSH_86,2025-04,68,9.2948335596709,0,0,0,999,0,4,0,33.0,38.1,4689.164116839032,0,3.22
TSH_86,2025-05,69,9.2948335596709,0,0,0,999,0,5,1,33.0,38.1,4689.164116839032,0,4.18
TSH_86,2025-06,70,9.2948335596709,0,0,0,999,0,6,1,33.0,38.1,4689.164116839032,0,4.09
TSH_86,2025-07,71,9.2948335596709,0,0,0,999,0,7,1,33.0,38.1,4689.164116839032,0,3.53
TSH_86,2025-08,72,9.2948335596709,0,0,0,999,0,8,1,33.0,38.1,4689.164116839032,0,3.4
TSH_86,2025-09,73,9.2948335596709,0,0,0,999,0,9,1,33.0,38.1,4689.164116839032,0,2.97
TSH_86,2025-10,74,9.2948335596709,0,0,0,999,0,10,0,33.0,38.1,4689.164116839032,0,3.06
TSH_86,2025-11,75,9.2948335596709,0,0,0,999,0,11,0,33.0,38.1,4689.164116839032,0,2.36
TSH_86,2025-12,76,9.2948335596709,0,0,0,999,0,12,0,33.0,38.1,4689.164116839032,0,1.76
TSH_86,2026-01,77,9.2948335596709,0,0,0,999,0,1,0,33.0,38.1,4689.164116839032,0,1.17
TSH_86,2026-02,78,9.2948335596709,0,0,0,999,0,2,0,33.0,38.1,4689.164116839032,0,1.24
TSH_86,2026-03,79,9.2948335596709,0,0,0,999,0,3,0,33.0,38.1,4689.164116839032,0,1.72
TSH_87,2024-12,64,138.99136243861577,0,0,1,18,0,12,0,33.0,38.1,178.9103981981778,0,46.89
TSH_87,2025-01,65,138.99136243861577,0,0,1,19,0,1,0,33.0,38.1,178.9103981981778,0,70.21
TSH_87,2025-02,66,138.99136243861577,0,0,1,20,0,2,0,33.0,38.1,178.9103981981778,0,73.27
TSH_87,2025-03,67,138.99136243861577,0,0,1,21,0,3,0,33.0,38.1,178.9103981981778,0,79.97
TSH_87,2025-04,68,138.99136243861577,0,0,1,22,0,4,0,33.0,38.1,178.9103981981778,0,83.59
TSH_87,2025-05,69,138.99136243861577,0,0,1,23,0,5,1,33.0,38.1,178.9103981981778,0,79.9
TSH_87,2025-06,70,138.99136243861577,0,0,1,24,0,6,1,33.0,38.1,178.9103981981778,0,79.16
TSH_87,2025-07,71,138.99136243861577,0,0,1,25,0,7,1,33.0,38.1,178.9103981981778,0,78.52
TSH_87,2025-08,72,138.99136243861577,0,0,1,26,0,8,1,33.0,38.1,178.9103981981778,0,71.47
TSH_87,2025-09,73,138.99136243861577,0,0,1,27,0,9,1,33.0,38.1,178.9103981981778,0,58.33
TSH_87,2025-10,74,138.99136243861577,0,0,1,28,0,10,0,33.0,38.1,178.9103981981778,0,59.73
TSH_87,2025-11,75,138.99136243861577,0,0,1,29,0,11,0,33.0,38.1,178.9103981981778,0,51.75
TSH_87,2025-12,76,138.99136243861577,0,0,1,30,0,12,0,33.0,38.1,178.9103981981778,0,46.89
TSH_87,2026-01,77,138.99136243861577,0,0,1,31,0,1,0,33.0,38.1,178.9103981981778,0,70.21
TSH_87,2026-02,78,138.99136243861577,0,0,1,32,0,2,0,33.0,38.1,178.9103981981778,0,82.53
TSH_87,2026-03,79,138.99136243861577,0,0,1,33,0,3,0,33.0,38.1,178.9103981981778,0,89.1
TSH_88,2024-12,64,5.77739610378167,0,0,0,999,0,12,0,33.0,73.3,4820.337657265887,0,1.33
TSH_88,2025-01,65,5.77739610378167,0,0,0,999,0,1,0,33.0,73.3,4820.337657265887,0,0.9
TSH_88,2025-02,66,5.77739610378167,0,0,0,999,0,2,0,33.0,73.3,4820.337657265887,0,0.91
TSH_88,2025-03,67,5.77739610378167,0,0,0,999,0,3,0,33.0,73.3,4820.337657265887,0,1.06
TSH_88,2025-04,68,5.77739610378167,0,0,0,999,0,4,0,33.0,73.3,4820.337657265887,0,1.75
TSH_88,2025-05,69,5.77739610378167,0,0,0,999,0,5,1,33.0,73.3,4820.337657265887,0,1.89
TSH_88,2025-06,70,5.77739610378167,0,0,0,999,0,6,1,33.0,73.3,4820.337657265887,0,1.97
TSH_88,2025-07,71,5.77739610378167,0,0,0,999,0,7,1,33.0,73.3,4820.337657265887,0,1.73
TSH_88,2025-08,72,5.77739610378167,0,0,0,999,0,8,1,33.0,73.3,4820.337657265887,0,1.71
TSH_88,2025-09,73,5.77739610378167,0,0,0,999,0,9,1,33.0,73.3,4820.337657265887,0,1.57
TSH_88,2025-10,74,5.77739610378167,0,0,0,999,0,10,0,33.0,73.3,4820.337657265887,0,1.71
TSH_88,2025-11,75,5.77739610378167,0,0,0,999,0,11,0,33.0,73.3,4820.337657265887,0,1.63
TSH_88,2025-12,76,5.77739610378167,0,0,0,999,0,12,0,33.0,73.3,4820.337657265887,0,1.33
TSH_88,2026-01,77,5.77739610378167,0,0,0,999,0,1,0,33.0,73.3,4820.337657265887,0,0.9
TSH_88,2026-02,78,5.77739610378167,0,0,0,999,0,2,0,33.0,73.3,4820.337657265887,0,0.91
TSH_88,2026-03,79,5.77739610378167,0,0,0,999,0,3,0,33.0,73.3,4820.337657265887,0,1.06
TSH_89,2024-12,64,5.54793928931718,0,0,0,999,0,12,0,33.0,34.6,5069.63009745942,0,3.96
TSH_89,2025-01,65,5.54793928931718,0,0,0,999,0,1,0,33.0,34.6,5069.63009745942,0,1.91
TSH_89,2025-02,66,5.54793928931718,0,0,0,999,0,2,0,33.0,34.6,5069.63009745942,0,1.98
TSH_89,2025-03,67,5.54793928931718,0,0,0,999,0,3,0,33.0,34.6,5069.63009745942,0,2.86
TSH_89,2025-04,68,5.54793928931718,0,0,0,999,0,4,0,33.0,34.6,5069.63009745942,0,6.1
TSH_89,2025-05,69,5.54793928931718,0,0,0,999,0,5,1,33.0,34.6,5069.63009745942,0,8.48
TSH_89,2025-06,70,5.54793928931718,0,0,0,999,0,6,1,33.0,34.6,5069.63009745942,0,8.81
TSH_89,2025-07,71,5.54793928931718,0,0,0,999,0,7,1,33.0,34.6,5069.63009745942,0,7.8
TSH_89,2025-08,72,5.54793928931718,0,0,0,999,0,8,1,33.0,34.6,5069.63009745942,0,7.71
TSH_89,2025-09,73,5.54793928931718,0,0,0,999,0,9,1,33.0,34.6,5069.63009745942,0,6.78
TSH_89,2025-10,74,5.54793928931718,0,0,0,999,0,10,0,33.0,34.6,5069.63009745942,0,6.56
TSH_89,2025-11,75,5.54793928931718,0,0,0,999,0,11,0,33.0,34.6,5069.63009745942,0,5.39
TSH_89,2025-12,76,5.54793928931718,0,0,0,999,0,12,0,33.0,34.6,5069.63009745942,0,3.96
TSH_89,2026-01,77,5.54793928931718,0,0,0,999,0,1,0,33.0,34.6,5069.63009745942,0,1.91
TSH_89,2026-02,78,5.54793928931718,0,0,0,999,0,2,0,33.0,34.6,5069.63009745942,0,1.98
TSH_89,2026-03,79,5.54793928931718,0,0,0,999,0,3,0,33.0,34.6,5069.63009745942,0,2.86
TSH_9,2024-12,64,7.389966643324454,0,0,0,999,0,12,0,33.0,73.3,5071.470793965604,0,1.22
TSH_9,2025-01,65,7.389966643324454,0,0,0,999,0,1,0,33.0,73.3,5071.470793965604,0,0.94
TSH_9,2025-02,66,7.389966643324454,0,0,0,999,0,2,0,33.0,73.3,5071.470793965604,0,0.94
TSH_9,2025-03,67,7.389966643324454,0,0,0,999,0,3,0,33.0,73.3,5071.470793965604,0,1.05
TSH_9,2025-04,68,7.389966643324454,0,0,0,999,0,4,0,33.0,73.3,5071.470793965604,0,1.75
TSH_9,2025-05,69,7.389966643324454,0,0,0,999,0,5,1,33.0,73.3,5071.470793965604,0,1.88
TSH_9,2025-06,70,7.389966643324454,0,0,0,999,0,6,1,33.0,73.3,5071.470793965604,0,1.9
TSH_9,2025-07,71,7.389966643324454,0,0,0,999,0,7,1,33.0,73.3,5071.470793965604,0,1.64
TSH_9,2025-08,72,7.389966643324454,0,0,0,999,0,8,1,33.0,73.3,5071.470793965604,0,1.57
TSH_9,2025-09,73,7.389966643324454,0,0,0,999,0,9,1,33.0,73.3,5071.470793965604,0,1.4
TSH_9,2025-10,74,7.389966643324454,0,0,0,999,0,10,0,33.0,73.3,5071.470793965604,0,1.59
TSH_9,2025-11,75,7.389966643324454,0,0,0,999,0,11,0,33.0,73.3,5071.470793965604,0,1.49
TSH_9,2025-12,76,7.389966643324454,0,0,0,999,0,12,0,33.0,73.3,5071.470793965604,0,1.22
TSH_9,2026-01,77,7.389966643324454,0,0,0,999,0,1,0,33.0,73.3,5071.470793965604,0,0.94
TSH_9,2026-02,78,7.389966643324454,0,0,0,999,0,2,0,33.0,73.3,5071.470793965604,0,0.94
TSH_9,2026-03,79,7.389966643324454,0,0,0,999,0,3,0,33.0,73.3,5071.470793965604,0,1.05
TSH_90,2024-12,64,11.592282337210731,0,0,0,999,0,12,0,33.0,34.6,3693.923142515811,0,2.71
TSH_90,2025-01,65,11.592282337210731,0,0,0,999,0,1,0,33.0,34.6,3693.923142515811,0,1.6
TSH_90,2025-02,66,11.592282337210731,0,0,0,999,0,2,0,33.0,34.6,3693.923142515811,0,1.65
TSH_90,2025-03,67,11.592282337210731,0,0,0,999,0,3,0,33.0,34.6,3693.923142515811,0,2.29
TSH_90,2025-04,68,11.592282337210731,0,0,0,999,0,4,0,33.0,34.6,3693.923142515811,0,4.92
TSH_90,2025-05,69,11.592282337210731,0,0,0,999,0,5,1,33.0,34.6,3693.923142515811,0,6.53
TSH_90,2025-06,70,11.592282337210731,0,0,0,999,0,6,1,33.0,34.6,3693.923142515811,0,6.61
TSH_90,2025-07,71,11.592282337210731,0,0,0,999,0,7,1,33.0,34.6,3693.923142515811,0,5.72
TSH_90,2025-08,72,11.592282337210731,0,0,0,999,0,8,1,33.0,34.6,3693.923142515811,0,5.51
TSH_90,2025-09,73,11.592282337210731,0,0,0,999,0,9,1,33.0,34.6,3693.923142515811,0,4.73
TSH_90,2025-10,74,11.592282337210731,0,0,0,999,0,10,0,33.0,34.6,3693.923142515811,0,4.78
TSH_90,2025-11,75,11.592282337210731,0,0,0,999,0,11,0,33.0,34.6,3693.923142515811,0,3.7
TSH_90,2025-12,76,11.592282337210731,0,0,0,999,0,12,0,33.0,34.6,3693.923142515811,0,2.71
TSH_90,2026-01,77,11.592282337210731,0,0,0,999,0,1,0,33.0,34.6,3693.923142515811,0,1.6
TSH_90,2026-02,78,11.592282337210731,0,0,0,999,0,2,0,33.0,34.6,3693.923142515811,0,1.65
TSH_90,2026-03,79,11.592282337210731,0,0,0,999,0,3,0,33.0,34.6,3693.923142515811,0,2.29
TSH_91,2024-12,64,124.51328252113444,0,0,0,999,0,12,0,33.0,31.9,325.1058777052888,0,1.72
TSH_91,2025-01,65,124.51328252113444,0,0,0,999,0,1,0,33.0,31.9,325.1058777052888,0,2.62
TSH_91,2025-02,66,124.51328252113444,0,0,0,999,0,2,0,33.0,31.9,325.1058777052888,0,2.84
TSH_91,2025-03,67,124.51328252113444,0,0,0,999,0,3,0,33.0,31.9,325.1058777052888,0,4.14
TSH_91,2025-04,68,124.51328252113444,0,0,0,999,0,4,0,33.0,31.9,325.1058777052888,0,6.89
TSH_91,2025-05,69,124.51328252113444,0,0,0,999,0,5,1,33.0,31.9,325.1058777052888,0,7.83
TSH_91,2025-06,70,124.51328252113444,0,0,0,999,0,6,1,33.0,31.9,325.1058777052888,0,7.69
TSH_91,2025-07,71,124.51328252113444,0,0,0,999,0,7,1,33.0,31.9,325.1058777052888,0,7.12
TSH_91,2025-08,72,124.51328252113444,0,0,0,999,0,8,1,33.0,31.9,325.1058777052888,0,4.93
TSH_91,2025-09,73,124.51328252113444,0,0,0,999,0,9,1,33.0,31.9,325.1058777052888,0,3.3
TSH_91,2025-10,74,124.51328252113444,0,0,0,999,0,10,0,33.0,31.9,325.1058777052888,0,2.97
TSH_91,2025-11,75,124.51328252113444,0,0,0,999,0,11,0,33.0,31.9,325.1058777052888,0,2.12
TSH_91,2025-12,76,124.51328252113444,0,0,0,999,0,12,0,33.0,31.9,325.1058777052888,0,1.72
TSH_91,2026-01,77,124.51328252113444,0,0,0,999,0,1,0,33.0,31.9,325.1058777052888,0,2.62
TSH_91,2026-02,78,124.51328252113444,0,0,0,999,0,2,0,33.0,31.9,325.1058777052888,0,2.84
TSH_91,2026-03,79,124.51328252113444,0,0,0,999,0,3,0,33.0,31.9,325.1058777052888,0,4.14
TSH_92,2024-12,64,7.07561762184964,0,0,1,8,0,12,0,33.0,34.6,4301.815279843117,0,9.56
TSH_92,2025-01,65,7.07561762184964,0,0,1,9,0,1,0,33.0,34.6,4301.815279843117,0,5.57
TSH_92,2025-02,66,7.07561762184964,0,0,1,10,0,2,0,33.0,34.6,4301.815279843117,0,5.75
TSH_92,2025-03,67,7.07561762184964,0,0,1,11,0,3,0,33.0,34.6,4301.815279843117,0,7.9
TSH_92,2025-04,68,7.07561762184964,0,0,1,12,0,4,0,33.0,34.6,4301.815279843117,0,15.1
TSH_92,2025-05,69,7.07561762184964,0,0,1,13,0,5,1,33.0,34.6,4301.815279843117,0,17.92
TSH_92,2025-06,70,7.07561762184964,0,0,1,14,0,6,1,33.0,34.6,4301.815279843117,0,18.53
TSH_92,2025-07,71,7.07561762184964,0,0,1,15,0,7,1,33.0,34.6,4301.815279843117,0,16.61
TSH_92,2025-08,72,7.07561762184964,0,0,1,16,0,8,1,33.0,34.6,4301.815279843117,0,16.45
TSH_92,2025-09,73,7.07561762184964,0,0,1,17,0,9,1,33.0,34.6,4301.815279843117,0,14.23
TSH_92,2025-10,74,7.07561762184964,0,0,1,18,0,10,0,33.0,34.6,4301.815279843117,0,15.0
TSH_92,2025-11,75,7.07561762184964,0,0,1,19,0,11,0,33.0,34.6,4301.815279843117,0,12.74
TSH_92,2025-12,76,7.07561762184964,0,0,1,20,0,12,0,33.0,34.6,4301.815279843117,0,9.56
TSH_92,2026-01,77,7.07561762184964,0,0,1,21,0,1,0,33.0,34.6,4301.815279843117,0,5.57
TSH_92,2026-02,78,7.07561762184964,0,0,1,22,0,2,0,33.0,34.6,4301.815279843117,0,5.75
TSH_92,2026-03,79,7.07561762184964,0,0,1,23,0,3,0,33.0,34.6,4301.815279843117,0,7.9
TSH_93,2024-12,64,9.13038057011019,0,0,0,999,0,12,0,33.0,38.1,1947.8925181084055,0,2.92
TSH_93,2025-01,65,9.13038057011019,0,0,0,999,0,1,0,33.0,38.1,1947.8925181084055,0,3.09
TSH_93,2025-02,66,9.13038057011019,0,0,0,999,0,2,0,33.0,38.1,1947.8925181084055,0,3.39
TSH_93,2025-03,67,9.13038057011019,0,0,0,999,0,3,0,33.0,38.1,1947.8925181084055,0,4.67
TSH_93,2025-04,68,9.13038057011019,0,0,0,999,0,4,0,33.0,38.1,1947.8925181084055,0,6.75
TSH_93,2025-05,69,9.13038057011019,0,0,0,999,0,5,1,33.0,38.1,1947.8925181084055,0,6.79
TSH_93,2025-06,70,9.13038057011019,0,0,0,999,0,6,1,33.0,38.1,1947.8925181084055,0,6.56
TSH_93,2025-07,71,9.13038057011019,0,0,0,999,0,7,1,33.0,38.1,1947.8925181084055,0,5.68
TSH_93,2025-08,72,9.13038057011019,0,0,0,999,0,8,1,33.0,38.1,1947.8925181084055,0,4.83
TSH_93,2025-09,73,9.13038057011019,0,0,0,999,0,9,1,33.0,38.1,1947.8925181084055,0,4.12
TSH_93,2025-10,74,9.13038057011019,0,0,0,999,0,10,0,33.0,38.1,1947.8925181084055,0,4.93
TSH_93,2025-11,75,9.13038057011019,0,0,0,999,0,11,0,33.0,38.1,1947.8925181084055,0,3.73
TSH_93,2025-12,76,9.13038057011019,0,0,0,999,0,12,0,33.0,38.1,1947.8925181084055,0,2.92
TSH_93,2026-01,77,9.13038057011019,0,0,0,999,0,1,0,33.0,38.1,1947.8925181084055,0,3.09
TSH_93,2026-02,78,9.13038057011019,0,0,0,999,0,2,0,33.0,38.1,1947.8925181084055,0,3.39
TSH_93,2026-03,79,9.13038057011019,0,0,0,999,0,3,0,33.0,38.1,1947.8925181084055,0,4.67
TSH_94,2024-12,64,5.435605977138408,0,0,0,999,0,12,0,33.0,73.3,3792.2174798350234,0,1.33
TSH_94,2025-01,65,5.435605977138408,0,0,0,999,0,1,0,33.0,73.3,3792.2174798350234,0,0.9
TSH_94,2025-02,66,5.435605977138408,0,0,0,999,0,2,0,33.0,73.3,3792.2174798350234,0,0.91
TSH_94,2025-03,67,5.435605977138408,0,0,0,999,0,3,0,33.0,73.3,3792.2174798350234,0,1.06
TSH_94,2025-04,68,5.435605977138408,0,0,0,999,0,4,0,33.0,73.3,3792.2174798350234,0,1.75
TSH_94,2025-05,69,5.435605977138408,0,0,0,999,0,5,1,33.0,73.3,3792.2174798350234,0,1.89
TSH_94,2025-06,70,5.435605977138408,0,0,0,999,0,6,1,33.0,73.3,3792.2174798350234,0,1.97
TSH_94,2025-07,71,5.435605977138408,0,0,0,999,0,7,1,33.0,73.3,3792.2174798350234,0,1.73
TSH_94,2025-08,72,5.435605977138408,0,0,0,999,0,8,1,33.0,73.3,3792.2174798350234,0,1.71
TSH_94,2025-09,73,5.435605977138408,0,0,0,999,0,9,1,33.0,73.3,3792.2174798350234,0,1.57
TSH_94,2025-10,74,5.435605977138408,0,0,0,999,0,10,0,33.0,73.3,3792.2174798350234,0,1.71
TSH_94,2025-11,75,5.435605977138408,0,0,0,999,0,11,0,33.0,73.3,3792.2174798350234,0,1.63
TSH_94,2025-12,76,5.435605977138408,0,0,0,999,0,12,0,33.0,73.3,3792.2174798350234,0,1.33
TSH_94,2026-01,77,5.435605977138408,0,0,0,999,0,1,0,33.0,73.3,3792.2174798350234,0,0.9
TSH_94,2026-02,78,5.435605977138408,0,0,0,999,0,2,0,33.0,73.3,3792.2174798350234,0,0.91
TSH_94,2026-03,79,5.435605977138408,0,0,0,999,0,3,0,33.0,73.3,3792.2174798350234,0,1.06
TSH_95,2024-12,64,118.7837636765369,0,0,0,999,0,12,0,33.0,73.3,204.65760005886983,0,4.78
TSH_95,2025-01,65,118.7837636765369,0,0,0,999,0,1,0,33.0,73.3,204.65760005886983,0,8.32
TSH_95,2025-02,66,118.7837636765369,0,0,0,999,0,2,0,33.0,73.3,204.65760005886983,0,8.76
TSH_95,2025-03,67,118.7837636765369,0,0,0,999,0,3,0,33.0,73.3,204.65760005886983,0,10.19
TSH_95,2025-04,68,118.7837636765369,0,0,0,999,0,4,0,33.0,73.3,204.65760005886983,0,12.3
TSH_95,2025-05,69,118.7837636765369,0,0,0,999,0,5,1,33.0,73.3,204.65760005886983,0,12.14
TSH_95,2025-06,70,118.7837636765369,0,0,0,999,0,6,1,33.0,73.3,204.65760005886983,0,12.13
TSH_95,2025-07,71,118.7837636765369,0,0,0,999,0,7,1,33.0,73.3,204.65760005886983,0,11.43
TSH_95,2025-08,72,118.7837636765369,0,0,0,999,0,8,1,33.0,73.3,204.65760005886983,0,8.28
TSH_95,2025-09,73,118.7837636765369,0,0,0,999,0,9,1,33.0,73.3,204.65760005886983,0,5.88
TSH_95,2025-10,74,118.7837636765369,0,0,0,999,0,10,0,33.0,73.3,204.65760005886983,0,5.96
TSH_95,2025-11,75,118.7837636765369,0,0,0,999,0,11,0,33.0,73.3,204.65760005886983,0,5.19
TSH_95,2025-12,76,118.7837636765369,0,0,0,999,0,12,0,33.0,73.3,204.65760005886983,0,4.78
TSH_95,2026-01,77,118.7837636765369,0,0,0,999,0,1,0,33.0,73.3,204.65760005886983,0,8.32
TSH_95,2026-02,78,118.7837636765369,0,0,0,999,0,2,0,33.0,73.3,204.65760005886983,0,8.76
TSH_95,2026-03,79,118.7837636765369,0,0,0,999,0,3,0,33.0,73.3,204.65760005886983,0,10.19
TSH_96,2024-12,64,272.44692940594183,0,0,0,999,0,12,0,33.0,27.5,111.52263696364987,0,1.81
TSH_96,2025-01,65,272.44692940594183,0,0,0,999,0,1,0,33.0,27.5,111.52263696364987,0,3.0
TSH_96,2025-02,66,272.44692940594183,0,0,0,999,0,2,0,33.0,27.5,111.52263696364987,0,3.39
TSH_96,2025-03,67,272.44692940594183,0,0,0,999,0,3,0,33.0,27.5,111.52263696364987,0,5.04
TSH_96,2025-04,68,272.44692940594183,0,0,0,999,0,4,0,33.0,27.5,111.52263696364987,0,8.09
TSH_96,2025-05,69,272.44692940594183,0,0,0,999,0,5,1,33.0,27.5,111.52263696364987,0,9.27
TSH_96,2025-06,70,272.44692940594183,0,0,0,999,0,6,1,33.0,27.5,111.52263696364987,0,9.01
TSH_96,2025-07,71,272.44692940594183,0,0,0,999,0,7,1,33.0,27.5,111.52263696364987,0,8.58
TSH_96,2025-08,72,272.44692940594183,0,0,0,999,0,8,1,33.0,27.5,111.52263696364987,0,5.62
TSH_96,2025-09,73,272.44692940594183,0,0,0,999,0,9,1,33.0,27.5,111.52263696364987,0,3.33
TSH_96,2025-10,74,272.44692940594183,0,0,0,999,0,10,0,33.0,27.5,111.52263696364987,0,2.99
TSH_96,2025-11,75,272.44692940594183,0,0,0,999,0,11,0,33.0,27.5,111.52263696364987,0,2.23
TSH_96,2025-12,76,272.44692940594183,0,0,0,999,0,12,0,33.0,27.5,111.52263696364987,0,1.81
TSH_96,2026-01,77,272.44692940594183,0,0,0,999,0,1,0,33.0,27.5,111.52263696364987,0,3.0
TSH_96,2026-02,78,272.44692940594183,0,0,0,999,0,2,0,33.0,27.5,111.52263696364987,0,3.39
TSH_96,2026-03,79,272.44692940594183,0,0,0,999,0,3,0,33.0,27.5,111.52263696364987,0,5.04
TSH_97,2024-12,64,3.728720408743402,0,0,2,10,0,12,0,33.0,24.5,5648.050186497445,0,73.92
TSH_97,2025-01,65,3.728720408743402,0,0,2,11,0,1,0,33.0,24.5,5648.050186497445,0,40.78
TSH_97,2025-02,66,3.728720408743402,0,0,2,12,0,2,0,33.0,24.5,5648.050186497445,0,41.9
TSH_97,2025-03,67,3.728720408743402,0,0,2,13,0,3,0,33.0,24.5,5648.050186497445,0,49.21
TSH_97,2025-04,68,3.728720408743402,0,0,2,14,0,4,0,33.0,24.5,5648.050186497445,0,67.99
TSH_97,2025-05,69,3.728720408743402,0,0,2,15,0,5,1,33.0,24.5,5648.050186497445,0,72.52
TSH_97,2025-06,70,3.728720408743402,0,0,2,16,0,6,1,33.0,24.5,5648.050186497445,0,76.66
TSH_97,2025-07,71,3.728720408743402,0,0,2,17,0,7,1,33.0,24.5,5648.050186497445,0,77.16
TSH_97,2025-08,72,3.728720408743402,0,0,2,18,0,8,1,33.0,24.5,5648.050186497445,0,82.31
TSH_97,2025-09,73,3.728720408743402,0,0,2,19,0,9,1,33.0,24.5,5648.050186497445,0,83.74
TSH_97,2025-10,74,3.728720408743402,0,0,2,20,0,10,0,33.0,24.5,5648.050186497445,0,84.05
TSH_97,2025-11,75,3.728720408743402,0,0,2,21,0,11,0,33.0,24.5,5648.050186497445,0,81.06
TSH_97,2025-12,76,3.728720408743402,0,0,2,22,0,12,0,33.0,24.5,5648.050186497445,0,73.92
TSH_97,2026-01,77,3.728720408743402,0,0,2,23,0,1,0,33.0,24.5,5648.050186497445,0,40.78
TSH_97,2026-02,78,3.728720408743402,0,0,2,24,0,2,0,33.0,24.5,5648.050186497445,0,41.9
TSH_97,2026-03,79,3.728720408743402,0,0,2,25,0,3,0,33.0,24.5,5648.050186497445,0,49.21
TSH_98,2024-12,64,25.3766743488434,0,0,0,999,0,12,0,33.0,34.6,1004.6627721792864,0,2.91
TSH_98,2025-01,65,25.3766743488434,0,0,0,999,0,1,0,33.0,34.6,1004.6627721792864,0,3.06
TSH_98,2025-02,66,25.3766743488434,0,0,0,999,0,2,0,33.0,34.6,1004.6627721792864,0,3.43
TSH_98,2025-03,67,25.3766743488434,0,0,0,999,0,3,0,33.0,34.6,1004.6627721792864,0,4.89
TSH_98,2025-04,68,25.3766743488434,0,0,0,999,0,4,0,33.0,34.6,1004.6627721792864,0,7.07
TSH_98,2025-05,69,25.3766743488434,0,0,0,999,0,5,1,33.0,34.6,1004.6627721792864,0,6.79
TSH_98,2025-06,70,25.3766743488434,0,0,0,999,0,6,1,33.0,34.6,1004.6627721792864,0,7.21
TSH_98,2025-07,71,25.3766743488434,0,0,0,999,0,7,1,33.0,34.6,1004.6627721792864,0,6.99
TSH_98,2025-08,72,25.3766743488434,0,0,0,999,0,8,1,33.0,34.6,1004.6627721792864,0,5.59
TSH_98,2025-09,73,25.3766743488434,0,0,0,999,0,9,1,33.0,34.6,1004.6627721792864,0,4.55
TSH_98,2025-10,74,25.3766743488434,0,0,0,999,0,10,0,33.0,34.6,1004.6627721792864,0,5.02
TSH_98,2025-11,75,25.3766743488434,0,0,0,999,0,11,0,33.0,34.6,1004.6627721792864,0,3.64
TSH_98,2025-12,76,25.3766743488434,0,0,0,999,0,12,0,33.0,34.6,1004.6627721792864,0,2.91
TSH_98,2026-01,77,25.3766743488434,0,0,0,999,0,1,0,33.0,34.6,1004.6627721792864,0,3.06
TSH_98,2026-02,78,25.3766743488434,0,0,0,999,0,2,0,33.0,34.6,1004.6627721792864,0,3.43
TSH_98,2026-03,79,25.3766743488434,0,0,0,999,0,3,0,33.0,34.6,1004.6627721792864,0,4.89
TSH_99,2024-12,64,1193.0371814059488,0,0,0,999,0,12,0,33.0,24.5,28.00583294531125,0,4.39
TSH_99,2025-01,65,1193.0371814059488,0,0,0,999,0,1,0,33.0,24.5,28.00583294531125,0,4.78
TSH_99,2025-02,66,1193.0371814059488,0,0,0,999,0,2,0,33.0,24.5,28.00583294531125,0,5.25
TSH_99,2025-03,67,1193.0371814059488,0,0,0,999,0,3,0,33.0,24.5,28.00583294531125,0,7.73
TSH_99,2025-04,68,1193.0371814059488,0,0,0,999,0,4,0,33.0,24.5,28.00583294531125,0,12.19
TSH_99,2025-05,69,1193.0371814059488,0,0,0,999,0,5,1,33.0,24.5,28.00583294531125,0,15.48
TSH_99,2025-06,70,1193.0371814059488,0,0,0,999,0,6,1,33.0,24.5,28.00583294531125,0,15.09
TSH_99,2025-07,71,1193.0371814059488,0,0,0,999,0,7,1,33.0,24.5,28.00583294531125,0,14.41
TSH_99,2025-08,72,1193.0371814059488,0,0,0,999,0,8,1,33.0,24.5,28.00583294531125,0,13.7
TSH_99,2025-09,73,1193.0371814059488,0,0,0,999,0,9,1,33.0,24.5,28.00583294531125,0,10.12
TSH_99,2025-10,74,1193.0371814059488,0,0,0,999,0,10,0,33.0,24.5,28.00583294531125,0,8.15
TSH_99,2025-11,75,1193.0371814059488,0,0,0,999,0,11,0,33.0,24.5,28.00583294531125,0,5.75
TSH_99,2025-12,76,1193.0371814059488,0,0,0,999,0,12,0,33.0,24.5,28.00583294531125,0,4.39
TSH_99,2026-01,77,1193.0371814059488,0,0,0,999,0,1,0,33.0,24.5,28.00583294531125,0,4.78
TSH_99,2026-02,78,1193.0371814059488,0,0,0,999,0,2,0,33.0,24.5,28.00583294531125,0,5.25
TSH_99,2026-03,79,1193.0371814059488,0,0,0,999,0,3,0,33.0,24.5,28.00583294531125,0,7.73
