shap_area_km2,shap_failure_count_this_month,shap_failure_occurred_this_month,shap_cumulative_failures_to_date,shap_months_since_last_failure,shap_is_known_chokepoint,shap_calendar_month,shap_is_dry_season,shap_nrw_pct,shap_wss_bdrr,shap_pop_density,ward_id,month,risk_score,actual_failure_within_3mo,area_km2,failure_count_this_month,failure_occurred_this_month,cumulative_failures_to_date,months_since_last_failure,is_known_chokepoint,calendar_month,is_dry_season,nrw_pct,wss_bdrr,pop_density
-1.1187205,-0.0009103065,-9.928354e-05,-0.10037766,-0.29308856,-0.27799168,-0.6289554,-0.011716876,0.0,-0.8271642,-1.7793741,TSH_1,2024-12,1.09,0,15.09431174085445,0,0,0,999,0,12,0,33.0,31.9,1679.440602209598
-1.1464245,-0.0060480274,-9.928354e-05,-0.09771694,-0.29146594,-0.2961911,-0.8183529,-0.01662961,0.0,-0.8498752,-1.6438451,TSH_1,2025-01,0.96,0,15.09431174085445,0,0,0,999,0,1,0,33.0,31.9,1679.440602209598
-1.1588017,-0.0060480274,-9.928354e-05,-0.09761585,-0.29136485,-0.2908002,-0.7470569,-0.01662961,0.0,-0.84880424,-1.6361889,TSH_1,2025-02,1.04,0,15.09431174085445,0,0,0,999,0,2,0,33.0,31.9,1679.440602209598
-1.1542251,-0.0060480274,-9.928354e-05,-0.09761585,-0.282568,-0.28420562,-0.42039645,-0.01662961,0.0,-0.82369256,-1.6372149,TSH_1,2025-03,1.49,0,15.09431174085445,0,0,0,999,0,3,0,33.0,31.9,1679.440602209598
-1.1723679,-0.0009103065,-9.928354e-05,-0.09227719,-0.26841292,-0.27881277,0.05683892,-0.01662961,0.0,-0.73862565,-1.7135447,TSH_1,2025-04,2.43,0,15.09431174085445,0,0,0,999,0,4,0,33.0,31.9,1679.440602209598
-1.2337068,-0.0009103065,-9.928354e-05,-0.082329206,-0.25684565,-0.28214964,0.108660586,-0.05340085,0.0,-0.7138138,-1.7427247,TSH_1,2025-05,2.36,0,15.09431174085445,0,0,0,999,0,5,1,33.0,31.9,1679.440602209598
-1.2321588,-0.0009103065,-9.928354e-05,-0.082363,-0.25693747,-0.28017718,0.15973608,-0.05340085,0.0,-0.71915513,-1.7458774,TSH_1,2025-06,2.47,0,15.09431174085445,0,0,0,999,0,6,1,33.0,31.9,1679.440602209598
-1.2196282,-0.0009103065,-9.928354e-05,-0.08246844,-0.25731,-0.27603424,0.1057546,-0.05121761,0.0,-0.72513276,-1.7547191,TSH_1,2025-07,2.35,0,15.09431174085445,0,0,0,999,0,7,1,33.0,31.9,1679.440602209598
-1.1830083,-0.0009103065,-9.928354e-05,-0.08307893,-0.26513776,-0.26841608,-0.014147133,-0.05121761,0.0,-0.7436669,-1.8201753,TSH_1,2025-08,1.99,0,15.09431174085445,0,0,0,999,0,8,1,33.0,31.9,1679.440602209598
-1.1419815,-0.0009103065,-9.928354e-05,-0.08285626,-0.2750921,-0.26412505,-0.21834348,-0.06002813,0.0,-0.7593598,-1.7983764,TSH_1,2025-09,1.68,0,15.09431174085445,0,0,0,999,0,9,1,33.0,31.9,1679.440602209598
-1.0807228,-0.0009103065,-9.928354e-05,-0.09146085,-0.27977702,-0.25836715,-0.1593987,-0.011894051,0.0,-0.77386206,-1.7864165,TSH_1,2025-10,1.97,0,15.09431174085445,0,0,0,999,0,10,0,33.0,31.9,1679.440602209598
-1.1187673,-0.0009103065,-9.928354e-05,-0.10037766,-0.29296288,-0.265402,-0.41053948,-0.011894051,0.0,-0.8058808,-1.7990019,TSH_1,2025-11,1.38,0,15.09431174085445,0,0,0,999,0,11,0,33.0,31.9,1679.440602209598
-1.1187205,-0.0009103065,-9.928354e-05,-0.10037766,-0.29308856,-0.27799168,-0.6289554,-0.011716876,0.0,-0.8271642,-1.7793741,TSH_1,2025-12,1.09,0,15.09431174085445,0,0,0,999,0,12,0,33.0,31.9,1679.440602209598
-1.1464245,-0.0060480274,-9.928354e-05,-0.09771694,-0.29146594,-0.2961911,-0.8183529,-0.01662961,0.0,-0.8498752,-1.6438451,TSH_1,2026-01,0.96,0,15.09431174085445,0,0,0,999,0,1,0,33.0,31.9,1679.440602209598
-1.1588017,-0.0060480274,-9.928354e-05,-0.09761585,-0.29136485,-0.2908002,-0.7470569,-0.01662961,0.0,-0.84880424,-1.6361889,TSH_1,2026-02,1.04,0,15.09431174085445,0,0,0,999,0,2,0,33.0,31.9,1679.440602209598
-1.1542251,-0.0060480274,-9.928354e-05,-0.09761585,-0.282568,-0.28420562,-0.42039645,-0.01662961,0.0,-0.82369256,-1.6372149,TSH_1,2026-03,1.49,0,15.09431174085445,0,0,0,999,0,3,0,33.0,31.9,1679.440602209598
-1.6221806,-0.002403729,-9.928354e-05,-0.09973931,-0.26511133,-0.46092394,-0.53857666,-0.06054482,0.0,-0.5479777,-0.61521876,TSH_10,2024-12,2.46,0,6.307856807989962,0,0,0,999,0,12,0,33.0,38.1,6336.224999491714
-1.6748213,-0.0075414497,-9.928354e-05,-0.10715505,-0.26476693,-0.49569505,-0.98050255,-0.060780615,0.0,-0.48720506,-0.8049359,TSH_10,2025-01,1.27,0,6.307856807989962,0,0,0,999,0,1,0,33.0,38.1,6336.224999491714
-1.6871984,-0.0075414497,-9.928354e-05,-0.10705396,-0.26466584,-0.49030417,-0.9384448,-0.060780615,0.0,-0.47564635,-0.83770674,TSH_10,2025-02,1.29,0,6.307856807989962,0,0,0,999,0,2,0,33.0,38.1,6336.224999491714
-1.6792449,-0.0075414497,-9.928354e-05,-0.10705396,-0.25586897,-0.48370957,-0.6084074,-0.060780615,0.0,-0.45053476,-0.83873266,TSH_10,2025-03,1.87,0,6.307856807989962,0,0,0,999,0,3,0,33.0,38.1,6336.224999491714
-1.6260827,-0.002403729,-9.928354e-05,-0.10171529,-0.24582066,-0.47987518,-0.05883564,-0.060780615,0.0,-0.48277426,-0.7904672,TSH_10,2025-04,3.51,0,6.307856807989962,0,0,0,999,0,4,0,33.0,38.1,6336.224999491714
-1.5415881,-0.002403729,-9.928354e-05,-0.0953192,-0.23273158,-0.4884719,0.07349378,-0.01676102,0.0,-0.48281348,-0.7828574,TSH_10,2025-05,4.58,0,6.307856807989962,0,0,0,999,0,5,1,33.0,38.1,6336.224999491714
-1.5594883,-0.002403729,-9.928354e-05,-0.09535299,-0.23282339,-0.48649946,0.12774445,-0.01676102,0.0,-0.4999683,-0.75596577,TSH_10,2025-06,4.8,0,6.307856807989962,0,0,0,999,0,6,1,33.0,38.1,6336.224999491714
-1.6104234,-0.002403729,-9.928354e-05,-0.09545843,-0.2331959,-0.4823565,0.03285572,-0.014577769,0.0,-0.4979789,-0.7502165,TSH_10,2025-07,4.23,0,6.307856807989962,0,0,0,999,0,7,1,33.0,38.1,6336.224999491714
-1.6148982,-0.002403729,-9.928354e-05,-0.09606891,-0.23563874,-0.46426028,0.03257828,-0.014577769,0.0,-0.51325244,-0.6610752,TSH_10,2025-08,4.58,0,6.307856807989962,0,0,0,999,0,8,1,33.0,38.1,6336.224999491714
-1.598264,-0.002403729,-9.928354e-05,-0.09263086,-0.24559297,-0.45858124,-0.13448043,-0.016887087,0.0,-0.5171148,-0.608866,TSH_10,2025-09,4.14,0,6.307856807989962,0,0,0,999,0,9,1,33.0,38.1,6336.224999491714
-1.6394538,-0.002403729,-9.928354e-05,-0.097683564,-0.2517998,-0.44533697,-0.09323164,-0.060721993,0.0,-0.5084694,-0.60184884,TSH_10,2025-10,4.04,0,6.307856807989962,0,0,0,999,0,10,0,33.0,38.1,6336.224999491714
-1.6222273,-0.002403729,-9.928354e-05,-0.09973931,-0.26498565,-0.44833425,-0.28546783,-0.060721993,0.0,-0.5372715,-0.58957636,TSH_10,2025-11,3.3,0,6.307856807989962,0,0,0,999,0,11,0,33.0,38.1,6336.224999491714
-1.6221806,-0.002403729,-9.928354e-05,-0.09973931,-0.26511133,-0.46092394,-0.53857666,-0.06054482,0.0,-0.5479777,-0.61521876,TSH_10,2025-12,2.46,0,6.307856807989962,0,0,0,999,0,12,0,33.0,38.1,6336.224999491714
-1.6748213,-0.0075414497,-9.928354e-05,-0.10715505,-0.26476693,-0.49569505,-0.98050255,-0.060780615,0.0,-0.48720506,-0.8049359,TSH_10,2026-01,1.27,0,6.307856807989962,0,0,0,999,0,1,0,33.0,38.1,6336.224999491714
-1.6871984,-0.0075414497,-9.928354e-05,-0.10705396,-0.26466584,-0.49030417,-0.9384448,-0.060780615,0.0,-0.47564635,-0.83770674,TSH_10,2026-02,1.29,0,6.307856807989962,0,0,0,999,0,2,0,33.0,38.1,6336.224999491714
-1.6792449,-0.0075414497,-9.928354e-05,-0.10705396,-0.25586897,-0.48370957,-0.6084074,-0.060780615,0.0,-0.45053476,-0.83873266,TSH_10,2026-03,1.87,0,6.307856807989962,0,0,0,999,0,3,0,33.0,38.1,6336.224999491714
-0.019537998,-0.0009103065,-0.00039860196,-0.116341956,-0.3400211,-0.2577053,-0.92480844,-0.038806334,0.0,-0.45742467,-0.7723609,TSH_100,2024-12,8.36,0,431.6082917954603,0,0,0,999,0,12,0,33.0,53.6,75.58010497040945
0.095171005,-0.0060480274,-0.00039860196,-0.10953429,-0.27822247,-0.2743462,-0.5760703,-0.039042123,0.0,-0.3170418,-0.43122628,TSH_100,2025-01,19.73,0,431.6082917954603,0,0,0,999,0,1,0,33.0,53.6,75.58010497040945
0.10893444,-0.0060480274,-0.00039860196,-0.109433204,-0.27812138,-0.26895532,-0.48696962,-0.039042123,0.0,-0.3282479,-0.42477718,TSH_100,2025-02,21.43,0,431.6082917954603,0,0,0,999,0,2,0,33.0,53.6,75.58010497040945
0.12450553,-0.0060480274,-0.00039860196,-0.109433204,-0.2705764,-0.26236075,-0.22831361,-0.039042123,0.0,-0.39265,-0.41528836,TSH_100,2025-03,25.62,0,431.6082917954603,0,0,0,999,0,3,0,33.0,53.6,75.58010497040945
0.12516807,-0.0009103065,-0.00039860196,-0.10409454,-0.26122752,-0.2585264,0.1328399,-0.039042123,0.0,-0.4206377,-0.48470595,TSH_100,2025-04,31.48,0,431.6082917954603,0,0,0,999,0,4,0,33.0,53.6,75.58010497040945
0.1022524,-0.0009103065,-0.00039860196,-0.09414657,-0.24397595,-0.2618633,0.18653132,-0.05383203,0.0,-0.4658964,-0.4524673,TSH_100,2025-05,32.06,0,431.6082917954603,0,0,0,999,0,5,1,33.0,53.6,75.58010497040945
0.10380051,-0.0009103065,-0.00039860196,-0.09418037,-0.24406776,-0.25989085,0.19200306,-0.05383203,0.0,-0.47865856,-0.493803,TSH_100,2025-06,31.08,0,431.6082917954603,0,0,0,999,0,6,1,33.0,53.6,75.58010497040945
0.116330825,-0.0009103065,-0.00039860196,-0.09428581,-0.24613598,-0.2557479,0.14489302,-0.05164878,0.0,-0.47666916,-0.5037405,TSH_100,2025-07,30.27,0,431.6082917954603,0,0,0,999,0,7,1,33.0,53.6,75.58010497040945
0.054293513,-0.0009103065,-0.00039860196,-0.09798478,-0.2731994,-0.24812973,-0.10182338,-0.05164878,0.0,-0.49739328,-0.6057433,TSH_100,2025-08,21.6,0,431.6082917954603,0,0,0,999,0,8,1,33.0,53.6,75.58010497040945
0.03343351,-0.0009103065,-0.00039860196,-0.097762115,-0.3146368,-0.24383871,-0.50095546,-0.053958096,0.0,-0.49168983,-0.7501819,TSH_100,2025-09,13.16,0,431.6082917954603,0,0,0,999,0,9,1,33.0,53.6,75.58010497040945
-0.0032277266,-0.0009103065,-0.00039860196,-0.107425146,-0.32500595,-0.23808071,-0.5261917,-0.03898351,0.0,-0.45619854,-0.78349185,TSH_100,2025-10,12.5,0,431.6082917954603,0,0,0,999,0,10,0,33.0,53.6,75.58010497040945
-0.019834248,-0.0009103065,-0.00039860196,-0.116341956,-0.33989543,-0.2451156,-0.7384695,-0.03898351,0.0,-0.4586213,-0.8082483,TSH_100,2025-11,9.68,0,431.6082917954603,0,0,0,999,0,11,0,33.0,53.6,75.58010497040945
-0.019537998,-0.0009103065,-0.00039860196,-0.116341956,-0.3400211,-0.2577053,-0.92480844,-0.038806334,0.0,-0.45742467,-0.7723609,TSH_100,2025-12,8.36,0,431.6082917954603,0,0,0,999,0,12,0,33.0,53.6,75.58010497040945
0.095171005,-0.0060480274,-0.00039860196,-0.10953429,-0.27822247,-0.2743462,-0.5760703,-0.039042123,0.0,-0.3170418,-0.43122628,TSH_100,2026-01,19.73,0,431.6082917954603,0,0,0,999,0,1,0,33.0,53.6,75.58010497040945
0.10893444,-0.0060480274,-0.00039860196,-0.109433204,-0.27812138,-0.26895532,-0.48696962,-0.039042123,0.0,-0.3282479,-0.42477718,TSH_100,2026-02,21.43,0,431.6082917954603,0,0,0,999,0,2,0,33.0,53.6,75.58010497040945
0.12450553,-0.0060480274,-0.00039860196,-0.109433204,-0.2705764,-0.26236075,-0.22831361,-0.039042123,0.0,-0.39265,-0.41528836,TSH_100,2026-03,25.62,0,431.6082917954603,0,0,0,999,0,3,0,33.0,53.6,75.58010497040945
0.03834221,-0.0009103065,-0.00039860196,-0.08445225,-0.3063192,-0.28189844,-0.82914007,-0.054616347,0.0,-0.78073865,-2.281386,TSH_101,2024-12,1.72,0,117.59438714787365,0,0,0,999,0,12,0,33.0,31.9,258.2521218620011
0.1818565,-0.0060480274,-0.00039860196,-0.078703046,-0.29469493,-0.30009788,-0.7491425,-0.05952909,0.0,-0.79655313,-2.044329,TSH_101,2025-01,2.62,0,117.59438714787365,0,0,0,999,0,1,0,33.0,31.9,258.2521218620011
0.19561993,-0.0060480274,-0.00039860196,-0.07860196,-0.29459384,-0.294707,-0.6714063,-0.05952909,0.0,-0.7954821,-2.0613737,TSH_101,2025-02,2.84,0,117.59438714787365,0,0,0,999,0,2,0,33.0,31.9,258.2521218620011
0.20019628,-0.0060480274,-0.00039860196,-0.07860196,-0.28579703,-0.2881124,-0.33423123,-0.05952909,0.0,-0.7703705,-2.051885,TSH_101,2025-03,4.14,0,117.59438714787365,0,0,0,999,0,3,0,33.0,31.9,258.2521218620011
0.1948786,-0.0009103065,-0.00039860196,-0.073263295,-0.2716419,-0.28271955,0.15582898,-0.05952909,0.0,-0.68530345,-2.1141803,TSH_101,2025-04,6.89,0,117.59438714787365,0,0,0,999,0,4,0,33.0,31.9,258.2521218620011
0.16725098,-0.0009103065,-0.00039860196,-0.06331531,-0.25439042,-0.28605643,0.21474318,-0.01792489,0.0,-0.6697937,-2.088019,TSH_101,2025-05,7.83,0,117.59438714787365,0,0,0,999,0,5,1,33.0,31.9,258.2521218620011
0.1687991,-0.0009103065,-0.00039860196,-0.063349105,-0.25448224,-0.28408396,0.23316695,-0.01792489,0.0,-0.6751351,-2.1238236,TSH_101,2025-06,7.69,0,117.59438714787365,0,0,0,999,0,6,1,33.0,31.9,258.2521218620011
0.18132946,-0.0009103065,-0.00039860196,-0.06345453,-0.25655046,-0.279941,0.16349871,-0.015741639,0.0,-0.6811127,-2.1483524,TSH_101,2025-07,7.12,0,117.59438714787365,0,0,0,999,0,7,1,33.0,31.9,258.2521218620011
0.11929218,-0.0009103065,-0.00039860196,-0.067153506,-0.2677033,-0.27232283,-0.06072852,-0.015741639,0.0,-0.6996469,-2.2278657,TSH_101,2025-08,4.93,0,117.59438714787365,0,0,0,999,0,8,1,33.0,31.9,258.2521218620011
0.08895471,-0.0009103065,-0.00039860196,-0.06693084,-0.28263852,-0.2680318,-0.37852168,-0.024552163,0.0,-0.7153397,-2.2637851,TSH_101,2025-09,3.3,0,117.59438714787365,0,0,0,999,0,9,1,33.0,31.9,258.2521218620011
0.05465252,-0.0009103065,-0.00039860196,-0.07553544,-0.29300773,-0.26227382,-0.37754157,-0.05479352,0.0,-0.7265307,-2.2849483,TSH_101,2025-10,2.97,0,117.59438714787365,0,0,0,999,0,10,0,33.0,31.9,258.2521218620011
0.038045973,-0.0009103065,-0.00039860196,-0.08445225,-0.30619353,-0.26930872,-0.61941546,-0.05479352,0.0,-0.7585494,-2.3097045,TSH_101,2025-11,2.12,0,117.59438714787365,0,0,0,999,0,11,0,33.0,31.9,258.2521218620011
0.03834221,-0.0009103065,-0.00039860196,-0.08445225,-0.3063192,-0.28189844,-0.82914007,-0.054616347,0.0,-0.78073865,-2.281386,TSH_101,2025-12,1.72,0,117.59438714787365,0,0,0,999,0,12,0,33.0,31.9,258.2521218620011
0.1818565,-0.0060480274,-0.00039860196,-0.078703046,-0.29469493,-0.30009788,-0.7491425,-0.05952909,0.0,-0.79655313,-2.044329,TSH_101,2026-01,2.62,0,117.59438714787365,0,0,0,999,0,1,0,33.0,31.9,258.2521218620011
0.19561993,-0.0060480274,-0.00039860196,-0.07860196,-0.29459384,-0.294707,-0.6714063,-0.05952909,0.0,-0.7954821,-2.0613737,TSH_101,2026-02,2.84,0,117.59438714787365,0,0,0,999,0,2,0,33.0,31.9,258.2521218620011
0.20019628,-0.0060480274,-0.00039860196,-0.07860196,-0.28579703,-0.2881124,-0.33423123,-0.05952909,0.0,-0.7703705,-2.051885,TSH_101,2026-03,4.14,0,117.59438714787365,0,0,0,999,0,3,0,33.0,31.9,258.2521218620011
0.029150877,-0.0009103065,-0.0036195857,0.42919666,1.2374048,-0.17610468,-0.7002651,0.002920641,0.0,-0.06351181,-0.825353,TSH_102,2024-12,61.36,0,725.9571368711077,0,0,1,6,0,12,0,33.0,74.0,43.67888734680196
0.11453191,-0.0060480274,-0.0036195857,0.42202184,0.87949944,-0.18824188,-0.4926519,-0.0029763626,0.0,-0.051297102,-0.51571167,TSH_102,2025-01,66.58,0,725.9571368711077,0,0,1,7,0,1,0,33.0,74.0,43.67888734680196
0.13271332,-0.0060480274,-0.0036195857,0.40351292,-0.06502485,-0.19055623,-0.43154952,-0.036466308,0.0,-0.062960945,-0.5584285,TSH_102,2025-02,42.93,0,725.9571368711077,0,0,1,8,0,2,0,33.0,74.0,43.67888734680196
0.14828444,-0.0060480274,-0.0036195857,0.40351292,-0.075593844,-0.18501088,-0.20117103,-0.036466308,0.0,-0.13752644,-0.5489397,TSH_102,2025-03,47.28,0,725.9571368711077,0,0,1,9,0,3,0,33.0,74.0,43.67888734680196
0.14613093,-0.0009103065,-0.0036195857,0.3916277,-0.06624496,-0.18353575,0.08164412,-0.036466308,0.0,-0.22043404,-0.6215997,TSH_102,2025-04,50.5,0,725.9571368711077,0,0,1,10,0,4,0,33.0,74.0,43.67888734680196
0.117232464,-0.0009103065,-0.0036195857,0.32754263,-0.08125232,-0.19262211,0.12876666,-0.14123222,0.0,-0.2561361,-0.58577204,TSH_102,2025-05,46.15,0,725.9571368711077,0,0,1,11,0,5,1,33.0,74.0,43.67888734680196
0.11878059,-0.0009103065,-0.0036195857,0.32773063,-0.080866605,-0.19204836,0.15168889,-0.14123222,0.0,-0.25214705,-0.62710786,TSH_102,2025-06,45.86,0,725.9571368711077,0,0,1,12,0,6,1,33.0,74.0,43.67888734680196
0.13131092,-0.0009103065,-0.0036195857,0.32789913,-0.08162457,-0.19107382,0.10616305,-0.13904896,0.0,-0.25015768,-0.6370454,TSH_102,2025-07,44.91,0,725.9571368711077,0,0,1,13,0,7,1,33.0,74.0,43.67888734680196
0.09521367,-0.0009103065,-0.0036195857,0.3408321,-0.084755376,-0.18639351,-0.07876886,-0.13904896,0.0,-0.2456376,-0.72448957,TSH_102,2025-08,37.9,0,725.9571368711077,0,0,1,14,0,8,1,33.0,74.0,43.67888734680196
0.07578546,-0.0009103065,-0.0036195857,0.3403389,-0.097127125,-0.18398303,-0.44955105,-0.14135827,0.0,-0.23993415,-0.8458773,TSH_102,2025-09,26.65,0,725.9571368711077,0,0,1,15,0,9,1,33.0,74.0,43.67888734680196
0.048759796,-0.0009103065,-0.0036195857,0.40252787,-0.093318865,-0.17247556,-0.4934696,-0.036407687,0.0,-0.21620631,-0.8682796,TSH_102,2025-10,28.91,0,725.9571368711077,0,0,1,16,0,10,0,33.0,74.0,43.67888734680196
0.03648104,-0.0009103065,-0.0036195857,0.39361104,-0.09829019,-0.17644976,-0.62898666,-0.036407687,0.0,-0.15178634,-0.893036,TSH_102,2025-11,26.39,0,725.9571368711077,0,0,1,17,0,11,0,33.0,74.0,43.67888734680196
0.03677732,-0.0009103065,-0.0036195857,0.39361104,-0.09750262,-0.18731594,-0.75818807,-0.036230512,0.0,-0.09436557,-0.85714865,TSH_102,2025-12,25.52,0,725.9571368711077,0,0,1,18,0,12,0,33.0,74.0,43.67888734680196
0.11894988,-0.0060480274,-0.0036195857,0.40341184,-0.06512594,-0.1959471,-0.49960476,-0.036466308,0.0,-0.051754903,-0.5438322,TSH_102,2026-01,41.42,0,725.9571368711077,0,0,1,19,0,1,0,33.0,74.0,43.67888734680196
0.13271332,-0.0060480274,-0.0036195857,0.40351292,-0.06502485,-0.19055623,-0.43154952,-0.036466308,0.0,-0.062960945,-0.5584285,TSH_102,2026-02,42.93,0,725.9571368711077,0,0,1,20,0,2,0,33.0,74.0,43.67888734680196
0.14828444,-0.0060480274,-0.0036195857,0.40351292,-0.075593844,-0.18501088,-0.20117103,-0.036466308,0.0,-0.13752644,-0.5489397,TSH_102,2026-03,47.28,0,725.9571368711077,0,0,1,21,0,3,0,33.0,74.0,43.67888734680196
-0.5801259,-0.0009103065,-0.00039860196,-0.09584007,-0.32902095,-0.26953164,-0.5864663,-0.048672296,0.0,-0.18268281,-2.4503055,TSH_103,2024-12,1.78,0,55.85310420905319,0,0,0,999,0,12,0,33.0,74.0,462.7137625738439
-0.55469644,-0.0060480274,-0.00039860196,-0.08755534,-0.3113799,-0.28900528,-0.5387364,-0.048908085,0.0,-0.12047632,-2.283392,TSH_103,2025-01,2.4,0,55.85310420905319,0,0,0,999,0,1,0,33.0,74.0,462.7137625738439
-0.54093295,-0.0060480274,-0.00039860196,-0.08745425,-0.31127882,-0.2836144,-0.4732773,-0.048908085,0.0,-0.13168235,-2.3005843,TSH_103,2025-02,2.53,0,55.85310420905319,0,0,0,999,0,2,0,33.0,74.0,462.7137625738439
-0.5363567,-0.0060480274,-0.00039860196,-0.08745425,-0.30373383,-0.2770198,-0.23577951,-0.048908085,0.0,-0.20624776,-2.2910957,TSH_103,2025-03,3.05,0,55.85310420905319,0,0,0,999,0,3,0,33.0,74.0,462.7137625738439
-0.5602687,-0.0009103065,-0.00039860196,-0.08359265,-0.29438496,-0.27646983,0.05687594,-0.048908085,0.0,-0.296827,-2.344661,TSH_103,2025-04,3.5,0,55.85310420905319,0,0,0,999,0,4,0,33.0,74.0,462.7137625738439
-0.6178233,-0.0009103065,-0.00039860196,-0.07364467,-0.27922952,-0.2798067,0.10365904,-0.08016273,0.0,-0.33252904,-2.3015363,TSH_103,2025-05,3.46,0,55.85310420905319,0,0,0,999,0,5,1,33.0,74.0,462.7137625738439
-0.6162752,-0.0009103065,-0.00039860196,-0.07367846,-0.27932134,-0.27783427,0.13141318,-0.08016273,0.0,-0.32854003,-2.3373413,TSH_103,2025-06,3.46,0,55.85310420905319,0,0,0,999,0,6,1,33.0,74.0,462.7137625738439
-0.6037449,-0.0009103065,-0.00039860196,-0.073783904,-0.28138956,-0.27369133,0.069711976,-0.077979475,0.0,-0.32655063,-2.36187,TSH_103,2025-07,3.24,0,55.85310420905319,0,0,0,999,0,7,1,33.0,74.0,462.7137625738439
-0.6008229,-0.0009103065,-0.00039860196,-0.07748288,-0.28921735,-0.26607314,-0.07602256,-0.077979475,0.0,-0.3315513,-2.426122,TSH_103,2025-08,2.63,0,55.85310420905319,0,0,0,999,0,8,1,33.0,74.0,462.7137625738439
-0.57969755,-0.0009103065,-0.00039860196,-0.07726021,-0.30415258,-0.26178214,-0.31973523,-0.08028879,0.0,-0.3246267,-2.4465559,TSH_103,2025-09,2.06,0,55.85310420905319,0,0,0,999,0,9,1,33.0,74.0,462.7137625738439
-0.5605847,-0.0009103065,-0.00039860196,-0.08692326,-0.31400585,-0.2560242,-0.30335784,-0.04884947,0.0,-0.30452356,-2.4614365,TSH_103,2025-10,2.18,0,55.85310420905319,0,0,0,999,0,10,0,33.0,74.0,462.7137625738439
-0.5804222,-0.0009103065,-0.00039860196,-0.09584007,-0.32889527,-0.26049206,-0.45635164,-0.04884947,0.0,-0.24010363,-2.4861927,TSH_103,2025-11,1.86,0,55.85310420905319,0,0,0,999,0,11,0,33.0,74.0,462.7137625738439
-0.5801259,-0.0009103065,-0.00039860196,-0.09584007,-0.32902095,-0.26953164,-0.5864663,-0.048672296,0.0,-0.18268281,-2.4503055,TSH_103,2025-12,1.78,0,55.85310420905319,0,0,0,999,0,12,0,33.0,74.0,462.7137625738439
-0.55469644,-0.0060480274,-0.00039860196,-0.08755534,-0.3113799,-0.28900528,-0.5387364,-0.048908085,0.0,-0.12047632,-2.283392,TSH_103,2026-01,2.4,0,55.85310420905319,0,0,0,999,0,1,0,33.0,74.0,462.7137625738439
-0.54093295,-0.0060480274,-0.00039860196,-0.08745425,-0.31127882,-0.2836144,-0.4732773,-0.048908085,0.0,-0.13168235,-2.3005843,TSH_103,2026-02,2.53,0,55.85310420905319,0,0,0,999,0,2,0,33.0,74.0,462.7137625738439
-0.5363567,-0.0060480274,-0.00039860196,-0.08745425,-0.30373383,-0.2770198,-0.23577951,-0.048908085,0.0,-0.20624776,-2.2910957,TSH_103,2026-03,3.05,0,55.85310420905319,0,0,0,999,0,3,0,33.0,74.0,462.7137625738439
-0.7518883,-0.0009103065,-9.928354e-05,-0.113309704,-0.31022936,-0.26449388,-0.52881956,-0.017859895,0.0,-0.14467885,-1.5618888,TSH_104,2024-12,4.07,0,23.08757739126233,0,0,0,999,0,12,0,33.0,74.0,1130.2615063404553
-0.72265166,-0.0060480274,-9.928354e-05,-0.10502498,-0.29428408,-0.28396747,-0.57449096,-0.018095687,0.0,-0.07941393,-1.4969345,TSH_104,2025-01,4.53,0,23.08757739126233,0,0,0,999,0,1,0,33.0,74.0,1130.2615063404553
-0.7124455,-0.0060480274,-9.928354e-05,-0.10492389,-0.294183,-0.27857658,-0.49288857,-0.018095687,0.0,-0.09061996,-1.4894258,TSH_104,2025-02,4.96,0,23.08757739126233,0,0,0,999,0,2,0,33.0,74.0,1130.2615063404553
-0.70786923,-0.0060480274,-9.928354e-05,-0.10492389,-0.28663793,-0.27198198,-0.26590556,-0.018095687,0.0,-0.1651854,-1.4904518,TSH_104,2025-03,5.82,0,23.08757739126233,0,0,0,999,0,3,0,33.0,74.0,1130.2615063404553
-0.73178136,-0.0009103065,-9.928354e-05,-0.10106229,-0.27728906,-0.27143204,0.026749874,-0.018095687,0.0,-0.2557647,-1.5440173,TSH_104,2025-04,6.66,0,23.08757739126233,0,0,0,999,0,4,0,33.0,74.0,1130.2615063404553
-0.794342,-0.0009103065,-9.928354e-05,-0.091114305,-0.26591232,-0.27476895,0.06555085,-0.09997136,0.0,-0.29299125,-1.5468335,TSH_104,2025-05,5.91,0,23.08757739126233,0,0,0,999,0,5,1,33.0,74.0,1130.2615063404553
-0.79279387,-0.0009103065,-9.928354e-05,-0.0911481,-0.26600415,-0.27279648,0.12595677,-0.09997136,0.0,-0.28900224,-1.549986,TSH_104,2025-06,6.28,0,23.08757739126233,0,0,0,999,0,6,1,33.0,74.0,1130.2615063404553
-0.7802636,-0.0009103065,-9.928354e-05,-0.09125354,-0.26637667,-0.26865354,0.07994233,-0.09778812,0.0,-0.28701285,-1.558828,TSH_104,2025-07,6.08,0,23.08757739126233,0,0,0,999,0,7,1,33.0,74.0,1130.2615063404553
-0.7773415,-0.0009103065,-9.928354e-05,-0.094952516,-0.27420446,-0.26103538,-0.060123958,-0.09778812,0.0,-0.29201353,-1.6174121,TSH_104,2025-08,5.01,0,23.08757739126233,0,0,0,999,0,8,1,33.0,74.0,1130.2615063404553
-0.756216,-0.0009103065,-9.928354e-05,-0.09472985,-0.2891397,-0.2567444,-0.26160395,-0.10009743,0.0,-0.2850889,-1.5956135,TSH_104,2025-09,4.28,0,23.08757739126233,0,0,0,999,0,9,1,33.0,74.0,1130.2615063404553
-0.7320973,-0.0009103065,-9.928354e-05,-0.10439289,-0.29521427,-0.25098646,-0.24522656,-0.01803707,0.0,-0.26346123,-1.5725354,TSH_104,2025-10,4.98,0,23.08757739126233,0,0,0,999,0,10,0,33.0,74.0,1130.2615063404553
-0.7519348,-0.0009103065,-9.928354e-05,-0.113309704,-0.31010368,-0.25545433,-0.38604948,-0.01803707,0.0,-0.19904128,-1.5851208,TSH_104,2025-11,4.37,0,23.08757739126233,0,0,0,999,0,11,0,33.0,74.0,1130.2615063404553
-0.7518883,-0.0009103065,-9.928354e-05,-0.113309704,-0.31022936,-0.26449388,-0.52881956,-0.017859895,0.0,-0.14467885,-1.5618888,TSH_104,2025-12,4.07,0,23.08757739126233,0,0,0,999,0,12,0,33.0,74.0,1130.2615063404553
-0.72265166,-0.0060480274,-9.928354e-05,-0.10502498,-0.29428408,-0.28396747,-0.57449096,-0.018095687,0.0,-0.07941393,-1.4969345,TSH_104,2026-01,4.53,0,23.08757739126233,0,0,0,999,0,1,0,33.0,74.0,1130.2615063404553
-0.7124455,-0.0060480274,-9.928354e-05,-0.10492389,-0.294183,-0.27857658,-0.49288857,-0.018095687,0.0,-0.09061996,-1.4894258,TSH_104,2026-02,4.96,0,23.08757739126233,0,0,0,999,0,2,0,33.0,74.0,1130.2615063404553
-0.70786923,-0.0060480274,-9.928354e-05,-0.10492389,-0.28663793,-0.27198198,-0.26590556,-0.018095687,0.0,-0.1651854,-1.4904518,TSH_104,2026-03,5.82,0,23.08757739126233,0,0,0,999,0,3,0,33.0,74.0,1130.2615063404553
0.7262458,-0.0009103065,-0.0036195857,0.40282038,-0.20342524,-0.16016135,-0.7092129,-0.16604961,0.0,-0.05758537,0.6832378,TSH_105,2024-12,73.98,0,1133.330965468115,0,0,3,22,0,12,0,33.0,74.0,23.04622462090032
0.7996293,-0.0060480274,-0.0036195857,0.3840637,-0.17191002,-0.16734014,-0.62727433,-0.17044942,0.0,-0.0063341334,0.8484671,TSH_105,2025-01,80.42,0,1133.330965468115,0,0,3,23,0,1,0,33.0,74.0,23.04622462090032
0.81339276,-0.0060480274,-0.0036195857,0.38373405,-0.17094746,-0.16194926,-0.5596498,-0.17044942,0.0,-0.017540166,0.83387065,TSH_105,2025-02,81.37,0,1133.330965468115,0,0,3,24,0,2,0,33.0,74.0,23.04622462090032
0.82896376,-0.0060480274,-0.0036195857,0.38373405,-0.1815165,-0.1564039,-0.32927132,-0.17044942,0.0,-0.09210566,0.8433595,TSH_105,2025-03,83.89,0,1133.330965468115,0,0,3,25,0,3,0,33.0,74.0,23.04622462090032
0.82681024,-0.0009103065,-0.0036195857,0.37184882,-0.17216757,-0.15492877,-0.04645625,-0.17044942,0.0,-0.17501327,0.7706995,TSH_105,2025-04,85.56,0,1133.330965468115,0,0,3,26,0,4,0,33.0,74.0,23.04622462090032
0.8424567,-0.0009103065,-0.0036195857,0.3077637,-0.18363993,-0.16301768,0.021138834,-0.05184811,0.0,-0.17691274,1.0047795,TSH_105,2025-05,89.38,0,1133.330965468115,0,0,3,27,0,5,1,33.0,74.0,23.04622462090032
0.8440049,-0.0009103065,-0.0036195857,0.30795172,-0.18325421,-0.16244392,0.16744995,-0.05184811,0.0,-0.1729237,1.0868326,TSH_105,2025-06,91.41,0,1133.330965468115,0,0,3,28,0,6,1,33.0,74.0,23.04622462090032
0.85618925,-0.0009103065,-0.0036195857,0.3084177,-0.18195747,-0.16342914,0.12187774,-0.04966486,0.0,-0.17093433,1.076895,TSH_105,2025-07,91.1,0,1133.330965468115,0,0,3,29,0,7,1,33.0,74.0,23.04622462090032
0.8200921,-0.0009103065,-0.0036195857,0.3213507,-0.18324684,-0.16027002,-0.025254568,-0.04966486,0.0,-0.16641423,1.0275706,TSH_105,2025-08,89.22,0,1133.330965468115,0,0,3,30,0,8,1,33.0,74.0,23.04622462090032
0.7977075,-0.0009103065,-0.0036195857,0.3206163,-0.18656099,-0.1634635,-0.39649647,-0.051974177,0.0,-0.16022843,0.90590405,TSH_105,2025-09,83.13,0,1133.330965468115,0,0,3,31,0,9,1,33.0,74.0,23.04622462090032
0.6993656,-0.0009103065,-0.0036195857,0.38323402,0.371755,-0.16911928,-0.46832675,-0.17360078,0.0,-0.17809749,0.6666349,TSH_105,2025-10,84.04,0,1133.330965468115,0,0,3,32,0,10,0,33.0,74.0,23.04622462090032
0.6958759,-0.0009103065,-0.0036195857,0.40282038,0.5168195,-0.17512117,-0.5753407,-0.17360078,0.0,-0.1136775,0.66583955,TSH_105,2025-11,85.48,0,1133.330965468115,0,0,3,33,0,11,0,33.0,74.0,23.04622462090032
0.71840405,-0.0009103065,-0.0036195857,0.40282038,0.43160057,-0.18610725,-0.7071131,-0.17760761,0.0,-0.06537962,0.7231163,TSH_105,2025-12,84.14,0,1133.330965468115,0,0,3,34,0,12,0,33.0,74.0,23.04622462090032
0.8016484,-0.0060480274,-0.00039860196,0.3840637,-0.25100756,-0.21444127,-0.6368697,-0.1797554,0.0,-0.013820314,1.0659807,TSH_105,2026-01,81.5,0,1133.330965468115,0,0,3,35,0,1,0,33.0,74.0,23.04622462090032
0.81541187,-0.0060480274,-0.00039860196,0.38373405,-0.25004503,-0.20905039,-0.56924534,-0.1797554,0.0,-0.025026347,1.0513843,TSH_105,2026-02,82.41,0,1133.330965468115,0,0,3,36,0,2,0,33.0,74.0,23.04622462090032
0.83098286,-0.0060480274,-0.00039860196,0.38373405,-0.2425,-0.20245582,-0.3207528,-0.1797554,0.0,-0.09959184,1.0608733,TSH_105,2026-03,85.29,0,1133.330965468115,0,0,3,37,0,3,0,33.0,74.0,23.04622462090032
-0.8883708,-0.0009103065,-9.928354e-05,-0.103705354,-0.29688725,-0.2763763,-0.66141176,-0.009071,0.0,-0.15692638,-1.6477798,TSH_106,2024-12,2.91,0,19.36999901015545,0,0,0,999,0,12,0,33.0,34.6,1436.4481890480336
-0.84798974,-0.0060480274,-9.928354e-05,-0.09795615,-0.29028374,-0.29301727,-0.75498116,-0.013983734,0.0,-0.14854524,-1.537526,TSH_106,2025-01,3.06,0,19.36999901015545,0,0,0,999,0,1,0,33.0,34.6,1436.4481890480336
-0.8377836,-0.0060480274,-9.928354e-05,-0.09785506,-0.29018265,-0.2876264,-0.6611018,-0.013983734,0.0,-0.14747421,-1.5298698,TSH_106,2025-02,3.43,0,19.36999901015545,0,0,0,999,0,2,0,33.0,34.6,1436.4481890480336
-0.83320725,-0.0060480274,-9.928354e-05,-0.09785506,-0.2813858,-0.2810318,-0.33444133,-0.013983734,0.0,-0.122362584,-1.5308958,TSH_106,2025-03,4.89,0,19.36999901015545,0,0,0,999,0,3,0,33.0,34.6,1436.4481890480336
-0.8602835,-0.0009103065,-9.928354e-05,-0.09251639,-0.26723072,-0.2771974,0.08379645,-0.013983734,0.0,-0.08735952,-1.593191,TSH_106,2025-04,7.07,0,19.36999901015545,0,0,0,999,0,4,0,33.0,34.6,1436.4481890480336
-0.9255072,-0.0009103065,-9.928354e-05,-0.082568415,-0.25566345,-0.2805343,0.13173318,-0.057052106,0.0,-0.06884487,-1.6130435,TSH_106,2025-05,6.79,0,19.36999901015545,0,0,0,999,0,5,1,33.0,34.6,1436.4481890480336
-0.923959,-0.0009103065,-9.928354e-05,-0.08260221,-0.25575528,-0.27856183,0.19213912,-0.057052106,0.0,-0.064855814,-1.616196,TSH_106,2025-06,7.21,0,19.36999901015545,0,0,0,999,0,6,1,33.0,34.6,1436.4481890480336
-0.9114287,-0.0009103065,-9.928354e-05,-0.08270765,-0.2561278,-0.2744189,0.14612463,-0.054868855,0.0,-0.06286644,-1.6250378,TSH_106,2025-07,6.99,0,19.36999901015545,0,0,0,999,0,7,1,33.0,34.6,1436.4481890480336
-0.9085067,-0.0009103065,-9.928354e-05,-0.086406626,-0.26395556,-0.2668007,-0.007475097,-0.054868855,0.0,-0.08140062,-1.690494,TSH_106,2025-08,5.59,0,19.36999901015545,0,0,0,999,0,8,1,33.0,34.6,1436.4481890480336
-0.88738126,-0.0009103065,-9.928354e-05,-0.08618396,-0.27889082,-0.2625097,-0.23157263,-0.063679375,0.0,-0.09709349,-1.6686953,TSH_106,2025-09,4.55,0,19.36999901015545,0,0,0,999,0,9,1,33.0,34.6,1436.4481890480336
-0.86425227,-0.0009103065,-9.928354e-05,-0.094788544,-0.28357574,-0.25675175,-0.20573427,-0.009248175,0.0,-0.10362421,-1.6548222,TSH_106,2025-10,5.02,0,19.36999901015545,0,0,0,999,0,10,0,33.0,34.6,1436.4481890480336
-0.8884175,-0.0009103065,-9.928354e-05,-0.103705354,-0.29676157,-0.26378658,-0.44299588,-0.009248175,0.0,-0.13564296,-1.6674076,TSH_106,2025-11,3.64,0,19.36999901015545,0,0,0,999,0,11,0,33.0,34.6,1436.4481890480336
-0.8883708,-0.0009103065,-9.928354e-05,-0.103705354,-0.29688725,-0.2763763,-0.66141176,-0.009071,0.0,-0.15692638,-1.6477798,TSH_106,2025-12,2.91,0,19.36999901015545,0,0,0,999,0,12,0,33.0,34.6,1436.4481890480336
-0.84798974,-0.0060480274,-9.928354e-05,-0.09795615,-0.29028374,-0.29301727,-0.75498116,-0.013983734,0.0,-0.14854524,-1.537526,TSH_106,2026-01,3.06,0,19.36999901015545,0,0,0,999,0,1,0,33.0,34.6,1436.4481890480336
-0.8377836,-0.0060480274,-9.928354e-05,-0.09785506,-0.29018265,-0.2876264,-0.6611018,-0.013983734,0.0,-0.14747421,-1.5298698,TSH_106,2026-02,3.43,0,19.36999901015545,0,0,0,999,0,2,0,33.0,34.6,1436.4481890480336
-0.83320725,-0.0060480274,-9.928354e-05,-0.09785506,-0.2813858,-0.2810318,-0.33444133,-0.013983734,0.0,-0.122362584,-1.5308958,TSH_106,2026-03,4.89,0,19.36999901015545,0,0,0,999,0,3,0,33.0,34.6,1436.4481890480336
-1.332103,-0.002403729,-9.928354e-05,-0.102365226,-0.27029204,-0.46100563,-0.55357826,-0.07225543,0.0,-0.16600515,-0.7619165,TSH_107,2024-12,3.96,0,6.541905707860187,0,0,0,999,0,12,0,33.0,34.6,4253.194901077387
-1.3960315,-0.0075414497,-9.928354e-05,-0.10978096,-0.27405444,-0.49577674,-1.0244774,-0.07716817,0.0,-0.16533172,-0.9212089,TSH_107,2025-01,1.91,0,6.541905707860187,0,0,0,999,0,1,0,33.0,34.6,4253.194901077387
-1.4084086,-0.0075414497,-9.928354e-05,-0.10967987,-0.27395335,-0.49038586,-0.97285324,-0.07716817,0.0,-0.16426072,-0.93322474,TSH_107,2025-02,1.98,0,6.541905707860187,0,0,0,999,0,2,0,33.0,34.6,4253.194901077387
-1.4004552,-0.0075414497,-9.928354e-05,-0.10967987,-0.26515648,-0.48379126,-0.642816,-0.07716817,0.0,-0.13914904,-0.9342508,TSH_107,2025-03,2.86,0,6.541905707860187,0,0,0,999,0,3,0,33.0,34.6,4253.194901077387
-1.3360046,-0.002403729,-9.928354e-05,-0.1043412,-0.2510014,-0.47995687,-0.026492704,-0.07716817,0.0,-0.10463724,-0.8859852,TSH_107,2025-04,6.1,0,6.541905707860187,0,0,0,999,0,4,0,33.0,34.6,4253.194901077387
-1.2515103,-0.002403729,-9.928354e-05,-0.09794511,-0.23791231,-0.48855358,0.10702457,0.00051181763,0.0,-0.08261833,-0.8584079,TSH_107,2025-05,8.48,0,6.541905707860187,0,0,0,999,0,5,1,33.0,34.6,4253.194901077387
-1.2694107,-0.002403729,-9.928354e-05,-0.097978905,-0.23800412,-0.48658115,0.15763964,0.00051181763,0.0,-0.08302196,-0.8519031,TSH_107,2025-06,8.81,0,6.541905707860187,0,0,0,999,0,6,1,33.0,34.6,4253.194901077387
-1.3203456,-0.002403729,-9.928354e-05,-0.098084345,-0.23837663,-0.48243818,0.06275092,0.0026950687,0.0,-0.08103258,-0.8461538,TSH_107,2025-07,7.8,0,6.541905707860187,0,0,0,999,0,7,1,33.0,34.6,4253.194901077387
-1.3248203,-0.002403729,-9.928354e-05,-0.09869482,-0.24081945,-0.46434197,0.014331689,0.0026950687,0.0,-0.09630609,-0.8051542,TSH_107,2025-08,7.71,0,6.541905707860187,0,0,0,999,0,8,1,33.0,34.6,4253.194901077387
-1.308186,-0.002403729,-9.928354e-05,-0.095256776,-0.25077373,-0.45866293,-0.16624367,-0.006115456,0.0,-0.113685004,-0.752945,TSH_107,2025-09,6.78,0,6.541905707860187,0,0,0,999,0,9,1,33.0,34.6,4253.194901077387
-1.3493757,-0.002403729,-9.928354e-05,-0.100309476,-0.2569805,-0.44541866,-0.097655885,-0.07243261,0.0,-0.11591964,-0.7485466,TSH_107,2025-10,6.56,0,6.541905707860187,0,0,0,999,0,10,0,33.0,34.6,4253.194901077387
-1.3321496,-0.002403729,-9.928354e-05,-0.102365226,-0.27016637,-0.44841594,-0.28989208,-0.07243261,0.0,-0.14472173,-0.7362742,TSH_107,2025-11,5.39,0,6.541905707860187,0,0,0,999,0,11,0,33.0,34.6,4253.194901077387
-1.332103,-0.002403729,-9.928354e-05,-0.102365226,-0.27029204,-0.46100563,-0.55357826,-0.07225543,0.0,-0.16600515,-0.7619165,TSH_107,2025-12,3.96,0,6.541905707860187,0,0,0,999,0,12,0,33.0,34.6,4253.194901077387
-1.3960315,-0.0075414497,-9.928354e-05,-0.10978096,-0.27405444,-0.49577674,-1.0244774,-0.07716817,0.0,-0.16533172,-0.9212089,TSH_107,2026-01,1.91,0,6.541905707860187,0,0,0,999,0,1,0,33.0,34.6,4253.194901077387
-1.4084086,-0.0075414497,-9.928354e-05,-0.10967987,-0.27395335,-0.49038586,-0.97285324,-0.07716817,0.0,-0.16426072,-0.93322474,TSH_107,2026-02,1.98,0,6.541905707860187,0,0,0,999,0,2,0,33.0,34.6,4253.194901077387
-1.4004552,-0.0075414497,-9.928354e-05,-0.10967987,-0.26515648,-0.48379126,-0.642816,-0.07716817,0.0,-0.13914904,-0.9342508,TSH_107,2026-03,2.86,0,6.541905707860187,0,0,0,999,0,3,0,33.0,34.6,4253.194901077387
-1.6647898,-0.002403729,-9.928354e-05,-0.110661,-0.28611016,-0.45799974,-0.46986052,-0.052513167,0.0,-0.91966563,-0.87794745,TSH_11,2024-12,1.33,0,4.413062872700406,0,0,0,999,0,12,0,33.0,73.3,5492.557142102955
-1.7146921,-0.0075414497,-9.928354e-05,-0.11554121,-0.2805307,-0.49337667,-0.7860465,-0.052748963,0.0,-0.7642791,-1.0204593,TSH_11,2025-01,0.9,0,4.413062872700406,0,0,0,999,0,1,0,33.0,73.3,5492.557142102955
-1.7270693,-0.0075414497,-9.928354e-05,-0.11544012,-0.2804296,-0.4879858,-0.7466996,-0.052748963,0.0,-0.7754852,-1.0326225,TSH_11,2025-02,0.91,0,4.413062872700406,0,0,0,999,0,2,0,33.0,73.3,5492.557142102955
-1.7191159,-0.0075414497,-9.928354e-05,-0.11544012,-0.2728846,-0.4813912,-0.5281556,-0.052748963,0.0,-0.8618671,-1.0336485,TSH_11,2025-03,1.06,0,4.413062872700406,0,0,0,999,0,3,0,33.0,73.3,5492.557142102955
-1.6538951,-0.002403729,-9.928354e-05,-0.111578524,-0.2635357,-0.47951797,-0.043850224,-0.052748963,0.0,-0.9593729,-0.9924582,TSH_11,2025-04,1.75,0,4.413062872700406,0,0,0,999,0,4,0,33.0,73.3,5492.557142102955
-1.5771631,-0.002403729,-9.928354e-05,-0.105182424,-0.25202683,-0.48811468,0.03527526,-0.047936745,0.0,-1.0634257,-0.98267543,TSH_11,2025-05,1.89,0,4.413062872700406,0,0,0,999,0,5,1,33.0,73.3,5492.557142102955
-1.5950633,-0.002403729,-9.928354e-05,-0.10521622,-0.25211865,-0.48614225,0.0858903,-0.047936745,0.0,-1.0638293,-0.9761706,TSH_11,2025-06,1.97,0,4.413062872700406,0,0,0,999,0,6,1,33.0,73.3,5492.557142102955
-1.6459985,-0.002403729,-9.928354e-05,-0.10532166,-0.25249115,-0.4819993,-0.008998435,-0.045753494,0.0,-1.0618399,-0.97042125,TSH_11,2025-07,1.73,0,4.413062872700406,0,0,0,999,0,7,1,33.0,73.3,5492.557142102955
-1.6504732,-0.002403729,-9.928354e-05,-0.10593214,-0.25493392,-0.4639031,-0.05532853,-0.045753494,0.0,-1.0750244,-0.9339942,TSH_11,2025-08,1.71,0,4.413062872700406,0,0,0,999,0,8,1,33.0,73.3,5492.557142102955
-1.6338391,-0.002403729,-9.928354e-05,-0.10249409,-0.26488826,-0.45822406,-0.21328636,-0.048062816,0.0,-1.0697858,-0.88178486,TSH_11,2025-09,1.57,0,4.413062872700406,0,0,0,999,0,9,1,33.0,73.3,5492.557142102955
-1.674039,-0.002403729,-9.928354e-05,-0.10860525,-0.27109507,-0.44497976,-0.15415967,-0.052690342,0.0,-1.0098015,-0.8681817,TSH_11,2025-10,1.71,0,4.413062872700406,0,0,0,999,0,10,0,33.0,73.3,5492.557142102955
-1.6648365,-0.002403729,-9.928354e-05,-0.110661,-0.2859845,-0.44541004,-0.26230893,-0.052690342,0.0,-0.95451677,-0.8559093,TSH_11,2025-11,1.63,0,4.413062872700406,0,0,0,999,0,11,0,33.0,73.3,5492.557142102955
-1.6647898,-0.002403729,-9.928354e-05,-0.110661,-0.28611016,-0.45799974,-0.46986052,-0.052513167,0.0,-0.91966563,-0.87794745,TSH_11,2025-12,1.33,0,4.413062872700406,0,0,0,999,0,12,0,33.0,73.3,5492.557142102955
-1.7146921,-0.0075414497,-9.928354e-05,-0.11554121,-0.2805307,-0.49337667,-0.7860465,-0.052748963,0.0,-0.7642791,-1.0204593,TSH_11,2026-01,0.9,0,4.413062872700406,0,0,0,999,0,1,0,33.0,73.3,5492.557142102955
-1.7270693,-0.0075414497,-9.928354e-05,-0.11544012,-0.2804296,-0.4879858,-0.7466996,-0.052748963,0.0,-0.7754852,-1.0326225,TSH_11,2026-02,0.91,0,4.413062872700406,0,0,0,999,0,2,0,33.0,73.3,5492.557142102955
-1.7191159,-0.0075414497,-9.928354e-05,-0.11544012,-0.2728846,-0.4813912,-0.5281556,-0.052748963,0.0,-0.8618671,-1.0336485,TSH_11,2026-03,1.06,0,4.413062872700406,0,0,0,999,0,3,0,33.0,73.3,5492.557142102955
-1.6647898,-0.002403729,-9.928354e-05,-0.110661,-0.28611016,-0.45799974,-0.46986052,-0.052513167,0.0,-0.91719043,-0.8804226,TSH_12,2024-12,1.33,0,4.701788323380109,0,0,0,999,0,12,0,33.0,73.3,4625.474075865115
-1.7146921,-0.0075414497,-9.928354e-05,-0.11554121,-0.2805307,-0.49337667,-0.7860465,-0.052748963,0.0,-0.761804,-1.0229346,TSH_12,2025-01,0.9,0,4.701788323380109,0,0,0,999,0,1,0,33.0,73.3,4625.474075865115
-1.7270693,-0.0075414497,-9.928354e-05,-0.11544012,-0.2804296,-0.4879858,-0.7466996,-0.052748963,0.0,-0.77300996,-1.0350976,TSH_12,2025-02,0.91,0,4.701788323380109,0,0,0,999,0,2,0,33.0,73.3,4625.474075865115
-1.7191159,-0.0075414497,-9.928354e-05,-0.11544012,-0.2728846,-0.4813912,-0.5281556,-0.052748963,0.0,-0.85939187,-1.0361236,TSH_12,2025-03,1.06,0,4.701788323380109,0,0,0,999,0,3,0,33.0,73.3,4625.474075865115
-1.6538951,-0.002403729,-9.928354e-05,-0.111578524,-0.2635357,-0.47951797,-0.043850224,-0.052748963,0.0,-0.9568977,-0.9949335,TSH_12,2025-04,1.75,0,4.701788323380109,0,0,0,999,0,4,0,33.0,73.3,4625.474075865115
-1.5771631,-0.002403729,-9.928354e-05,-0.105182424,-0.25202683,-0.48811468,0.03527526,-0.047936745,0.0,-1.0609504,-0.98515064,TSH_12,2025-05,1.89,0,4.701788323380109,0,0,0,999,0,5,1,33.0,73.3,4625.474075865115
-1.5950633,-0.002403729,-9.928354e-05,-0.10521622,-0.25211865,-0.48614225,0.0858903,-0.047936745,0.0,-1.0613542,-0.9786458,TSH_12,2025-06,1.97,0,4.701788323380109,0,0,0,999,0,6,1,33.0,73.3,4625.474075865115
-1.6459985,-0.002403729,-9.928354e-05,-0.10532166,-0.25249115,-0.4819993,-0.008998435,-0.045753494,0.0,-1.0593648,-0.97289646,TSH_12,2025-07,1.73,0,4.701788323380109,0,0,0,999,0,7,1,33.0,73.3,4625.474075865115
-1.6504732,-0.002403729,-9.928354e-05,-0.10593214,-0.25493392,-0.4639031,-0.05532853,-0.045753494,0.0,-1.0725491,-0.9364694,TSH_12,2025-08,1.71,0,4.701788323380109,0,0,0,999,0,8,1,33.0,73.3,4625.474075865115
-1.6338391,-0.002403729,-9.928354e-05,-0.10249409,-0.26488826,-0.45822406,-0.21328636,-0.048062816,0.0,-1.0673106,-0.88426006,TSH_12,2025-09,1.57,0,4.701788323380109,0,0,0,999,0,9,1,33.0,73.3,4625.474075865115
-1.674039,-0.002403729,-9.928354e-05,-0.10860525,-0.27109507,-0.44497976,-0.15415967,-0.052690342,0.0,-1.0073264,-0.87065697,TSH_12,2025-10,1.71,0,4.701788323380109,0,0,0,999,0,10,0,33.0,73.3,4625.474075865115
-1.6648365,-0.002403729,-9.928354e-05,-0.110661,-0.2859845,-0.44541004,-0.26230893,-0.052690342,0.0,-0.95204157,-0.85838443,TSH_12,2025-11,1.63,0,4.701788323380109,0,0,0,999,0,11,0,33.0,73.3,4625.474075865115
-1.6647898,-0.002403729,-9.928354e-05,-0.110661,-0.28611016,-0.45799974,-0.46986052,-0.052513167,0.0,-0.91719043,-0.8804226,TSH_12,2025-12,1.33,0,4.701788323380109,0,0,0,999,0,12,0,33.0,73.3,4625.474075865115
-1.7146921,-0.0075414497,-9.928354e-05,-0.11554121,-0.2805307,-0.49337667,-0.7860465,-0.052748963,0.0,-0.761804,-1.0229346,TSH_12,2026-01,0.9,0,4.701788323380109,0,0,0,999,0,1,0,33.0,73.3,4625.474075865115
-1.7270693,-0.0075414497,-9.928354e-05,-0.11544012,-0.2804296,-0.4879858,-0.7466996,-0.052748963,0.0,-0.77300996,-1.0350976,TSH_12,2026-02,0.91,0,4.701788323380109,0,0,0,999,0,2,0,33.0,73.3,4625.474075865115
-1.7191159,-0.0075414497,-9.928354e-05,-0.11544012,-0.2728846,-0.4813912,-0.5281556,-0.052748963,0.0,-0.85939187,-1.0361236,TSH_12,2026-03,1.06,0,4.701788323380109,0,0,0,999,0,3,0,33.0,73.3,4625.474075865115
0.33589682,-0.0009103065,-0.00039860196,-0.09463529,-0.32347018,-0.28015316,-0.80124736,-0.038806334,0.0,-0.49364558,-2.1971645,TSH_13,2024-12,3.35,0,59.41503216069746,0,0,0,999,0,12,0,33.0,39.5,456.9045746971338
0.4767796,-0.0060480274,-0.00039860196,-0.08782764,-0.3040843,-0.29679418,-0.56920123,-0.039042123,0.0,-0.35741132,-1.9850074,TSH_13,2025-01,6.69,0,59.41503216069746,0,0,0,999,0,1,0,33.0,39.5,456.9045746971338
0.49054307,-0.0060480274,-0.00039860196,-0.08772655,-0.3039832,-0.2914033,-0.50374216,-0.039042123,0.0,-0.36861736,-2.0022,TSH_13,2025-02,7.05,0,59.41503216069746,0,0,0,999,0,2,0,33.0,39.5,456.9045746971338
0.4951194,-0.0060480274,-0.00039860196,-0.08772655,-0.29643816,-0.28480867,-0.25608072,-0.039042123,0.0,-0.43301946,-1.9927111,TSH_13,2025-03,8.57,0,59.41503216069746,0,0,0,999,0,3,0,33.0,39.5,456.9045746971338
0.495782,-0.0009103065,-0.00039860196,-0.08238788,-0.2870893,-0.2809743,0.12092487,-0.039042123,0.0,-0.46100715,-2.0462766,TSH_13,2025-04,11.43,0,59.41503216069746,0,0,0,999,0,4,0,33.0,39.5,456.9045746971338
0.46716458,-0.0009103065,-0.00039860196,-0.072439894,-0.2698378,-0.28431115,0.17427677,-0.05383203,0.0,-0.5062659,-2.017649,TSH_13,2025-05,11.6,0,59.41503216069746,0,0,0,999,0,5,1,33.0,39.5,456.9045746971338
0.46871275,-0.0009103065,-0.00039860196,-0.07247369,-0.26992962,-0.2823387,0.18527983,-0.05383203,0.0,-0.519028,-2.0534532,TSH_13,2025-06,11.26,0,59.41503216069746,0,0,0,999,0,6,1,33.0,39.5,456.9045746971338
0.48124304,-0.0009103065,-0.00039860196,-0.07257913,-0.27199784,-0.27819574,0.12357867,-0.05164878,0.0,-0.51703864,-2.077982,TSH_13,2025-07,10.6,0,59.41503216069746,0,0,0,999,0,7,1,33.0,39.5,456.9045746971338
0.4192059,-0.0009103065,-0.00039860196,-0.076278105,-0.2831507,-0.27057755,-0.10064859,-0.05164878,0.0,-0.5355728,-2.1574955,TSH_13,2025-08,7.42,0,59.41503216069746,0,0,0,999,0,8,1,33.0,39.5,456.9045746971338
0.36568457,-0.0009103065,-0.00039860196,-0.07605544,-0.29808593,-0.26628652,-0.41900808,-0.053958096,0.0,-0.5286482,-2.193415,TSH_13,2025-09,5.03,0,59.41503216069746,0,0,0,999,0,9,1,33.0,39.5,456.9045746971338
0.3522072,-0.0009103065,-0.00039860196,-0.08571848,-0.30845514,-0.26052856,-0.4026307,-0.03898351,0.0,-0.49241945,-2.2082953,TSH_13,2025-10,5.15,0,59.41503216069746,0,0,0,999,0,10,0,33.0,39.5,456.9045746971338
0.33560058,-0.0009103065,-0.00039860196,-0.09463529,-0.3233445,-0.26756343,-0.61490864,-0.03898351,0.0,-0.4948422,-2.2330518,TSH_13,2025-11,3.92,0,59.41503216069746,0,0,0,999,0,11,0,33.0,39.5,456.9045746971338
0.33589682,-0.0009103065,-0.00039860196,-0.09463529,-0.32347018,-0.28015316,-0.80124736,-0.038806334,0.0,-0.49364558,-2.1971645,TSH_13,2025-12,3.35,0,59.41503216069746,0,0,0,999,0,12,0,33.0,39.5,456.9045746971338
0.4767796,-0.0060480274,-0.00039860196,-0.08782764,-0.3040843,-0.29679418,-0.56920123,-0.039042123,0.0,-0.35741132,-1.9850074,TSH_13,2026-01,6.69,0,59.41503216069746,0,0,0,999,0,1,0,33.0,39.5,456.9045746971338
0.49054307,-0.0060480274,-0.00039860196,-0.08772655,-0.3039832,-0.2914033,-0.50374216,-0.039042123,0.0,-0.36861736,-2.0022,TSH_13,2026-02,7.05,0,59.41503216069746,0,0,0,999,0,2,0,33.0,39.5,456.9045746971338
0.4951194,-0.0060480274,-0.00039860196,-0.08772655,-0.29643816,-0.28480867,-0.25608072,-0.039042123,0.0,-0.43301946,-1.9927111,TSH_13,2026-03,8.57,0,59.41503216069746,0,0,0,999,0,3,0,33.0,39.5,456.9045746971338
-1.9449509,-0.0009103065,-9.928354e-05,-0.10609779,-0.2797168,-0.40548554,-0.6268696,-0.057269715,0.0,-0.9252859,-0.32225785,TSH_14,2024-12,1.57,0,8.224916922627743,0,0,0,999,0,12,0,33.0,39.5,3287.084873236918
-1.8992685,-0.0060480274,-9.928354e-05,-0.10923969,-0.27571753,-0.42741182,-0.8182366,-0.05750551,0.0,-0.7406193,-0.44224197,TSH_14,2025-01,1.42,0,8.224916922627743,0,0,0,999,0,1,0,33.0,39.5,3287.084873236918
-1.9116457,-0.0060480274,-9.928354e-05,-0.1091386,-0.27561644,-0.42202094,-0.7515435,-0.05750551,0.0,-0.7518253,-0.42705888,TSH_14,2025-02,1.51,0,8.224916922627743,0,0,0,999,0,2,0,33.0,39.5,3287.084873236918
-1.9256603,-0.0060480274,-9.928354e-05,-0.1091386,-0.26807144,-0.41542634,-0.5329876,-0.05750551,0.0,-0.8162273,-0.4280849,TSH_14,2025-03,1.75,0,8.224916922627743,0,0,0,999,0,3,0,33.0,39.5,3287.084873236918
-1.8724979,-0.0009103065,-9.928354e-05,-0.10379993,-0.25872257,-0.41159195,0.017150711,-0.05750551,0.0,-0.87778,-0.35701507,TSH_14,2025-04,3.26,0,8.224916922627743,0,0,0,999,0,4,0,33.0,39.5,3287.084873236918
-1.8029554,-0.0009103065,-9.928354e-05,-0.09740383,-0.24563347,-0.42018867,0.11650914,-0.034439627,0.0,-0.93209916,-0.34484708,TSH_14,2025-05,3.81,0,8.224916922627743,0,0,0,999,0,5,1,33.0,39.5,3287.084873236918
-1.835314,-0.0009103065,-9.928354e-05,-0.09743763,-0.24572527,-0.41821623,0.1304928,-0.034439627,0.0,-0.949254,-0.34376404,TSH_14,2025-06,3.69,0,8.224916922627743,0,0,0,999,0,6,1,33.0,39.5,3287.084873236918
-1.8971837,-0.0009103065,-9.928354e-05,-0.09754307,-0.24609782,-0.41407326,0.02466952,-0.03225638,0.0,-0.9472646,-0.33801475,TSH_14,2025-07,3.18,0,8.224916922627743,0,0,0,999,0,7,1,33.0,39.5,3287.084873236918
-1.9148237,-0.0009103065,-9.928354e-05,-0.09815355,-0.24854067,-0.40101406,-0.06581421,-0.03225638,0.0,-0.96253806,-0.3259145,TSH_14,2025-08,2.88,0,8.224916922627743,0,0,0,999,0,8,1,33.0,39.5,3287.084873236918
-1.9128275,-0.0009103065,-9.928354e-05,-0.09793088,-0.25849488,-0.39533502,-0.2384101,-0.0345657,0.0,-0.95729953,-0.27370515,TSH_14,2025-09,2.57,0,8.224916922627743,0,0,0,999,0,9,1,33.0,39.5,3287.084873236918
-1.9279509,-0.0009103065,-9.928354e-05,-0.10404204,-0.2647017,-0.38586098,-0.16968243,-0.05744689,0.0,-0.9210015,-0.2752588,TSH_14,2025-10,2.73,0,8.224916922627743,0,0,0,999,0,10,0,33.0,39.5,3287.084873236918
-1.9449975,-0.0009103065,-9.928354e-05,-0.10609779,-0.2795911,-0.39289585,-0.38260502,-0.05744689,0.0,-0.9234242,-0.30021968,TSH_14,2025-11,2.07,0,8.224916922627743,0,0,0,999,0,11,0,33.0,39.5,3287.084873236918
-1.9449509,-0.0009103065,-9.928354e-05,-0.10609779,-0.2797168,-0.40548554,-0.6268696,-0.057269715,0.0,-0.9252859,-0.32225785,TSH_14,2025-12,1.57,0,8.224916922627743,0,0,0,999,0,12,0,33.0,39.5,3287.084873236918
-1.8992685,-0.0060480274,-9.928354e-05,-0.10923969,-0.27571753,-0.42741182,-0.8182366,-0.05750551,0.0,-0.7406193,-0.44224197,TSH_14,2026-01,1.42,0,8.224916922627743,0,0,0,999,0,1,0,33.0,39.5,3287.084873236918
-1.9116457,-0.0060480274,-9.928354e-05,-0.1091386,-0.27561644,-0.42202094,-0.7515435,-0.05750551,0.0,-0.7518253,-0.42705888,TSH_14,2026-02,1.51,0,8.224916922627743,0,0,0,999,0,2,0,33.0,39.5,3287.084873236918
-1.9256603,-0.0060480274,-9.928354e-05,-0.1091386,-0.26807144,-0.41542634,-0.5329876,-0.05750551,0.0,-0.8162273,-0.4280849,TSH_14,2026-03,1.75,0,8.224916922627743,0,0,0,999,0,3,0,33.0,39.5,3287.084873236918
-0.7675675,-0.0009103065,-9.928354e-05,-0.10332731,-0.29497373,-0.27342504,-0.6653847,-0.0045188097,0.0,-0.096634634,-1.6752089,TSH_15,2024-12,3.39,0,19.817856394087546,0,0,0,999,0,12,0,33.0,38.1,984.5161662298104
-0.73316646,-0.0060480274,-9.928354e-05,-0.09757811,-0.2842634,-0.290066,-0.7198198,-0.004754602,0.0,-0.040133353,-1.5679508,TSH_15,2025-01,3.88,0,19.817856394087546,0,0,0,999,0,1,0,33.0,38.1,984.5161662298104
-0.7229603,-0.0060480274,-9.928354e-05,-0.09747702,-0.2841623,-0.28467512,-0.6147517,-0.004754602,0.0,-0.027873546,-1.5602946,TSH_15,2025-02,4.44,0,19.817856394087546,0,0,0,999,0,2,0,33.0,38.1,984.5161662298104
-0.71838397,-0.0060480274,-9.928354e-05,-0.09747702,-0.27536544,-0.27808052,-0.28809136,-0.004754602,0.0,-0.002761888,-1.5613207,TSH_15,2025-03,6.3,0,19.817856394087546,0,0,0,999,0,3,0,33.0,38.1,984.5161662298104
-0.73947996,-0.0009103065,-9.928354e-05,-0.09213835,-0.26531717,-0.27424616,0.0806636,-0.004754602,0.0,-0.017241674,-1.6236161,TSH_15,2025-04,8.29,0,19.817856394087546,0,0,0,999,0,4,0,33.0,38.1,984.5161662298104
-0.80470365,-0.0009103065,-9.928354e-05,-0.08219037,-0.2537499,-0.27758303,0.13040778,-0.06988109,0.0,-0.026775852,-1.648838,TSH_15,2025-05,7.58,0,19.817856394087546,0,0,0,999,0,5,1,33.0,38.1,984.5161662298104
-0.8031555,-0.0009103065,-9.928354e-05,-0.08222417,-0.25384173,-0.2756106,0.17406255,-0.06988109,0.0,-0.039537966,-1.6519905,TSH_15,2025-06,7.8,0,19.817856394087546,0,0,0,999,0,6,1,33.0,38.1,984.5161662298104
-0.7906252,-0.0009103065,-9.928354e-05,-0.08232961,-0.25421426,-0.27146763,0.12804808,-0.06769784,0.0,-0.037548598,-1.6608323,TSH_15,2025-07,7.56,0,19.817856394087546,0,0,0,999,0,7,1,33.0,38.1,984.5161662298104
-0.7877032,-0.0009103065,-9.928354e-05,-0.08602858,-0.26204205,-0.26384947,-0.025551664,-0.06769784,0.0,-0.056082774,-1.7262882,TSH_15,2025-08,6.05,0,19.817856394087546,0,0,0,999,0,8,1,33.0,38.1,984.5161662298104
-0.76657784,-0.0009103065,-9.928354e-05,-0.085805915,-0.27697727,-0.2595585,-0.23613256,-0.07000716,0.0,-0.05825904,-1.7044896,TSH_15,2025-09,5.09,0,19.817856394087546,0,0,0,999,0,9,1,33.0,38.1,984.5161662298104
-0.74344885,-0.0009103065,-9.928354e-05,-0.0944105,-0.28166223,-0.25380054,-0.22028442,-0.0046959845,0.0,-0.053909775,-1.6822513,TSH_15,2025-10,5.72,0,19.817856394087546,0,0,0,999,0,10,0,33.0,38.1,984.5161662298104
-0.7676141,-0.0009103065,-9.928354e-05,-0.10332731,-0.29484805,-0.26083535,-0.4575461,-0.0046959845,0.0,-0.085928515,-1.6948367,TSH_15,2025-11,4.16,0,19.817856394087546,0,0,0,999,0,11,0,33.0,38.1,984.5161662298104
-0.7675675,-0.0009103065,-9.928354e-05,-0.10332731,-0.29497373,-0.27342504,-0.6653847,-0.0045188097,0.0,-0.096634634,-1.6752089,TSH_15,2025-12,3.39,0,19.817856394087546,0,0,0,999,0,12,0,33.0,38.1,984.5161662298104
-0.73316646,-0.0060480274,-9.928354e-05,-0.09757811,-0.2842634,-0.290066,-0.7198198,-0.004754602,0.0,-0.040133353,-1.5679508,TSH_15,2026-01,3.88,0,19.817856394087546,0,0,0,999,0,1,0,33.0,38.1,984.5161662298104
-0.7229603,-0.0060480274,-9.928354e-05,-0.09747702,-0.2841623,-0.28467512,-0.6147517,-0.004754602,0.0,-0.027873546,-1.5602946,TSH_15,2026-02,4.44,0,19.817856394087546,0,0,0,999,0,2,0,33.0,38.1,984.5161662298104
-0.71838397,-0.0060480274,-9.928354e-05,-0.09747702,-0.27536544,-0.27808052,-0.28809136,-0.004754602,0.0,-0.002761888,-1.5613207,TSH_15,2026-03,6.3,0,19.817856394087546,0,0,0,999,0,3,0,33.0,38.1,984.5161662298104
-2.347323,-0.0023521169,-9.928354e-05,-0.09973931,-0.2801608,-0.45955032,-0.43936428,-0.05095768,0.0,-0.50810295,-0.4462486,TSH_16,2024-12,1.63,0,3.269751194346405,0,0,0,999,0,12,0,33.0,38.1,6447.891214614056
-2.462624,-0.006718998,-9.928354e-05,-0.10715505,-0.27981636,-0.49432144,-0.94395196,-0.05119347,0.0,-0.44733045,-0.6197425,TSH_16,2025-01,0.75,0,3.269751194346405,0,0,0,999,0,1,0,33.0,38.1,6447.891214614056
-2.4750013,-0.006718998,-9.928354e-05,-0.10705396,-0.27971527,-0.48893055,-0.90189415,-0.05119347,0.0,-0.43577173,-0.6525134,TSH_16,2025-02,0.77,0,3.269751194346405,0,0,0,999,0,2,0,33.0,38.1,6447.891214614056
-2.4896593,-0.006718998,-9.928354e-05,-0.10705396,-0.27091843,-0.48233595,-0.5944678,-0.05119347,0.0,-0.41066006,-0.6535394,TSH_16,2025-03,1.06,0,3.269751194346405,0,0,0,999,0,3,0,33.0,38.1,6447.891214614056
-2.5107117,-0.0023521169,-9.928354e-05,-0.10171529,-0.26087016,-0.47850156,-0.11911021,-0.05119347,0.0,-0.44289955,-0.6052741,TSH_16,2025-04,1.73,0,3.269751194346405,0,0,0,999,0,4,0,33.0,38.1,6447.891214614056
-2.4287813,-0.0023521169,-9.928354e-05,-0.0953192,-0.24778096,-0.48709828,0.0256044,-0.022123696,0.0,-0.44293875,-0.5976643,TSH_16,2025-05,2.26,0,3.269751194346405,0,0,0,999,0,5,1,33.0,38.1,6447.891214614056
-2.4272332,-0.0023521169,-9.928354e-05,-0.09535299,-0.24787277,-0.48512584,0.09930344,-0.022123696,0.0,-0.46009356,-0.57077265,TSH_16,2025-06,2.46,0,3.269751194346405,0,0,0,999,0,6,1,33.0,38.1,6447.891214614056
-2.4248369,-0.0023521169,-9.928354e-05,-0.09545843,-0.24824531,-0.48098287,0.057746,-0.019940447,0.0,-0.45810416,-0.5650233,TSH_16,2025-07,2.4,0,3.269751194346405,0,0,0,999,0,7,1,33.0,38.1,6447.891214614056
-2.4293115,-0.0023521169,-9.928354e-05,-0.09606891,-0.25068814,-0.46288666,0.05746858,-0.019940447,0.0,-0.47337773,-0.4758819,TSH_16,2025-08,2.61,0,3.269751194346405,0,0,0,999,0,8,1,33.0,38.1,6447.891214614056
-2.4058745,-0.0023521169,-9.928354e-05,-0.09263086,-0.26064244,-0.45720762,-0.102786936,-0.022249764,0.0,-0.4772401,-0.42367256,TSH_16,2025-09,2.39,0,3.269751194346405,0,0,0,999,0,9,1,33.0,38.1,6447.891214614056
-2.4321146,-0.0023521169,-9.928354e-05,-0.097683564,-0.26684928,-0.44396335,-0.06153819,-0.051134855,0.0,-0.46859476,-0.4166556,TSH_16,2025-10,2.4,0,3.269751194346405,0,0,0,999,0,10,0,33.0,38.1,6447.891214614056
-2.380243,-0.0023521169,-9.928354e-05,-0.09973931,-0.28003514,-0.44696063,-0.21912934,-0.051134855,0.0,-0.4973968,-0.42221645,TSH_16,2025-11,2.05,0,3.269751194346405,0,0,0,999,0,11,0,33.0,38.1,6447.891214614056
-2.347323,-0.0023521169,-9.928354e-05,-0.09973931,-0.2801608,-0.45955032,-0.43936428,-0.05095768,0.0,-0.50810295,-0.4462486,TSH_16,2025-12,1.63,0,3.269751194346405,0,0,0,999,0,12,0,33.0,38.1,6447.891214614056
-2.462624,-0.006718998,-9.928354e-05,-0.10715505,-0.27981636,-0.49432144,-0.94395196,-0.05119347,0.0,-0.44733045,-0.6197425,TSH_16,2026-01,0.75,0,3.269751194346405,0,0,0,999,0,1,0,33.0,38.1,6447.891214614056
-2.4750013,-0.006718998,-9.928354e-05,-0.10705396,-0.27971527,-0.48893055,-0.90189415,-0.05119347,0.0,-0.43577173,-0.6525134,TSH_16,2026-02,0.77,0,3.269751194346405,0,0,0,999,0,2,0,33.0,38.1,6447.891214614056
-2.4896593,-0.006718998,-9.928354e-05,-0.10705396,-0.27091843,-0.48233595,-0.5944678,-0.05119347,0.0,-0.41066006,-0.6535394,TSH_16,2026-03,1.06,0,3.269751194346405,0,0,0,999,0,3,0,33.0,38.1,6447.891214614056
-2.3376625,-0.0023521169,-9.928354e-05,-0.101768255,-0.274747,-0.45955032,-0.39044937,-0.040666357,0.0,-0.50810295,-0.5005754,TSH_17,2024-12,1.66,0,3.0341320232931133,0,0,0,999,0,12,0,33.0,38.1,13437.450871287056
-2.4529638,-0.006718998,-9.928354e-05,-0.10530852,-0.2823111,-0.49432144,-0.92152184,-0.04090216,0.0,-0.44733045,-0.70055413,TSH_17,2025-01,0.73,0,3.0341320232931133,0,0,0,999,0,1,0,33.0,38.1,13437.450871287056
-2.465341,-0.006718998,-9.928354e-05,-0.10520743,-0.28221002,-0.48893055,-0.879464,-0.04090216,0.0,-0.43577173,-0.733325,TSH_17,2025-02,0.74,0,3.0341320232931133,0,0,0,999,0,2,0,33.0,38.1,13437.450871287056
-2.4799988,-0.006718998,-9.928354e-05,-0.10520743,-0.27341318,-0.48233595,-0.5720377,-0.04090216,0.0,-0.41066006,-0.7343509,TSH_17,2025-03,1.02,0,3.0341320232931133,0,0,0,999,0,3,0,33.0,38.1,13437.450871287056
-2.5010512,-0.0023521169,-9.928354e-05,-0.10374423,-0.2633649,-0.47850156,-0.12152794,-0.04090216,0.0,-0.44289955,-0.7109333,TSH_17,2025-04,1.58,0,3.0341320232931133,0,0,0,999,0,4,0,33.0,38.1,13437.450871287056
-2.4274738,-0.0023521169,-9.928354e-05,-0.09734814,-0.25027573,-0.48709828,0.023186674,-0.026814442,0.0,-0.44293875,-0.71830565,TSH_17,2025-05,1.99,0,3.0341320232931133,0,0,0,999,0,5,1,33.0,38.1,13437.450871287056
-2.4259255,-0.0023521169,-9.928354e-05,-0.097381935,-0.25036755,-0.48512584,0.09688568,-0.026814442,0.0,-0.46009356,-0.691414,TSH_17,2025-06,2.17,0,3.0341320232931133,0,0,0,999,0,6,1,33.0,38.1,13437.450871287056
-2.4235294,-0.0023521169,-9.928354e-05,-0.097487375,-0.25074008,-0.48098287,0.055328272,-0.024631187,0.0,-0.45810416,-0.68566465,TSH_17,2025-07,2.12,0,3.0341320232931133,0,0,0,999,0,7,1,33.0,38.1,13437.450871287056
-2.428004,-0.0023521169,-9.928354e-05,-0.09809785,-0.2531829,-0.46288666,0.038580988,-0.024631187,0.0,-0.47337773,-0.61299324,TSH_17,2025-08,2.22,0,3.0341320232931133,0,0,0,999,0,8,1,33.0,38.1,13437.450871287056
-2.404567,-0.0023521169,-9.928354e-05,-0.094659805,-0.2631372,-0.45720762,-0.121674515,-0.026940506,0.0,-0.4772401,-0.5607839,TSH_17,2025-09,2.03,0,3.0341320232931133,0,0,0,999,0,9,1,33.0,38.1,13437.450871287056
-2.4224539,-0.0023521169,-9.928354e-05,-0.099712506,-0.26934403,-0.44396335,-0.08042575,-0.04084353,0.0,-0.46859476,-0.5387848,TSH_17,2025-10,2.12,0,3.0341320232931133,0,0,0,999,0,10,0,33.0,38.1,13437.450871287056
-2.370583,-0.0023521169,-9.928354e-05,-0.101768255,-0.27462134,-0.44696063,-0.19176461,-0.04084353,0.0,-0.4973968,-0.49809352,TSH_17,2025-11,2.0,0,3.0341320232931133,0,0,0,999,0,11,0,33.0,38.1,13437.450871287056
-2.3376625,-0.0023521169,-9.928354e-05,-0.101768255,-0.274747,-0.45955032,-0.39044937,-0.040666357,0.0,-0.50810295,-0.5005754,TSH_17,2025-12,1.66,0,3.0341320232931133,0,0,0,999,0,12,0,33.0,38.1,13437.450871287056
-2.4529638,-0.006718998,-9.928354e-05,-0.10530852,-0.2823111,-0.49432144,-0.92152184,-0.04090216,0.0,-0.44733045,-0.70055413,TSH_17,2026-01,0.73,0,3.0341320232931133,0,0,0,999,0,1,0,33.0,38.1,13437.450871287056
-2.465341,-0.006718998,-9.928354e-05,-0.10520743,-0.28221002,-0.48893055,-0.879464,-0.04090216,0.0,-0.43577173,-0.733325,TSH_17,2026-02,0.74,0,3.0341320232931133,0,0,0,999,0,2,0,33.0,38.1,13437.450871287056
-2.4799988,-0.006718998,-9.928354e-05,-0.10520743,-0.27341318,-0.48233595,-0.5720377,-0.04090216,0.0,-0.41066006,-0.7343509,TSH_17,2026-03,1.02,0,3.0341320232931133,0,0,0,999,0,3,0,33.0,38.1,13437.450871287056
-2.3376625,-0.0023521169,-9.928354e-05,-0.101768255,-0.274747,-0.45955032,-0.39044937,-0.040666357,0.0,-0.50810295,-0.5005754,TSH_18,2024-12,1.66,0,2.94448046796618,0,0,0,999,0,12,0,33.0,38.1,8347.143160700463
-2.4529638,-0.006718998,-9.928354e-05,-0.10530852,-0.2823111,-0.49432144,-0.92152184,-0.04090216,0.0,-0.44733045,-0.70055413,TSH_18,2025-01,0.73,0,2.94448046796618,0,0,0,999,0,1,0,33.0,38.1,8347.143160700463
-2.465341,-0.006718998,-9.928354e-05,-0.10520743,-0.28221002,-0.48893055,-0.879464,-0.04090216,0.0,-0.43577173,-0.733325,TSH_18,2025-02,0.74,0,2.94448046796618,0,0,0,999,0,2,0,33.0,38.1,8347.143160700463
-2.4799988,-0.006718998,-9.928354e-05,-0.10520743,-0.27341318,-0.48233595,-0.5720377,-0.04090216,0.0,-0.41066006,-0.7343509,TSH_18,2025-03,1.02,0,2.94448046796618,0,0,0,999,0,3,0,33.0,38.1,8347.143160700463
-2.5010512,-0.0023521169,-9.928354e-05,-0.10374423,-0.2633649,-0.47850156,-0.12152794,-0.04090216,0.0,-0.44289955,-0.7109333,TSH_18,2025-04,1.58,0,2.94448046796618,0,0,0,999,0,4,0,33.0,38.1,8347.143160700463
-2.4274738,-0.0023521169,-9.928354e-05,-0.09734814,-0.25027573,-0.48709828,0.023186674,-0.026814442,0.0,-0.44293875,-0.71830565,TSH_18,2025-05,1.99,0,2.94448046796618,0,0,0,999,0,5,1,33.0,38.1,8347.143160700463
-2.4259255,-0.0023521169,-9.928354e-05,-0.097381935,-0.25036755,-0.48512584,0.09688568,-0.026814442,0.0,-0.46009356,-0.691414,TSH_18,2025-06,2.17,0,2.94448046796618,0,0,0,999,0,6,1,33.0,38.1,8347.143160700463
-2.4235294,-0.0023521169,-9.928354e-05,-0.097487375,-0.25074008,-0.48098287,0.055328272,-0.024631187,0.0,-0.45810416,-0.68566465,TSH_18,2025-07,2.12,0,2.94448046796618,0,0,0,999,0,7,1,33.0,38.1,8347.143160700463
-2.428004,-0.0023521169,-9.928354e-05,-0.09809785,-0.2531829,-0.46288666,0.038580988,-0.024631187,0.0,-0.47337773,-0.61299324,TSH_18,2025-08,2.22,0,2.94448046796618,0,0,0,999,0,8,1,33.0,38.1,8347.143160700463
-2.404567,-0.0023521169,-9.928354e-05,-0.094659805,-0.2631372,-0.45720762,-0.121674515,-0.026940506,0.0,-0.4772401,-0.5607839,TSH_18,2025-09,2.03,0,2.94448046796618,0,0,0,999,0,9,1,33.0,38.1,8347.143160700463
-2.4224539,-0.0023521169,-9.928354e-05,-0.099712506,-0.26934403,-0.44396335,-0.08042575,-0.04084353,0.0,-0.46859476,-0.5387848,TSH_18,2025-10,2.12,0,2.94448046796618,0,0,0,999,0,10,0,33.0,38.1,8347.143160700463
-2.370583,-0.0023521169,-9.928354e-05,-0.101768255,-0.27462134,-0.44696063,-0.19176461,-0.04084353,0.0,-0.4973968,-0.49809352,TSH_18,2025-11,2.0,0,2.94448046796618,0,0,0,999,0,11,0,33.0,38.1,8347.143160700463
-2.3376625,-0.0023521169,-9.928354e-05,-0.101768255,-0.274747,-0.45955032,-0.39044937,-0.040666357,0.0,-0.50810295,-0.5005754,TSH_18,2025-12,1.66,0,2.94448046796618,0,0,0,999,0,12,0,33.0,38.1,8347.143160700463
-2.4529638,-0.006718998,-9.928354e-05,-0.10530852,-0.2823111,-0.49432144,-0.92152184,-0.04090216,0.0,-0.44733045,-0.70055413,TSH_18,2026-01,0.73,0,2.94448046796618,0,0,0,999,0,1,0,33.0,38.1,8347.143160700463
-2.465341,-0.006718998,-9.928354e-05,-0.10520743,-0.28221002,-0.48893055,-0.879464,-0.04090216,0.0,-0.43577173,-0.733325,TSH_18,2026-02,0.74,0,2.94448046796618,0,0,0,999,0,2,0,33.0,38.1,8347.143160700463
-2.4799988,-0.006718998,-9.928354e-05,-0.10520743,-0.27341318,-0.48233595,-0.5720377,-0.04090216,0.0,-0.41066006,-0.7343509,TSH_18,2026-03,1.02,0,2.94448046796618,0,0,0,999,0,3,0,33.0,38.1,8347.143160700463
-1.8538442,-0.0009103065,-9.928354e-05,-0.10599399,-0.2795656,-0.39375174,-0.53946763,-0.05272349,0.0,-0.64454114,-0.3474319,TSH_19,2024-12,2.45,0,9.843940651208449,0,0,0,999,0,12,0,33.0,73.3,3095.6098862968174
-1.8217356,-0.0060480274,-9.928354e-05,-0.107658826,-0.27398613,-0.41628385,-0.76474416,-0.052959286,0.0,-0.50033826,-0.4598211,TSH_19,2025-01,2.04,0,9.843940651208449,0,0,0,999,0,1,0,33.0,73.3,3095.6098862968174
-1.8341128,-0.0060480274,-9.928354e-05,-0.10755774,-0.27388504,-0.41089296,-0.69805086,-0.052959286,0.0,-0.5115442,-0.444638,TSH_19,2025-02,2.17,0,9.843940651208449,0,0,0,999,0,2,0,33.0,73.3,3095.6098862968174
-1.8481274,-0.0060480274,-9.928354e-05,-0.10755774,-0.26634005,-0.40429837,-0.50147486,-0.052959286,0.0,-0.59792614,-0.44566405,TSH_19,2025-03,2.42,0,9.843940651208449,0,0,0,999,0,3,0,33.0,73.3,3095.6098862968174
-1.7829068,-0.0009103065,-9.928354e-05,-0.10369614,-0.25699118,-0.40242514,0.012710158,-0.052959286,0.0,-0.69543195,-0.3745942,TSH_19,2025-04,4.21,0,9.843940651208449,0,0,0,999,0,4,0,33.0,73.3,3095.6098862968174
-1.7218496,-0.0009103065,-9.928354e-05,-0.09730004,-0.24548225,-0.41102186,0.075841986,-0.047828346,0.0,-0.7917744,-0.36544877,TSH_19,2025-05,4.43,0,9.843940651208449,0,0,0,999,0,5,1,33.0,73.3,3095.6098862968174
-1.7542083,-0.0009103065,-9.928354e-05,-0.09733383,-0.24557406,-0.40904942,0.10657676,-0.047828346,0.0,-0.79217803,-0.3643657,TSH_19,2025-06,4.43,0,9.843940651208449,0,0,0,999,0,6,1,33.0,73.3,3095.6098862968174
-1.8160778,-0.0009103065,-9.928354e-05,-0.097439274,-0.24594659,-0.40490648,0.00075346464,-0.045645095,0.0,-0.79018867,-0.35861644,TSH_19,2025-07,3.82,0,9.843940651208449,0,0,0,999,0,7,1,33.0,73.3,3095.6098862968174
-1.833718,-0.0009103065,-9.928354e-05,-0.09804975,-0.24838945,-0.39184728,-0.087641135,-0.045645095,0.0,-0.80337304,-0.3510885,TSH_19,2025-08,3.47,0,9.843940651208449,0,0,0,999,0,8,1,33.0,73.3,3095.6098862968174
-1.8260486,-0.0009103065,-9.928354e-05,-0.097827084,-0.2583437,-0.38616824,-0.25456387,-0.047954418,0.0,-0.7980454,-0.29887918,TSH_19,2025-09,3.12,0,9.843940651208449,0,0,0,999,0,9,1,33.0,73.3,3095.6098862968174
-1.841172,-0.0009103065,-9.928354e-05,-0.103938244,-0.2645505,-0.37669417,-0.1858362,-0.052900665,0.0,-0.7438124,-0.30043283,TSH_19,2025-10,3.43,0,9.843940651208449,0,0,0,999,0,10,0,33.0,73.3,3095.6098862968174
-1.8538908,-0.0009103065,-9.928354e-05,-0.10599399,-0.27943993,-0.38116205,-0.33191603,-0.052900665,0.0,-0.67939234,-0.32539368,TSH_19,2025-11,3.0,0,9.843940651208449,0,0,0,999,0,11,0,33.0,73.3,3095.6098862968174
-1.8538442,-0.0009103065,-9.928354e-05,-0.10599399,-0.2795656,-0.39375174,-0.53946763,-0.05272349,0.0,-0.64454114,-0.3474319,TSH_19,2025-12,2.45,0,9.843940651208449,0,0,0,999,0,12,0,33.0,73.3,3095.6098862968174
-1.8217356,-0.0060480274,-9.928354e-05,-0.107658826,-0.27398613,-0.41628385,-0.76474416,-0.052959286,0.0,-0.50033826,-0.4598211,TSH_19,2026-01,2.04,0,9.843940651208449,0,0,0,999,0,1,0,33.0,73.3,3095.6098862968174
-1.8341128,-0.0060480274,-9.928354e-05,-0.10755774,-0.27388504,-0.41089296,-0.69805086,-0.052959286,0.0,-0.5115442,-0.444638,TSH_19,2026-02,2.17,0,9.843940651208449,0,0,0,999,0,2,0,33.0,73.3,3095.6098862968174
-1.8481274,-0.0060480274,-9.928354e-05,-0.10755774,-0.26634005,-0.40429837,-0.50147486,-0.052959286,0.0,-0.59792614,-0.44566405,TSH_19,2026-03,2.42,0,9.843940651208449,0,0,0,999,0,3,0,33.0,73.3,3095.6098862968174
-0.9088942,-0.0009103065,-9.928354e-05,-0.10017381,-0.29131952,-0.27969787,-0.6241451,-0.009071,0.0,-0.16179846,-1.7773923,TSH_2,2024-12,2.61,0,15.199544257090505,0,0,0,999,0,12,0,33.0,34.6,1368.9884149186369
-0.93324876,-0.0060480274,-9.928354e-05,-0.0975131,-0.2896969,-0.29633883,-0.7824506,-0.013983734,0.0,-0.15341729,-1.6418635,TSH_2,2025-01,2.46,0,15.199544257090505,0,0,0,999,0,1,0,33.0,34.6,1368.9884149186369
-0.945626,-0.0060480274,-9.928354e-05,-0.09741201,-0.2895958,-0.29094794,-0.71115464,-0.013983734,0.0,-0.15234627,-1.6342072,TSH_2,2025-02,2.64,0,15.199544257090505,0,0,0,999,0,2,0,33.0,34.6,1368.9884149186369
-0.94104964,-0.0060480274,-9.928354e-05,-0.09741201,-0.28079897,-0.28435335,-0.38449407,-0.013983734,0.0,-0.12723467,-1.635233,TSH_2,2025-03,3.78,0,15.199544257090505,0,0,0,999,0,3,0,33.0,34.6,1368.9884149186369
-0.95919245,-0.0009103065,-9.928354e-05,-0.09207334,-0.26664388,-0.28051898,0.042677373,-0.013983734,0.0,-0.09223159,-1.7115629,TSH_2,2025-04,5.52,0,15.199544257090505,0,0,0,999,0,4,0,33.0,34.6,1368.9884149186369
-1.0205313,-0.0009103065,-9.928354e-05,-0.082125366,-0.25507662,-0.2838559,0.094499074,-0.057052106,0.0,-0.07371692,-1.7426562,TSH_2,2025-05,5.28,0,15.199544257090505,0,0,0,999,0,5,1,33.0,34.6,1368.9884149186369
-1.0189831,-0.0009103065,-9.928354e-05,-0.08215916,-0.25516844,-0.28188342,0.15490498,-0.057052106,0.0,-0.06972787,-1.7458085,TSH_2,2025-06,5.61,0,15.199544257090505,0,0,0,999,0,6,1,33.0,34.6,1368.9884149186369
-1.0064528,-0.0009103065,-9.928354e-05,-0.0822646,-0.25554097,-0.27774045,0.108890526,-0.054868855,0.0,-0.0677385,-1.7546505,TSH_2,2025-07,5.43,0,15.199544257090505,0,0,0,999,0,7,1,33.0,34.6,1368.9884149186369
-0.9698328,-0.0009103065,-9.928354e-05,-0.08287508,-0.26336873,-0.2701223,-0.011011214,-0.054868855,0.0,-0.08627267,-1.8201064,TSH_2,2025-08,4.63,0,15.199544257090505,0,0,0,999,0,8,1,33.0,34.6,1368.9884149186369
-0.9288063,-0.0009103065,-9.928354e-05,-0.08265241,-0.2733231,-0.26583126,-0.21520758,-0.063679375,0.0,-0.10196556,-1.7983078,TSH_2,2025-09,3.93,0,15.199544257090505,0,0,0,999,0,9,1,33.0,34.6,1368.9884149186369
-0.87089646,-0.0009103065,-9.928354e-05,-0.091257,-0.278008,-0.26007333,-0.15458837,-0.009248175,0.0,-0.10849628,-1.7844347,TSH_2,2025-10,4.63,0,15.199544257090505,0,0,0,999,0,10,0,33.0,34.6,1368.9884149186369
-0.9089408,-0.0009103065,-9.928354e-05,-0.10017381,-0.29119384,-0.26710817,-0.40572914,-0.009248175,0.0,-0.14051501,-1.7970201,TSH_2,2025-11,3.27,0,15.199544257090505,0,0,0,999,0,11,0,33.0,34.6,1368.9884149186369
-0.9088942,-0.0009103065,-9.928354e-05,-0.10017381,-0.29131952,-0.27969787,-0.6241451,-0.009071,0.0,-0.16179846,-1.7773923,TSH_2,2025-12,2.61,0,15.199544257090505,0,0,0,999,0,12,0,33.0,34.6,1368.9884149186369
-0.93324876,-0.0060480274,-9.928354e-05,-0.0975131,-0.2896969,-0.29633883,-0.7824506,-0.013983734,0.0,-0.15341729,-1.6418635,TSH_2,2026-01,2.46,0,15.199544257090505,0,0,0,999,0,1,0,33.0,34.6,1368.9884149186369
-0.945626,-0.0060480274,-9.928354e-05,-0.09741201,-0.2895958,-0.29094794,-0.71115464,-0.013983734,0.0,-0.15234627,-1.6342072,TSH_2,2026-02,2.64,0,15.199544257090505,0,0,0,999,0,2,0,33.0,34.6,1368.9884149186369
-0.94104964,-0.0060480274,-9.928354e-05,-0.09741201,-0.28079897,-0.28435335,-0.38449407,-0.013983734,0.0,-0.12723467,-1.635233,TSH_2,2026-03,3.78,0,15.199544257090505,0,0,0,999,0,3,0,33.0,34.6,1368.9884149186369
-0.15960808,-0.0009103065,-9.928354e-05,-0.10384335,-0.27633476,-0.26741558,-0.47640508,0.034047328,0.0,-0.27241927,0.20424944,TSH_20,2024-12,31.32,0,13.863432341316988,0,0,0,999,0,12,0,33.0,73.3,1955.7205843747304
-0.20382312,-0.0060480274,-9.928354e-05,-0.098647125,-0.2707552,-0.28466234,-0.65990096,0.033811532,0.0,-0.18524517,0.21954711,TSH_20,2025-01,28.45,0,13.863432341316988,0,0,0,999,0,1,0,33.0,73.3,1955.7205843747304
-0.21620029,-0.0060480274,-9.928354e-05,-0.098546036,-0.2706541,-0.27927145,-0.600882,0.033811532,0.0,-0.19645119,0.22705585,TSH_20,2025-02,29.45,0,13.863432341316988,0,0,0,999,0,2,0,33.0,73.3,1955.7205843747304
-0.21162397,-0.0060480274,-9.928354e-05,-0.098546036,-0.2631091,-0.2726769,-0.38571525,0.033811532,0.0,-0.2828331,0.22602981,TSH_20,2025-03,32.58,0,13.863432341316988,0,0,0,999,0,3,0,33.0,73.3,1955.7205843747304
-0.20888248,-0.0009103065,-9.928354e-05,-0.09468444,-0.25376025,-0.2708037,-0.027885998,0.033811532,0.0,-0.35246512,0.18518609,TSH_20,2025-04,38.77,0,13.863432341316988,0,0,0,999,0,4,0,33.0,73.3,1955.7205843747304
-0.29405874,-0.0009103065,-9.928354e-05,-0.08828834,-0.24377315,-0.27414054,-0.0057148044,-0.16180174,0.0,-0.4352809,0.070937164,TSH_20,2025-05,28.91,0,13.863432341316988,0,0,0,999,0,5,1,33.0,73.3,1955.7205843747304
-0.29251057,-0.0009103065,-9.928354e-05,-0.08832213,-0.24386495,-0.2721681,0.054691155,-0.16180174,0.0,-0.43129188,0.067784525,TSH_20,2025-06,30.26,0,13.863432341316988,0,0,0,999,0,6,1,33.0,73.3,1955.7205843747304
-0.27998027,-0.0009103065,-9.928354e-05,-0.08842757,-0.24423747,-0.26802516,0.02326785,-0.1596185,0.0,-0.42930248,0.07353378,TSH_20,2025-07,30.15,0,13.863432341316988,0,0,0,999,0,7,1,33.0,73.3,1955.7205843747304
-0.24343243,-0.0009103065,-9.928354e-05,-0.08903805,-0.24668032,-0.260407,-0.03195385,-0.1596185,0.0,-0.43430316,0.06609618,TSH_20,2025-08,29.59,0,13.863432341316988,0,0,0,999,0,8,1,33.0,73.3,1955.7205843747304
-0.2113382,-0.0009103065,-9.928354e-05,-0.08881538,-0.2566347,-0.25611597,-0.20102322,-0.1619278,0.0,-0.42737854,0.10040436,TSH_20,2025-09,27.48,0,13.863432341316988,0,0,0,999,0,9,1,33.0,73.3,1955.7205843747304
-0.12593815,-0.0009103065,-9.928354e-05,-0.09492654,-0.26131964,-0.25035802,-0.14986499,0.03387015,0.0,-0.37169036,0.20315956,TSH_20,2025-10,38.12,0,13.863432341316988,0,0,0,999,0,10,0,33.0,73.3,1955.7205843747304
-0.15965466,-0.0009103065,-9.928354e-05,-0.10384335,-0.2762091,-0.25482595,-0.2940322,0.03387015,0.0,-0.30727038,0.20110892,TSH_20,2025-11,34.79,0,13.863432341316988,0,0,0,999,0,11,0,33.0,73.3,1955.7205843747304
-0.15960808,-0.0009103065,-9.928354e-05,-0.10384335,-0.27633476,-0.26741558,-0.47640508,0.034047328,0.0,-0.27241927,0.20424944,TSH_20,2025-12,31.32,0,13.863432341316988,0,0,0,999,0,12,0,33.0,73.3,1955.7205843747304
-0.20382312,-0.0060480274,-9.928354e-05,-0.098647125,-0.2707552,-0.28466234,-0.65990096,0.033811532,0.0,-0.18524517,0.21954711,TSH_20,2026-01,28.45,0,13.863432341316988,0,0,0,999,0,1,0,33.0,73.3,1955.7205843747304
-0.21620029,-0.0060480274,-9.928354e-05,-0.098546036,-0.2706541,-0.27927145,-0.600882,0.033811532,0.0,-0.19645119,0.22705585,TSH_20,2026-02,29.45,0,13.863432341316988,0,0,0,999,0,2,0,33.0,73.3,1955.7205843747304
-0.21162397,-0.0060480274,-9.928354e-05,-0.098546036,-0.2631091,-0.2726769,-0.38571525,0.033811532,0.0,-0.2828331,0.22602981,TSH_20,2026-03,32.58,0,13.863432341316988,0,0,0,999,0,3,0,33.0,73.3,1955.7205843747304
-1.6647898,-0.002403729,-9.928354e-05,-0.110661,-0.28611016,-0.45799974,-0.46986052,-0.052513167,0.0,-0.91966563,-0.87794745,TSH_21,2024-12,1.33,0,5.321071866335256,0,0,0,999,0,12,0,33.0,73.3,5613.154783524992
-1.7146921,-0.0075414497,-9.928354e-05,-0.11554121,-0.2805307,-0.49337667,-0.7860465,-0.052748963,0.0,-0.7642791,-1.0204593,TSH_21,2025-01,0.9,0,5.321071866335256,0,0,0,999,0,1,0,33.0,73.3,5613.154783524992
-1.7270693,-0.0075414497,-9.928354e-05,-0.11544012,-0.2804296,-0.4879858,-0.7466996,-0.052748963,0.0,-0.7754852,-1.0326225,TSH_21,2025-02,0.91,0,5.321071866335256,0,0,0,999,0,2,0,33.0,73.3,5613.154783524992
-1.7191159,-0.0075414497,-9.928354e-05,-0.11544012,-0.2728846,-0.4813912,-0.5281556,-0.052748963,0.0,-0.8618671,-1.0336485,TSH_21,2025-03,1.06,0,5.321071866335256,0,0,0,999,0,3,0,33.0,73.3,5613.154783524992
-1.6538951,-0.002403729,-9.928354e-05,-0.111578524,-0.2635357,-0.47951797,-0.043850224,-0.052748963,0.0,-0.9593729,-0.9924582,TSH_21,2025-04,1.75,0,5.321071866335256,0,0,0,999,0,4,0,33.0,73.3,5613.154783524992
-1.5771631,-0.002403729,-9.928354e-05,-0.105182424,-0.25202683,-0.48811468,0.03527526,-0.047936745,0.0,-1.0634257,-0.98267543,TSH_21,2025-05,1.89,0,5.321071866335256,0,0,0,999,0,5,1,33.0,73.3,5613.154783524992
-1.5950633,-0.002403729,-9.928354e-05,-0.10521622,-0.25211865,-0.48614225,0.0858903,-0.047936745,0.0,-1.0638293,-0.9761706,TSH_21,2025-06,1.97,0,5.321071866335256,0,0,0,999,0,6,1,33.0,73.3,5613.154783524992
-1.6459985,-0.002403729,-9.928354e-05,-0.10532166,-0.25249115,-0.4819993,-0.008998435,-0.045753494,0.0,-1.0618399,-0.97042125,TSH_21,2025-07,1.73,0,5.321071866335256,0,0,0,999,0,7,1,33.0,73.3,5613.154783524992
-1.6504732,-0.002403729,-9.928354e-05,-0.10593214,-0.25493392,-0.4639031,-0.05532853,-0.045753494,0.0,-1.0750244,-0.9339942,TSH_21,2025-08,1.71,0,5.321071866335256,0,0,0,999,0,8,1,33.0,73.3,5613.154783524992
-1.6338391,-0.002403729,-9.928354e-05,-0.10249409,-0.26488826,-0.45822406,-0.21328636,-0.048062816,0.0,-1.0697858,-0.88178486,TSH_21,2025-09,1.57,0,5.321071866335256,0,0,0,999,0,9,1,33.0,73.3,5613.154783524992
-1.674039,-0.002403729,-9.928354e-05,-0.10860525,-0.27109507,-0.44497976,-0.15415967,-0.052690342,0.0,-1.0098015,-0.8681817,TSH_21,2025-10,1.71,0,5.321071866335256,0,0,0,999,0,10,0,33.0,73.3,5613.154783524992
-1.6648365,-0.002403729,-9.928354e-05,-0.110661,-0.2859845,-0.44541004,-0.26230893,-0.052690342,0.0,-0.95451677,-0.8559093,TSH_21,2025-11,1.63,0,5.321071866335256,0,0,0,999,0,11,0,33.0,73.3,5613.154783524992
-1.6647898,-0.002403729,-9.928354e-05,-0.110661,-0.28611016,-0.45799974,-0.46986052,-0.052513167,0.0,-0.91966563,-0.87794745,TSH_21,2025-12,1.33,0,5.321071866335256,0,0,0,999,0,12,0,33.0,73.3,5613.154783524992
-1.7146921,-0.0075414497,-9.928354e-05,-0.11554121,-0.2805307,-0.49337667,-0.7860465,-0.052748963,0.0,-0.7642791,-1.0204593,TSH_21,2026-01,0.9,0,5.321071866335256,0,0,0,999,0,1,0,33.0,73.3,5613.154783524992
-1.7270693,-0.0075414497,-9.928354e-05,-0.11544012,-0.2804296,-0.4879858,-0.7466996,-0.052748963,0.0,-0.7754852,-1.0326225,TSH_21,2026-02,0.91,0,5.321071866335256,0,0,0,999,0,2,0,33.0,73.3,5613.154783524992
-1.7191159,-0.0075414497,-9.928354e-05,-0.11544012,-0.2728846,-0.4813912,-0.5281556,-0.052748963,0.0,-0.8618671,-1.0336485,TSH_21,2026-03,1.06,0,5.321071866335256,0,0,0,999,0,3,0,33.0,73.3,5613.154783524992
0.86630684,-0.0009103065,-0.00034592953,0.39592972,0.015589366,-0.17430957,-0.5107749,0.035272025,0.0,-0.103432074,0.98800695,TSH_22,2024-12,88.54,0,18.44621347194017,0,0,3,10,0,12,0,33.0,73.3,1821.349408706928
0.9380188,-0.0060480274,-0.00034592953,0.38782215,0.03805338,-0.17926149,-0.510219,0.03503623,0.0,-0.02361512,1.0482285,TSH_22,2025-01,90.56,0,18.44621347194017,0,0,3,11,0,1,0,33.0,73.3,1821.349408706928
0.9482249,-0.0060480274,-0.00034592953,0.3874925,0.039015904,-0.17387061,-0.42904726,0.03503623,0.0,-0.034821153,1.0557373,TSH_22,2025-02,91.33,0,18.44621347194017,0,0,3,12,0,2,0,33.0,73.3,1821.349408706928
0.926779,-0.0060480274,-0.00034592953,0.3874925,0.02844688,-0.16832525,-0.28680632,0.03503623,0.0,-0.12120303,1.0259218,TSH_22,2025-03,91.33,0,18.44621347194017,0,0,3,13,0,3,0,33.0,73.3,1821.349408706928
0.84645253,-0.0009103065,-0.00034592953,0.37560725,0.037795767,-0.16552687,-0.05454806,0.03503623,0.0,-0.19234662,0.969114,TSH_22,2025-04,91.56,0,18.44621347194017,0,0,3,14,0,4,0,33.0,73.3,1821.349408706928
0.7567822,-0.0009103065,-0.00034592953,0.32437843,0.03792672,-0.17461321,-0.049447652,-0.2280581,0.0,-0.27516234,0.8716063,TSH_22,2025-05,85.76,0,18.44621347194017,0,0,3,15,0,5,1,33.0,73.3,1821.349408706928
0.75833035,-0.0009103065,-0.00034592953,0.32456645,0.03831244,-0.17403947,0.011657633,-0.2280581,0.0,-0.27117333,0.86845356,TSH_22,2025-06,86.53,0,18.44621347194017,0,0,3,16,0,6,1,33.0,73.3,1821.349408706928
0.7708607,-0.0009103065,-0.00034592953,0.32503244,0.039250184,-0.17365988,-0.017884001,-0.22587486,0.0,-0.26918393,0.8742029,TSH_22,2025-07,86.47,0,18.44621347194017,0,0,3,17,0,7,1,33.0,73.3,1821.349408706928
0.7972967,-0.0009103065,-0.00034592953,0.32731634,0.038425732,-0.16897956,-0.076620914,-0.22587486,0.0,-0.27016026,0.8587373,TSH_22,2025-08,85.97,0,18.44621347194017,0,0,3,18,0,8,1,33.0,73.3,1821.349408706928
0.8308226,-0.0009103065,-0.00034592953,0.32658195,0.031103212,-0.16656905,-0.24401549,-0.22818418,0.0,-0.2627533,0.8896622,TSH_22,2025-09,84.67,0,18.44621347194017,0,0,3,19,0,9,1,33.0,73.3,1821.349408706928
0.8911876,-0.0009103065,-0.00034592953,0.37634337,0.019773135,-0.15591908,-0.22356944,0.035094846,0.0,-0.2027031,0.9869171,TSH_22,2025-10,90.55,0,18.44621347194017,0,0,3,20,0,10,0,33.0,73.3,1821.349408706928
0.86626023,-0.0009103065,-0.00034592953,0.39592972,0.014801795,-0.15989329,-0.3293154,0.035094846,0.0,-0.13828312,0.98486644,TSH_22,2025-11,90.04,0,18.44621347194017,0,0,3,21,0,11,0,33.0,73.3,1821.349408706928
0.86630684,-0.0009103065,-0.00034592953,0.39592972,0.015589366,-0.17430957,-0.5107749,0.035272025,0.0,-0.103432074,0.98800695,TSH_22,2025-12,88.54,0,18.44621347194017,0,0,3,22,0,12,0,33.0,73.3,1821.349408706928
0.9380188,-0.0060480274,-0.00034592953,0.38782215,0.03805338,-0.17926149,-0.510219,0.03503623,0.0,-0.02361512,1.0482285,TSH_22,2026-01,90.56,0,18.44621347194017,0,0,3,23,0,1,0,33.0,73.3,1821.349408706928
0.9482249,-0.0060480274,-0.00034592953,0.3874925,0.039015904,-0.17387061,-0.42904726,0.03503623,0.0,-0.034821153,1.0557373,TSH_22,2026-02,91.33,0,18.44621347194017,0,0,3,24,0,2,0,33.0,73.3,1821.349408706928
0.926779,-0.0060480274,-0.00034592953,0.3874925,0.02844688,-0.16832525,-0.28680632,0.03503623,0.0,-0.12120303,1.0259218,TSH_22,2026-03,91.33,1,18.44621347194017,0,0,3,25,0,3,0,33.0,73.3,1821.349408706928
-1.9849586,-0.0009103065,-9.928354e-05,-0.08743577,-0.26037127,-0.34675395,-0.6405386,-0.042670332,0.0,-0.33019763,0.4163678,TSH_23,2024-12,6.04,0,9.57723126584845,0,0,0,999,0,12,0,33.0,38.1,2241.670834091324
-1.9296176,-0.0060480274,-9.928354e-05,-0.09163612,-0.26002678,-0.3667964,-0.92149496,-0.04290612,0.0,-0.26331946,0.3105211,TSH_23,2025-01,4.57,0,9.57723126584845,0,0,0,999,0,1,0,33.0,38.1,2241.670834091324
-1.9419948,-0.0060480274,-9.928354e-05,-0.09153503,-0.2599257,-0.36140552,-0.831336,-0.04290612,0.0,-0.25105962,0.32585153,TSH_23,2025-02,5.08,0,9.57723126584845,0,0,0,999,0,2,0,33.0,38.1,2241.670834091324
-1.9560093,-0.0060480274,-9.928354e-05,-0.09153503,-0.25112885,-0.35481092,-0.52326655,-0.04290612,0.0,-0.22594795,0.32482547,TSH_23,2025-03,6.96,0,9.57723126584845,0,0,0,999,0,3,0,33.0,38.1,2241.670834091324
-1.9125055,-0.0009103065,-9.928354e-05,-0.08619636,-0.24108055,-0.3509766,0.049525704,-0.04290612,0.0,-0.2581875,0.3963114,TSH_23,2025-04,12.86,0,9.57723126584845,0,0,0,999,0,4,0,33.0,38.1,2241.670834091324
-1.8509792,-0.0009103065,-9.928354e-05,-0.07980026,-0.22799142,-0.3580295,0.16680247,-0.037830293,0.0,-0.26094174,0.36324957,TSH_23,2025-05,14.77,0,9.57723126584845,0,0,0,999,0,5,1,33.0,38.1,2241.670834091324
-1.8833377,-0.0009103065,-9.928354e-05,-0.07983406,-0.22808322,-0.35605705,0.16101661,-0.037830293,0.0,-0.27467564,0.3445632,TSH_23,2025-06,13.92,0,9.57723126584845,0,0,0,999,0,6,1,33.0,38.1,2241.670834091324
-1.9452075,-0.0009103065,-9.928354e-05,-0.0799395,-0.22845574,-0.35191408,0.055193305,-0.03564704,0.0,-0.27268624,0.35031247,TSH_23,2025-07,12.18,0,9.57723126584845,0,0,0,999,0,7,1,33.0,38.1,2241.670834091324
-1.9628475,-0.0009103065,-9.928354e-05,-0.08054998,-0.23089857,-0.34089446,-0.040029455,-0.03564704,0.0,-0.28795975,0.35767376,TSH_23,2025-08,11.02,0,9.57723126584845,0,0,0,999,0,8,1,33.0,38.1,2241.670834091324
-1.9608513,-0.0009103065,-9.928354e-05,-0.08032731,-0.24085289,-0.33660343,-0.23529221,-0.037956357,0.0,-0.2918221,0.39631715,TSH_23,2025-09,9.49,0,9.57723126584845,0,0,0,999,0,9,1,33.0,38.1,2241.670834091324
-1.9679586,-0.0009103065,-9.928354e-05,-0.08538002,-0.2470597,-0.32712936,-0.16782127,-0.042847507,0.0,-0.2874728,0.44406086,TSH_23,2025-10,10.44,0,9.57723126584845,0,0,0,999,0,10,0,33.0,38.1,2241.670834091324
-1.9850053,-0.0009103065,-9.928354e-05,-0.08743577,-0.2602456,-0.33416426,-0.38742965,-0.042847507,0.0,-0.31949154,0.44201022,TSH_23,2025-11,8.0,0,9.57723126584845,0,0,0,999,0,11,0,33.0,38.1,2241.670834091324
-1.9849586,-0.0009103065,-9.928354e-05,-0.08743577,-0.26037127,-0.34675395,-0.6405386,-0.042670332,0.0,-0.33019763,0.4163678,TSH_23,2025-12,6.04,0,9.57723126584845,0,0,0,999,0,12,0,33.0,38.1,2241.670834091324
-1.9296176,-0.0060480274,-9.928354e-05,-0.09163612,-0.26002678,-0.3667964,-0.92149496,-0.04290612,0.0,-0.26331946,0.3105211,TSH_23,2026-01,4.57,0,9.57723126584845,0,0,0,999,0,1,0,33.0,38.1,2241.670834091324
-1.9419948,-0.0060480274,-9.928354e-05,-0.09153503,-0.2599257,-0.36140552,-0.831336,-0.04290612,0.0,-0.25105962,0.32585153,TSH_23,2026-02,5.08,0,9.57723126584845,0,0,0,999,0,2,0,33.0,38.1,2241.670834091324
-1.9560093,-0.0060480274,-9.928354e-05,-0.09153503,-0.25112885,-0.35481092,-0.52326655,-0.04290612,0.0,-0.22594795,0.32482547,TSH_23,2026-03,6.96,0,9.57723126584845,0,0,0,999,0,3,0,33.0,38.1,2241.670834091324
0.33589682,-0.0009103065,-0.00039860196,-0.09463529,-0.32347018,-0.28015316,-0.80124736,-0.038806334,0.0,-0.49364558,-2.1971645,TSH_24,2024-12,3.35,0,87.55604835865677,0,0,0,999,0,12,0,33.0,39.5,545.2164744171005
0.4767796,-0.0060480274,-0.00039860196,-0.08782764,-0.3040843,-0.29679418,-0.56920123,-0.039042123,0.0,-0.35741132,-1.9850074,TSH_24,2025-01,6.69,0,87.55604835865677,0,0,0,999,0,1,0,33.0,39.5,545.2164744171005
0.49054307,-0.0060480274,-0.00039860196,-0.08772655,-0.3039832,-0.2914033,-0.50374216,-0.039042123,0.0,-0.36861736,-2.0022,TSH_24,2025-02,7.05,0,87.55604835865677,0,0,0,999,0,2,0,33.0,39.5,545.2164744171005
0.4951194,-0.0060480274,-0.00039860196,-0.08772655,-0.29643816,-0.28480867,-0.25608072,-0.039042123,0.0,-0.43301946,-1.9927111,TSH_24,2025-03,8.57,0,87.55604835865677,0,0,0,999,0,3,0,33.0,39.5,545.2164744171005
0.495782,-0.0009103065,-0.00039860196,-0.08238788,-0.2870893,-0.2809743,0.12092487,-0.039042123,0.0,-0.46100715,-2.0462766,TSH_24,2025-04,11.43,0,87.55604835865677,0,0,0,999,0,4,0,33.0,39.5,545.2164744171005
0.46716458,-0.0009103065,-0.00039860196,-0.072439894,-0.2698378,-0.28431115,0.17427677,-0.05383203,0.0,-0.5062659,-2.017649,TSH_24,2025-05,11.6,0,87.55604835865677,0,0,0,999,0,5,1,33.0,39.5,545.2164744171005
0.46871275,-0.0009103065,-0.00039860196,-0.07247369,-0.26992962,-0.2823387,0.18527983,-0.05383203,0.0,-0.519028,-2.0534532,TSH_24,2025-06,11.26,0,87.55604835865677,0,0,0,999,0,6,1,33.0,39.5,545.2164744171005
0.48124304,-0.0009103065,-0.00039860196,-0.07257913,-0.27199784,-0.27819574,0.12357867,-0.05164878,0.0,-0.51703864,-2.077982,TSH_24,2025-07,10.6,0,87.55604835865677,0,0,0,999,0,7,1,33.0,39.5,545.2164744171005
0.4192059,-0.0009103065,-0.00039860196,-0.076278105,-0.2831507,-0.27057755,-0.10064859,-0.05164878,0.0,-0.5355728,-2.1574955,TSH_24,2025-08,7.42,0,87.55604835865677,0,0,0,999,0,8,1,33.0,39.5,545.2164744171005
0.36568457,-0.0009103065,-0.00039860196,-0.07605544,-0.29808593,-0.26628652,-0.41900808,-0.053958096,0.0,-0.5286482,-2.193415,TSH_24,2025-09,5.03,0,87.55604835865677,0,0,0,999,0,9,1,33.0,39.5,545.2164744171005
0.3522072,-0.0009103065,-0.00039860196,-0.08571848,-0.30845514,-0.26052856,-0.4026307,-0.03898351,0.0,-0.49241945,-2.2082953,TSH_24,2025-10,5.15,0,87.55604835865677,0,0,0,999,0,10,0,33.0,39.5,545.2164744171005
0.33560058,-0.0009103065,-0.00039860196,-0.09463529,-0.3233445,-0.26756343,-0.61490864,-0.03898351,0.0,-0.4948422,-2.2330518,TSH_24,2025-11,3.92,0,87.55604835865677,0,0,0,999,0,11,0,33.0,39.5,545.2164744171005
0.33589682,-0.0009103065,-0.00039860196,-0.09463529,-0.32347018,-0.28015316,-0.80124736,-0.038806334,0.0,-0.49364558,-2.1971645,TSH_24,2025-12,3.35,0,87.55604835865677,0,0,0,999,0,12,0,33.0,39.5,545.2164744171005
0.4767796,-0.0060480274,-0.00039860196,-0.08782764,-0.3040843,-0.29679418,-0.56920123,-0.039042123,0.0,-0.35741132,-1.9850074,TSH_24,2026-01,6.69,0,87.55604835865677,0,0,0,999,0,1,0,33.0,39.5,545.2164744171005
0.49054307,-0.0060480274,-0.00039860196,-0.08772655,-0.3039832,-0.2914033,-0.50374216,-0.039042123,0.0,-0.36861736,-2.0022,TSH_24,2026-02,7.05,0,87.55604835865677,0,0,0,999,0,2,0,33.0,39.5,545.2164744171005
0.4951194,-0.0060480274,-0.00039860196,-0.08772655,-0.29643816,-0.28480867,-0.25608072,-0.039042123,0.0,-0.43301946,-1.9927111,TSH_24,2026-03,8.57,0,87.55604835865677,0,0,0,999,0,3,0,33.0,39.5,545.2164744171005
-1.631985,-0.002403729,-0.00034592953,0.5165025,1.1345208,-0.34687862,-0.49228436,-0.027094373,0.0,-0.91417927,-0.77861655,TSH_25,2024-12,11.82,0,6.371238438459778,0,0,1,2,0,12,0,33.0,39.5,4019.62667813624
-1.6651993,-0.0075414497,-0.00034592953,0.5465155,1.1546564,-0.37009835,-0.73031676,-0.027330162,0.0,-0.7712697,-0.907811,TSH_25,2025-01,9.58,0,6.371238438459778,0,0,1,3,0,1,0,33.0,39.5,4019.62667813624
-1.6775764,-0.0075414497,-0.00034592953,0.54867226,1.11746,-0.36470747,-0.69166255,-0.030231291,0.0,-0.78560454,-0.902515,TSH_25,2025-02,9.45,0,6.371238438459778,0,0,1,4,0,2,0,33.0,39.5,4019.62667813624
-1.6687557,-0.0075414497,-0.00034592953,0.5503547,1.2946233,-0.3591621,-0.4955208,-0.030231291,0.0,-0.8784613,-0.89805365,TSH_25,2025-03,12.35,0,6.371238438459778,0,0,1,5,0,3,0,33.0,39.5,4019.62667813624
-1.6146038,-0.002403729,-0.00034592953,0.52752054,1.2976294,-0.35965517,-0.04856005,-0.030231291,0.0,-0.9260762,-0.86444086,TSH_25,2025-04,18.43,0,6.371238438459778,0,0,1,6,0,4,0,33.0,39.5,4019.62667813624
-1.5256168,-0.002403729,-0.00034592953,0.46137166,0.88549566,-0.38303313,0.049176622,-0.14464313,0.0,-0.99580914,-0.83174205,TSH_25,2025-05,12.41,0,6.371238438459778,0,0,1,7,0,5,1,33.0,39.5,4019.62667813624
-1.5497023,-0.002403729,-0.00034592953,0.44089407,0.0279033,-0.3850324,0.105697334,-0.10530267,0.0,-1.0352756,-0.8388596,TSH_25,2025-06,5.68,0,6.371238438459778,0,0,1,8,0,6,1,33.0,39.5,4019.62667813624
-1.6006373,-0.002403729,-0.00034592953,0.44106257,0.02884103,-0.38405788,0.0123927435,-0.103119425,0.0,-1.0332862,-0.8331103,TSH_25,2025-07,5.02,0,6.371238438459778,0,0,1,9,0,7,1,33.0,39.5,4019.62667813624
-1.6152241,-0.002403729,-0.00034592953,0.44334647,0.028016578,-0.36889946,-0.031513784,-0.103119425,0.0,-1.0445353,-0.7921106,TSH_25,2025-08,4.96,0,6.371238438459778,0,0,1,10,0,8,1,33.0,39.5,4019.62667813624
-1.6079043,-0.002403729,-0.00034592953,0.4353224,0.020694027,-0.36510098,-0.19830191,-0.10542875,0.0,-1.0392967,-0.7432844,TSH_25,2025-09,4.43,0,6.371238438459778,0,0,1,11,0,9,1,33.0,39.5,4019.62667813624
-1.6513145,-0.002403729,-0.00034592953,0.48465508,0.017208481,-0.34610716,-0.15785754,-0.051143765,0.0,-0.9928853,-0.7351817,TSH_25,2025-10,5.21,0,6.371238438459778,0,0,1,12,0,10,0,33.0,39.5,4019.62667813624
-1.6340882,-0.002403729,-0.00034592953,0.48259932,0.012237171,-0.3486107,-0.31057966,-0.051143765,0.0,-0.9920915,-0.7229093,TSH_25,2025-11,4.59,0,6.371238438459778,0,0,1,13,0,11,0,33.0,39.5,4019.62667813624
-1.6340414,-0.002403729,-0.00034592953,0.48259932,0.013024742,-0.36302695,-0.55393076,-0.05096659,0.0,-0.99395317,-0.7449475,TSH_25,2025-12,3.51,0,6.371238438459778,0,0,1,14,0,12,0,33.0,39.5,4019.62667813624
-1.6672558,-0.0075414497,-0.00034592953,0.51466805,0.03477002,-0.3869557,-0.7963475,-0.05120238,0.0,-0.82460135,-0.8884286,TSH_25,2026-01,2.82,0,6.371238438459778,0,0,1,15,0,1,0,33.0,39.5,4019.62667813624
-1.6796329,-0.0075414497,-0.00034592953,0.51476914,0.03487111,-0.38156483,-0.7570006,-0.05120238,0.0,-0.83580744,-0.9005918,TSH_25,2026-02,2.85,0,6.371238438459778,0,0,1,16,0,2,0,33.0,39.5,4019.62667813624
-1.6716795,-0.0075414497,-0.00034592953,0.51476914,0.024302088,-0.37601945,-0.5345908,-0.05120238,0.0,-0.90020955,-0.9016178,TSH_25,2026-03,3.32,0,6.371238438459778,0,0,1,17,0,3,0,33.0,39.5,4019.62667813624
-1.6647898,-0.002403729,-9.928354e-05,-0.110661,-0.28611016,-0.45799974,-0.46986052,-0.052513167,0.0,-0.91719043,-0.8804226,TSH_26,2024-12,1.33,0,6.753727079650016,0,0,0,999,0,12,0,33.0,73.3,3849.133921672644
-1.7146921,-0.0075414497,-9.928354e-05,-0.11554121,-0.2805307,-0.49337667,-0.7860465,-0.052748963,0.0,-0.761804,-1.0229346,TSH_26,2025-01,0.9,0,6.753727079650016,0,0,0,999,0,1,0,33.0,73.3,3849.133921672644
-1.7270693,-0.0075414497,-9.928354e-05,-0.11544012,-0.2804296,-0.4879858,-0.7466996,-0.052748963,0.0,-0.77300996,-1.0350976,TSH_26,2025-02,0.91,0,6.753727079650016,0,0,0,999,0,2,0,33.0,73.3,3849.133921672644
-1.7191159,-0.0075414497,-9.928354e-05,-0.11544012,-0.2728846,-0.4813912,-0.5281556,-0.052748963,0.0,-0.85939187,-1.0361236,TSH_26,2025-03,1.06,0,6.753727079650016,0,0,0,999,0,3,0,33.0,73.3,3849.133921672644
-1.6538951,-0.002403729,-9.928354e-05,-0.111578524,-0.2635357,-0.47951797,-0.043850224,-0.052748963,0.0,-0.9568977,-0.9949335,TSH_26,2025-04,1.75,0,6.753727079650016,0,0,0,999,0,4,0,33.0,73.3,3849.133921672644
-1.5771631,-0.002403729,-9.928354e-05,-0.105182424,-0.25202683,-0.48811468,0.03527526,-0.047936745,0.0,-1.0609504,-0.98515064,TSH_26,2025-05,1.89,0,6.753727079650016,0,0,0,999,0,5,1,33.0,73.3,3849.133921672644
-1.5950633,-0.002403729,-9.928354e-05,-0.10521622,-0.25211865,-0.48614225,0.0858903,-0.047936745,0.0,-1.0613542,-0.9786458,TSH_26,2025-06,1.97,0,6.753727079650016,0,0,0,999,0,6,1,33.0,73.3,3849.133921672644
-1.6459985,-0.002403729,-9.928354e-05,-0.10532166,-0.25249115,-0.4819993,-0.008998435,-0.045753494,0.0,-1.0593648,-0.97289646,TSH_26,2025-07,1.73,0,6.753727079650016,0,0,0,999,0,7,1,33.0,73.3,3849.133921672644
-1.6504732,-0.002403729,-9.928354e-05,-0.10593214,-0.25493392,-0.4639031,-0.05532853,-0.045753494,0.0,-1.0725491,-0.9364694,TSH_26,2025-08,1.71,0,6.753727079650016,0,0,0,999,0,8,1,33.0,73.3,3849.133921672644
-1.6338391,-0.002403729,-9.928354e-05,-0.10249409,-0.26488826,-0.45822406,-0.21328636,-0.048062816,0.0,-1.0673106,-0.88426006,TSH_26,2025-09,1.57,0,6.753727079650016,0,0,0,999,0,9,1,33.0,73.3,3849.133921672644
-1.674039,-0.002403729,-9.928354e-05,-0.10860525,-0.27109507,-0.44497976,-0.15415967,-0.052690342,0.0,-1.0073264,-0.87065697,TSH_26,2025-10,1.71,0,6.753727079650016,0,0,0,999,0,10,0,33.0,73.3,3849.133921672644
-1.6648365,-0.002403729,-9.928354e-05,-0.110661,-0.2859845,-0.44541004,-0.26230893,-0.052690342,0.0,-0.95204157,-0.85838443,TSH_26,2025-11,1.63,0,6.753727079650016,0,0,0,999,0,11,0,33.0,73.3,3849.133921672644
-1.6647898,-0.002403729,-9.928354e-05,-0.110661,-0.28611016,-0.45799974,-0.46986052,-0.052513167,0.0,-0.91719043,-0.8804226,TSH_26,2025-12,1.33,0,6.753727079650016,0,0,0,999,0,12,0,33.0,73.3,3849.133921672644
-1.7146921,-0.0075414497,-9.928354e-05,-0.11554121,-0.2805307,-0.49337667,-0.7860465,-0.052748963,0.0,-0.761804,-1.0229346,TSH_26,2026-01,0.9,0,6.753727079650016,0,0,0,999,0,1,0,33.0,73.3,3849.133921672644
-1.7270693,-0.0075414497,-9.928354e-05,-0.11544012,-0.2804296,-0.4879858,-0.7466996,-0.052748963,0.0,-0.77300996,-1.0350976,TSH_26,2026-02,0.91,0,6.753727079650016,0,0,0,999,0,2,0,33.0,73.3,3849.133921672644
-1.7191159,-0.0075414497,-9.928354e-05,-0.11544012,-0.2728846,-0.4813912,-0.5281556,-0.052748963,0.0,-0.85939187,-1.0361236,TSH_26,2026-03,1.06,0,6.753727079650016,0,0,0,999,0,3,0,33.0,73.3,3849.133921672644
-1.6647898,-0.002403729,-9.928354e-05,-0.10841313,-0.28058803,-0.45799974,-0.44872484,-0.045354746,0.0,-0.9165929,-0.70780885,TSH_27,2024-12,1.63,0,4.924044326203549,0,0,0,999,0,12,0,33.0,73.3,5751.166749108862
-1.7146921,-0.0075414497,-9.928354e-05,-0.11329334,-0.27500856,-0.49337667,-0.7981087,-0.045590542,0.0,-0.7632784,-0.88351846,TSH_27,2025-01,1.03,0,4.924044326203549,0,0,0,999,0,1,0,33.0,73.3,5751.166749108862
-1.7270693,-0.0075414497,-9.928354e-05,-0.11319225,-0.27490747,-0.4879858,-0.7767437,-0.045590542,0.0,-0.7724125,-0.9136634,TSH_27,2025-02,1.01,0,4.924044326203549,0,0,0,999,0,2,0,33.0,73.3,5751.166749108862
-1.7191159,-0.0075414497,-9.928354e-05,-0.11319225,-0.26736248,-0.4813912,-0.5581998,-0.045590542,0.0,-0.85879433,-0.9146894,TSH_27,2025-03,1.17,0,4.924044326203549,0,0,0,999,0,3,0,33.0,73.3,5751.166749108862
-1.6538951,-0.002403729,-9.928354e-05,-0.109330654,-0.25801358,-0.47951797,-0.07389438,-0.045590542,0.0,-0.95630014,-0.8734993,TSH_27,2025-04,1.95,0,4.924044326203549,0,0,0,999,0,4,0,33.0,73.3,5751.166749108862
-1.5771631,-0.002403729,-9.928354e-05,-0.102934554,-0.24650465,-0.48811468,0.0052311164,-0.052380607,0.0,-1.0603529,-0.8753188,TSH_27,2025-05,2.05,0,4.924044326203549,0,0,0,999,0,5,1,33.0,73.3,5751.166749108862
-1.5950633,-0.002403729,-9.928354e-05,-0.10296835,-0.24659646,-0.48614225,0.07623293,-0.052380607,0.0,-1.0607566,-0.84842724,TSH_27,2025-06,2.22,0,4.924044326203549,0,0,0,999,0,6,1,33.0,73.3,5751.166749108862
-1.6459985,-0.002403729,-9.928354e-05,-0.10307379,-0.24696894,-0.4819993,-0.018655824,-0.05019735,0.0,-1.0587672,-0.8426779,TSH_27,2025-07,1.95,0,4.924044326203549,0,0,0,999,0,7,1,33.0,73.3,5751.166749108862
-1.6504732,-0.002403729,-9.928354e-05,-0.10368427,-0.24941179,-0.4639031,-0.016844124,-0.05019735,0.0,-1.0719516,-0.758109,TSH_27,2025-08,2.12,0,4.924044326203549,0,0,0,999,0,8,1,33.0,73.3,5751.166749108862
-1.6338391,-0.002403729,-9.928354e-05,-0.10024622,-0.25936612,-0.45822406,-0.17480196,-0.05250667,0.0,-1.0667131,-0.7058997,TSH_27,2025-09,1.94,0,4.924044326203549,0,0,0,999,0,9,1,33.0,73.3,5751.166749108862
-1.674039,-0.002403729,-9.928354e-05,-0.10635738,-0.26557294,-0.44497976,-0.13302396,-0.04553192,0.0,-1.0067288,-0.6980431,TSH_27,2025-10,2.1,0,4.924044326203549,0,0,0,999,0,10,0,33.0,73.3,5751.166749108862
-1.6648365,-0.002403729,-9.928354e-05,-0.10841313,-0.28046235,-0.44541004,-0.24117325,-0.04553192,0.0,-0.95144403,-0.6857706,TSH_27,2025-11,2.0,0,4.924044326203549,0,0,0,999,0,11,0,33.0,73.3,5751.166749108862
-1.6647898,-0.002403729,-9.928354e-05,-0.10841313,-0.28058803,-0.45799974,-0.44872484,-0.045354746,0.0,-0.9165929,-0.70780885,TSH_27,2025-12,1.63,0,4.924044326203549,0,0,0,999,0,12,0,33.0,73.3,5751.166749108862
-1.7146921,-0.0075414497,-9.928354e-05,-0.11329334,-0.27500856,-0.49337667,-0.7981087,-0.045590542,0.0,-0.7632784,-0.88351846,TSH_27,2026-01,1.03,0,4.924044326203549,0,0,0,999,0,1,0,33.0,73.3,5751.166749108862
-1.7270693,-0.0075414497,-9.928354e-05,-0.11319225,-0.27490747,-0.4879858,-0.7767437,-0.045590542,0.0,-0.7724125,-0.9136634,TSH_27,2026-02,1.01,0,4.924044326203549,0,0,0,999,0,2,0,33.0,73.3,5751.166749108862
-1.7191159,-0.0075414497,-9.928354e-05,-0.11319225,-0.26736248,-0.4813912,-0.5581998,-0.045590542,0.0,-0.85879433,-0.9146894,TSH_27,2026-03,1.17,0,4.924044326203549,0,0,0,999,0,3,0,33.0,73.3,5751.166749108862
-1.5893788,-0.0009103065,-9.928354e-05,-0.09846946,-0.2613292,-0.43847147,-0.6213422,-0.06770325,0.0,-0.5405099,-0.23681499,TSH_28,2024-12,3.48,0,5.749240104689639,0,0,0,999,0,12,0,33.0,38.1,3105.801753771757
-1.6192209,-0.0060480274,-9.928354e-05,-0.10588519,-0.26098475,-0.46558264,-1.001146,-0.06793903,0.0,-0.4804384,-0.36441007,TSH_28,2025-01,2.11,0,5.749240104689639,0,0,0,999,0,1,0,33.0,38.1,3105.801753771757
-1.631598,-0.0060480274,-9.928354e-05,-0.1057841,-0.26088363,-0.46019176,-0.9109869,-0.06793903,0.0,-0.4681786,-0.3490797,TSH_28,2025-02,2.35,0,5.749240104689639,0,0,0,999,0,2,0,33.0,38.1,3105.801753771757
-1.6236446,-0.0060480274,-9.928354e-05,-0.1057841,-0.25208682,-0.45359716,-0.5809494,-0.06793903,0.0,-0.44306698,-0.35010567,TSH_28,2025-03,3.39,0,5.749240104689639,0,0,0,999,0,3,0,33.0,38.1,3105.801753771757
-1.5704821,-0.0009103065,-9.928354e-05,-0.100445434,-0.2420386,-0.44976276,-0.0014980079,-0.06793903,0.0,-0.47530648,-0.2719606,TSH_28,2025-04,6.62,0,5.749240104689639,0,0,0,999,0,4,0,33.0,38.1,3105.801753771757
-1.4859878,-0.0009103065,-9.928354e-05,-0.09404934,-0.22894944,-0.45835948,0.13083136,-0.012317169,0.0,-0.47534567,-0.25274822,TSH_28,2025-05,8.75,0,5.749240104689639,0,0,0,999,0,5,1,33.0,38.1,3105.801753771757
-1.5038879,-0.0009103065,-9.928354e-05,-0.09408314,-0.22904125,-0.45638704,0.15927348,-0.012317169,0.0,-0.49250048,-0.25166523,TSH_28,2025-06,8.72,0,5.749240104689639,0,0,0,999,0,6,1,33.0,38.1,3105.801753771757
-1.5548229,-0.0009103065,-9.928354e-05,-0.09418858,-0.22941376,-0.45224407,0.06438476,-0.010133919,0.0,-0.4905111,-0.24591595,TSH_28,2025-07,7.73,0,5.749240104689639,0,0,0,999,0,7,1,33.0,38.1,3105.801753771757
-1.5592977,-0.0009103065,-9.928354e-05,-0.09479906,-0.23185657,-0.43803757,-0.012933625,-0.010133919,0.0,-0.5057847,-0.23381558,TSH_28,2025-08,7.22,0,5.749240104689639,0,0,0,999,0,8,1,33.0,38.1,3105.801753771757
-1.5426636,-0.0009103065,-9.928354e-05,-0.09136101,-0.24181089,-0.43235853,-0.17999235,-0.012443237,0.0,-0.509647,-0.18160625,TSH_28,2025-09,6.54,0,5.749240104689639,0,0,0,999,0,9,1,33.0,38.1,3105.801753771757
-1.5838532,-0.0009103065,-9.928354e-05,-0.09641371,-0.24801771,-0.4228845,-0.13718916,-0.06788042,0.0,-0.50100166,-0.18463714,TSH_28,2025-10,6.24,0,5.749240104689639,0,0,0,999,0,10,0,33.0,38.1,3105.801753771757
-1.5894256,-0.0009103065,-9.928354e-05,-0.09846946,-0.26120353,-0.42588177,-0.36823332,-0.06788042,0.0,-0.52980375,-0.2111726,TSH_28,2025-11,4.66,0,5.749240104689639,0,0,0,999,0,11,0,33.0,38.1,3105.801753771757
-1.5893788,-0.0009103065,-9.928354e-05,-0.09846946,-0.2613292,-0.43847147,-0.6213422,-0.06770325,0.0,-0.5405099,-0.23681499,TSH_28,2025-12,3.48,0,5.749240104689639,0,0,0,999,0,12,0,33.0,38.1,3105.801753771757
-1.6192209,-0.0060480274,-9.928354e-05,-0.10588519,-0.26098475,-0.46558264,-1.001146,-0.06793903,0.0,-0.4804384,-0.36441007,TSH_28,2026-01,2.11,0,5.749240104689639,0,0,0,999,0,1,0,33.0,38.1,3105.801753771757
-1.631598,-0.0060480274,-9.928354e-05,-0.1057841,-0.26088363,-0.46019176,-0.9109869,-0.06793903,0.0,-0.4681786,-0.3490797,TSH_28,2026-02,2.35,0,5.749240104689639,0,0,0,999,0,2,0,33.0,38.1,3105.801753771757
-1.6236446,-0.0060480274,-9.928354e-05,-0.1057841,-0.25208682,-0.45359716,-0.5809494,-0.06793903,0.0,-0.44306698,-0.35010567,TSH_28,2026-03,3.39,0,5.749240104689639,0,0,0,999,0,3,0,33.0,38.1,3105.801753771757
-1.965782,-0.002403729,-9.928354e-05,-0.10951172,-0.28886992,-0.42422554,-0.4885109,-0.05272349,0.0,-0.72648245,-0.8720975,TSH_29,2024-12,1.22,0,8.278663722704739,0,0,0,999,0,12,0,33.0,73.3,3462.9984935097104
-1.9538784,-0.0075414497,-9.928354e-05,-0.11117655,-0.28329045,-0.4544176,-0.74289095,-0.052959286,0.0,-0.5821904,-1.0071251,TSH_29,2025-01,0.94,0,8.278663722704739,0,0,0,999,0,1,0,33.0,73.3,3462.9984935097104
-1.9662555,-0.0075414497,-9.928354e-05,-0.11107546,-0.28318936,-0.4490267,-0.70354414,-0.052959286,0.0,-0.5933964,-1.0192882,TSH_29,2025-02,0.94,0,8.278663722704739,0,0,0,999,0,2,0,33.0,73.3,3462.9984935097104
-1.9802701,-0.0075414497,-9.928354e-05,-0.11107546,-0.27564436,-0.4424321,-0.50696814,-0.052959286,0.0,-0.67977834,-1.0203142,TSH_29,2025-03,1.05,0,8.278663722704739,0,0,0,999,0,3,0,33.0,73.3,3462.9984935097104
-1.9150496,-0.002403729,-9.928354e-05,-0.10721386,-0.2662955,-0.44055888,-0.02266278,-0.052959286,0.0,-0.7772841,-0.97912407,TSH_29,2025-04,1.75,0,8.278663722704739,0,0,0,999,0,4,0,33.0,73.3,3462.9984935097104
-1.8418539,-0.002403729,-9.928354e-05,-0.10081776,-0.25478655,-0.4491556,0.052607484,-0.047828346,0.0,-0.8736266,-0.9699787,TSH_29,2025-05,1.88,0,8.278663722704739,0,0,0,999,0,5,1,33.0,73.3,3462.9984935097104
-1.8742126,-0.002403729,-9.928354e-05,-0.10085156,-0.25487837,-0.44718316,0.08876408,-0.047828346,0.0,-0.87403023,-0.96347386,TSH_29,2025-06,1.9,0,8.278663722704739,0,0,0,999,0,6,1,33.0,73.3,3462.9984935097104
-1.9360822,-0.002403729,-9.928354e-05,-0.100957,-0.2552509,-0.44304022,-0.017059226,-0.045645095,0.0,-0.87204087,-0.9577245,TSH_29,2025-07,1.64,0,8.278663722704739,0,0,0,999,0,7,1,33.0,73.3,3462.9984935097104
-1.9537224,-0.002403729,-9.928354e-05,-0.10156748,-0.2576937,-0.4260913,-0.07655465,-0.045645095,0.0,-0.8852253,-0.92129743,TSH_29,2025-08,1.57,0,8.278663722704739,0,0,0,999,0,8,1,33.0,73.3,3462.9984935097104
-1.9517262,-0.002403729,-9.928354e-05,-0.10134481,-0.26764804,-0.42041227,-0.24915056,-0.047954418,0.0,-0.8799867,-0.8690881,TSH_29,2025-09,1.4,0,8.278663722704739,0,0,0,999,0,9,1,33.0,73.3,3462.9984935097104
-1.9668496,-0.002403729,-9.928354e-05,-0.10745597,-0.27385482,-0.40716797,-0.16462855,-0.052900665,0.0,-0.8257537,-0.85484755,TSH_29,2025-10,1.59,0,8.278663722704739,0,0,0,999,0,10,0,33.0,73.3,3462.9984935097104
-1.9658287,-0.002403729,-9.928354e-05,-0.10951172,-0.28874424,-0.41163585,-0.28095928,-0.052900665,0.0,-0.7613336,-0.85005933,TSH_29,2025-11,1.49,0,8.278663722704739,0,0,0,999,0,11,0,33.0,73.3,3462.9984935097104
-1.965782,-0.002403729,-9.928354e-05,-0.10951172,-0.28886992,-0.42422554,-0.4885109,-0.05272349,0.0,-0.72648245,-0.8720975,TSH_29,2025-12,1.22,0,8.278663722704739,0,0,0,999,0,12,0,33.0,73.3,3462.9984935097104
-1.9538784,-0.0075414497,-9.928354e-05,-0.11117655,-0.28329045,-0.4544176,-0.74289095,-0.052959286,0.0,-0.5821904,-1.0071251,TSH_29,2026-01,0.94,0,8.278663722704739,0,0,0,999,0,1,0,33.0,73.3,3462.9984935097104
-1.9662555,-0.0075414497,-9.928354e-05,-0.11107546,-0.28318936,-0.4490267,-0.70354414,-0.052959286,0.0,-0.5933964,-1.0192882,TSH_29,2026-02,0.94,0,8.278663722704739,0,0,0,999,0,2,0,33.0,73.3,3462.9984935097104
-1.9802701,-0.0075414497,-9.928354e-05,-0.11107546,-0.27564436,-0.4424321,-0.50696814,-0.052959286,0.0,-0.67977834,-1.0203142,TSH_29,2026-03,1.05,1,8.278663722704739,0,0,0,999,0,3,0,33.0,73.3,3462.9984935097104
-0.3134175,-0.0009103065,-9.928354e-05,-0.09554757,-0.26417005,-0.273291,-0.58699393,0.014305057,0.0,-0.17884251,0.129003,TSH_3,2024-12,26.19,0,18.266002978882508,0,0,0,999,0,12,0,33.0,34.6,1867.677347881781
-0.3287677,-0.0060480274,-9.928354e-05,-0.092886865,-0.26793236,-0.28993198,-0.8407464,0.009392315,0.0,-0.17046133,0.16908553,TSH_3,2025-01,21.67,0,18.266002978882508,0,0,0,999,0,1,0,33.0,34.6,1867.677347881781
-0.3411449,-0.0060480274,-9.928354e-05,-0.092785776,-0.26783127,-0.2845411,-0.7694505,0.009392315,0.0,-0.1693903,0.17674172,TSH_3,2025-02,22.94,0,18.266002978882508,0,0,0,999,0,2,0,33.0,34.6,1867.677347881781
-0.33656856,-0.0060480274,-9.928354e-05,-0.092785776,-0.25903445,-0.2779465,-0.44278988,0.009392315,0.0,-0.14427866,0.17571566,TSH_3,2025-03,30.14,0,18.266002978882508,0,0,0,999,0,3,0,33.0,34.6,1867.677347881781
-0.3547112,-0.0009103065,-9.928354e-05,-0.08744711,-0.24487936,-0.27411214,0.011137854,0.009392315,0.0,-0.109275624,0.12614211,TSH_3,2025-04,40.34,0,18.266002978882508,0,0,0,999,0,4,0,33.0,34.6,1867.677347881781
-0.44255057,-0.0009103065,-9.928354e-05,-0.081051014,-0.23331212,-0.277449,0.06295952,-0.11335316,0.0,-0.090760976,0.015371801,TSH_3,2025-05,34.81,0,18.266002978882508,0,0,0,999,0,5,1,33.0,34.6,1867.677347881781
-0.44100243,-0.0009103065,-9.928354e-05,-0.08108481,-0.23340392,-0.27547657,0.12336544,-0.11335316,0.0,-0.08677192,0.012219183,TSH_3,2025-06,36.29,0,18.266002978882508,0,0,0,999,0,6,1,33.0,34.6,1867.677347881781
-0.4284721,-0.0009103065,-9.928354e-05,-0.08119025,-0.23377644,-0.2713336,0.091942176,-0.11116991,0.0,-0.084782556,0.017968468,TSH_3,2025-07,36.16,0,18.266002978882508,0,0,0,999,0,7,1,33.0,34.6,1867.677347881781
-0.39192423,-0.0009103065,-9.928354e-05,-0.08180073,-0.23621927,-0.26371545,0.023186982,-0.11116991,0.0,-0.10331671,0.0036588903,TSH_3,2025-08,34.78,0,18.266002978882508,0,0,0,999,0,8,1,33.0,34.6,1867.677347881781
-0.35983005,-0.0009103065,-9.928354e-05,-0.08157806,-0.2461736,-0.25942445,-0.16849993,-0.11998043,0.0,-0.1190096,0.03796706,TSH_3,2025-09,31.35,0,18.266002978882508,0,0,0,999,0,9,1,33.0,34.6,1867.677347881781
-0.2754197,-0.0009103065,-9.928354e-05,-0.08663076,-0.25085855,-0.25366646,-0.10788066,0.0141278785,0.0,-0.12554033,0.1315173,TSH_3,2025-10,39.61,0,18.266002978882508,0,0,0,999,0,10,0,33.0,34.6,1867.677347881781
-0.31346405,-0.0009103065,-9.928354e-05,-0.09554757,-0.26404437,-0.26070136,-0.34848663,0.0141278785,0.0,-0.15755904,0.12946664,TSH_3,2025-11,31.79,0,18.266002978882508,0,0,0,999,0,11,0,33.0,34.6,1867.677347881781
-0.3134175,-0.0009103065,-9.928354e-05,-0.09554757,-0.26417005,-0.273291,-0.58699393,0.014305057,0.0,-0.17884251,0.129003,TSH_3,2025-12,26.19,0,18.266002978882508,0,0,0,999,0,12,0,33.0,34.6,1867.677347881781
-0.3287677,-0.0060480274,-9.928354e-05,-0.092886865,-0.26793236,-0.28993198,-0.8407464,0.009392315,0.0,-0.17046133,0.16908553,TSH_3,2026-01,21.67,0,18.266002978882508,0,0,0,999,0,1,0,33.0,34.6,1867.677347881781
-0.3411449,-0.0060480274,-9.928354e-05,-0.092785776,-0.26783127,-0.2845411,-0.7694505,0.009392315,0.0,-0.1693903,0.17674172,TSH_3,2026-02,22.94,0,18.266002978882508,0,0,0,999,0,2,0,33.0,34.6,1867.677347881781
-0.33656856,-0.0060480274,-9.928354e-05,-0.092785776,-0.25903445,-0.2779465,-0.44278988,0.009392315,0.0,-0.14427866,0.17571566,TSH_3,2026-03,30.14,0,18.266002978882508,0,0,0,999,0,3,0,33.0,34.6,1867.677347881781
-0.8883708,-0.0009103065,-9.928354e-05,-0.103705354,-0.29688725,-0.2763763,-0.66141176,-0.009071,0.0,-0.15692638,-1.6477798,TSH_30,2024-12,2.91,0,21.246768146454443,0,0,0,999,0,12,0,33.0,34.6,1777.635061467111
-0.84798974,-0.0060480274,-9.928354e-05,-0.09795615,-0.29028374,-0.29301727,-0.75498116,-0.013983734,0.0,-0.14854524,-1.537526,TSH_30,2025-01,3.06,0,21.246768146454443,0,0,0,999,0,1,0,33.0,34.6,1777.635061467111
-0.8377836,-0.0060480274,-9.928354e-05,-0.09785506,-0.29018265,-0.2876264,-0.6611018,-0.013983734,0.0,-0.14747421,-1.5298698,TSH_30,2025-02,3.43,0,21.246768146454443,0,0,0,999,0,2,0,33.0,34.6,1777.635061467111
-0.83320725,-0.0060480274,-9.928354e-05,-0.09785506,-0.2813858,-0.2810318,-0.33444133,-0.013983734,0.0,-0.122362584,-1.5308958,TSH_30,2025-03,4.89,0,21.246768146454443,0,0,0,999,0,3,0,33.0,34.6,1777.635061467111
-0.8602835,-0.0009103065,-9.928354e-05,-0.09251639,-0.26723072,-0.2771974,0.08379645,-0.013983734,0.0,-0.08735952,-1.593191,TSH_30,2025-04,7.07,0,21.246768146454443,0,0,0,999,0,4,0,33.0,34.6,1777.635061467111
-0.9255072,-0.0009103065,-9.928354e-05,-0.082568415,-0.25566345,-0.2805343,0.13173318,-0.057052106,0.0,-0.06884487,-1.6130435,TSH_30,2025-05,6.79,0,21.246768146454443,0,0,0,999,0,5,1,33.0,34.6,1777.635061467111
-0.923959,-0.0009103065,-9.928354e-05,-0.08260221,-0.25575528,-0.27856183,0.19213912,-0.057052106,0.0,-0.064855814,-1.616196,TSH_30,2025-06,7.21,0,21.246768146454443,0,0,0,999,0,6,1,33.0,34.6,1777.635061467111
-0.9114287,-0.0009103065,-9.928354e-05,-0.08270765,-0.2561278,-0.2744189,0.14612463,-0.054868855,0.0,-0.06286644,-1.6250378,TSH_30,2025-07,6.99,0,21.246768146454443,0,0,0,999,0,7,1,33.0,34.6,1777.635061467111
-0.9085067,-0.0009103065,-9.928354e-05,-0.086406626,-0.26395556,-0.2668007,-0.007475097,-0.054868855,0.0,-0.08140062,-1.690494,TSH_30,2025-08,5.59,0,21.246768146454443,0,0,0,999,0,8,1,33.0,34.6,1777.635061467111
-0.88738126,-0.0009103065,-9.928354e-05,-0.08618396,-0.27889082,-0.2625097,-0.23157263,-0.063679375,0.0,-0.09709349,-1.6686953,TSH_30,2025-09,4.55,0,21.246768146454443,0,0,0,999,0,9,1,33.0,34.6,1777.635061467111
-0.86425227,-0.0009103065,-9.928354e-05,-0.094788544,-0.28357574,-0.25675175,-0.20573427,-0.009248175,0.0,-0.10362421,-1.6548222,TSH_30,2025-10,5.02,0,21.246768146454443,0,0,0,999,0,10,0,33.0,34.6,1777.635061467111
-0.8884175,-0.0009103065,-9.928354e-05,-0.103705354,-0.29676157,-0.26378658,-0.44299588,-0.009248175,0.0,-0.13564296,-1.6674076,TSH_30,2025-11,3.64,0,21.246768146454443,0,0,0,999,0,11,0,33.0,34.6,1777.635061467111
-0.8883708,-0.0009103065,-9.928354e-05,-0.103705354,-0.29688725,-0.2763763,-0.66141176,-0.009071,0.0,-0.15692638,-1.6477798,TSH_30,2025-12,2.91,0,21.246768146454443,0,0,0,999,0,12,0,33.0,34.6,1777.635061467111
-0.84798974,-0.0060480274,-9.928354e-05,-0.09795615,-0.29028374,-0.29301727,-0.75498116,-0.013983734,0.0,-0.14854524,-1.537526,TSH_30,2026-01,3.06,0,21.246768146454443,0,0,0,999,0,1,0,33.0,34.6,1777.635061467111
-0.8377836,-0.0060480274,-9.928354e-05,-0.09785506,-0.29018265,-0.2876264,-0.6611018,-0.013983734,0.0,-0.14747421,-1.5298698,TSH_30,2026-02,3.43,0,21.246768146454443,0,0,0,999,0,2,0,33.0,34.6,1777.635061467111
-0.83320725,-0.0060480274,-9.928354e-05,-0.09785506,-0.2813858,-0.2810318,-0.33444133,-0.013983734,0.0,-0.122362584,-1.5308958,TSH_30,2026-03,4.89,0,21.246768146454443,0,0,0,999,0,3,0,33.0,34.6,1777.635061467111
0.23677972,-0.0009103065,-0.00039860196,-0.08424841,-0.3045502,-0.28231612,-0.823349,-0.05400236,0.0,-0.11885714,-2.2593431,TSH_31,2024-12,4.08,0,66.68009499093951,0,0,0,999,0,12,0,33.0,34.6,364.93649271655215
0.3836429,-0.0060480274,-0.00039860196,-0.078499205,-0.2929259,-0.29895714,-0.7122596,-0.0589151,0.0,-0.103579424,-2.0222867,TSH_31,2025-01,6.56,0,66.68009499093951,0,0,0,999,0,1,0,33.0,34.6,364.93649271655215
0.39740637,-0.0060480274,-0.00039860196,-0.078398116,-0.2928248,-0.29356626,-0.6345234,-0.0589151,0.0,-0.10250842,-2.0393314,TSH_31,2025-02,7.07,0,66.68009499093951,0,0,0,999,0,2,0,33.0,34.6,364.93649271655215
0.4019827,-0.0060480274,-0.00039860196,-0.078398116,-0.284028,-0.28697166,-0.29734817,-0.0589151,0.0,-0.07739676,-2.0298426,TSH_31,2025-03,10.12,0,66.68009499093951,0,0,0,999,0,3,0,33.0,34.6,364.93649271655215
0.39666492,-0.0009103065,-0.00039860196,-0.07305945,-0.26987287,-0.28313726,0.14264815,-0.0589151,0.0,-0.042393655,-2.0921378,TSH_31,2025-04,14.83,0,66.68009499093951,0,0,0,999,0,4,0,33.0,34.6,364.93649271655215
0.3690374,-0.0009103065,-0.00039860196,-0.06311146,-0.25262138,-0.28647414,0.20156233,-0.018772181,0.0,-0.028345184,-2.063054,TSH_31,2025-05,16.67,0,66.68009499093951,0,0,0,999,0,5,1,33.0,34.6,364.93649271655215
0.37058553,-0.0009103065,-0.00039860196,-0.06314526,-0.2527132,-0.2845017,0.22931656,-0.018772181,0.0,-0.024356142,-2.0988584,TSH_31,2025-06,16.66,0,66.68009499093951,0,0,0,999,0,6,1,33.0,34.6,364.93649271655215
0.38311583,-0.0009103065,-0.00039860196,-0.06325069,-0.25478142,-0.28035873,0.16761532,-0.016588934,0.0,-0.022366771,-2.1233876,TSH_31,2025-07,15.74,0,66.68009499093951,0,0,0,999,0,7,1,33.0,34.6,364.93649271655215
0.3210786,-0.0009103065,-0.00039860196,-0.066949666,-0.26593426,-0.27274054,-0.056611866,-0.016588934,0.0,-0.040900923,-2.202901,TSH_31,2025-08,11.21,0,66.68009499093951,0,0,0,999,0,8,1,33.0,34.6,364.93649271655215
0.2675572,-0.0009103065,-0.00039860196,-0.066727,-0.28086948,-0.26844952,-0.3975889,-0.025399456,0.0,-0.056593828,-2.2388203,TSH_31,2025-09,7.35,0,66.68009499093951,0,0,0,999,0,9,1,33.0,34.6,364.93649271655215
0.25309002,-0.0009103065,-0.00039860196,-0.0753316,-0.2912387,-0.26269153,-0.3717505,-0.054179534,0.0,-0.06464906,-2.2629056,TSH_31,2025-10,6.93,0,66.68009499093951,0,0,0,999,0,10,0,33.0,34.6,364.93649271655215
0.23648345,-0.0009103065,-0.00039860196,-0.08424841,-0.30442452,-0.26972643,-0.6136244,-0.054179534,0.0,-0.09666781,-2.2876618,TSH_31,2025-11,5.01,0,66.68009499093951,0,0,0,999,0,11,0,33.0,34.6,364.93649271655215
0.23677972,-0.0009103065,-0.00039860196,-0.08424841,-0.3045502,-0.28231612,-0.823349,-0.05400236,0.0,-0.11885714,-2.2593431,TSH_31,2025-12,4.08,0,66.68009499093951,0,0,0,999,0,12,0,33.0,34.6,364.93649271655215
0.3836429,-0.0060480274,-0.00039860196,-0.078499205,-0.2929259,-0.29895714,-0.7122596,-0.0589151,0.0,-0.103579424,-2.0222867,TSH_31,2026-01,6.56,0,66.68009499093951,0,0,0,999,0,1,0,33.0,34.6,364.93649271655215
0.39740637,-0.0060480274,-0.00039860196,-0.078398116,-0.2928248,-0.29356626,-0.6345234,-0.0589151,0.0,-0.10250842,-2.0393314,TSH_31,2026-02,7.07,0,66.68009499093951,0,0,0,999,0,2,0,33.0,34.6,364.93649271655215
0.4019827,-0.0060480274,-0.00039860196,-0.078398116,-0.284028,-0.28697166,-0.29734817,-0.0589151,0.0,-0.07739676,-2.0298426,TSH_31,2026-03,10.12,0,66.68009499093951,0,0,0,999,0,3,0,33.0,34.6,364.93649271655215
-0.88884115,-0.0009103065,-9.928354e-05,-0.103705354,-0.29688725,-0.2763763,-0.66083854,-0.009071,0.0,-0.14284608,-1.6619629,TSH_32,2024-12,2.91,0,29.059882776000347,0,0,0,999,0,12,0,33.0,34.6,1062.83980008026
-0.8484601,-0.0060480274,-9.928354e-05,-0.09795615,-0.29028374,-0.29301727,-0.7574032,-0.013983734,0.0,-0.12847425,-1.5547048,TSH_32,2025-01,3.06,0,29.059882776000347,0,0,0,999,0,1,0,33.0,34.6,1062.83980008026
-0.8382539,-0.0060480274,-9.928354e-05,-0.09785506,-0.29018265,-0.2876264,-0.66352385,-0.013983734,0.0,-0.12740323,-1.5470486,TSH_32,2025-02,3.43,0,29.059882776000347,0,0,0,999,0,2,0,33.0,34.6,1062.83980008026
-0.8336776,-0.0060480274,-9.928354e-05,-0.09785506,-0.2813858,-0.2810318,-0.33686343,-0.013983734,0.0,-0.10229157,-1.5480746,TSH_32,2025-03,4.89,0,29.059882776000347,0,0,0,999,0,3,0,33.0,34.6,1062.83980008026
-0.86075383,-0.0009103065,-9.928354e-05,-0.09251639,-0.26723072,-0.2771974,0.08137437,-0.013983734,0.0,-0.06728847,-1.6103698,TSH_32,2025-04,7.07,0,29.059882776000347,0,0,0,999,0,4,0,33.0,34.6,1062.83980008026
-0.9259775,-0.0009103065,-9.928354e-05,-0.082568415,-0.25566345,-0.2805343,0.13230646,-0.057052106,0.0,-0.054764524,-1.6272266,TSH_32,2025-05,6.79,0,29.059882776000347,0,0,0,999,0,5,1,33.0,34.6,1062.83980008026
-0.92442936,-0.0009103065,-9.928354e-05,-0.08260221,-0.25575528,-0.27856183,0.19271238,-0.057052106,0.0,-0.05077549,-1.6303793,TSH_32,2025-06,7.21,0,29.059882776000347,0,0,0,999,0,6,1,33.0,34.6,1062.83980008026
-0.91189903,-0.0009103065,-9.928354e-05,-0.08270765,-0.2561278,-0.2744189,0.1466979,-0.054868855,0.0,-0.04878612,-1.6392211,TSH_32,2025-07,6.99,0,29.059882776000347,0,0,0,999,0,7,1,33.0,34.6,1062.83980008026
-0.908977,-0.0009103065,-9.928354e-05,-0.086406626,-0.26395556,-0.2668007,-0.006901829,-0.054868855,0.0,-0.06732029,-1.704677,TSH_32,2025-08,5.59,0,29.059882776000347,0,0,0,999,0,8,1,33.0,34.6,1062.83980008026
-0.88785154,-0.0009103065,-9.928354e-05,-0.08618396,-0.27889082,-0.2625097,-0.23099937,-0.063679375,0.0,-0.08301319,-1.6828784,TSH_32,2025-09,4.55,0,29.059882776000347,0,0,0,999,0,9,1,33.0,34.6,1062.83980008026
-0.86472255,-0.0009103065,-9.928354e-05,-0.094788544,-0.28357574,-0.25675175,-0.20516099,-0.009248175,0.0,-0.089543894,-1.6690053,TSH_32,2025-10,5.02,0,29.059882776000347,0,0,0,999,0,10,0,33.0,34.6,1062.83980008026
-0.8888878,-0.0009103065,-9.928354e-05,-0.103705354,-0.29676157,-0.26378658,-0.44242263,-0.009248175,0.0,-0.12156263,-1.6815907,TSH_32,2025-11,3.64,0,29.059882776000347,0,0,0,999,0,11,0,33.0,34.6,1062.83980008026
-0.88884115,-0.0009103065,-9.928354e-05,-0.103705354,-0.29688725,-0.2763763,-0.66083854,-0.009071,0.0,-0.14284608,-1.6619629,TSH_32,2025-12,2.91,0,29.059882776000347,0,0,0,999,0,12,0,33.0,34.6,1062.83980008026
-0.8484601,-0.0060480274,-9.928354e-05,-0.09795615,-0.29028374,-0.29301727,-0.7574032,-0.013983734,0.0,-0.12847425,-1.5547048,TSH_32,2026-01,3.06,0,29.059882776000347,0,0,0,999,0,1,0,33.0,34.6,1062.83980008026
-0.8382539,-0.0060480274,-9.928354e-05,-0.09785506,-0.29018265,-0.2876264,-0.66352385,-0.013983734,0.0,-0.12740323,-1.5470486,TSH_32,2026-02,3.43,0,29.059882776000347,0,0,0,999,0,2,0,33.0,34.6,1062.83980008026
-0.8336776,-0.0060480274,-9.928354e-05,-0.09785506,-0.2813858,-0.2810318,-0.33686343,-0.013983734,0.0,-0.10229157,-1.5480746,TSH_32,2026-03,4.89,0,29.059882776000347,0,0,0,999,0,3,0,33.0,34.6,1062.83980008026
-2.1351717,-0.0009103065,-9.928354e-05,-0.09934188,-0.28405055,-0.3415052,-0.52372205,-0.011762535,0.0,-0.5716233,-0.141012,TSH_33,2024-12,2.72,0,8.46978290162518,0,0,0,999,0,12,0,33.0,73.3,2006.308803586853
-2.0811555,-0.0060480274,-9.928354e-05,-0.10100671,-0.27847114,-0.36215347,-0.61307824,-0.011998327,0.0,-0.46132177,-0.1110158,TSH_33,2025-01,2.95,0,8.46978290162518,0,0,0,999,0,1,0,33.0,73.3,2006.308803586853
-2.0935328,-0.0060480274,-9.928354e-05,-0.10090562,-0.27837005,-0.3567626,-0.5540594,-0.011998327,0.0,-0.47252783,-0.10350697,TSH_33,2025-02,3.09,0,8.46978290162518,0,0,0,999,0,2,0,33.0,73.3,2006.308803586853
-2.1075473,-0.0060480274,-9.928354e-05,-0.10090562,-0.270825,-0.350168,-0.35748345,-0.011998327,0.0,-0.5589097,-0.10453297,TSH_33,2025-03,3.44,0,8.46978290162518,0,0,0,999,0,3,0,33.0,73.3,2006.308803586853
-2.0731046,-0.0009103065,-9.928354e-05,-0.09704402,-0.26147613,-0.34829476,0.032046974,-0.011998327,0.0,-0.6417995,-0.1581179,TSH_33,2025-04,4.62,0,8.46978290162518,0,0,0,999,0,4,0,33.0,73.3,2006.308803586853
-2.0151803,-0.0009103065,-9.928354e-05,-0.09064793,-0.24996723,-0.3553477,0.08012834,-0.090421036,0.0,-0.72461534,-0.25971484,TSH_33,2025-05,4.02,0,8.46978290162518,0,0,0,999,0,5,1,33.0,73.3,2006.308803586853
-2.047539,-0.0009103065,-9.928354e-05,-0.090681724,-0.25005907,-0.35337523,0.10662746,-0.090421036,0.0,-0.72062624,-0.26286757,TSH_33,2025-06,4.01,0,8.46978290162518,0,0,0,999,0,6,1,33.0,73.3,2006.308803586853
-2.1094086,-0.0009103065,-9.928354e-05,-0.090787165,-0.25043157,-0.3492323,0.00080412487,-0.088237785,0.0,-0.7186369,-0.25711825,TSH_33,2025-07,3.45,0,8.46978290162518,0,0,0,999,0,7,1,33.0,73.3,2006.308803586853
-2.1270487,-0.0009103065,-9.928354e-05,-0.09139764,-0.25287437,-0.33821267,-0.10451353,-0.088237785,0.0,-0.7318213,-0.26651338,TSH_33,2025-08,3.02,0,8.46978290162518,0,0,0,999,0,8,1,33.0,73.3,2006.308803586853
-2.1163821,-0.0009103065,-9.928354e-05,-0.091174975,-0.26282865,-0.33392167,-0.29501063,-0.0905471,0.0,-0.7265827,-0.23220523,TSH_33,2025-09,2.62,0,8.46978290162518,0,0,0,999,0,9,1,33.0,73.3,2006.308803586853
-2.1224995,-0.0009103065,-9.928354e-05,-0.09728613,-0.26903546,-0.3244476,-0.21817952,-0.01193971,0.0,-0.67089456,-0.14210185,TSH_33,2025-10,3.48,0,8.46978290162518,0,0,0,999,0,10,0,33.0,73.3,2006.308803586853
-2.1352184,-0.0009103065,-9.928354e-05,-0.09934188,-0.28392488,-0.3289155,-0.34134924,-0.01193971,0.0,-0.6064746,-0.14415252,TSH_33,2025-11,3.17,0,8.46978290162518,0,0,0,999,0,11,0,33.0,73.3,2006.308803586853
-2.1351717,-0.0009103065,-9.928354e-05,-0.09934188,-0.28405055,-0.3415052,-0.52372205,-0.011762535,0.0,-0.5716233,-0.141012,TSH_33,2025-12,2.72,0,8.46978290162518,0,0,0,999,0,12,0,33.0,73.3,2006.308803586853
-2.0811555,-0.0060480274,-9.928354e-05,-0.10100671,-0.27847114,-0.36215347,-0.61307824,-0.011998327,0.0,-0.46132177,-0.1110158,TSH_33,2026-01,2.95,0,8.46978290162518,0,0,0,999,0,1,0,33.0,73.3,2006.308803586853
-2.0935328,-0.0060480274,-9.928354e-05,-0.10090562,-0.27837005,-0.3567626,-0.5540594,-0.011998327,0.0,-0.47252783,-0.10350697,TSH_33,2026-02,3.09,0,8.46978290162518,0,0,0,999,0,2,0,33.0,73.3,2006.308803586853
-2.1075473,-0.0060480274,-9.928354e-05,-0.10090562,-0.270825,-0.350168,-0.35748345,-0.011998327,0.0,-0.5589097,-0.10453297,TSH_33,2026-03,3.44,0,8.46978290162518,0,0,0,999,0,3,0,33.0,73.3,2006.308803586853
-2.3899317,-0.0023521169,-9.928354e-05,-0.10841313,-0.29563752,-0.45662612,-0.3495124,-0.035767607,0.0,-0.87671816,-0.53883857,TSH_34,2024-12,1.08,0,3.526909374731836,0,0,0,999,0,12,0,33.0,73.3,6280.002587728546
-2.5024948,-0.006718998,-9.928354e-05,-0.11329334,-0.29005802,-0.49200305,-0.761558,-0.036003396,0.0,-0.72340375,-0.6983252,TSH_34,2025-01,0.61,0,3.526909374731836,0,0,0,999,0,1,0,33.0,73.3,6280.002587728546
-2.514872,-0.006718998,-9.928354e-05,-0.11319225,-0.28995693,-0.48661217,-0.74019295,-0.036003396,0.0,-0.7325377,-0.72847027,TSH_34,2025-02,0.6,0,3.526909374731836,0,0,0,999,0,2,0,33.0,73.3,6280.002587728546
-2.5295303,-0.006718998,-9.928354e-05,-0.11319225,-0.28241193,-0.48001757,-0.54426026,-0.036003396,0.0,-0.8189196,-0.7294962,TSH_34,2025-03,0.66,0,3.526909374731836,0,0,0,999,0,3,0,33.0,73.3,6280.002587728546
-2.5385242,-0.0023521169,-9.928354e-05,-0.109330654,-0.27306306,-0.47814435,-0.13416897,-0.036003396,0.0,-0.9164254,-0.68830615,TSH_34,2025-04,0.95,0,3.526909374731836,0,0,0,999,0,4,0,33.0,73.3,6280.002587728546
-2.464357,-0.0023521169,-9.928354e-05,-0.102934554,-0.2615541,-0.48674107,-0.04265828,-0.05774328,0.0,-1.0204781,-0.6901258,TSH_34,2025-05,1.0,0,3.526909374731836,0,0,0,999,0,5,1,33.0,73.3,6280.002587728546
-2.4628088,-0.0023521169,-9.928354e-05,-0.10296835,-0.2616459,-0.48476863,0.047791943,-0.05774328,0.0,-1.0208818,-0.6632341,TSH_34,2025-06,1.13,0,3.526909374731836,0,0,0,999,0,6,1,33.0,73.3,6280.002587728546
-2.4604125,-0.0023521169,-9.928354e-05,-0.10307379,-0.26201844,-0.4806257,0.0062344675,-0.05556003,0.0,-1.0188924,-0.6574848,TSH_34,2025-07,1.1,0,3.526909374731836,0,0,0,999,0,7,1,33.0,73.3,6280.002587728546
-2.4648871,-0.0023521169,-9.928354e-05,-0.10368427,-0.26446125,-0.46252948,0.008046169,-0.05556003,0.0,-1.032077,-0.5729159,TSH_34,2025-08,1.19,0,3.526909374731836,0,0,0,999,0,8,1,33.0,73.3,6280.002587728546
-2.44145,-0.0023521169,-9.928354e-05,-0.10024622,-0.27441555,-0.45685044,-0.1431085,-0.057869352,0.0,-1.0268384,-0.5207066,TSH_34,2025-09,1.11,0,3.526909374731836,0,0,0,999,0,9,1,33.0,73.3,6280.002587728546
-2.4666998,-0.0023521169,-9.928354e-05,-0.10635738,-0.2806224,-0.44360614,-0.10133047,-0.035944782,0.0,-0.9668541,-0.5128498,TSH_34,2025-10,1.23,0,3.526909374731836,0,0,0,999,0,10,0,33.0,73.3,6280.002587728546
-2.4228525,-0.0023521169,-9.928354e-05,-0.10841313,-0.29551184,-0.44403642,-0.17483465,-0.035944782,0.0,-0.9115693,-0.51841056,TSH_34,2025-11,1.24,0,3.526909374731836,0,0,0,999,0,11,0,33.0,73.3,6280.002587728546
-2.3899317,-0.0023521169,-9.928354e-05,-0.10841313,-0.29563752,-0.45662612,-0.3495124,-0.035767607,0.0,-0.87671816,-0.53883857,TSH_34,2025-12,1.08,0,3.526909374731836,0,0,0,999,0,12,0,33.0,73.3,6280.002587728546
-2.5024948,-0.006718998,-9.928354e-05,-0.11329334,-0.29005802,-0.49200305,-0.761558,-0.036003396,0.0,-0.72340375,-0.6983252,TSH_34,2026-01,0.61,0,3.526909374731836,0,0,0,999,0,1,0,33.0,73.3,6280.002587728546
-2.514872,-0.006718998,-9.928354e-05,-0.11319225,-0.28995693,-0.48661217,-0.74019295,-0.036003396,0.0,-0.7325377,-0.72847027,TSH_34,2026-02,0.6,0,3.526909374731836,0,0,0,999,0,2,0,33.0,73.3,6280.002587728546
-2.5295303,-0.006718998,-9.928354e-05,-0.11319225,-0.28241193,-0.48001757,-0.54426026,-0.036003396,0.0,-0.8189196,-0.7294962,TSH_34,2026-03,0.66,0,3.526909374731836,0,0,0,999,0,3,0,33.0,73.3,6280.002587728546
-1.680245,-0.0009103065,-9.928354e-05,-0.09725886,-0.27308813,-0.37760398,-0.52739525,-0.027269932,0.0,-0.8641633,0.34562537,TSH_35,2024-12,4.89,0,6.790840294304015,0,0,0,999,0,12,0,33.0,73.3,2627.215370528531
-1.6976902,-0.0060480274,-9.928354e-05,-0.10213907,-0.26750866,-0.40343717,-0.7885609,-0.02750572,0.0,-0.71365273,0.25813374,TSH_35,2025-01,3.86,0,6.790840294304015,0,0,0,999,0,1,0,33.0,73.3,2627.215370528531
-1.7100674,-0.0060480274,-9.928354e-05,-0.10203798,-0.26740757,-0.39804628,-0.72186774,-0.02750572,0.0,-0.7248587,0.27331677,TSH_35,2025-02,4.11,0,6.790840294304015,0,0,0,999,0,2,0,33.0,73.3,2627.215370528531
-1.702114,-0.0060480274,-9.928354e-05,-0.10203798,-0.25986254,-0.3914517,-0.50332385,-0.02750572,0.0,-0.8112407,0.27229074,TSH_35,2025-03,4.75,0,6.790840294304015,0,0,0,999,0,3,0,33.0,73.3,2627.215370528531
-1.6465518,-0.0009103065,-9.928354e-05,-0.09817638,-0.2505137,-0.38957843,0.0042019994,-0.02750572,0.0,-0.90874636,0.33670118,TSH_35,2025-04,7.96,0,6.790840294304015,0,0,0,999,0,4,0,33.0,73.3,2627.215370528531
-1.5788257,-0.0009103065,-9.928354e-05,-0.09178029,-0.23900475,-0.39663136,0.08255561,-0.07355826,0.0,-1.0127993,0.29484755,TSH_35,2025-05,7.71,0,6.790840294304015,0,0,0,999,0,5,1,33.0,73.3,2627.215370528531
-1.5967261,-0.0009103065,-9.928354e-05,-0.091814086,-0.23909655,-0.39465892,0.10797932,-0.07355826,0.0,-1.009782,0.2761611,TSH_35,2025-06,7.66,0,6.790840294304015,0,0,0,999,0,6,1,33.0,73.3,2627.215370528531
-1.6476611,-0.0009103065,-9.928354e-05,-0.09191953,-0.23946907,-0.39051598,0.013090559,-0.07137501,0.0,-1.0077926,0.28191033,TSH_35,2025-07,6.78,0,6.790840294304015,0,0,0,999,0,7,1,33.0,73.3,2627.215370528531
-1.6521358,-0.0009103065,-9.928354e-05,-0.092530005,-0.2419119,-0.37834904,-0.066877715,-0.07137501,0.0,-1.020977,0.28469923,TSH_35,2025-08,6.26,0,6.790840294304015,0,0,0,999,0,8,1,33.0,73.3,2627.215370528531
-1.6355016,-0.0009103065,-9.928354e-05,-0.08909196,-0.25186628,-0.374058,-0.23840153,-0.073684335,0.0,-1.0157385,0.32334268,TSH_35,2025-09,5.61,0,6.790840294304015,0,0,0,999,0,9,1,33.0,73.3,2627.215370528531
-1.6666956,-0.0009103065,-9.928354e-05,-0.09520311,-0.25807306,-0.36458397,-0.19579667,-0.027447106,0.0,-0.9542992,0.3712888,TSH_35,2025-10,6.55,0,6.790840294304015,0,0,0,999,0,10,0,33.0,73.3,2627.215370528531
-1.6802918,-0.0009103065,-9.928354e-05,-0.09725886,-0.27296245,-0.36501428,-0.3198437,-0.027447106,0.0,-0.8990144,0.3676636,TSH_35,2025-11,5.94,0,6.790840294304015,0,0,0,999,0,11,0,33.0,73.3,2627.215370528531
-1.680245,-0.0009103065,-9.928354e-05,-0.09725886,-0.27308813,-0.37760398,-0.52739525,-0.027269932,0.0,-0.8641633,0.34562537,TSH_35,2025-12,4.89,0,6.790840294304015,0,0,0,999,0,12,0,33.0,73.3,2627.215370528531
-1.6976902,-0.0060480274,-9.928354e-05,-0.10213907,-0.26750866,-0.40343717,-0.7885609,-0.02750572,0.0,-0.71365273,0.25813374,TSH_35,2026-01,3.86,0,6.790840294304015,0,0,0,999,0,1,0,33.0,73.3,2627.215370528531
-1.7100674,-0.0060480274,-9.928354e-05,-0.10203798,-0.26740757,-0.39804628,-0.72186774,-0.02750572,0.0,-0.7248587,0.27331677,TSH_35,2026-02,4.11,0,6.790840294304015,0,0,0,999,0,2,0,33.0,73.3,2627.215370528531
-1.702114,-0.0060480274,-9.928354e-05,-0.10203798,-0.25986254,-0.3914517,-0.50332385,-0.02750572,0.0,-0.8112407,0.27229074,TSH_35,2026-03,4.75,0,6.790840294304015,0,0,0,999,0,3,0,33.0,73.3,2627.215370528531
-1.7186848,-0.0009103065,-9.928354e-05,-0.08831903,-0.26720402,-0.31578103,-0.5926059,-0.041109577,0.0,-0.55307347,0.41793337,TSH_36,2024-12,6.75,0,10.93798039294446,0,0,0,999,0,12,0,33.0,27.5,2071.771861523675
-1.6700095,-0.0060480274,-9.928354e-05,-0.092519395,-0.2709664,-0.33738196,-1.0066186,-0.04602232,0.0,-0.6234279,0.31462014,TSH_36,2025-01,3.9,0,10.93798039294446,0,0,0,999,0,1,0,33.0,27.5,2071.771861523675
-1.6823866,-0.0060480274,-9.928354e-05,-0.092418306,-0.27086532,-0.33199108,-0.9276484,-0.04602232,0.0,-0.6223569,0.32995057,TSH_36,2025-02,4.24,0,10.93798039294446,0,0,0,999,0,2,0,33.0,27.5,2071.771861523675
-1.6964011,-0.0060480274,-9.928354e-05,-0.092418306,-0.26206845,-0.32539648,-0.6195791,-0.04602232,0.0,-0.5972452,0.32892454,TSH_36,2025-03,5.83,1,10.93798039294446,0,0,0,999,0,3,0,33.0,27.5,2071.771861523675
-1.6416093,-0.0009103065,-9.928354e-05,-0.08707963,-0.2479134,-0.32000363,0.061197422,-0.04602232,0.0,-0.5126695,0.39157945,TSH_36,2025-04,13.36,1,10.93798039294446,0,0,0,999,0,4,0,33.0,27.5,2071.771861523675
-1.5922211,-0.0009103065,-9.928354e-05,-0.080683544,-0.2348243,-0.3270566,0.16752365,-0.033851624,0.0,-0.48706853,0.3475358,TSH_36,2025-05,15.34,1,10.93798039294446,0,0,0,999,0,5,1,33.0,27.5,2071.771861523675
-1.5947192,0.011045638,0.00044331595,0.32390758,0.8206218,-0.2337061,0.1275204,-0.16593245,0.0,-0.51686037,0.25617084,TSH_36,2025-06,39.22,0,10.93798039294446,1,1,1,0,0,6,1,33.0,27.5,2071.771861523675
-1.6567167,-0.0009103065,-0.00034592953,0.3240761,0.82202727,-0.2333496,0.02492559,-0.1637492,0.0,-0.522838,0.26533225,TSH_36,2025-07,35.25,0,10.93798039294446,0,0,1,1,0,7,1,33.0,27.5,2071.771861523675
-1.6839225,-0.0009103065,-0.00034592953,0.32636,0.82530636,-0.22526784,-0.07206213,-0.16366692,0.0,-0.5340871,0.24987136,TSH_36,2025-08,32.19,0,10.93798039294446,0,0,1,2,0,8,1,33.0,27.5,2071.771861523675
-1.6763278,-0.0009103065,-0.00034592953,0.32586676,0.8455283,-0.22285733,-0.21636994,-0.17247744,0.0,-0.5280329,0.2942968,TSH_36,2025-09,30.62,0,10.93798039294446,0,0,1,3,0,9,1,33.0,27.5,2071.771861523675
-1.6832964,-0.0009103065,-0.00034592953,0.36930996,0.88756603,-0.203021,-0.16328439,-0.014222857,0.0,-0.5417062,0.36296925,TSH_36,2025-10,38.86,0,10.93798039294446,0,0,1,4,0,10,0,33.0,27.5,2071.771861523675
-1.7010527,-0.0009103065,-0.00034592953,0.36893666,1.2382576,-0.20887119,-0.29704684,-0.014222857,0.0,-0.5092702,0.3745592,TSH_36,2025-11,44.61,0,10.93798039294446,0,0,1,5,0,11,0,33.0,27.5,2071.771861523675
-1.7000165,-0.0009103065,-0.00034592953,0.36893666,1.2886674,-0.22822449,-0.55977046,-0.014045678,0.0,-0.53055364,0.35537273,TSH_36,2025-12,38.05,0,10.93798039294446,0,0,1,6,0,12,0,33.0,27.5,2071.771861523675
-1.6518096,-0.0060480274,-0.00034592953,0.38238838,0.9511809,-0.242489,-0.92950296,-0.024619637,0.0,-0.5898662,0.2649248,TSH_36,2026-01,21.21,0,10.93798039294446,0,0,1,7,0,1,0,33.0,27.5,2071.771861523675
-1.6703721,-0.0060480274,-0.00034592953,0.36387947,0.009853511,-0.24480334,-0.88566124,-0.03992951,0.0,-0.60945195,0.2914876,TSH_36,2026-02,9.47,0,10.93798039294446,0,0,1,8,0,2,0,33.0,27.5,2071.771861523675
-1.6843866,-0.0060480274,-0.00034592953,0.36387947,0.0005363072,-0.23925799,-0.595706,-0.03992951,0.0,-0.5843403,0.2904616,TSH_36,2026-03,12.33,0,10.93798039294446,0,0,1,9,0,3,0,33.0,27.5,2071.771861523675
-0.8868378,-0.0009103065,-0.00034592953,0.41172317,1.0729477,-0.18810683,-0.61989415,0.02685728,0.0,-0.213512,-1.468318,TSH_37,2024-12,20.87,0,30.96889507172832,0,0,1,3,0,12,0,33.0,34.6,1409.0589896388158
-0.85151404,-0.0060480274,-0.00034592953,0.43630683,1.1291053,-0.19319631,-0.6104935,0.019043416,0.0,-0.17499872,-1.3484559,TSH_37,2025-01,25.6,0,30.96889507172832,0,0,1,4,0,1,0,33.0,34.6,1409.0589896388158
-0.8420174,-0.0060480274,-0.00034592953,0.44014603,1.4057813,-0.18780544,-0.5392426,0.019043416,0.0,-0.12651338,-1.3353125,TSH_37,2025-02,34.55,0,30.96889507172832,0,0,1,5,0,2,0,33.0,34.6,1409.0589896388158
-0.83645165,-0.0060480274,-0.00034592953,0.44014603,1.4290417,-0.18639101,-0.2476918,0.019043416,0.0,-0.1040414,-1.3298826,TSH_37,2025-03,42.82,0,30.96889507172832,0,0,1,6,0,3,0,33.0,34.6,1409.0589896388158
-0.8833074,-0.0009103065,-0.00034592953,0.40239185,0.97297436,-0.18777438,0.061090954,0.0133822,0.0,-0.101064816,-1.426126,TSH_37,2025-04,35.07,0,30.96889507172832,0,0,1,7,0,4,0,33.0,34.6,1409.0589896388158
-0.93153656,-0.0009103065,-0.00034592953,0.31764108,0.07404625,-0.20344426,0.12349209,-0.1288853,0.0,-0.075912446,-1.489575,TSH_37,2025-05,14.41,0,30.96889507172832,0,0,1,8,0,5,1,33.0,34.6,1409.0589896388158
-0.9299884,-0.0009103065,-0.00034592953,0.31782913,0.07443196,-0.20287049,0.18459737,-0.1288853,0.0,-0.07192339,-1.4927278,TSH_37,2025-06,15.22,0,30.96889507172832,0,0,1,9,0,6,1,33.0,34.6,1409.0589896388158
-0.91745806,-0.0009103065,-0.00034592953,0.31799763,0.07536974,-0.20189595,0.14016706,-0.12670206,0.0,-0.069934025,-1.5015695,TSH_37,2025-07,14.78,0,30.96889507172832,0,0,1,10,0,7,1,33.0,34.6,1409.0589896388158
-0.9109103,-0.0009103065,-0.00034592953,0.33093062,0.069160275,-0.19721562,0.0048176437,-0.12670206,0.0,-0.08444387,-1.5670254,TSH_37,2025-08,12.47,0,30.96889507172832,0,0,1,11,0,8,1,33.0,34.6,1409.0589896388158
-0.8883531,-0.0009103065,-0.00034592953,0.3304374,0.056856852,-0.19480513,-0.21736395,-0.13551258,0.0,-0.10013676,-1.5486097,TSH_37,2025-09,10.29,0,30.96889507172832,0,0,1,12,0,9,1,33.0,34.6,1409.0589896388158
-0.87780064,-0.0009103065,-0.00034592953,0.38673684,0.045526795,-0.18329763,-0.21715578,0.0028078933,0.0,-0.10925339,-1.5238291,TSH_37,2025-10,12.52,0,30.96889507172832,0,0,1,13,0,10,0,33.0,34.6,1409.0589896388158
-0.901966,-0.0009103065,-0.00034592953,0.37782004,0.042259045,-0.18983884,-0.4444994,0.0028078933,0.0,-0.14127216,-1.5364145,TSH_37,2025-11,9.46,0,30.96889507172832,0,0,1,14,0,11,0,33.0,34.6,1409.0589896388158
-0.90191936,-0.0009103065,-0.00034592953,0.37782004,0.043046616,-0.20425512,-0.66200197,0.0029850681,0.0,-0.16255559,-1.5167867,TSH_37,2025-12,7.65,0,30.96889507172832,0,0,1,15,0,12,0,33.0,34.6,1409.0589896388158
-0.8665956,-0.0060480274,-0.00034592953,0.40445936,0.067396134,-0.21005364,-0.71693534,-0.0019276692,0.0,-0.15085848,-1.3999077,TSH_37,2026-01,8.73,0,30.96889507172832,0,0,1,16,0,1,0,33.0,34.6,1409.0589896388158
-0.85638946,-0.0060480274,-0.00034592953,0.40456045,0.06749722,-0.20466277,-0.623056,-0.0019276692,0.0,-0.14978744,-1.3922515,TSH_37,2026-02,9.72,0,30.96889507172832,0,0,1,17,0,2,0,33.0,34.6,1409.0589896388158
-0.85181314,-0.0060480274,-0.00034592953,0.40456045,0.05818009,-0.19911742,-0.31450954,-0.0019276692,0.0,-0.12467581,-1.3932775,TSH_37,2026-03,13.06,0,30.96889507172832,0,0,1,18,0,3,0,33.0,34.6,1409.0589896388158
-2.3647883,-0.0023521169,-9.928354e-05,-0.10198718,-0.28568295,-0.45955032,-0.46040532,-0.0581161,0.0,-0.4895977,-0.61227477,TSH_38,2024-12,1.34,0,1.7626651486901386,0,0,0,999,0,12,0,33.0,38.1,5311.275375789346
-2.4800897,-0.006718998,-9.928354e-05,-0.10940292,-0.2853385,-0.49432144,-0.9345682,-0.05835189,0.0,-0.42952633,-0.7553439,TSH_38,2025-01,0.66,0,1.7626651486901386,0,0,0,999,0,1,0,33.0,38.1,5311.275375789346
-2.492467,-0.006718998,-9.928354e-05,-0.10930183,-0.2852374,-0.48893055,-0.87175536,-0.05835189,0.0,-0.41726652,-0.76735973,TSH_38,2025-02,0.69,0,1.7626651486901386,0,0,0,999,0,2,0,33.0,38.1,5311.275375789346
-2.507125,-0.006718998,-9.928354e-05,-0.10930183,-0.27644056,-0.48233595,-0.564329,-0.05835189,0.0,-0.39215484,-0.76838577,TSH_38,2025-03,0.96,0,1.7626651486901386,0,0,0,999,0,3,0,33.0,38.1,5311.275375789346
-2.5281773,-0.0023521169,-9.928354e-05,-0.10396316,-0.2663923,-0.47850156,-0.08897141,-0.05835189,0.0,-0.42439434,-0.7201203,TSH_38,2025-04,1.57,0,1.7626651486901386,0,0,0,999,0,4,0,33.0,38.1,5311.275375789346
-2.4462476,-0.0023521169,-9.928354e-05,-0.09756707,-0.2533031,-0.48709828,0.05574318,-0.017679846,0.0,-0.42443353,-0.70090824,TSH_38,2025-05,2.1,0,1.7626651486901386,0,0,0,999,0,5,1,33.0,38.1,5311.275375789346
-2.4446995,-0.0023521169,-9.928354e-05,-0.09760086,-0.25339493,-0.48512584,0.109055445,-0.017679846,0.0,-0.44158834,-0.69440335,TSH_38,2025-06,2.2,0,1.7626651486901386,0,0,0,999,0,6,1,33.0,38.1,5311.275375789346
-2.4423032,-0.0023521169,-9.928354e-05,-0.0977063,-0.25376746,-0.48098287,0.067498006,-0.015496595,0.0,-0.43959895,-0.688654,TSH_38,2025-07,2.15,0,1.7626651486901386,0,0,0,999,0,7,1,33.0,38.1,5311.275375789346
-2.4467776,-0.0023521169,-9.928354e-05,-0.09831678,-0.25621027,-0.46288666,0.019078784,-0.015496595,0.0,-0.45487252,-0.6476545,TSH_38,2025-08,2.12,0,1.7626651486901386,0,0,0,999,0,8,1,33.0,38.1,5311.275375789346
-2.42334,-0.0023521169,-9.928354e-05,-0.09487873,-0.26616457,-0.45720762,-0.14117678,-0.017805913,0.0,-0.45873487,-0.59544516,TSH_38,2025-09,1.94,0,1.7626651486901386,0,0,0,999,0,9,1,33.0,38.1,5311.275375789346
-2.4495802,-0.0023521169,-9.928354e-05,-0.099931434,-0.2723714,-0.44396335,-0.08257925,-0.058293276,0.0,-0.45008954,-0.5826817,TSH_38,2025-10,1.97,0,1.7626651486901386,0,0,0,999,0,10,0,33.0,38.1,5311.275375789346
-2.3977087,-0.0023521169,-9.928354e-05,-0.10198718,-0.28555727,-0.44696063,-0.2401704,-0.058293276,0.0,-0.47889158,-0.58824265,TSH_38,2025-11,1.68,0,1.7626651486901386,0,0,0,999,0,11,0,33.0,38.1,5311.275375789346
-2.3647883,-0.0023521169,-9.928354e-05,-0.10198718,-0.28568295,-0.45955032,-0.46040532,-0.0581161,0.0,-0.4895977,-0.61227477,TSH_38,2025-12,1.34,0,1.7626651486901386,0,0,0,999,0,12,0,33.0,38.1,5311.275375789346
-2.4800897,-0.006718998,-9.928354e-05,-0.10940292,-0.2853385,-0.49432144,-0.9345682,-0.05835189,0.0,-0.42952633,-0.7553439,TSH_38,2026-01,0.66,0,1.7626651486901386,0,0,0,999,0,1,0,33.0,38.1,5311.275375789346
-2.492467,-0.006718998,-9.928354e-05,-0.10930183,-0.2852374,-0.48893055,-0.87175536,-0.05835189,0.0,-0.41726652,-0.76735973,TSH_38,2026-02,0.69,0,1.7626651486901386,0,0,0,999,0,2,0,33.0,38.1,5311.275375789346
-2.507125,-0.006718998,-9.928354e-05,-0.10930183,-0.27644056,-0.48233595,-0.564329,-0.05835189,0.0,-0.39215484,-0.76838577,TSH_38,2026-03,0.96,0,1.7626651486901386,0,0,0,999,0,3,0,33.0,38.1,5311.275375789346
-1.332103,-0.002403729,-9.928354e-05,-0.102365226,-0.27029204,-0.46100563,-0.55357826,-0.07225543,0.0,-0.16848035,-0.75944126,TSH_39,2024-12,3.96,0,6.298461512874639,0,0,0,999,0,12,0,33.0,34.6,4947.081114381364
-1.3960315,-0.0075414497,-9.928354e-05,-0.10978096,-0.27405444,-0.49577674,-1.0244774,-0.07716817,0.0,-0.16780692,-0.91873366,TSH_39,2025-01,1.91,0,6.298461512874639,0,0,0,999,0,1,0,33.0,34.6,4947.081114381364
-1.4084086,-0.0075414497,-9.928354e-05,-0.10967987,-0.27395335,-0.49038586,-0.97285324,-0.07716817,0.0,-0.1667359,-0.9307496,TSH_39,2025-02,1.98,0,6.298461512874639,0,0,0,999,0,2,0,33.0,34.6,4947.081114381364
-1.4004552,-0.0075414497,-9.928354e-05,-0.10967987,-0.26515648,-0.48379126,-0.642816,-0.07716817,0.0,-0.14162424,-0.9317755,TSH_39,2025-03,2.86,0,6.298461512874639,0,0,0,999,0,3,0,33.0,34.6,4947.081114381364
-1.3360046,-0.002403729,-9.928354e-05,-0.1043412,-0.2510014,-0.47995687,-0.026492704,-0.07716817,0.0,-0.10711243,-0.88350993,TSH_39,2025-04,6.1,0,6.298461512874639,0,0,0,999,0,4,0,33.0,34.6,4947.081114381364
-1.2515103,-0.002403729,-9.928354e-05,-0.09794511,-0.23791231,-0.48855358,0.10702457,0.00051181763,0.0,-0.085093535,-0.8559327,TSH_39,2025-05,8.48,0,6.298461512874639,0,0,0,999,0,5,1,33.0,34.6,4947.081114381364
-1.2694107,-0.002403729,-9.928354e-05,-0.097978905,-0.23800412,-0.48658115,0.15763964,0.00051181763,0.0,-0.08549716,-0.8494279,TSH_39,2025-06,8.81,0,6.298461512874639,0,0,0,999,0,6,1,33.0,34.6,4947.081114381364
-1.3203456,-0.002403729,-9.928354e-05,-0.098084345,-0.23837663,-0.48243818,0.06275092,0.0026950687,0.0,-0.08350778,-0.8436786,TSH_39,2025-07,7.8,0,6.298461512874639,0,0,0,999,0,7,1,33.0,34.6,4947.081114381364
-1.3248203,-0.002403729,-9.928354e-05,-0.09869482,-0.24081945,-0.46434197,0.014331689,0.0026950687,0.0,-0.098781295,-0.802679,TSH_39,2025-08,7.71,0,6.298461512874639,0,0,0,999,0,8,1,33.0,34.6,4947.081114381364
-1.308186,-0.002403729,-9.928354e-05,-0.095256776,-0.25077373,-0.45866293,-0.16624367,-0.006115456,0.0,-0.11616021,-0.7504698,TSH_39,2025-09,6.78,0,6.298461512874639,0,0,0,999,0,9,1,33.0,34.6,4947.081114381364
-1.3493757,-0.002403729,-9.928354e-05,-0.100309476,-0.2569805,-0.44541866,-0.097655885,-0.07243261,0.0,-0.118394844,-0.74607146,TSH_39,2025-10,6.56,0,6.298461512874639,0,0,0,999,0,10,0,33.0,34.6,4947.081114381364
-1.3321496,-0.002403729,-9.928354e-05,-0.102365226,-0.27016637,-0.44841594,-0.28989208,-0.07243261,0.0,-0.14719693,-0.7337989,TSH_39,2025-11,5.39,0,6.298461512874639,0,0,0,999,0,11,0,33.0,34.6,4947.081114381364
-1.332103,-0.002403729,-9.928354e-05,-0.102365226,-0.27029204,-0.46100563,-0.55357826,-0.07225543,0.0,-0.16848035,-0.75944126,TSH_39,2025-12,3.96,0,6.298461512874639,0,0,0,999,0,12,0,33.0,34.6,4947.081114381364
-1.3960315,-0.0075414497,-9.928354e-05,-0.10978096,-0.27405444,-0.49577674,-1.0244774,-0.07716817,0.0,-0.16780692,-0.91873366,TSH_39,2026-01,1.91,0,6.298461512874639,0,0,0,999,0,1,0,33.0,34.6,4947.081114381364
-1.4084086,-0.0075414497,-9.928354e-05,-0.10967987,-0.27395335,-0.49038586,-0.97285324,-0.07716817,0.0,-0.1667359,-0.9307496,TSH_39,2026-02,1.98,0,6.298461512874639,0,0,0,999,0,2,0,33.0,34.6,4947.081114381364
-1.4004552,-0.0075414497,-9.928354e-05,-0.10967987,-0.26515648,-0.48379126,-0.642816,-0.07716817,0.0,-0.14162424,-0.9317755,TSH_39,2026-03,2.86,0,6.298461512874639,0,0,0,999,0,3,0,33.0,34.6,4947.081114381364
-0.8840778,-0.0009103065,-9.928354e-05,-0.103705354,-0.30227715,-0.2763763,-0.66083854,-0.008444466,0.0,-0.14284608,-1.6619629,TSH_4,2024-12,2.91,0,34.613820316966574,0,0,0,999,0,12,0,33.0,34.6,1085.8957392107357
-0.8436967,-0.0060480274,-9.928354e-05,-0.09795615,-0.29567367,-0.29301727,-0.7574032,-0.0133572,0.0,-0.12847425,-1.5547048,TSH_4,2025-01,3.06,0,34.613820316966574,0,0,0,999,0,1,0,33.0,34.6,1085.8957392107357
-0.83349055,-0.0060480274,-9.928354e-05,-0.09785506,-0.29557258,-0.2876264,-0.66352385,-0.0133572,0.0,-0.12740323,-1.5470486,TSH_4,2025-02,3.43,0,34.613820316966574,0,0,0,999,0,2,0,33.0,34.6,1085.8957392107357
-0.82891417,-0.0060480274,-9.928354e-05,-0.09785506,-0.28677574,-0.2810318,-0.33686343,-0.0133572,0.0,-0.10229157,-1.5480746,TSH_4,2025-03,4.89,0,34.613820316966574,0,0,0,999,0,3,0,33.0,34.6,1085.8957392107357
-0.85599047,-0.0009103065,-9.928354e-05,-0.09251639,-0.27262065,-0.2771974,0.08137437,-0.0133572,0.0,-0.06728847,-1.6103698,TSH_4,2025-04,7.07,0,34.613820316966574,0,0,0,999,0,4,0,33.0,34.6,1085.8957392107357
-0.92199534,-0.0009103065,-9.928354e-05,-0.082568415,-0.25949106,-0.2805343,0.13230646,-0.05720672,0.0,-0.054764524,-1.6272266,TSH_4,2025-05,6.79,0,34.613820316966574,0,0,0,999,0,5,1,33.0,34.6,1085.8957392107357
-0.9204472,-0.0009103065,-9.928354e-05,-0.08260221,-0.25958288,-0.27856183,0.19271238,-0.05720672,0.0,-0.05077549,-1.6303793,TSH_4,2025-06,7.21,0,34.613820316966574,0,0,0,999,0,6,1,33.0,34.6,1085.8957392107357
-0.90791684,-0.0009103065,-9.928354e-05,-0.08270765,-0.2599554,-0.2744189,0.1466979,-0.05502347,0.0,-0.04878612,-1.6392211,TSH_4,2025-07,6.99,0,34.613820316966574,0,0,0,999,0,7,1,33.0,34.6,1085.8957392107357
-0.9049948,-0.0009103065,-9.928354e-05,-0.086406626,-0.26778316,-0.2668007,-0.006901829,-0.05502347,0.0,-0.06732029,-1.704677,TSH_4,2025-08,5.59,0,34.613820316966574,0,0,0,999,0,8,1,33.0,34.6,1085.8957392107357
-0.88386935,-0.0009103065,-9.928354e-05,-0.08618396,-0.2827184,-0.2625097,-0.23099937,-0.06383399,0.0,-0.08301319,-1.6828784,TSH_4,2025-09,4.55,0,34.613820316966574,0,0,0,999,0,9,1,33.0,34.6,1085.8957392107357
-0.8599592,-0.0009103065,-9.928354e-05,-0.094788544,-0.2889656,-0.25675175,-0.20516099,-0.0086216405,0.0,-0.089543894,-1.6690053,TSH_4,2025-10,5.02,0,34.613820316966574,0,0,0,999,0,10,0,33.0,34.6,1085.8957392107357
-0.88412446,-0.0009103065,-9.928354e-05,-0.103705354,-0.30215147,-0.26378658,-0.44242263,-0.0086216405,0.0,-0.12156263,-1.6815907,TSH_4,2025-11,3.64,0,34.613820316966574,0,0,0,999,0,11,0,33.0,34.6,1085.8957392107357
-0.8840778,-0.0009103065,-9.928354e-05,-0.103705354,-0.30227715,-0.2763763,-0.66083854,-0.008444466,0.0,-0.14284608,-1.6619629,TSH_4,2025-12,2.91,0,34.613820316966574,0,0,0,999,0,12,0,33.0,34.6,1085.8957392107357
-0.8436967,-0.0060480274,-9.928354e-05,-0.09795615,-0.29567367,-0.29301727,-0.7574032,-0.0133572,0.0,-0.12847425,-1.5547048,TSH_4,2026-01,3.06,0,34.613820316966574,0,0,0,999,0,1,0,33.0,34.6,1085.8957392107357
-0.83349055,-0.0060480274,-9.928354e-05,-0.09785506,-0.29557258,-0.2876264,-0.66352385,-0.0133572,0.0,-0.12740323,-1.5470486,TSH_4,2026-02,3.43,0,34.613820316966574,0,0,0,999,0,2,0,33.0,34.6,1085.8957392107357
-0.82891417,-0.0060480274,-9.928354e-05,-0.09785506,-0.28677574,-0.2810318,-0.33686343,-0.0133572,0.0,-0.10229157,-1.5480746,TSH_4,2026-03,4.89,0,34.613820316966574,0,0,0,999,0,3,0,33.0,34.6,1085.8957392107357
-2.3376625,-0.0023521169,-9.928354e-05,-0.101768255,-0.274747,-0.45955032,-0.39044937,-0.040666357,0.0,-0.50810295,-0.5005754,TSH_40,2024-12,1.66,0,3.12568403373796,0,0,0,999,0,12,0,33.0,38.1,19912.76127982997
-2.4529638,-0.006718998,-9.928354e-05,-0.10530852,-0.2823111,-0.49432144,-0.92152184,-0.04090216,0.0,-0.44733045,-0.70055413,TSH_40,2025-01,0.73,0,3.12568403373796,0,0,0,999,0,1,0,33.0,38.1,19912.76127982997
-2.465341,-0.006718998,-9.928354e-05,-0.10520743,-0.28221002,-0.48893055,-0.879464,-0.04090216,0.0,-0.43577173,-0.733325,TSH_40,2025-02,0.74,0,3.12568403373796,0,0,0,999,0,2,0,33.0,38.1,19912.76127982997
-2.4799988,-0.006718998,-9.928354e-05,-0.10520743,-0.27341318,-0.48233595,-0.5720377,-0.04090216,0.0,-0.41066006,-0.7343509,TSH_40,2025-03,1.02,0,3.12568403373796,0,0,0,999,0,3,0,33.0,38.1,19912.76127982997
-2.5010512,-0.0023521169,-9.928354e-05,-0.10374423,-0.2633649,-0.47850156,-0.12152794,-0.04090216,0.0,-0.44289955,-0.7109333,TSH_40,2025-04,1.58,0,3.12568403373796,0,0,0,999,0,4,0,33.0,38.1,19912.76127982997
-2.4274738,-0.0023521169,-9.928354e-05,-0.09734814,-0.25027573,-0.48709828,0.023186674,-0.026814442,0.0,-0.44293875,-0.71830565,TSH_40,2025-05,1.99,0,3.12568403373796,0,0,0,999,0,5,1,33.0,38.1,19912.76127982997
-2.4259255,-0.0023521169,-9.928354e-05,-0.097381935,-0.25036755,-0.48512584,0.09688568,-0.026814442,0.0,-0.46009356,-0.691414,TSH_40,2025-06,2.17,0,3.12568403373796,0,0,0,999,0,6,1,33.0,38.1,19912.76127982997
-2.4235294,-0.0023521169,-9.928354e-05,-0.097487375,-0.25074008,-0.48098287,0.055328272,-0.024631187,0.0,-0.45810416,-0.68566465,TSH_40,2025-07,2.12,0,3.12568403373796,0,0,0,999,0,7,1,33.0,38.1,19912.76127982997
-2.428004,-0.0023521169,-9.928354e-05,-0.09809785,-0.2531829,-0.46288666,0.038580988,-0.024631187,0.0,-0.47337773,-0.61299324,TSH_40,2025-08,2.22,0,3.12568403373796,0,0,0,999,0,8,1,33.0,38.1,19912.76127982997
-2.404567,-0.0023521169,-9.928354e-05,-0.094659805,-0.2631372,-0.45720762,-0.121674515,-0.026940506,0.0,-0.4772401,-0.5607839,TSH_40,2025-09,2.03,0,3.12568403373796,0,0,0,999,0,9,1,33.0,38.1,19912.76127982997
-2.4224539,-0.0023521169,-9.928354e-05,-0.099712506,-0.26934403,-0.44396335,-0.08042575,-0.04084353,0.0,-0.46859476,-0.5387848,TSH_40,2025-10,2.12,0,3.12568403373796,0,0,0,999,0,10,0,33.0,38.1,19912.76127982997
-2.370583,-0.0023521169,-9.928354e-05,-0.101768255,-0.27462134,-0.44696063,-0.19176461,-0.04084353,0.0,-0.4973968,-0.49809352,TSH_40,2025-11,2.0,0,3.12568403373796,0,0,0,999,0,11,0,33.0,38.1,19912.76127982997
-2.3376625,-0.0023521169,-9.928354e-05,-0.101768255,-0.274747,-0.45955032,-0.39044937,-0.040666357,0.0,-0.50810295,-0.5005754,TSH_40,2025-12,1.66,0,3.12568403373796,0,0,0,999,0,12,0,33.0,38.1,19912.76127982997
-2.4529638,-0.006718998,-9.928354e-05,-0.10530852,-0.2823111,-0.49432144,-0.92152184,-0.04090216,0.0,-0.44733045,-0.70055413,TSH_40,2026-01,0.73,0,3.12568403373796,0,0,0,999,0,1,0,33.0,38.1,19912.76127982997
-2.465341,-0.006718998,-9.928354e-05,-0.10520743,-0.28221002,-0.48893055,-0.879464,-0.04090216,0.0,-0.43577173,-0.733325,TSH_40,2026-02,0.74,0,3.12568403373796,0,0,0,999,0,2,0,33.0,38.1,19912.76127982997
-2.4799988,-0.006718998,-9.928354e-05,-0.10520743,-0.27341318,-0.48233595,-0.5720377,-0.04090216,0.0,-0.41066006,-0.7343509,TSH_40,2026-03,1.02,0,3.12568403373796,0,0,0,999,0,3,0,33.0,38.1,19912.76127982997
-1.1191909,-0.0009103065,-9.928354e-05,-0.10037766,-0.29308856,-0.27799168,-0.6283822,-0.011716876,0.0,-0.8130838,-1.7935574,TSH_41,2024-12,1.09,0,16.324508957941845,0,0,0,999,0,12,0,33.0,31.9,1128.1196909166845
-1.1468948,-0.0060480274,-9.928354e-05,-0.09771694,-0.29146594,-0.2961911,-0.82077485,-0.01662961,0.0,-0.8298042,-1.6610239,TSH_41,2025-01,0.96,0,16.324508957941845,0,0,0,999,0,1,0,33.0,31.9,1128.1196909166845
-1.159272,-0.0060480274,-9.928354e-05,-0.09761585,-0.29136485,-0.2908002,-0.74947894,-0.01662961,0.0,-0.82873315,-1.6533676,TSH_41,2025-02,1.04,0,16.324508957941845,0,0,0,999,0,2,0,33.0,31.9,1128.1196909166845
-1.1546954,-0.0060480274,-9.928354e-05,-0.09761585,-0.282568,-0.28420562,-0.42281854,-0.01662961,0.0,-0.8036215,-1.6543937,TSH_41,2025-03,1.49,0,16.324508957941845,0,0,0,999,0,3,0,33.0,31.9,1128.1196909166845
-1.1728382,-0.0009103065,-9.928354e-05,-0.09227719,-0.26841292,-0.27881277,0.05441684,-0.01662961,0.0,-0.7185546,-1.7307235,TSH_41,2025-04,2.43,0,16.324508957941845,0,0,0,999,0,4,0,33.0,31.9,1128.1196909166845
-1.2341772,-0.0009103065,-9.928354e-05,-0.082329206,-0.25684565,-0.28214964,0.10923386,-0.05340085,0.0,-0.69973344,-1.7569077,TSH_41,2025-05,2.36,0,16.324508957941845,0,0,0,999,0,5,1,33.0,31.9,1128.1196909166845
-1.232629,-0.0009103065,-9.928354e-05,-0.082363,-0.25693747,-0.28017718,0.16030934,-0.05340085,0.0,-0.7050748,-1.7600604,TSH_41,2025-06,2.47,0,16.324508957941845,0,0,0,999,0,6,1,33.0,31.9,1128.1196909166845
-1.2200984,-0.0009103065,-9.928354e-05,-0.08246844,-0.25731,-0.27603424,0.10632786,-0.05121761,0.0,-0.7110524,-1.7689022,TSH_41,2025-07,2.35,0,16.324508957941845,0,0,0,999,0,7,1,33.0,31.9,1128.1196909166845
-1.1834787,-0.0009103065,-9.928354e-05,-0.08307893,-0.26513776,-0.26841608,-0.013573866,-0.05121761,0.0,-0.7295866,-1.8343583,TSH_41,2025-08,1.99,0,16.324508957941845,0,0,0,999,0,8,1,33.0,31.9,1128.1196909166845
-1.1424519,-0.0009103065,-9.928354e-05,-0.08285626,-0.2750921,-0.26412505,-0.21777023,-0.06002813,0.0,-0.7452795,-1.8125597,TSH_41,2025-09,1.68,0,16.324508957941845,0,0,0,999,0,9,1,33.0,31.9,1128.1196909166845
-1.0811931,-0.0009103065,-9.928354e-05,-0.09146085,-0.27977702,-0.25836715,-0.15882544,-0.011894051,0.0,-0.7597818,-1.8005998,TSH_41,2025-10,1.97,0,16.324508957941845,0,0,0,999,0,10,0,33.0,31.9,1128.1196909166845
-1.1192375,-0.0009103065,-9.928354e-05,-0.10037766,-0.29296288,-0.265402,-0.40996623,-0.011894051,0.0,-0.7918005,-1.8131852,TSH_41,2025-11,1.38,0,16.324508957941845,0,0,0,999,0,11,0,33.0,31.9,1128.1196909166845
-1.1191909,-0.0009103065,-9.928354e-05,-0.10037766,-0.29308856,-0.27799168,-0.6283822,-0.011716876,0.0,-0.8130838,-1.7935574,TSH_41,2025-12,1.09,0,16.324508957941845,0,0,0,999,0,12,0,33.0,31.9,1128.1196909166845
-1.1468948,-0.0060480274,-9.928354e-05,-0.09771694,-0.29146594,-0.2961911,-0.82077485,-0.01662961,0.0,-0.8298042,-1.6610239,TSH_41,2026-01,0.96,0,16.324508957941845,0,0,0,999,0,1,0,33.0,31.9,1128.1196909166845
-1.159272,-0.0060480274,-9.928354e-05,-0.09761585,-0.29136485,-0.2908002,-0.74947894,-0.01662961,0.0,-0.82873315,-1.6533676,TSH_41,2026-02,1.04,0,16.324508957941845,0,0,0,999,0,2,0,33.0,31.9,1128.1196909166845
-1.1546954,-0.0060480274,-9.928354e-05,-0.09761585,-0.282568,-0.28420562,-0.42281854,-0.01662961,0.0,-0.8036215,-1.6543937,TSH_41,2026-03,1.49,0,16.324508957941845,0,0,0,999,0,3,0,33.0,31.9,1128.1196909166845
-1.1191909,-0.0009103065,-9.928354e-05,-0.10037766,-0.29308856,-0.27799168,-0.6289554,-0.011716876,0.0,-0.81667995,-1.7893882,TSH_42,2024-12,1.09,0,15.56683061725637,0,0,0,999,0,12,0,33.0,31.9,1310.0932682721264
-1.1468948,-0.0060480274,-9.928354e-05,-0.09771694,-0.29146594,-0.2961911,-0.8183529,-0.01662961,0.0,-0.8393911,-1.6538589,TSH_42,2025-01,0.96,0,15.56683061725637,0,0,0,999,0,1,0,33.0,31.9,1310.0932682721264
-1.159272,-0.0060480274,-9.928354e-05,-0.09761585,-0.29136485,-0.2908002,-0.7470569,-0.01662961,0.0,-0.8383201,-1.6462027,TSH_42,2025-02,1.04,0,15.56683061725637,0,0,0,999,0,2,0,33.0,31.9,1310.0932682721264
-1.1546954,-0.0060480274,-9.928354e-05,-0.09761585,-0.282568,-0.28420562,-0.42039645,-0.01662961,0.0,-0.8132084,-1.6472287,TSH_42,2025-03,1.49,0,15.56683061725637,0,0,0,999,0,3,0,33.0,31.9,1310.0932682721264
-1.1728382,-0.0009103065,-9.928354e-05,-0.09227719,-0.26841292,-0.27881277,0.05683892,-0.01662961,0.0,-0.72814155,-1.7235585,TSH_42,2025-04,2.43,0,15.56683061725637,0,0,0,999,0,4,0,33.0,31.9,1310.0932682721264
-1.2341772,-0.0009103065,-9.928354e-05,-0.082329206,-0.25684565,-0.28214964,0.108660586,-0.05340085,0.0,-0.7033296,-1.7527385,TSH_42,2025-05,2.36,0,15.56683061725637,0,0,0,999,0,5,1,33.0,31.9,1310.0932682721264
-1.232629,-0.0009103065,-9.928354e-05,-0.082363,-0.25693747,-0.28017718,0.15973608,-0.05340085,0.0,-0.708671,-1.7558912,TSH_42,2025-06,2.47,0,15.56683061725637,0,0,0,999,0,6,1,33.0,31.9,1310.0932682721264
-1.2200984,-0.0009103065,-9.928354e-05,-0.08246844,-0.25731,-0.27603424,0.1057546,-0.05121761,0.0,-0.7146486,-1.764733,TSH_42,2025-07,2.35,0,15.56683061725637,0,0,0,999,0,7,1,33.0,31.9,1310.0932682721264
-1.1834787,-0.0009103065,-9.928354e-05,-0.08307893,-0.26513776,-0.26841608,-0.014147133,-0.05121761,0.0,-0.7331827,-1.8301891,TSH_42,2025-08,1.99,0,15.56683061725637,0,0,0,999,0,8,1,33.0,31.9,1310.0932682721264
-1.1424519,-0.0009103065,-9.928354e-05,-0.08285626,-0.2750921,-0.26412505,-0.21834348,-0.06002813,0.0,-0.7488756,-1.8083905,TSH_42,2025-09,1.68,0,15.56683061725637,0,0,0,999,0,9,1,33.0,31.9,1310.0932682721264
-1.0811931,-0.0009103065,-9.928354e-05,-0.09146085,-0.27977702,-0.25836715,-0.1593987,-0.011894051,0.0,-0.7633779,-1.7964306,TSH_42,2025-10,1.97,0,15.56683061725637,0,0,0,999,0,10,0,33.0,31.9,1310.0932682721264
-1.1192375,-0.0009103065,-9.928354e-05,-0.10037766,-0.29296288,-0.265402,-0.41053948,-0.011894051,0.0,-0.7953966,-1.809016,TSH_42,2025-11,1.38,0,15.56683061725637,0,0,0,999,0,11,0,33.0,31.9,1310.0932682721264
-1.1191909,-0.0009103065,-9.928354e-05,-0.10037766,-0.29308856,-0.27799168,-0.6289554,-0.011716876,0.0,-0.81667995,-1.7893882,TSH_42,2025-12,1.09,0,15.56683061725637,0,0,0,999,0,12,0,33.0,31.9,1310.0932682721264
-1.1468948,-0.0060480274,-9.928354e-05,-0.09771694,-0.29146594,-0.2961911,-0.8183529,-0.01662961,0.0,-0.8393911,-1.6538589,TSH_42,2026-01,0.96,0,15.56683061725637,0,0,0,999,0,1,0,33.0,31.9,1310.0932682721264
-1.159272,-0.0060480274,-9.928354e-05,-0.09761585,-0.29136485,-0.2908002,-0.7470569,-0.01662961,0.0,-0.8383201,-1.6462027,TSH_42,2026-02,1.04,0,15.56683061725637,0,0,0,999,0,2,0,33.0,31.9,1310.0932682721264
-1.1546954,-0.0060480274,-9.928354e-05,-0.09761585,-0.282568,-0.28420562,-0.42039645,-0.01662961,0.0,-0.8132084,-1.6472287,TSH_42,2026-03,1.49,0,15.56683061725637,0,0,0,999,0,3,0,33.0,31.9,1310.0932682721264
-1.9367015,-0.0009103065,-9.928354e-05,-0.09732018,-0.26408893,-0.40469727,-0.6447282,-0.06791356,0.0,-0.3705595,-0.25406256,TSH_43,2024-12,2.91,0,8.362014821224543,0,0,0,999,0,12,0,33.0,38.1,3128.073862486833
-1.8910191,-0.0060480274,-9.928354e-05,-0.10152053,-0.26374453,-0.42662355,-0.94900763,-0.06814936,0.0,-0.29880533,-0.38323233,TSH_43,2025-01,2.07,0,8.362014821224543,0,0,0,999,0,1,0,33.0,38.1,3128.073862486833
-1.9033962,-0.0060480274,-9.928354e-05,-0.10141944,-0.26364338,-0.42123267,-0.8588487,-0.06814936,0.0,-0.28654552,-0.36790195,TSH_43,2025-02,2.31,0,8.362014821224543,0,0,0,999,0,2,0,33.0,38.1,3128.073862486833
-1.9174109,-0.0060480274,-9.928354e-05,-0.10141944,-0.25484657,-0.41463807,-0.5507791,-0.06814936,0.0,-0.26143384,-0.36892793,TSH_43,2025-03,3.2,0,8.362014821224543,0,0,0,999,0,3,0,33.0,38.1,3128.073862486833
-1.8642485,-0.0009103065,-9.928354e-05,-0.09608077,-0.24479832,-0.41080368,0.02867232,-0.06814936,0.0,-0.29367337,-0.29078272,TSH_43,2025-04,6.25,0,8.362014821224543,0,0,0,999,0,4,0,33.0,38.1,3128.073862486833
-1.7937162,-0.0009103065,-9.928354e-05,-0.08968468,-0.23170918,-0.4194004,0.14672099,-0.012208771,0.0,-0.2964276,-0.27220783,TSH_43,2025-05,8.05,0,8.362014821224543,0,0,0,999,0,5,1,33.0,38.1,3128.073862486833
-1.8260747,-0.0009103065,-9.928354e-05,-0.089718476,-0.23180099,-0.41742796,0.16070467,-0.012208771,0.0,-0.3135824,-0.27112487,TSH_43,2025-06,7.81,0,8.362014821224543,0,0,0,999,0,6,1,33.0,38.1,3128.073862486833
-1.8879443,-0.0009103065,-9.928354e-05,-0.08982392,-0.2321735,-0.413285,0.054881364,-0.010025521,0.0,-0.311593,-0.26537552,TSH_43,2025-07,6.77,0,8.362014821224543,0,0,0,999,0,7,1,33.0,38.1,3128.073862486833
-1.9055845,-0.0009103065,-9.928354e-05,-0.090434395,-0.23461631,-0.4002258,-0.03560235,-0.010025521,0.0,-0.32686654,-0.25327516,TSH_43,2025-08,6.16,0,8.362014821224543,0,0,0,999,0,8,1,33.0,38.1,3128.073862486833
-1.9035883,-0.0009103065,-9.928354e-05,-0.09021173,-0.24457063,-0.39454675,-0.21729913,-0.0123348385,0.0,-0.33072886,-0.20106588,TSH_43,2025-09,5.41,0,8.362014821224543,0,0,0,999,0,9,1,33.0,38.1,3128.073862486833
-1.9197015,-0.0009103065,-9.928354e-05,-0.09526443,-0.25077748,-0.3850727,-0.14910069,-0.06809074,0.0,-0.32783467,-0.20345935,TSH_43,2025-10,5.38,0,8.362014821224543,0,0,0,999,0,10,0,33.0,38.1,3128.073862486833
-1.9367481,-0.0009103065,-9.928354e-05,-0.09732018,-0.26396325,-0.39210758,-0.3916192,-0.06809074,0.0,-0.35985342,-0.22842017,TSH_43,2025-11,3.9,0,8.362014821224543,0,0,0,999,0,11,0,33.0,38.1,3128.073862486833
-1.9367015,-0.0009103065,-9.928354e-05,-0.09732018,-0.26408893,-0.40469727,-0.6447282,-0.06791356,0.0,-0.3705595,-0.25406256,TSH_43,2025-12,2.91,0,8.362014821224543,0,0,0,999,0,12,0,33.0,38.1,3128.073862486833
-1.8910191,-0.0060480274,-9.928354e-05,-0.10152053,-0.26374453,-0.42662355,-0.94900763,-0.06814936,0.0,-0.29880533,-0.38323233,TSH_43,2026-01,2.07,0,8.362014821224543,0,0,0,999,0,1,0,33.0,38.1,3128.073862486833
-1.9033962,-0.0060480274,-9.928354e-05,-0.10141944,-0.26364338,-0.42123267,-0.8588487,-0.06814936,0.0,-0.28654552,-0.36790195,TSH_43,2026-02,2.31,0,8.362014821224543,0,0,0,999,0,2,0,33.0,38.1,3128.073862486833
-1.9174109,-0.0060480274,-9.928354e-05,-0.10141944,-0.25484657,-0.41463807,-0.5507791,-0.06814936,0.0,-0.26143384,-0.36892793,TSH_43,2026-03,3.2,0,8.362014821224543,0,0,0,999,0,3,0,33.0,38.1,3128.073862486833
-1.7816886,-0.0009103065,-9.928354e-05,-0.09124994,-0.2736549,-0.317826,-0.63978714,-0.034150675,0.0,-0.39212605,-0.24433152,TSH_44,2024-12,3.76,0,9.036037481771384,0,0,0,999,0,12,0,33.0,31.9,2002.4263994589955
-1.7222707,-0.0060480274,-9.928354e-05,-0.095450304,-0.2774173,-0.33942693,-0.846514,-0.039063416,0.0,-0.41147044,-0.1854586,TSH_44,2025-01,3.26,0,9.036037481771384,0,0,0,999,0,1,0,33.0,31.9,2002.4263994589955
-1.7346479,-0.0060480274,-9.928354e-05,-0.095349215,-0.2773162,-0.33403605,-0.775218,-0.039063416,0.0,-0.4103994,-0.17780241,TSH_44,2025-02,3.5,0,9.036037481771384,0,0,0,999,0,2,0,33.0,31.9,2002.4263994589955
-1.7486624,-0.0060480274,-9.928354e-05,-0.095349215,-0.26851934,-0.32744145,-0.46714845,-0.039063416,0.0,-0.3852877,-0.17882845,TSH_44,2025-03,4.82,0,9.036037481771384,0,0,0,999,0,3,0,33.0,31.9,2002.4263994589955
-1.71499,-0.0009103065,-9.928354e-05,-0.09001054,-0.2543643,-0.3220486,0.088658385,-0.039063416,0.0,-0.30190116,-0.24114314,TSH_44,2025-04,8.77,0,9.036037481771384,0,0,0,999,0,4,0,33.0,31.9,2002.4263994589955
-1.6597285,-0.0009103065,-9.928354e-05,-0.08361444,-0.24127518,-0.32910156,0.16639021,-0.038321216,0.0,-0.27708936,-0.33734828,TSH_44,2025-05,9.39,0,9.036037481771384,0,0,0,999,0,5,1,33.0,31.9,2002.4263994589955
-1.692087,-0.0009103065,-9.928354e-05,-0.083648235,-0.24136698,-0.3271291,0.1835589,-0.038321216,0.0,-0.28243077,-0.34050092,TSH_44,2025-06,9.2,0,9.036037481771384,0,0,0,999,0,6,1,33.0,31.9,2002.4263994589955
-1.7539568,-0.0009103065,-9.928354e-05,-0.083753675,-0.2417395,-0.32298613,0.06976858,-0.03613796,0.0,-0.28840843,-0.33475158,TSH_44,2025-07,7.88,0,9.036037481771384,0,0,0,999,0,7,1,33.0,31.9,2002.4263994589955
-1.7715968,-0.0009103065,-9.928354e-05,-0.08436416,-0.24418233,-0.31196654,-0.05317442,-0.03613796,0.0,-0.3069426,-0.35511056,TSH_44,2025-08,6.72,0,9.036037481771384,0,0,0,999,0,8,1,33.0,31.9,2002.4263994589955
-1.7609301,-0.0009103065,-9.928354e-05,-0.08414149,-0.25413665,-0.3076755,-0.26628906,-0.044948485,0.0,-0.32432157,-0.3208024,TSH_44,2025-09,5.57,0,9.036037481771384,0,0,0,999,0,9,1,33.0,31.9,2002.4263994589955
-1.7646885,-0.0009103065,-9.928354e-05,-0.08919419,-0.26034343,-0.29820144,-0.18167132,-0.03432785,0.0,-0.33882388,-0.24181718,TSH_44,2025-10,6.44,0,9.036037481771384,0,0,0,999,0,10,0,33.0,31.9,2002.4263994589955
-1.7817352,-0.0009103065,-9.928354e-05,-0.09124994,-0.27352923,-0.3052363,-0.40127975,-0.03432785,0.0,-0.37084258,-0.24386784,TSH_44,2025-11,4.88,0,9.036037481771384,0,0,0,999,0,11,0,33.0,31.9,2002.4263994589955
-1.7816886,-0.0009103065,-9.928354e-05,-0.09124994,-0.2736549,-0.317826,-0.63978714,-0.034150675,0.0,-0.39212605,-0.24433152,TSH_44,2025-12,3.76,0,9.036037481771384,0,0,0,999,0,12,0,33.0,31.9,2002.4263994589955
-1.7222707,-0.0060480274,-9.928354e-05,-0.095450304,-0.2774173,-0.33942693,-0.846514,-0.039063416,0.0,-0.41147044,-0.1854586,TSH_44,2026-01,3.26,0,9.036037481771384,0,0,0,999,0,1,0,33.0,31.9,2002.4263994589955
-1.7346479,-0.0060480274,-9.928354e-05,-0.095349215,-0.2773162,-0.33403605,-0.775218,-0.039063416,0.0,-0.4103994,-0.17780241,TSH_44,2026-02,3.5,0,9.036037481771384,0,0,0,999,0,2,0,33.0,31.9,2002.4263994589955
-1.7486624,-0.0060480274,-9.928354e-05,-0.095349215,-0.26851934,-0.32744145,-0.46714845,-0.039063416,0.0,-0.3852877,-0.17882845,TSH_44,2026-03,4.82,0,9.036037481771384,0,0,0,999,0,3,0,33.0,31.9,2002.4263994589955
-1.8531309,-0.0009103065,-9.928354e-05,-0.09587618,-0.2974854,-0.3205328,-0.67165667,-0.0453189,0.0,-0.3976682,-1.607043,TSH_45,2024-12,0.85,0,8.316279355030021,0,0,0,999,0,12,0,33.0,31.9,1337.3769116200945
-1.8195623,-0.0060480274,-9.928354e-05,-0.10007654,-0.29586282,-0.34213373,-0.7997811,-0.050231624,0.0,-0.41701254,-1.469568,TSH_45,2025-01,0.84,0,8.316279355030021,0,0,0,999,0,1,0,33.0,31.9,1337.3769116200945
-1.8319395,-0.0060480274,-9.928354e-05,-0.09997545,-0.29576173,-0.33674285,-0.7284851,-0.050231624,0.0,-0.4159415,-1.4619118,TSH_45,2025-02,0.91,0,8.316279355030021,0,0,0,999,0,2,0,33.0,31.9,1337.3769116200945
-1.8459541,-0.0060480274,-9.928354e-05,-0.09997545,-0.2869649,-0.33014825,-0.42041555,-0.050231624,0.0,-0.3908299,-1.4629378,TSH_45,2025-03,1.26,0,8.316279355030021,0,0,0,999,0,3,0,33.0,31.9,1337.3769116200945
-1.8122815,-0.0009103065,-9.928354e-05,-0.094636776,-0.2728098,-0.3247554,0.10863508,-0.050231624,0.0,-0.3074433,-1.5520087,TSH_45,2025-04,2.25,0,8.316279355030021,0,0,0,999,0,4,0,33.0,31.9,1337.3769116200945
-1.7811795,-0.0009103065,-9.928354e-05,-0.08468879,-0.25972062,-0.33180836,0.18636687,-0.020472486,0.0,-0.28263155,-1.619197,TSH_45,2025-05,2.51,0,8.316279355030021,0,0,0,999,0,5,1,33.0,31.9,1337.3769116200945
-1.8135382,-0.0009103065,-9.928354e-05,-0.084722586,-0.25981244,-0.3298359,0.20353557,-0.020472486,0.0,-0.28797296,-1.6223497,TSH_45,2025-06,2.45,0,8.316279355030021,0,0,0,999,0,6,1,33.0,31.9,1337.3769116200945
-1.8754077,-0.0009103065,-9.928354e-05,-0.08482803,-0.26018497,-0.32569292,0.07515406,-0.018289238,0.0,-0.29395062,-1.6311915,TSH_45,2025-07,2.02,0,8.316279355030021,0,0,0,999,0,7,1,33.0,31.9,1337.3769116200945
-1.8761309,-0.0009103065,-9.928354e-05,-0.08543851,-0.26801273,-0.3146733,-0.08209099,-0.018289238,0.0,-0.31248477,-1.6858525,TSH_45,2025-08,1.61,0,8.316279355030021,0,0,0,999,0,8,1,33.0,31.9,1337.3769116200945
-1.8565321,-0.0009103065,-9.928354e-05,-0.085215844,-0.27796707,-0.31038228,-0.30771512,-0.027099762,0.0,-0.32986376,-1.6640538,TSH_45,2025-09,1.3,0,8.316279355030021,0,0,0,999,0,9,1,33.0,31.9,1337.3769116200945
-1.8361309,-0.0009103065,-9.928354e-05,-0.09382043,-0.28417388,-0.30090824,-0.22309743,-0.045496076,0.0,-0.34436604,-1.6140854,TSH_45,2025-10,1.46,0,8.316279355030021,0,0,0,999,0,10,0,33.0,31.9,1337.3769116200945
-1.8531777,-0.0009103065,-9.928354e-05,-0.09587618,-0.29735973,-0.3079431,-0.45324066,-0.045496076,0.0,-0.37638474,-1.6266708,TSH_45,2025-11,1.07,0,8.316279355030021,0,0,0,999,0,11,0,33.0,31.9,1337.3769116200945
-1.8531309,-0.0009103065,-9.928354e-05,-0.09587618,-0.2974854,-0.3205328,-0.67165667,-0.0453189,0.0,-0.3976682,-1.607043,TSH_45,2025-12,0.85,0,8.316279355030021,0,0,0,999,0,12,0,33.0,31.9,1337.3769116200945
-1.8195623,-0.0060480274,-9.928354e-05,-0.10007654,-0.29586282,-0.34213373,-0.7997811,-0.050231624,0.0,-0.41701254,-1.469568,TSH_45,2026-01,0.84,0,8.316279355030021,0,0,0,999,0,1,0,33.0,31.9,1337.3769116200945
-1.8319395,-0.0060480274,-9.928354e-05,-0.09997545,-0.29576173,-0.33674285,-0.7284851,-0.050231624,0.0,-0.4159415,-1.4619118,TSH_45,2026-02,0.91,0,8.316279355030021,0,0,0,999,0,2,0,33.0,31.9,1337.3769116200945
-1.8459541,-0.0060480274,-9.928354e-05,-0.09997545,-0.2869649,-0.33014825,-0.42041555,-0.050231624,0.0,-0.3908299,-1.4629378,TSH_45,2026-03,1.26,0,8.316279355030021,0,0,0,999,0,3,0,33.0,31.9,1337.3769116200945
-1.1191909,-0.0009103065,-9.928354e-05,-0.10037766,-0.29308856,-0.27799168,-0.6289554,-0.011716876,0.0,-0.81667995,-1.7893882,TSH_46,2024-12,1.09,0,17.194857745469548,0,0,0,999,0,12,0,33.0,31.9,1203.9064414740064
-1.1468948,-0.0060480274,-9.928354e-05,-0.09771694,-0.29146594,-0.2961911,-0.8183529,-0.01662961,0.0,-0.8393911,-1.6538589,TSH_46,2025-01,0.96,0,17.194857745469548,0,0,0,999,0,1,0,33.0,31.9,1203.9064414740064
-1.159272,-0.0060480274,-9.928354e-05,-0.09761585,-0.29136485,-0.2908002,-0.7470569,-0.01662961,0.0,-0.8383201,-1.6462027,TSH_46,2025-02,1.04,0,17.194857745469548,0,0,0,999,0,2,0,33.0,31.9,1203.9064414740064
-1.1546954,-0.0060480274,-9.928354e-05,-0.09761585,-0.282568,-0.28420562,-0.42039645,-0.01662961,0.0,-0.8132084,-1.6472287,TSH_46,2025-03,1.49,0,17.194857745469548,0,0,0,999,0,3,0,33.0,31.9,1203.9064414740064
-1.1728382,-0.0009103065,-9.928354e-05,-0.09227719,-0.26841292,-0.27881277,0.05683892,-0.01662961,0.0,-0.72814155,-1.7235585,TSH_46,2025-04,2.43,0,17.194857745469548,0,0,0,999,0,4,0,33.0,31.9,1203.9064414740064
-1.2341772,-0.0009103065,-9.928354e-05,-0.082329206,-0.25684565,-0.28214964,0.108660586,-0.05340085,0.0,-0.7033296,-1.7527385,TSH_46,2025-05,2.36,0,17.194857745469548,0,0,0,999,0,5,1,33.0,31.9,1203.9064414740064
-1.232629,-0.0009103065,-9.928354e-05,-0.082363,-0.25693747,-0.28017718,0.15973608,-0.05340085,0.0,-0.708671,-1.7558912,TSH_46,2025-06,2.47,0,17.194857745469548,0,0,0,999,0,6,1,33.0,31.9,1203.9064414740064
-1.2200984,-0.0009103065,-9.928354e-05,-0.08246844,-0.25731,-0.27603424,0.1057546,-0.05121761,0.0,-0.7146486,-1.764733,TSH_46,2025-07,2.35,0,17.194857745469548,0,0,0,999,0,7,1,33.0,31.9,1203.9064414740064
-1.1834787,-0.0009103065,-9.928354e-05,-0.08307893,-0.26513776,-0.26841608,-0.014147133,-0.05121761,0.0,-0.7331827,-1.8301891,TSH_46,2025-08,1.99,0,17.194857745469548,0,0,0,999,0,8,1,33.0,31.9,1203.9064414740064
-1.1424519,-0.0009103065,-9.928354e-05,-0.08285626,-0.2750921,-0.26412505,-0.21834348,-0.06002813,0.0,-0.7488756,-1.8083905,TSH_46,2025-09,1.68,0,17.194857745469548,0,0,0,999,0,9,1,33.0,31.9,1203.9064414740064
-1.0811931,-0.0009103065,-9.928354e-05,-0.09146085,-0.27977702,-0.25836715,-0.1593987,-0.011894051,0.0,-0.7633779,-1.7964306,TSH_46,2025-10,1.97,0,17.194857745469548,0,0,0,999,0,10,0,33.0,31.9,1203.9064414740064
-1.1192375,-0.0009103065,-9.928354e-05,-0.10037766,-0.29296288,-0.265402,-0.41053948,-0.011894051,0.0,-0.7953966,-1.809016,TSH_46,2025-11,1.38,0,17.194857745469548,0,0,0,999,0,11,0,33.0,31.9,1203.9064414740064
-1.1191909,-0.0009103065,-9.928354e-05,-0.10037766,-0.29308856,-0.27799168,-0.6289554,-0.011716876,0.0,-0.81667995,-1.7893882,TSH_46,2025-12,1.09,0,17.194857745469548,0,0,0,999,0,12,0,33.0,31.9,1203.9064414740064
-1.1468948,-0.0060480274,-9.928354e-05,-0.09771694,-0.29146594,-0.2961911,-0.8183529,-0.01662961,0.0,-0.8393911,-1.6538589,TSH_46,2026-01,0.96,0,17.194857745469548,0,0,0,999,0,1,0,33.0,31.9,1203.9064414740064
-1.159272,-0.0060480274,-9.928354e-05,-0.09761585,-0.29136485,-0.2908002,-0.7470569,-0.01662961,0.0,-0.8383201,-1.6462027,TSH_46,2026-02,1.04,0,17.194857745469548,0,0,0,999,0,2,0,33.0,31.9,1203.9064414740064
-1.1546954,-0.0060480274,-9.928354e-05,-0.09761585,-0.282568,-0.28420562,-0.42039645,-0.01662961,0.0,-0.8132084,-1.6472287,TSH_46,2026-03,1.49,0,17.194857745469548,0,0,0,999,0,3,0,33.0,31.9,1203.9064414740064
-1.1276661,-0.0009103065,-9.928354e-05,-0.10037766,-0.29308856,-0.27799168,-0.62855554,-0.011716876,0.0,-0.8086046,-1.7893882,TSH_47,2024-12,1.09,0,13.735185180523056,0,0,0,999,0,12,0,33.0,31.9,1194.5961983291702
-1.1582156,-0.0060480274,-9.928354e-05,-0.09771694,-0.29146594,-0.2961911,-0.82079846,-0.01662961,0.0,-0.82562464,-1.6538589,TSH_47,2025-01,0.96,0,13.735185180523056,0,0,0,999,0,1,0,33.0,31.9,1194.5961983291702
-1.1705928,-0.0060480274,-9.928354e-05,-0.09761585,-0.29136485,-0.2908002,-0.74950254,-0.01662961,0.0,-0.8245536,-1.6462027,TSH_47,2025-02,1.04,0,13.735185180523056,0,0,0,999,0,2,0,33.0,31.9,1194.5961983291702
-1.1660162,-0.0060480274,-9.928354e-05,-0.09761585,-0.282568,-0.28420562,-0.4228421,-0.01662961,0.0,-0.799442,-1.6472287,TSH_47,2025-03,1.49,0,13.735185180523056,0,0,0,999,0,3,0,33.0,31.9,1194.5961983291702
-1.1813134,-0.0009103065,-9.928354e-05,-0.09227719,-0.26841292,-0.27881277,0.05723882,-0.01662961,0.0,-0.7200662,-1.7235585,TSH_47,2025-04,2.43,0,13.735185180523056,0,0,0,999,0,4,0,33.0,31.9,1194.5961983291702
-1.2426523,-0.0009103065,-9.928354e-05,-0.082329206,-0.25684565,-0.28214964,0.10906052,-0.05340085,0.0,-0.69525427,-1.7527385,TSH_47,2025-05,2.36,0,13.735185180523056,0,0,0,999,0,5,1,33.0,31.9,1194.5961983291702
-1.2411042,-0.0009103065,-9.928354e-05,-0.082363,-0.25693747,-0.28017718,0.16013598,-0.05340085,0.0,-0.7005956,-1.7558912,TSH_47,2025-06,2.47,0,13.735185180523056,0,0,0,999,0,6,1,33.0,31.9,1194.5961983291702
-1.2285739,-0.0009103065,-9.928354e-05,-0.08246844,-0.25731,-0.27603424,0.10615452,-0.05121761,0.0,-0.70657325,-1.764733,TSH_47,2025-07,2.35,0,13.735185180523056,0,0,0,999,0,7,1,33.0,31.9,1194.5961983291702
-1.1919538,-0.0009103065,-9.928354e-05,-0.08307893,-0.26513776,-0.26841608,-0.013747223,-0.05121761,0.0,-0.7251074,-1.8301891,TSH_47,2025-08,1.99,0,13.735185180523056,0,0,0,999,0,8,1,33.0,31.9,1194.5961983291702
-1.1509272,-0.0009103065,-9.928354e-05,-0.08285626,-0.2750921,-0.26412505,-0.2179436,-0.06002813,0.0,-0.7408003,-1.8083905,TSH_47,2025-09,1.68,0,13.735185180523056,0,0,0,999,0,9,1,33.0,31.9,1194.5961983291702
-1.0896684,-0.0009103065,-9.928354e-05,-0.09146085,-0.27977702,-0.25836715,-0.15899879,-0.011894051,0.0,-0.7553026,-1.7964306,TSH_47,2025-10,1.97,0,13.735185180523056,0,0,0,999,0,10,0,33.0,31.9,1194.5961983291702
-1.1277127,-0.0009103065,-9.928354e-05,-0.10037766,-0.29296288,-0.265402,-0.4101396,-0.011894051,0.0,-0.78732127,-1.809016,TSH_47,2025-11,1.38,0,13.735185180523056,0,0,0,999,0,11,0,33.0,31.9,1194.5961983291702
-1.1276661,-0.0009103065,-9.928354e-05,-0.10037766,-0.29308856,-0.27799168,-0.62855554,-0.011716876,0.0,-0.8086046,-1.7893882,TSH_47,2025-12,1.09,0,13.735185180523056,0,0,0,999,0,12,0,33.0,31.9,1194.5961983291702
-1.1582156,-0.0060480274,-9.928354e-05,-0.09771694,-0.29146594,-0.2961911,-0.82079846,-0.01662961,0.0,-0.82562464,-1.6538589,TSH_47,2026-01,0.96,0,13.735185180523056,0,0,0,999,0,1,0,33.0,31.9,1194.5961983291702
-1.1705928,-0.0060480274,-9.928354e-05,-0.09761585,-0.29136485,-0.2908002,-0.74950254,-0.01662961,0.0,-0.8245536,-1.6462027,TSH_47,2026-02,1.04,0,13.735185180523056,0,0,0,999,0,2,0,33.0,31.9,1194.5961983291702
-1.1660162,-0.0060480274,-9.928354e-05,-0.09761585,-0.282568,-0.28420562,-0.4228421,-0.01662961,0.0,-0.799442,-1.6472287,TSH_47,2026-03,1.49,0,13.735185180523056,0,0,0,999,0,3,0,33.0,31.9,1194.5961983291702
-0.061496146,-0.0009103065,-0.00039860196,-0.11793556,-0.30328438,-0.27856323,-0.82377094,-0.05400236,0.0,-0.16342275,-2.2263603,TSH_48,2024-12,2.94,0,177.18363568224743,0,0,0,999,0,12,0,33.0,34.6,202.5977165542305
0.08127196,-0.0060480274,-0.00039860196,-0.11218636,-0.29166007,-0.29520422,-0.7167766,-0.0589151,0.0,-0.14814502,-1.9811136,TSH_48,2025-01,4.76,0,177.18363568224743,0,0,0,999,0,1,0,33.0,34.6,202.5977165542305
0.09503539,-0.0060480274,-0.00039860196,-0.11208527,-0.29155898,-0.28981334,-0.6390404,-0.0589151,0.0,-0.14707398,-1.9981585,TSH_48,2025-02,5.14,0,177.18363568224743,0,0,0,999,0,2,0,33.0,34.6,202.5977165542305
0.110606484,-0.0060480274,-0.00039860196,-0.11208527,-0.28276214,-0.28321874,-0.29087052,-0.0589151,0.0,-0.12196236,-1.9886695,TSH_48,2025-03,7.58,0,177.18363568224743,0,0,0,999,0,3,0,33.0,34.6,202.5977165542305
0.10528869,-0.0009103065,-0.00039860196,-0.10674661,-0.26860705,-0.27938437,0.14912586,-0.0589151,0.0,-0.08695929,-2.0509648,TSH_48,2025-04,11.26,0,177.18363568224743,0,0,0,999,0,4,0,33.0,34.6,202.5977165542305
0.069240786,-0.0009103065,-0.00039860196,-0.09679862,-0.25135556,-0.28272125,0.19961967,-0.018772181,0.0,-0.07291083,-2.0270298,TSH_48,2025-05,12.47,0,177.18363568224743,0,0,0,999,0,5,1,33.0,34.6,202.5977165542305
0.0707889,-0.0009103065,-0.00039860196,-0.09683242,-0.25144738,-0.28074878,0.22737388,-0.018772181,0.0,-0.068921775,-2.062834,TSH_48,2025-06,12.47,0,177.18363568224743,0,0,0,999,0,6,1,33.0,34.6,202.5977165542305
0.08331927,-0.0009103065,-0.00039860196,-0.09693786,-0.2535156,-0.27660584,0.16567266,-0.016588934,0.0,-0.0669324,-2.0873628,TSH_48,2025-07,11.75,0,177.18363568224743,0,0,0,999,0,7,1,33.0,34.6,202.5977165542305
0.021281961,-0.0009103065,-0.00039860196,-0.10063683,-0.2646685,-0.26898766,-0.058554586,-0.016588934,0.0,-0.08546654,-2.1668763,TSH_48,2025-08,8.25,0,177.18363568224743,0,0,0,999,0,8,1,33.0,34.6,202.5977165542305
-0.00753476,-0.0009103065,-0.00039860196,-0.100414164,-0.27960363,-0.26469663,-0.374827,-0.025399456,0.0,-0.10115944,-2.2058377,TSH_48,2025-09,5.59,0,177.18363568224743,0,0,0,999,0,9,1,33.0,34.6,202.5977165542305
-0.045185883,-0.0009103065,-0.00039860196,-0.10901875,-0.28997287,-0.2589387,-0.3721725,-0.054179534,0.0,-0.10921469,-2.2299228,TSH_48,2025-10,5.04,0,177.18363568224743,0,0,0,999,0,10,0,33.0,34.6,202.5977165542305
-0.061792456,-0.0009103065,-0.00039860196,-0.11793556,-0.3031587,-0.26597354,-0.6140464,-0.054179534,0.0,-0.14123343,-2.2546792,TSH_48,2025-11,3.62,0,177.18363568224743,0,0,0,999,0,11,0,33.0,34.6,202.5977165542305
-0.061496146,-0.0009103065,-0.00039860196,-0.11793556,-0.30328438,-0.27856323,-0.82377094,-0.05400236,0.0,-0.16342275,-2.2263603,TSH_48,2025-12,2.94,0,177.18363568224743,0,0,0,999,0,12,0,33.0,34.6,202.5977165542305
0.08127196,-0.0060480274,-0.00039860196,-0.11218636,-0.29166007,-0.29520422,-0.7167766,-0.0589151,0.0,-0.14814502,-1.9811136,TSH_48,2026-01,4.76,0,177.18363568224743,0,0,0,999,0,1,0,33.0,34.6,202.5977165542305
0.09503539,-0.0060480274,-0.00039860196,-0.11208527,-0.29155898,-0.28981334,-0.6390404,-0.0589151,0.0,-0.14707398,-1.9981585,TSH_48,2026-02,5.14,0,177.18363568224743,0,0,0,999,0,2,0,33.0,34.6,202.5977165542305
0.110606484,-0.0060480274,-0.00039860196,-0.11208527,-0.28276214,-0.28321874,-0.29087052,-0.0589151,0.0,-0.12196236,-1.9886695,TSH_48,2026-03,7.58,0,177.18363568224743,0,0,0,999,0,3,0,33.0,34.6,202.5977165542305
0.33892184,-0.0009103065,-0.00039860196,-0.0945315,-0.323319,-0.27644068,-0.7090502,-0.03426011,0.0,-0.23769295,-2.1881218,TSH_49,2024-12,4.78,1,105.23103819378156,0,0,0,999,0,12,0,33.0,73.3,336.6402214408009
0.3799278,0.06865395,0.004638576,0.40040004,1.2871678,-0.19145414,-0.41574976,0.022943307,0.0,-0.050656963,-1.8564675,TSH_49,2025-01,54.56,0,105.23103819378156,1,1,1,0,0,1,0,33.0,73.3,336.6402214408009
0.3916515,-0.0060480274,-0.0036195857,0.40255678,1.2803717,-0.18929614,-0.40537024,0.022943307,0.0,-0.06186298,-1.8758821,TSH_49,2025-02,52.22,0,105.23103819378156,0,0,1,1,0,2,0,33.0,73.3,336.6402214408009
0.39497626,-0.0060480274,-0.0036195857,0.40255678,1.2385077,-0.1837508,-0.22157627,0.022700196,0.0,-0.13891022,-1.86566,TSH_49,2025-03,54.31,0,105.23103819378156,0,0,1,2,0,3,0,33.0,73.3,336.6402214408009
0.39282274,-0.0009103065,-0.0036195857,0.39067155,1.1964359,-0.18207414,0.05138932,0.022700196,0.0,-0.19136167,-1.9231238,TSH_49,2025-04,57.11,0,105.23103819378156,0,0,1,3,0,4,0,33.0,73.3,336.6402214408009
0.3582226,-0.0009103065,-0.0036195857,0.32658643,0.99043363,-0.19605163,0.08605697,-0.19755907,0.0,-0.27288276,-1.9385358,TSH_49,2025-05,42.2,0,105.23103819378156,0,0,1,4,0,5,1,33.0,73.3,336.6402214408009
0.3627222,-0.0009103065,-0.0036195857,0.32845694,1.1683793,-0.19547789,0.11615746,-0.19755907,0.0,-0.31085125,-2.0090244,TSH_49,2025-06,44.82,0,105.23103819378156,0,0,1,5,0,6,1,33.0,73.3,336.6402214408009
0.37624198,-0.0009103065,-0.0036195857,0.32862544,1.2172436,-0.19944037,0.056089655,-0.19537582,0.0,-0.30886185,-2.027097,TSH_49,2025-07,44.44,0,105.23103819378156,0,0,1,6,0,7,1,33.0,73.3,336.6402214408009
0.34335324,-0.0009103065,-0.0036195857,0.32663843,0.8920009,-0.19809447,-0.10343806,-0.18391873,0.0,-0.31759608,-2.121691,TSH_49,2025-08,30.29,0,105.23103819378156,0,0,1,7,0,8,1,33.0,73.3,336.6402214408009
0.3188656,-0.0009103065,-0.0036195857,0.30547956,0.025001809,-0.19825701,-0.37474027,-0.1468876,0.0,-0.3232731,-2.189114,TSH_49,2025-09,11.37,0,105.23103819378156,0,0,1,8,0,9,1,33.0,73.3,336.6402214408009
0.29184002,-0.0009103065,-0.0036195857,0.36766854,0.030199748,-0.18674955,-0.40022895,-0.007876532,0.0,-0.26474747,-2.1930873,TSH_49,2025-10,13.78,0,105.23103819378156,0,0,1,9,0,10,0,33.0,73.3,336.6402214408009
0.27956122,-0.0009103065,-0.0036195857,0.35875174,0.025228418,-0.19072375,-0.5357461,-0.007876532,0.0,-0.20032753,-2.2178435,TSH_49,2025-11,12.35,0,105.23103819378156,0,0,1,10,0,11,0,33.0,73.3,336.6402214408009
0.27985746,-0.0009103065,-0.0036195857,0.35875174,0.02601599,-0.20514002,-0.68445885,-0.0076993564,0.0,-0.162418,-2.1819565,TSH_49,2025-12,11.43,0,105.23103819378156,0,0,1,11,0,12,0,33.0,73.3,336.6402214408009
0.38820386,-0.0060480274,-0.0036195857,0.3685525,0.0424138,-0.21154435,-0.50992894,-0.007935146,0.0,-0.0967058,-1.9845423,TSH_49,2026-01,18.43,0,105.23103819378156,0,0,1,12,0,1,0,33.0,73.3,336.6402214408009
0.40196735,-0.0060480274,-0.0036195857,0.3686536,0.04251489,-0.20615348,-0.44446966,-0.007935146,0.0,-0.10791183,-2.0017347,TSH_49,2026-02,19.29,0,105.23103819378156,0,0,1,13,0,2,0,33.0,73.3,336.6402214408009
0.40654367,-0.0060480274,-0.0036195857,0.3686536,0.031945907,-0.20060812,-0.23690225,-0.007935146,0.0,-0.19429371,-1.9922458,TSH_49,2026-03,21.4,0,105.23103819378156,0,0,1,14,0,3,0,33.0,73.3,336.6402214408009
0.77237695,-0.0009103065,-0.00034592953,0.31353956,-0.064535215,-0.19646063,-0.56358624,-0.0037158215,0.0,-0.071963236,0.85723966,TSH_5,2024-12,82.85,0,13.161588934779893,0,0,1,25,0,12,0,33.0,38.1,2084.626722195898
0.582082,-0.0060480274,-0.00034592953,0.35082796,-0.046444796,-0.20225918,-1.0872722,-0.003951612,0.0,-0.017684614,0.6984416,TSH_5,2025-01,69.02,0,13.161588934779893,0,0,1,26,0,1,0,33.0,38.1,2084.626722195898
0.56970483,-0.0060480274,-0.00034592953,0.35092905,-0.046343714,-0.19686832,-0.99711305,-0.003951612,0.0,-0.005424818,0.71377194,TSH_5,2025-02,71.34,0,13.161588934779893,0,0,1,27,0,2,0,33.0,38.1,2084.626722195898
0.5866496,-0.0060480274,-0.00034592953,0.35092905,-0.05566088,-0.19132295,-0.67619836,-0.003951612,0.0,0.019686835,0.712746,TSH_5,2025-03,78.08,0,13.161588934779893,0,0,1,28,0,3,0,33.0,38.1,2084.626722195898
0.6286656,-0.0009103065,-0.00034592953,0.3280948,-0.043080375,-0.18888327,-0.13258702,-0.003951612,0.0,-0.004049301,0.7937305,TSH_5,2025-04,87.11,0,13.161588934779893,0,0,1,29,0,4,0,33.0,38.1,2084.626722195898
0.5916995,-0.0009103065,-0.00034592953,0.27686605,-0.039121453,-0.20030357,-0.021787476,-0.17086275,0.0,-0.0068035107,0.75351727,TSH_5,2025-05,84.76,0,13.161588934779893,0,0,1,30,0,5,1,33.0,38.1,2084.626722195898
0.59029144,-0.0009103065,-0.00034592953,0.27705404,-0.029793097,-0.20510383,0.02223311,-0.17086275,0.0,-0.019565629,0.7500857,TSH_5,2025-06,85.15,0,13.161588934779893,0,0,1,31,0,6,1,33.0,38.1,2084.626722195898
0.6025429,-0.0009103065,-0.00034592953,0.27722254,0.62394655,-0.22672212,-0.00796343,-0.15307516,0.0,-0.017805729,0.77344877,TSH_5,2025-07,91.71,0,13.161588934779893,0,0,1,32,0,7,1,33.0,38.1,2084.626722195898
0.72234863,-0.0009103065,-0.00034592953,0.27950644,0.74437565,-0.22464834,0.07341879,-0.15307516,0.0,-0.02905491,0.8080093,TSH_5,2025-08,94.01,0,13.161588934779893,0,0,1,33,0,8,1,33.0,38.1,2084.626722195898
0.7410934,-0.0009103065,-0.00034592953,0.27901322,0.59870434,-0.22515963,-0.10009692,-0.15330309,0.0,-0.031231176,0.841244,TSH_5,2025-09,92.29,0,13.161588934779893,0,0,1,34,0,9,1,33.0,38.1,2084.626722195898
0.8640029,-0.0009103065,-9.928354e-05,0.32245636,-0.23876503,-0.22830126,-0.056385204,0.0013056984,0.0,-0.033926155,0.9239496,TSH_5,2025-10,88.96,0,13.161588934779893,0,0,1,35,0,10,0,33.0,38.1,2084.626722195898
0.81360745,-0.0009103065,-9.928354e-05,0.31353956,-0.25195092,-0.23533615,-0.30934218,0.0013056984,0.0,-0.065944895,0.92189896,TSH_5,2025-11,84.82,0,13.161588934779893,0,0,1,36,0,11,0,33.0,38.1,2084.626722195898
0.813654,-0.0009103065,-9.928354e-05,0.31353956,-0.2520766,-0.24792588,-0.56245106,0.0014828732,0.0,-0.07665101,0.89625657,TSH_5,2025-12,80.51,0,13.161588934779893,0,0,1,37,0,12,0,33.0,38.1,2084.626722195898
0.61753446,-0.0060480274,-9.928354e-05,0.35082796,-0.25173214,-0.26299897,-1.1038829,0.0012470828,0.0,-0.01834806,0.73407525,TSH_5,2026-01,64.43,0,13.161588934779893,0,0,1,38,0,1,0,33.0,38.1,2084.626722195898
0.6051573,-0.0060480274,-9.928354e-05,0.35092905,-0.25163105,-0.2576081,-1.013724,0.0012470828,0.0,-0.0060882643,0.74940556,TSH_5,2026-02,66.93,0,13.161588934779893,0,0,1,39,0,2,0,33.0,38.1,2084.626722195898
0.6221021,-0.0060480274,-9.928354e-05,0.35092905,-0.24283417,-0.25101352,-0.6746952,0.0012470828,0.0,0.019023392,0.74837965,TSH_5,2026-03,75.04,1,13.161588934779893,0,0,1,40,0,3,0,33.0,38.1,2084.626722195898
-0.7876206,-0.0009103065,-9.928354e-05,-0.099795766,-0.289406,-0.27674663,-0.6286913,-0.0045188097,0.0,-0.115587,-1.7906383,TSH_50,2024-12,3.05,0,15.018383339276006,0,0,0,999,0,12,0,33.0,38.1,1388.1653923081326
-0.8179555,-0.0060480274,-9.928354e-05,-0.09713506,-0.28367656,-0.29338756,-0.74486727,-0.004754602,0.0,-0.06507641,-1.6551093,TSH_50,2025-01,3.12,0,15.018383339276006,0,0,0,999,0,1,0,33.0,38.1,1388.1653923081326
-0.83033276,-0.0060480274,-9.928354e-05,-0.09703397,-0.28357548,-0.28799668,-0.6623824,-0.004754602,0.0,-0.052816615,-1.6474531,TSH_50,2025-02,3.43,0,15.018383339276006,0,0,0,999,0,2,0,33.0,38.1,1388.1653923081326
-0.82575643,-0.0060480274,-9.928354e-05,-0.09703397,-0.2747786,-0.28140208,-0.33572203,-0.004754602,0.0,-0.027704962,-1.6484791,TSH_50,2025-03,4.89,0,15.018383339276006,0,0,0,999,0,3,0,33.0,38.1,1388.1653923081326
-0.8379189,-0.0009103065,-9.928354e-05,-0.0916953,-0.26473033,-0.2775677,0.0419666,-0.004754602,0.0,-0.042184744,-1.7248089,TSH_50,2025-04,6.48,0,15.018383339276006,0,0,0,999,0,4,0,33.0,38.1,1388.1653923081326
-0.8992577,-0.0009103065,-9.928354e-05,-0.08174732,-0.25316307,-0.28090462,0.0926004,-0.06988109,0.0,-0.045728225,-1.7642672,TSH_50,2025-05,5.9,0,15.018383339276006,0,0,0,999,0,5,1,33.0,38.1,1388.1653923081326
-0.89770955,-0.0009103065,-9.928354e-05,-0.08178112,-0.2532549,-0.27893215,0.13625516,-0.06988109,0.0,-0.05849035,-1.7674197,TSH_50,2025-06,6.07,0,15.018383339276006,0,0,0,999,0,6,1,33.0,38.1,1388.1653923081326
-0.8851793,-0.0009103065,-9.928354e-05,-0.08188656,-0.25362742,-0.2747892,0.090240695,-0.06769784,0.0,-0.056500975,-1.7762617,TSH_50,2025-07,5.88,0,15.018383339276006,0,0,0,999,0,7,1,33.0,38.1,1388.1653923081326
-0.84855926,-0.0009103065,-9.928354e-05,-0.08249704,-0.2614552,-0.26717103,-0.02966105,-0.06769784,0.0,-0.075035125,-1.8417176,TSH_50,2025-08,5.02,0,15.018383339276006,0,0,0,999,0,8,1,33.0,38.1,1388.1653923081326
-0.80753267,-0.0009103065,-9.928354e-05,-0.08227437,-0.27140954,-0.26288003,-0.22034079,-0.07000716,0.0,-0.077211395,-1.819919,TSH_50,2025-09,4.4,0,15.018383339276006,0,0,0,999,0,9,1,33.0,38.1,1388.1653923081326
-0.7496229,-0.0009103065,-9.928354e-05,-0.090878956,-0.2760945,-0.25712207,-0.16971184,-0.0046959845,0.0,-0.07286213,-1.7976807,TSH_50,2025-10,5.28,0,15.018383339276006,0,0,0,999,0,10,0,33.0,38.1,1388.1653923081326
-0.7876672,-0.0009103065,-9.928354e-05,-0.099795766,-0.28928033,-0.2641569,-0.42085263,-0.0046959845,0.0,-0.104880884,-1.8102661,TSH_50,2025-11,3.74,0,15.018383339276006,0,0,0,999,0,11,0,33.0,38.1,1388.1653923081326
-0.7876206,-0.0009103065,-9.928354e-05,-0.099795766,-0.289406,-0.27674663,-0.6286913,-0.0045188097,0.0,-0.115587,-1.7906383,TSH_50,2025-12,3.05,0,15.018383339276006,0,0,0,999,0,12,0,33.0,38.1,1388.1653923081326
-0.8179555,-0.0060480274,-9.928354e-05,-0.09713506,-0.28367656,-0.29338756,-0.74486727,-0.004754602,0.0,-0.06507641,-1.6551093,TSH_50,2026-01,3.12,0,15.018383339276006,0,0,0,999,0,1,0,33.0,38.1,1388.1653923081326
-0.83033276,-0.0060480274,-9.928354e-05,-0.09703397,-0.28357548,-0.28799668,-0.6623824,-0.004754602,0.0,-0.052816615,-1.6474531,TSH_50,2026-02,3.43,0,15.018383339276006,0,0,0,999,0,2,0,33.0,38.1,1388.1653923081326
-0.82575643,-0.0060480274,-9.928354e-05,-0.09703397,-0.2747786,-0.28140208,-0.33572203,-0.004754602,0.0,-0.027704962,-1.6484791,TSH_50,2026-03,4.89,0,15.018383339276006,0,0,0,999,0,3,0,33.0,38.1,1388.1653923081326
-0.88884115,-0.0009103065,-9.928354e-05,-0.103705354,-0.29688725,-0.2763763,-0.66141176,-0.009071,0.0,-0.14644223,-1.6577936,TSH_51,2024-12,2.91,0,20.048261695096297,0,0,0,999,0,12,0,33.0,34.6,1280.709539335284
-0.8484601,-0.0060480274,-9.928354e-05,-0.09795615,-0.29028374,-0.29301727,-0.75498116,-0.013983734,0.0,-0.13806109,-1.5475398,TSH_51,2025-01,3.06,0,20.048261695096297,0,0,0,999,0,1,0,33.0,34.6,1280.709539335284
-0.8382539,-0.0060480274,-9.928354e-05,-0.09785506,-0.29018265,-0.2876264,-0.6611018,-0.013983734,0.0,-0.13699006,-1.5398836,TSH_51,2025-02,3.43,0,20.048261695096297,0,0,0,999,0,2,0,33.0,34.6,1280.709539335284
-0.8336776,-0.0060480274,-9.928354e-05,-0.09785506,-0.2813858,-0.2810318,-0.33444133,-0.013983734,0.0,-0.11187841,-1.5409096,TSH_51,2025-03,4.89,0,20.048261695096297,0,0,0,999,0,3,0,33.0,34.6,1280.709539335284
-0.86075383,-0.0009103065,-9.928354e-05,-0.09251639,-0.26723072,-0.2771974,0.08379645,-0.013983734,0.0,-0.07687533,-1.6032051,TSH_51,2025-04,7.07,0,20.048261695096297,0,0,0,999,0,4,0,33.0,34.6,1280.709539335284
-0.9259775,-0.0009103065,-9.928354e-05,-0.082568415,-0.25566345,-0.2805343,0.13173318,-0.057052106,0.0,-0.058360666,-1.6230574,TSH_51,2025-05,6.79,0,20.048261695096297,0,0,0,999,0,5,1,33.0,34.6,1280.709539335284
-0.92442936,-0.0009103065,-9.928354e-05,-0.08260221,-0.25575528,-0.27856183,0.19213912,-0.057052106,0.0,-0.054371625,-1.6262099,TSH_51,2025-06,7.21,0,20.048261695096297,0,0,0,999,0,6,1,33.0,34.6,1280.709539335284
-0.91189903,-0.0009103065,-9.928354e-05,-0.08270765,-0.2561278,-0.2744189,0.14612463,-0.054868855,0.0,-0.052382253,-1.6350518,TSH_51,2025-07,6.99,0,20.048261695096297,0,0,0,999,0,7,1,33.0,34.6,1280.709539335284
-0.908977,-0.0009103065,-9.928354e-05,-0.086406626,-0.26395556,-0.2668007,-0.007475097,-0.054868855,0.0,-0.07091643,-1.7005078,TSH_51,2025-08,5.59,0,20.048261695096297,0,0,0,999,0,8,1,33.0,34.6,1280.709539335284
-0.88785154,-0.0009103065,-9.928354e-05,-0.08618396,-0.27889082,-0.2625097,-0.23157263,-0.063679375,0.0,-0.086609334,-1.6787091,TSH_51,2025-09,4.55,0,20.048261695096297,0,0,0,999,0,9,1,33.0,34.6,1280.709539335284
-0.86472255,-0.0009103065,-9.928354e-05,-0.094788544,-0.28357574,-0.25675175,-0.20573427,-0.009248175,0.0,-0.093140036,-1.664836,TSH_51,2025-10,5.02,0,20.048261695096297,0,0,0,999,0,10,0,33.0,34.6,1280.709539335284
-0.8888878,-0.0009103065,-9.928354e-05,-0.103705354,-0.29676157,-0.26378658,-0.44299588,-0.009248175,0.0,-0.12515879,-1.6774215,TSH_51,2025-11,3.64,0,20.048261695096297,0,0,0,999,0,11,0,33.0,34.6,1280.709539335284
-0.88884115,-0.0009103065,-9.928354e-05,-0.103705354,-0.29688725,-0.2763763,-0.66141176,-0.009071,0.0,-0.14644223,-1.6577936,TSH_51,2025-12,2.91,0,20.048261695096297,0,0,0,999,0,12,0,33.0,34.6,1280.709539335284
-0.8484601,-0.0060480274,-9.928354e-05,-0.09795615,-0.29028374,-0.29301727,-0.75498116,-0.013983734,0.0,-0.13806109,-1.5475398,TSH_51,2026-01,3.06,0,20.048261695096297,0,0,0,999,0,1,0,33.0,34.6,1280.709539335284
-0.8382539,-0.0060480274,-9.928354e-05,-0.09785506,-0.29018265,-0.2876264,-0.6611018,-0.013983734,0.0,-0.13699006,-1.5398836,TSH_51,2026-02,3.43,0,20.048261695096297,0,0,0,999,0,2,0,33.0,34.6,1280.709539335284
-0.8336776,-0.0060480274,-9.928354e-05,-0.09785506,-0.2813858,-0.2810318,-0.33444133,-0.013983734,0.0,-0.11187841,-1.5409096,TSH_51,2026-03,4.89,0,20.048261695096297,0,0,0,999,0,3,0,33.0,34.6,1280.709539335284
-0.9084239,-0.0009103065,-9.928354e-05,-0.10017381,-0.29131952,-0.27969787,-0.6241451,-0.009071,0.0,-0.16836672,-1.7712942,TSH_52,2024-12,2.61,0,15.22978443257048,0,0,0,999,0,12,0,33.0,34.6,1394.963933604034
-0.9327784,-0.0060480274,-9.928354e-05,-0.0975131,-0.2896969,-0.29633883,-0.7824506,-0.013983734,0.0,-0.15998559,-1.6357652,TSH_52,2025-01,2.46,0,15.22978443257048,0,0,0,999,0,1,0,33.0,34.6,1394.963933604034
-0.9451557,-0.0060480274,-9.928354e-05,-0.09741201,-0.2895958,-0.29094794,-0.71115464,-0.013983734,0.0,-0.15891455,-1.6281092,TSH_52,2025-02,2.64,0,15.22978443257048,0,0,0,999,0,2,0,33.0,34.6,1394.963933604034
-0.9405793,-0.0060480274,-9.928354e-05,-0.09741201,-0.28079897,-0.28435335,-0.38449407,-0.013983734,0.0,-0.13380294,-1.6291353,TSH_52,2025-03,3.78,0,15.22978443257048,0,0,0,999,0,3,0,33.0,34.6,1394.963933604034
-0.9587221,-0.0009103065,-9.928354e-05,-0.09207334,-0.26664388,-0.28051898,0.042677373,-0.013983734,0.0,-0.098799855,-1.7054651,TSH_52,2025-04,5.52,0,15.22978443257048,0,0,0,999,0,4,0,33.0,34.6,1394.963933604034
-1.0200609,-0.0009103065,-9.928354e-05,-0.082125366,-0.25507662,-0.2838559,0.094499074,-0.057052106,0.0,-0.08028521,-1.7365582,TSH_52,2025-05,5.28,0,15.22978443257048,0,0,0,999,0,5,1,33.0,34.6,1394.963933604034
-1.0185127,-0.0009103065,-9.928354e-05,-0.08215916,-0.25516844,-0.28188342,0.15490498,-0.057052106,0.0,-0.07629615,-1.7397107,TSH_52,2025-06,5.61,0,15.22978443257048,0,0,0,999,0,6,1,33.0,34.6,1394.963933604034
-1.0059824,-0.0009103065,-9.928354e-05,-0.0822646,-0.25554097,-0.27774045,0.108890526,-0.054868855,0.0,-0.074306786,-1.7485524,TSH_52,2025-07,5.43,0,15.22978443257048,0,0,0,999,0,7,1,33.0,34.6,1394.963933604034
-0.9693625,-0.0009103065,-9.928354e-05,-0.08287508,-0.26336873,-0.2701223,-0.011011214,-0.054868855,0.0,-0.092840955,-1.8140086,TSH_52,2025-08,4.63,0,15.22978443257048,0,0,0,999,0,8,1,33.0,34.6,1394.963933604034
-0.928336,-0.0009103065,-9.928354e-05,-0.08265241,-0.2733231,-0.26583126,-0.21520758,-0.063679375,0.0,-0.108533844,-1.7922097,TSH_52,2025-09,3.93,0,15.22978443257048,0,0,0,999,0,9,1,33.0,34.6,1394.963933604034
-0.8704261,-0.0009103065,-9.928354e-05,-0.091257,-0.278008,-0.26007333,-0.15458837,-0.009248175,0.0,-0.11506456,-1.7783366,TSH_52,2025-10,4.63,0,15.22978443257048,0,0,0,999,0,10,0,33.0,34.6,1394.963933604034
-0.90847045,-0.0009103065,-9.928354e-05,-0.10017381,-0.29119384,-0.26710817,-0.40572914,-0.009248175,0.0,-0.14708331,-1.790922,TSH_52,2025-11,3.27,0,15.22978443257048,0,0,0,999,0,11,0,33.0,34.6,1394.963933604034
-0.9084239,-0.0009103065,-9.928354e-05,-0.10017381,-0.29131952,-0.27969787,-0.6241451,-0.009071,0.0,-0.16836672,-1.7712942,TSH_52,2025-12,2.61,0,15.22978443257048,0,0,0,999,0,12,0,33.0,34.6,1394.963933604034
-0.9327784,-0.0060480274,-9.928354e-05,-0.0975131,-0.2896969,-0.29633883,-0.7824506,-0.013983734,0.0,-0.15998559,-1.6357652,TSH_52,2026-01,2.46,0,15.22978443257048,0,0,0,999,0,1,0,33.0,34.6,1394.963933604034
-0.9451557,-0.0060480274,-9.928354e-05,-0.09741201,-0.2895958,-0.29094794,-0.71115464,-0.013983734,0.0,-0.15891455,-1.6281092,TSH_52,2026-02,2.64,0,15.22978443257048,0,0,0,999,0,2,0,33.0,34.6,1394.963933604034
-0.9405793,-0.0060480274,-9.928354e-05,-0.09741201,-0.28079897,-0.28435335,-0.38449407,-0.013983734,0.0,-0.13380294,-1.6291353,TSH_52,2026-03,3.78,0,15.22978443257048,0,0,0,999,0,3,0,33.0,34.6,1394.963933604034
-1.8289448,-0.0009103065,-9.928354e-05,-0.08781381,-0.26228482,-0.33973062,-0.6318552,-0.047222517,0.0,-0.122278444,0.4114751,TSH_53,2024-12,8.5,0,10.342948140610115,0,0,0,999,0,12,0,33.0,34.6,2308.5294130259003
-1.7784268,-0.0060480274,-9.928354e-05,-0.092014164,-0.26604712,-0.3597731,-0.9657444,-0.05213526,0.0,-0.11488721,0.30562833,TSH_53,2025-01,5.75,0,10.342948140610115,0,0,0,999,0,1,0,33.0,34.6,2308.5294130259003
-1.7908039,-0.0060480274,-9.928354e-05,-0.091913074,-0.26594603,-0.35438222,-0.88677406,-0.05213526,0.0,-0.11381617,0.32095876,TSH_53,2025-02,6.25,0,10.342948140610115,0,0,0,999,0,2,0,33.0,34.6,2308.5294130259003
-1.8048184,-0.0060480274,-9.928354e-05,-0.091913074,-0.2571492,-0.34778762,-0.57870483,-0.05213526,0.0,-0.08870453,0.3199327,TSH_53,2025-03,8.52,0,10.342948140610115,0,0,0,999,0,3,0,33.0,34.6,2308.5294130259003
-1.7500263,-0.0009103065,-9.928354e-05,-0.086574405,-0.24299414,-0.34395325,0.060838904,-0.05213526,0.0,-0.05419272,0.39141864,TSH_53,2025-04,17.58,0,10.342948140610115,0,0,0,999,0,4,0,33.0,34.6,2308.5294130259003
-1.7006383,-0.0009103065,-9.928354e-05,-0.080178306,-0.22990501,-0.35100618,0.16716509,-0.025001306,0.0,-0.034888826,0.36672202,TSH_53,2025-05,20.5,0,10.342948140610115,0,0,0,999,0,5,1,33.0,34.6,2308.5294130259003
-1.732997,-0.0009103065,-9.928354e-05,-0.0802121,-0.22999682,-0.3490337,0.17813042,-0.025001306,0.0,-0.031871557,0.34803563,TSH_53,2025-06,19.94,0,10.342948140610115,0,0,0,999,0,6,1,33.0,34.6,2308.5294130259003
-1.7948667,-0.0009103065,-9.928354e-05,-0.08031754,-0.23036933,-0.34489074,0.07230711,-0.022818053,0.0,-0.029882189,0.35378492,TSH_53,2025-07,17.59,0,10.342948140610115,0,0,0,999,0,7,1,33.0,34.6,2308.5294130259003
-1.8125067,-0.0009103065,-9.928354e-05,-0.08092802,-0.23281217,-0.33387113,-0.022915648,-0.022818053,0.0,-0.045155704,0.3611462,TSH_53,2025-08,16.01,0,10.342948140610115,0,0,0,999,0,8,1,33.0,34.6,2308.5294130259003
-1.8048373,-0.0009103065,-9.928354e-05,-0.08070535,-0.24276648,-0.32958013,-0.22602187,-0.031628575,0.0,-0.062445547,0.3997896,TSH_53,2025-09,13.64,0,10.342948140610115,0,0,0,999,0,9,1,33.0,34.6,2308.5294130259003
-1.8119447,-0.0009103065,-9.928354e-05,-0.08575806,-0.2489733,-0.32010603,-0.14856069,-0.047399692,0.0,-0.06897625,0.43916816,TSH_53,2025-10,14.68,0,10.342948140610115,0,0,0,999,0,10,0,33.0,34.6,2308.5294130259003
-1.8289915,-0.0009103065,-9.928354e-05,-0.08781381,-0.26215914,-0.32714093,-0.36816907,-0.047399692,0.0,-0.10099499,0.43711752,TSH_53,2025-11,11.38,0,10.342948140610115,0,0,0,999,0,11,0,33.0,34.6,2308.5294130259003
-1.8289448,-0.0009103065,-9.928354e-05,-0.08781381,-0.26228482,-0.33973062,-0.6318552,-0.047222517,0.0,-0.122278444,0.4114751,TSH_53,2025-12,8.5,0,10.342948140610115,0,0,0,999,0,12,0,33.0,34.6,2308.5294130259003
-1.7784268,-0.0060480274,-9.928354e-05,-0.092014164,-0.26604712,-0.3597731,-0.9657444,-0.05213526,0.0,-0.11488721,0.30562833,TSH_53,2026-01,5.75,0,10.342948140610115,0,0,0,999,0,1,0,33.0,34.6,2308.5294130259003
-1.7908039,-0.0060480274,-9.928354e-05,-0.091913074,-0.26594603,-0.35438222,-0.88677406,-0.05213526,0.0,-0.11381617,0.32095876,TSH_53,2026-02,6.25,0,10.342948140610115,0,0,0,999,0,2,0,33.0,34.6,2308.5294130259003
-1.8048184,-0.0060480274,-9.928354e-05,-0.091913074,-0.2571492,-0.34778762,-0.57870483,-0.05213526,0.0,-0.08870453,0.3199327,TSH_53,2026-03,8.52,0,10.342948140610115,0,0,0,999,0,3,0,33.0,34.6,2308.5294130259003
-1.9619117,-0.0009103065,-9.928354e-05,-0.0910461,-0.27188587,-0.33740604,-0.63233304,-0.031504802,0.0,-0.11939407,-0.22258961,TSH_54,2024-12,4.17,0,10.952609533464562,0,0,0,999,0,12,0,33.0,34.6,1901.921175620572
-1.8926797,-0.0060480274,-9.928354e-05,-0.09524646,-0.27564827,-0.35744852,-0.8015027,-0.036417536,0.0,-0.10773559,-0.16371675,TSH_54,2025-01,3.91,0,10.952609533464562,0,0,0,999,0,1,0,33.0,34.6,1901.921175620572
-1.9050568,-0.0060480274,-9.928354e-05,-0.09514537,-0.27554718,-0.35205764,-0.7302067,-0.036417536,0.0,-0.10666457,-0.15606056,TSH_54,2025-02,4.19,0,10.952609533464562,0,0,0,999,0,2,0,33.0,34.6,1901.921175620572
-1.9190713,-0.0060480274,-9.928354e-05,-0.09514537,-0.2667503,-0.34546304,-0.42213705,-0.036417536,0.0,-0.08155292,-0.15708657,TSH_54,2025-03,5.75,0,10.952609533464562,0,0,0,999,0,3,0,33.0,34.6,1901.921175620572
-1.8853986,-0.0009103065,-9.928354e-05,-0.0898067,-0.25259528,-0.34162867,0.08360589,-0.036417536,0.0,-0.048230223,-0.21940126,TSH_54,2025-04,9.47,0,10.952609533464562,0,0,0,999,0,4,0,33.0,34.6,1901.921175620572
-1.8422756,-0.0009103065,-9.928354e-05,-0.0834106,-0.23950614,-0.3486816,0.14919929,-0.041972466,0.0,-0.029715583,-0.31751966,TSH_54,2025-05,9.79,0,10.952609533464562,0,0,0,999,0,5,1,33.0,34.6,1901.921175620572
-1.8746344,-0.0009103065,-9.928354e-05,-0.083444394,-0.23959795,-0.34670913,0.17569841,-0.041972466,0.0,-0.025726542,-0.3206723,TSH_54,2025-06,9.76,0,10.952609533464562,0,0,0,999,0,6,1,33.0,34.6,1901.921175620572
-1.9365041,-0.0009103065,-9.928354e-05,-0.083549835,-0.23997046,-0.34256616,0.069875106,-0.039789215,0.0,-0.023737174,-0.31492302,TSH_54,2025-07,8.48,0,10.952609533464562,0,0,0,999,0,7,1,33.0,34.6,1901.921175620572
-1.9541442,-0.0009103065,-9.928354e-05,-0.08416031,-0.2424133,-0.33154655,-0.0530679,-0.039789215,0.0,-0.042271342,-0.33528194,TSH_54,2025-08,7.24,0,10.952609533464562,0,0,0,999,0,8,1,33.0,34.6,1901.921175620572
-1.9378043,-0.0009103065,-9.928354e-05,-0.083937645,-0.25236762,-0.32725555,-0.2605094,-0.04859974,0.0,-0.059561178,-0.30097377,TSH_54,2025-09,6.07,0,10.952609533464562,0,0,0,999,0,9,1,33.0,34.6,1901.921175620572
-1.9449117,-0.0009103065,-9.928354e-05,-0.08899035,-0.25857437,-0.31778145,-0.17421722,-0.031681977,0.0,-0.06609188,-0.2200753,TSH_54,2025-10,7.11,0,10.952609533464562,0,0,0,999,0,10,0,33.0,34.6,1901.921175620572
-1.9619584,-0.0009103065,-9.928354e-05,-0.0910461,-0.2717602,-0.32481635,-0.39382565,-0.031681977,0.0,-0.09811063,-0.22212596,TSH_54,2025-11,5.4,0,10.952609533464562,0,0,0,999,0,11,0,33.0,34.6,1901.921175620572
-1.9619117,-0.0009103065,-9.928354e-05,-0.0910461,-0.27188587,-0.33740604,-0.63233304,-0.031504802,0.0,-0.11939407,-0.22258961,TSH_54,2025-12,4.17,0,10.952609533464562,0,0,0,999,0,12,0,33.0,34.6,1901.921175620572
-1.8926797,-0.0060480274,-9.928354e-05,-0.09524646,-0.27564827,-0.35744852,-0.8015027,-0.036417536,0.0,-0.10773559,-0.16371675,TSH_54,2026-01,3.91,0,10.952609533464562,0,0,0,999,0,1,0,33.0,34.6,1901.921175620572
-1.9050568,-0.0060480274,-9.928354e-05,-0.09514537,-0.27554718,-0.35205764,-0.7302067,-0.036417536,0.0,-0.10666457,-0.15606056,TSH_54,2026-02,4.19,0,10.952609533464562,0,0,0,999,0,2,0,33.0,34.6,1901.921175620572
-1.9190713,-0.0060480274,-9.928354e-05,-0.09514537,-0.2667503,-0.34546304,-0.42213705,-0.036417536,0.0,-0.08155292,-0.15708657,TSH_54,2026-03,5.75,0,10.952609533464562,0,0,0,999,0,3,0,33.0,34.6,1901.921175620572
0.23776042,-0.0009103065,-0.00039860196,-0.08424841,-0.3045502,-0.28231612,-0.82432973,-0.05400236,0.0,-0.11885714,-2.2593431,TSH_55,2024-12,4.08,0,108.6404416060091,0,0,0,999,0,12,0,33.0,34.6,237.68312810845327
0.38462365,-0.0060480274,-0.00039860196,-0.078499205,-0.2929259,-0.29895714,-0.71324027,-0.0589151,0.0,-0.103579424,-2.0222867,TSH_55,2025-01,6.56,0,108.6404416060091,0,0,0,999,0,1,0,33.0,34.6,237.68312810845327
0.39838707,-0.0060480274,-0.00039860196,-0.078398116,-0.2928248,-0.29356626,-0.63550407,-0.0589151,0.0,-0.10250842,-2.0393314,TSH_55,2025-02,7.07,0,108.6404416060091,0,0,0,999,0,2,0,33.0,34.6,237.68312810845327
0.4029634,-0.0060480274,-0.00039860196,-0.078398116,-0.284028,-0.28697166,-0.2983289,-0.0589151,0.0,-0.07739676,-2.0298426,TSH_55,2025-03,10.12,0,108.6404416060091,0,0,0,999,0,3,0,33.0,34.6,237.68312810845327
0.39764565,-0.0009103065,-0.00039860196,-0.07305945,-0.26987287,-0.28313726,0.14166744,-0.0589151,0.0,-0.042393655,-2.0921378,TSH_55,2025-04,14.83,0,108.6404416060091,0,0,0,999,0,4,0,33.0,34.6,237.68312810845327
0.37001812,-0.0009103065,-0.00039860196,-0.06311146,-0.25262138,-0.28647414,0.20058163,-0.018772181,0.0,-0.028345184,-2.063054,TSH_55,2025-05,16.67,0,108.6404416060091,0,0,0,999,0,5,1,33.0,34.6,237.68312810845327
0.37156627,-0.0009103065,-0.00039860196,-0.06314526,-0.2527132,-0.2845017,0.22833586,-0.018772181,0.0,-0.024356142,-2.0988584,TSH_55,2025-06,16.66,0,108.6404416060091,0,0,0,999,0,6,1,33.0,34.6,237.68312810845327
0.38409656,-0.0009103065,-0.00039860196,-0.06325069,-0.25478142,-0.28035873,0.16663462,-0.016588934,0.0,-0.022366771,-2.1233876,TSH_55,2025-07,15.74,0,108.6404416060091,0,0,0,999,0,7,1,33.0,34.6,237.68312810845327
0.3220593,-0.0009103065,-0.00039860196,-0.066949666,-0.26593426,-0.27274054,-0.057592586,-0.016588934,0.0,-0.040900923,-2.202901,TSH_55,2025-08,11.21,0,108.6404416060091,0,0,0,999,0,8,1,33.0,34.6,237.68312810845327
0.29172182,-0.0009103065,-0.00039860196,-0.066727,-0.28086948,-0.26844952,-0.37538573,-0.025399456,0.0,-0.056593828,-2.2388203,TSH_55,2025-09,7.67,0,108.6404416060091,0,0,0,999,0,9,1,33.0,34.6,237.68312810845327
0.25407073,-0.0009103065,-0.00039860196,-0.0753316,-0.2912387,-0.26269153,-0.3727312,-0.054179534,0.0,-0.06464906,-2.2629056,TSH_55,2025-10,6.93,0,108.6404416060091,0,0,0,999,0,10,0,33.0,34.6,237.68312810845327
0.23746416,-0.0009103065,-0.00039860196,-0.08424841,-0.30442452,-0.26972643,-0.6146051,-0.054179534,0.0,-0.09666781,-2.2876618,TSH_55,2025-11,5.01,0,108.6404416060091,0,0,0,999,0,11,0,33.0,34.6,237.68312810845327
0.23776042,-0.0009103065,-0.00039860196,-0.08424841,-0.3045502,-0.28231612,-0.82432973,-0.05400236,0.0,-0.11885714,-2.2593431,TSH_55,2025-12,4.08,0,108.6404416060091,0,0,0,999,0,12,0,33.0,34.6,237.68312810845327
0.38462365,-0.0060480274,-0.00039860196,-0.078499205,-0.2929259,-0.29895714,-0.71324027,-0.0589151,0.0,-0.103579424,-2.0222867,TSH_55,2026-01,6.56,0,108.6404416060091,0,0,0,999,0,1,0,33.0,34.6,237.68312810845327
0.39838707,-0.0060480274,-0.00039860196,-0.078398116,-0.2928248,-0.29356626,-0.63550407,-0.0589151,0.0,-0.10250842,-2.0393314,TSH_55,2026-02,7.07,0,108.6404416060091,0,0,0,999,0,2,0,33.0,34.6,237.68312810845327
0.4029634,-0.0060480274,-0.00039860196,-0.078398116,-0.284028,-0.28697166,-0.2983289,-0.0589151,0.0,-0.07739676,-2.0298426,TSH_55,2026-03,10.12,0,108.6404416060091,0,0,0,999,0,3,0,33.0,34.6,237.68312810845327
-0.056193482,-0.0009103065,-0.00034592953,0.3065318,-0.039776143,-0.22622736,-0.71561396,-0.05466117,0.0,-0.12129486,1.0120363,TSH_56,2024-12,65.41,0,7.255355673800725,0,0,1,17,0,12,0,33.0,31.9,2671.26807717853
-0.014771745,-0.0060480274,-0.00034592953,0.3369591,-0.02579247,-0.23698582,-0.99760437,-0.059573904,0.0,-0.14199908,0.94977653,TSH_56,2025-01,58.35,0,7.255355673800725,0,0,1,18,0,1,0,33.0,31.9,2671.26807717853
-0.027148938,-0.0060480274,-0.00034592953,0.33706018,-0.02569138,-0.23159495,-0.9186342,-0.059573904,0.0,-0.14092806,0.96510684,TSH_56,2025-02,60.49,0,7.255355673800725,0,0,1,19,0,2,0,33.0,31.9,2671.26807717853
-0.01919555,-0.0060480274,-0.00034592953,0.33706018,-0.035008576,-0.22604957,-0.6067109,-0.059573904,0.0,-0.11581644,0.96408087,TSH_56,2025-03,68.27,0,7.255355673800725,0,0,1,20,0,3,0,33.0,31.9,2671.26807717853
0.045254935,-0.0009103065,-0.00034592953,0.314226,-0.020853486,-0.21973154,0.07185993,-0.059573904,0.0,-0.03599517,1.0494603,TSH_56,2025-04,84.25,0,7.255355673800725,0,0,1,21,0,4,0,33.0,31.9,2671.26807717853
0.13295947,-0.0009103065,-0.00034592953,0.2629972,-0.026986914,-0.23253399,0.2046053,-0.08715563,0.0,-0.007679138,1.0489681,TSH_56,2025-05,86.15,0,7.255355673800725,0,0,1,22,0,5,1,33.0,31.9,2671.26807717853
0.106201224,-0.0009103065,-0.00034592953,0.26318523,-0.026601195,-0.23196025,0.1952502,-0.08715563,0.0,-0.01399231,1.0129918,TSH_56,2025-06,85.2,0,7.255355673800725,0,0,1,23,0,6,1,33.0,31.9,2671.26807717853
0.05526608,-0.0009103065,-0.00034592953,0.26335374,-0.02566345,-0.23098569,0.09397867,-0.08497238,0.0,-0.019969951,1.0187411,TSH_56,2025-07,83.23,0,7.255355673800725,0,0,1,24,0,7,1,33.0,31.9,2671.26807717853
0.027514152,-0.0009103065,-0.00034592953,0.26563764,-0.026487932,-0.22290389,-0.009054171,-0.08497238,0.0,-0.031219127,1.0137798,TSH_56,2025-08,81.22,0,7.255355673800725,0,0,1,25,0,8,1,33.0,31.9,2671.26807717853
0.015086431,-0.0009103065,-0.00034592953,0.2651444,-0.033810437,-0.2204934,-0.23177302,-0.09378291,0.0,-0.04859803,1.04904,TSH_56,2025-09,77.44,0,7.255355673800725,0,0,1,26,0,9,1,33.0,31.9,2671.26807717853
-0.037238836,-0.0009103065,-0.00034592953,0.30858755,-0.037295975,-0.20526986,-0.21828613,-0.054838344,0.0,-0.07120932,1.0642141,TSH_56,2025-10,78.26,0,7.255355673800725,0,0,1,27,0,10,0,33.0,31.9,2671.26807717853
-0.0562401,-0.0009103065,-0.00034592953,0.3065318,-0.040563714,-0.21181108,-0.45284107,-0.054838344,0.0,-0.1000114,1.0376787,TSH_56,2025-11,72.32,0,7.255355673800725,0,0,1,28,0,11,0,33.0,31.9,2671.26807717853
-0.05565725,-0.0009103065,-0.00034592953,0.3065318,-0.036839224,-0.22935665,-0.7159578,-0.05466117,0.0,-0.12129486,1.0120363,TSH_56,2025-12,65.41,0,7.255355673800725,0,0,1,29,0,12,0,33.0,31.9,2671.26807717853
-0.014235511,-0.0060480274,-0.00034592953,0.3369591,-0.020130247,-0.24340406,-0.99738455,-0.059573904,0.0,-0.14199908,0.94977653,TSH_56,2026-01,58.35,0,7.255355673800725,0,0,1,30,0,1,0,33.0,31.9,2671.26807717853
-0.029568931,-0.0060480274,-0.00034592953,0.33706018,-0.0106089935,-0.24434228,-0.91827035,-0.059573904,0.0,-0.14092806,0.9648279,TSH_56,2026-02,60.49,0,7.255355673800725,0,0,1,31,0,2,0,33.0,31.9,2671.26807717853
-0.0071111936,-0.0060480274,-0.00034592953,0.33706018,0.6357937,-0.2628251,-0.6056343,-0.0627839,0.0,-0.11315785,0.9814158,TSH_56,2026-03,80.69,0,7.255355673800725,0,0,1,32,0,3,0,33.0,31.9,2671.26807717853
-1.5975395,-0.0009103065,-9.928354e-05,-0.09790206,-0.26777154,-0.37487784,-0.64349896,-0.07511163,0.0,-0.33645192,-0.1817768,TSH_57,2024-12,4.55,0,8.84383673624741,0,0,0,999,0,12,0,33.0,31.9,3180.9723357621465
-1.5664943,-0.0060480274,-9.928354e-05,-0.10210242,-0.2715339,-0.3983626,-1.0382683,-0.08002436,0.0,-0.3551876,-0.31094655,TSH_57,2025-01,2.67,0,8.84383673624741,0,0,0,999,0,1,0,33.0,31.9,3180.9723357621465
-1.5788715,-0.0060480274,-9.928354e-05,-0.10200133,-0.2714328,-0.39297172,-0.95929813,-0.08002436,0.0,-0.35411656,-0.29561618,TSH_57,2025-02,2.91,0,8.84383673624741,0,0,0,999,0,2,0,33.0,31.9,3180.9723357621465
-1.592886,-0.0060480274,-9.928354e-05,-0.10200133,-0.26263598,-0.38637713,-0.6512288,-0.08002436,0.0,-0.32900488,-0.29664215,TSH_57,2025-03,4.02,0,8.84383673624741,0,0,0,999,0,3,0,33.0,31.9,3180.9723357621465
-1.5284356,-0.0009103065,-9.928354e-05,-0.096662655,-0.24848093,-0.38098425,0.045038044,-0.08002436,0.0,-0.2444292,-0.21849698,TSH_57,2025-04,9.8,0,8.84383673624741,0,0,0,999,0,4,0,33.0,31.9,3180.9723357621465
-1.4579031,-0.0009103065,-9.928354e-05,-0.09026657,-0.23539181,-0.38958097,0.16427462,0.0042714686,0.0,-0.2188282,-0.18964364,TSH_57,2025-05,13.23,0,8.84383673624741,0,0,0,999,0,5,1,33.0,31.9,3180.9723357621465
-1.4902617,-0.0009103065,-9.928354e-05,-0.09030037,-0.23548362,-0.38760853,0.18567897,0.0042714686,0.0,-0.22856225,-0.18856063,TSH_57,2025-06,13.03,0,8.84383673624741,0,0,0,999,0,6,1,33.0,31.9,3180.9723357621465
-1.5521314,-0.0009103065,-9.928354e-05,-0.09040581,-0.23585613,-0.38346556,0.07188862,0.0064547197,0.0,-0.2345399,-0.18281135,TSH_57,2025-07,11.22,0,8.84383673624741,0,0,0,999,0,7,1,33.0,31.9,3180.9723357621465
-1.5697713,-0.0009103065,-9.928354e-05,-0.09101628,-0.23829894,-0.37040636,-0.018595073,0.0064547197,0.0,-0.2498134,-0.17071098,TSH_57,2025-08,10.25,0,8.84383673624741,0,0,0,999,0,8,1,33.0,31.9,3180.9723357621465
-1.5677752,-0.0009103065,-9.928354e-05,-0.09079361,-0.24825321,-0.36472732,-0.21380852,-0.0023558047,0.0,-0.2671924,-0.11850161,TSH_57,2025-09,8.78,0,8.84383673624741,0,0,0,999,0,9,1,33.0,31.9,3180.9723357621465
-1.5805395,-0.0009103065,-9.928354e-05,-0.09584631,-0.25446,-0.35525325,-0.13729419,-0.0752888,0.0,-0.2831497,-0.13117355,TSH_57,2025-10,8.47,0,8.84383673624741,0,0,0,999,0,10,0,33.0,31.9,3180.9723357621465
-1.5975862,-0.0009103065,-9.928354e-05,-0.09790206,-0.26764587,-0.36228815,-0.37981275,-0.0752888,0.0,-0.3151684,-0.15613438,TSH_57,2025-11,6.18,0,8.84383673624741,0,0,0,999,0,11,0,33.0,31.9,3180.9723357621465
-1.5975395,-0.0009103065,-9.928354e-05,-0.09790206,-0.26777154,-0.37487784,-0.64349896,-0.07511163,0.0,-0.33645192,-0.1817768,TSH_57,2025-12,4.55,0,8.84383673624741,0,0,0,999,0,12,0,33.0,31.9,3180.9723357621465
-1.5664943,-0.0060480274,-9.928354e-05,-0.10210242,-0.2715339,-0.3983626,-1.0382683,-0.08002436,0.0,-0.3551876,-0.31094655,TSH_57,2026-01,2.67,0,8.84383673624741,0,0,0,999,0,1,0,33.0,31.9,3180.9723357621465
-1.5788715,-0.0060480274,-9.928354e-05,-0.10200133,-0.2714328,-0.39297172,-0.95929813,-0.08002436,0.0,-0.35411656,-0.29561618,TSH_57,2026-02,2.91,0,8.84383673624741,0,0,0,999,0,2,0,33.0,31.9,3180.9723357621465
-1.592886,-0.0060480274,-9.928354e-05,-0.10200133,-0.26263598,-0.38637713,-0.6512288,-0.08002436,0.0,-0.32900488,-0.29664215,TSH_57,2026-03,4.02,0,8.84383673624741,0,0,0,999,0,3,0,33.0,31.9,3180.9723357621465
-1.3780631,-0.0006767492,-0.00034592953,0.039382353,0.6322588,1.358704,-0.61347663,-0.058999762,0.0,-0.037035827,-0.0038089207,TSH_58,2024-12,61.57,0,9.75908053475707,0,0,2,5,1,12,0,33.0,34.6,3449.197891145174
-1.303381,-0.0038209618,-0.00034592953,0.054516323,0.6989884,1.470474,-0.7828828,-0.06503465,0.0,-0.0084554665,-0.12731212,TSH_58,2025-01,61.45,0,9.75908053475707,0,0,2,6,1,1,0,33.0,34.6,3449.197891145174
-1.3249066,-0.0038209618,-0.00034592953,0.042943552,0.3328818,1.4687667,-0.8010185,-0.06672521,0.0,-0.025103718,-0.09758858,TSH_58,2025-02,51.47,1,9.75908053475707,0,0,2,7,1,2,0,33.0,34.6,3449.197891145174
-1.3451065,-0.0038209618,-0.00034592953,0.07542337,-0.4724058,1.5062349,-0.55614924,-0.07487431,0.0,-0.0033110161,-0.08738216,TSH_58,2025-03,39.46,1,9.75908053475707,0,0,2,8,1,3,0,33.0,34.6,3449.197891145174
-1.2806561,-0.0006767492,-0.00034592953,0.043175504,-0.4589995,1.4701273,0.021013092,-0.07487431,0.0,0.022926342,-0.0124794245,TSH_58,2025-04,56.53,1,9.75908053475707,0,0,2,9,1,4,0,33.0,34.6,3449.197891145174
-1.1977034,0.00821215,0.00044331595,0.0041354606,0.19668005,1.4443414,0.10559706,-0.06754824,0.0,-0.0077085397,-0.014470134,TSH_58,2025-05,73.22,0,9.75908053475707,1,1,3,0,1,5,1,33.0,34.6,3449.197891145174
-1.23019,-0.0006767492,-0.00034592953,0.0092684785,0.20277493,1.4418123,0.13699955,-0.06754824,0.0,-0.008112164,-0.011100642,TSH_58,2025-06,73.23,0,9.75908053475707,0,0,3,1,1,6,1,33.0,34.6,3449.197891145174
-1.2915137,-0.0006767492,-0.00034592953,0.017360868,0.22351837,1.4384143,0.030743655,-0.06681135,0.0,-0.0061227945,-0.0071035917,TSH_58,2025-07,70.5,0,9.75908053475707,0,0,3,2,1,7,1,33.0,34.6,3449.197891145174
-1.3260361,-0.0006767492,-0.00034592953,0.026999833,0.22774383,1.3982128,-0.103552215,-0.06681135,0.0,-0.013260267,-0.0017974353,TSH_58,2025-08,66.24,0,9.75908053475707,0,0,3,3,1,8,1,33.0,34.6,3449.197891145174
-1.3226084,-0.0006767492,-0.00034592953,0.02626546,0.24884978,1.3751714,-0.2876121,-0.065175526,0.0,-0.028006662,0.04779734,TSH_58,2025-09,62.88,0,9.75908053475707,0,0,3,4,1,9,1,33.0,34.6,3449.197891145174
-1.3493538,-0.0006767492,-0.00034592953,0.034866765,0.57973385,1.2842453,-0.27250782,-0.059176937,0.0,0.010135706,0.03864101,TSH_58,2025-10,68.98,0,9.75908053475707,0,0,3,5,1,10,0,33.0,34.6,3449.197891145174
-1.3771203,-0.0006767492,-0.00034592953,0.039382353,0.6975547,1.3510681,-0.40628162,-0.059176937,0.0,-0.019888598,0.01749873,TSH_58,2025-11,68.47,0,9.75908053475707,0,0,3,6,1,11,0,33.0,34.6,3449.197891145174
-1.386222,-0.0006767492,-0.00034592953,0.034842506,0.37035495,1.4234564,-0.6447514,-0.060690314,0.0,-0.042012338,-0.0019039069,TSH_58,2025-12,55.62,0,9.75908053475707,0,0,3,7,1,12,0,33.0,34.6,3449.197891145174
-1.3187147,-0.0038209618,-0.00034592953,0.07575301,-0.47422546,1.5569733,-0.86296976,-0.07487431,0.0,-0.02991474,-0.101686575,TSH_58,2026-01,33.18,0,9.75908053475707,0,0,3,8,1,1,0,33.0,34.6,3449.197891145174
-1.3310919,-0.0038209618,-0.00034592953,0.07542337,-0.4732629,1.5248345,-0.82195985,-0.07487431,0.0,-0.028422676,-0.086356156,TSH_58,2026-02,33.49,0,9.75908053475707,0,0,3,9,1,2,0,33.0,34.6,3449.197891145174
-1.3451065,-0.0038209618,-0.00034592953,0.07542337,-0.4724058,1.5062349,-0.55614924,-0.07487431,0.0,-0.0033110161,-0.08738216,TSH_58,2026-03,39.46,1,9.75908053475707,0,0,3,10,1,3,0,33.0,34.6,3449.197891145174
-0.9613966,-0.0009103065,-0.00039860196,0.29100603,-0.30744642,-0.26075807,-0.72183603,-0.019722205,0.0,-0.15439077,-2.437961,TSH_59,2024-12,1.73,0,32.770037941087175,0,0,1,64,0,12,0,33.0,34.6,724.0760612684479
-0.93285173,-0.0060480274,-0.00039860196,0.3176453,-0.29914725,-0.2758312,-0.69729257,-0.02463494,0.0,-0.1317728,-2.227242,TSH_59,2025-01,2.31,0,32.770037941087175,0,0,1,65,0,1,0,33.0,34.6,724.0760612684479
-0.921941,-0.0060480274,-0.00039860196,0.3177464,-0.29904616,-0.2704403,-0.62240905,-0.02463494,0.0,-0.13070178,-2.2385817,TSH_59,2025-02,2.5,0,32.770037941087175,0,0,1,66,0,2,0,33.0,34.6,724.0760612684479
-0.91736466,-0.0060480274,-0.00039860196,0.3177464,-0.29024932,-0.26384574,-0.28523383,-0.02463494,0.0,-0.10559013,-2.2290928,TSH_59,2025-03,3.66,0,32.770037941087175,0,0,1,67,0,3,0,33.0,34.6,724.0760612684479
-0.944441,-0.0009103065,-0.00039860196,0.29491222,-0.27609423,-0.25908622,0.10483105,-0.02463494,0.0,-0.07534139,-2.2946303,TSH_59,2025-04,5.01,0,32.770037941087175,0,0,1,68,0,4,0,33.0,34.6,724.0760612684479
-1.0083587,-0.0009103065,-0.00039860196,0.23082708,-0.26231053,-0.2688777,0.16374527,-0.09481548,0.0,-0.06129291,-2.267492,TSH_59,2025-05,4.58,0,32.770037941087175,0,0,1,69,0,5,1,33.0,34.6,724.0760612684479
-1.0068107,-0.0009103065,-0.00039860196,0.2310151,-0.26240236,-0.2673489,0.19172128,-0.09481548,0.0,-0.05730386,-2.3032963,TSH_59,2025-06,4.58,0,32.770037941087175,0,0,1,70,0,6,1,33.0,34.6,724.0760612684479
-0.9942803,-0.0009103065,-0.00039860196,0.23118359,-0.26447058,-0.26375377,0.13029395,-0.09263223,0.0,-0.05531449,-2.3278248,TSH_59,2025-07,4.29,0,32.770037941087175,0,0,1,71,0,7,1,33.0,34.6,724.0760612684479
-0.98190784,-0.0009103065,-0.00039860196,0.24411657,-0.27229834,-0.25763714,-0.012342096,-0.09263223,0.0,-0.07384865,-2.398949,TSH_59,2025-08,3.51,0,32.770037941087175,0,0,1,72,0,8,1,33.0,34.6,724.0760612684479
-0.9593506,-0.0009103065,-0.00039860196,0.24362338,-0.2872336,-0.25334612,-0.27938816,-0.10144275,0.0,-0.08954154,-2.4193828,TSH_59,2025-09,2.62,0,32.770037941087175,0,0,1,73,0,9,1,33.0,34.6,724.0760612684479
-0.9375276,-0.0009103065,-0.00039860196,0.29992285,-0.29413494,-0.2411335,-0.26267877,-0.01989938,0.0,-0.10018271,-2.4415238,TSH_59,2025-10,3.03,0,32.770037941087175,0,0,1,74,0,10,0,33.0,34.6,724.0760612684479
-0.96169287,-0.0009103065,-0.00039860196,0.29100603,-0.30732074,-0.24816838,-0.5121113,-0.01989938,0.0,-0.13220146,-2.46628,TSH_59,2025-11,2.14,0,32.770037941087175,0,0,1,75,0,11,0,33.0,34.6,724.0760612684479
-0.9613966,-0.0009103065,-0.00039860196,0.29100603,-0.30744642,-0.26075807,-0.72183603,-0.019722205,0.0,-0.15439077,-2.437961,TSH_59,2025-12,1.73,0,32.770037941087175,0,0,1,76,0,12,0,33.0,34.6,724.0760612684479
-0.93285173,-0.0060480274,-0.00039860196,0.3176453,-0.29914725,-0.2758312,-0.69729257,-0.02463494,0.0,-0.1317728,-2.227242,TSH_59,2026-01,2.31,0,32.770037941087175,0,0,1,77,0,1,0,33.0,34.6,724.0760612684479
-0.921941,-0.0060480274,-0.00039860196,0.3177464,-0.29904616,-0.2704403,-0.62240905,-0.02463494,0.0,-0.13070178,-2.2385817,TSH_59,2026-02,2.5,0,32.770037941087175,0,0,1,78,0,2,0,33.0,34.6,724.0760612684479
-0.91736466,-0.0060480274,-0.00039860196,0.3177464,-0.29024932,-0.26384574,-0.28523383,-0.02463494,0.0,-0.10559013,-2.2290928,TSH_59,2026-03,3.66,0,32.770037941087175,0,0,1,79,0,3,0,33.0,34.6,724.0760612684479
-2.3647883,-0.0023521169,-9.928354e-05,-0.09973931,-0.2801608,-0.45955032,-0.43936428,-0.05095768,0.0,-0.4906374,-0.4462486,TSH_6,2024-12,1.63,0,2.5444498613694995,0,0,0,999,0,12,0,33.0,38.1,6749.592617539902
-2.4800897,-0.006718998,-9.928354e-05,-0.10715505,-0.27981636,-0.49432144,-0.94395196,-0.05119347,0.0,-0.4298649,-0.6197425,TSH_6,2025-01,0.75,0,2.5444498613694995,0,0,0,999,0,1,0,33.0,38.1,6749.592617539902
-2.492467,-0.006718998,-9.928354e-05,-0.10705396,-0.27971527,-0.48893055,-0.90189415,-0.05119347,0.0,-0.4183062,-0.6525134,TSH_6,2025-02,0.77,0,2.5444498613694995,0,0,0,999,0,2,0,33.0,38.1,6749.592617539902
-2.507125,-0.006718998,-9.928354e-05,-0.10705396,-0.27091843,-0.48233595,-0.5944678,-0.05119347,0.0,-0.39319453,-0.6535394,TSH_6,2025-03,1.06,0,2.5444498613694995,0,0,0,999,0,3,0,33.0,38.1,6749.592617539902
-2.5281773,-0.0023521169,-9.928354e-05,-0.10171529,-0.26087016,-0.47850156,-0.11911021,-0.05119347,0.0,-0.42543402,-0.6052741,TSH_6,2025-04,1.73,0,2.5444498613694995,0,0,0,999,0,4,0,33.0,38.1,6749.592617539902
-2.4462476,-0.0023521169,-9.928354e-05,-0.0953192,-0.24778096,-0.48709828,0.0256044,-0.022123696,0.0,-0.4254732,-0.5976643,TSH_6,2025-05,2.26,0,2.5444498613694995,0,0,0,999,0,5,1,33.0,38.1,6749.592617539902
-2.4446995,-0.0023521169,-9.928354e-05,-0.09535299,-0.24787277,-0.48512584,0.09930344,-0.022123696,0.0,-0.44262803,-0.57077265,TSH_6,2025-06,2.46,0,2.5444498613694995,0,0,0,999,0,6,1,33.0,38.1,6749.592617539902
-2.4423032,-0.0023521169,-9.928354e-05,-0.09545843,-0.24824531,-0.48098287,0.057746,-0.019940447,0.0,-0.44063863,-0.5650233,TSH_6,2025-07,2.4,0,2.5444498613694995,0,0,0,999,0,7,1,33.0,38.1,6749.592617539902
-2.4467776,-0.0023521169,-9.928354e-05,-0.09606891,-0.25068814,-0.46288666,0.05746858,-0.019940447,0.0,-0.4559122,-0.4758819,TSH_6,2025-08,2.61,0,2.5444498613694995,0,0,0,999,0,8,1,33.0,38.1,6749.592617539902
-2.42334,-0.0023521169,-9.928354e-05,-0.09263086,-0.26064244,-0.45720762,-0.102786936,-0.022249764,0.0,-0.45977455,-0.42367256,TSH_6,2025-09,2.39,0,2.5444498613694995,0,0,0,999,0,9,1,33.0,38.1,6749.592617539902
-2.4495802,-0.0023521169,-9.928354e-05,-0.097683564,-0.26684928,-0.44396335,-0.06153819,-0.051134855,0.0,-0.45112923,-0.4166556,TSH_6,2025-10,2.4,0,2.5444498613694995,0,0,0,999,0,10,0,33.0,38.1,6749.592617539902
-2.3977087,-0.0023521169,-9.928354e-05,-0.09973931,-0.28003514,-0.44696063,-0.21912934,-0.051134855,0.0,-0.47993127,-0.42221645,TSH_6,2025-11,2.05,0,2.5444498613694995,0,0,0,999,0,11,0,33.0,38.1,6749.592617539902
-2.3647883,-0.0023521169,-9.928354e-05,-0.09973931,-0.2801608,-0.45955032,-0.43936428,-0.05095768,0.0,-0.4906374,-0.4462486,TSH_6,2025-12,1.63,0,2.5444498613694995,0,0,0,999,0,12,0,33.0,38.1,6749.592617539902
-2.4800897,-0.006718998,-9.928354e-05,-0.10715505,-0.27981636,-0.49432144,-0.94395196,-0.05119347,0.0,-0.4298649,-0.6197425,TSH_6,2026-01,0.75,0,2.5444498613694995,0,0,0,999,0,1,0,33.0,38.1,6749.592617539902
-2.492467,-0.006718998,-9.928354e-05,-0.10705396,-0.27971527,-0.48893055,-0.90189415,-0.05119347,0.0,-0.4183062,-0.6525134,TSH_6,2026-02,0.77,0,2.5444498613694995,0,0,0,999,0,2,0,33.0,38.1,6749.592617539902
-2.507125,-0.006718998,-9.928354e-05,-0.10705396,-0.27091843,-0.48233595,-0.5944678,-0.05119347,0.0,-0.39319453,-0.6535394,TSH_6,2026-03,1.06,0,2.5444498613694995,0,0,0,999,0,3,0,33.0,38.1,6749.592617539902
-0.94421,-0.002403729,-9.928354e-05,-0.102569066,-0.27206108,-0.4072471,-0.5687496,-0.0749013,0.0,-0.17154665,-0.71034646,TSH_60,2024-12,6.18,0,6.846689150375504,0,0,0,999,0,12,0,33.0,31.9,4773.109934194644
-1.0002127,-0.0075414497,-9.928354e-05,-0.1099848,-0.27582344,-0.44357672,-1.0594664,-0.07981405,0.0,-0.19069095,-0.86963886,TSH_60,2025-01,2.92,0,6.846689150375504,0,0,0,999,0,1,0,33.0,31.9,4773.109934194644
-1.0125898,-0.0075414497,-9.928354e-05,-0.10988371,-0.27572235,-0.43818584,-1.0078423,-0.07981405,0.0,-0.18961993,-0.8816547,TSH_60,2025-02,3.02,0,6.846689150375504,0,0,0,999,0,2,0,33.0,31.9,4773.109934194644
-1.0046364,-0.0075414497,-9.928354e-05,-0.10988371,-0.26692554,-0.43159124,-0.677805,-0.07981405,0.0,-0.16450825,-0.8826807,TSH_60,2025-03,4.34,0,6.846689150375504,0,0,0,999,0,3,0,33.0,31.9,4773.109934194644
-0.94018596,-0.002403729,-9.928354e-05,-0.10454505,-0.25277042,-0.42619836,-0.011417884,-0.07981405,0.0,-0.07993263,-0.83441514,TSH_60,2025-04,9.99,0,6.846689150375504,0,0,0,999,0,4,0,33.0,31.9,4773.109934194644
-0.85569155,-0.002403729,-9.928354e-05,-0.09814895,-0.23968132,-0.43479508,0.12209939,0.00416307,0.0,-0.05161659,-0.80492467,TSH_60,2025-05,13.85,0,6.846689150375504,0,0,0,999,0,5,1,33.0,31.9,4773.109934194644
-0.87359184,-0.002403729,-9.928354e-05,-0.098182745,-0.23977312,-0.43282264,0.163384,0.00416307,0.0,-0.061350647,-0.79841983,TSH_60,2025-06,14.12,0,6.846689150375504,0,0,0,999,0,6,1,33.0,31.9,4773.109934194644
-0.924527,-0.002403729,-9.928354e-05,-0.098288186,-0.24014565,-0.42867967,0.06052827,0.006346321,0.0,-0.06732829,-0.7926705,TSH_60,2025-07,12.42,0,6.846689150375504,0,0,0,999,0,7,1,33.0,31.9,4773.109934194644
-0.9290017,-0.002403729,-9.928354e-05,-0.09889867,-0.24258846,-0.41058347,0.012109052,0.006346321,0.0,-0.082601815,-0.75167096,TSH_60,2025-08,12.28,0,6.846689150375504,0,0,0,999,0,8,1,33.0,31.9,4773.109934194644
-0.91236776,-0.002403729,-9.928354e-05,-0.095460616,-0.25254276,-0.4049044,-0.1684663,-0.0024642032,0.0,-0.09998077,-0.69946176,TSH_60,2025-09,10.87,0,6.846689150375504,0,0,0,999,0,9,1,33.0,31.9,4773.109934194644
-0.96148276,-0.002403729,-9.928354e-05,-0.10051332,-0.25874954,-0.39166012,-0.11282723,-0.07507847,0.0,-0.12146118,-0.69697654,TSH_60,2025-10,10.09,0,6.846689150375504,0,0,0,999,0,10,0,33.0,31.9,4773.109934194644
-0.94425666,-0.002403729,-9.928354e-05,-0.102569066,-0.2719354,-0.3946574,-0.30506346,-0.07507847,0.0,-0.15026326,-0.6847041,TSH_60,2025-11,8.34,0,6.846689150375504,0,0,0,999,0,11,0,33.0,31.9,4773.109934194644
-0.94421,-0.002403729,-9.928354e-05,-0.102569066,-0.27206108,-0.4072471,-0.5687496,-0.0749013,0.0,-0.17154665,-0.71034646,TSH_60,2025-12,6.18,0,6.846689150375504,0,0,0,999,0,12,0,33.0,31.9,4773.109934194644
-1.0002127,-0.0075414497,-9.928354e-05,-0.1099848,-0.27582344,-0.44357672,-1.0594664,-0.07981405,0.0,-0.19069095,-0.86963886,TSH_60,2026-01,2.92,0,6.846689150375504,0,0,0,999,0,1,0,33.0,31.9,4773.109934194644
-1.0125898,-0.0075414497,-9.928354e-05,-0.10988371,-0.27572235,-0.43818584,-1.0078423,-0.07981405,0.0,-0.18961993,-0.8816547,TSH_60,2026-02,3.02,0,6.846689150375504,0,0,0,999,0,2,0,33.0,31.9,4773.109934194644
-1.0046364,-0.0075414497,-9.928354e-05,-0.10988371,-0.26692554,-0.43159124,-0.677805,-0.07981405,0.0,-0.16450825,-0.8826807,TSH_60,2026-03,4.34,0,6.846689150375504,0,0,0,999,0,3,0,33.0,31.9,4773.109934194644
1.3501096,-0.0009103065,-0.00034592953,0.3913315,0.07028701,-0.18910469,-0.7591234,-0.10672133,0.0,-0.15072574,-0.11269302,TSH_61,2024-12,73.61,0,58.08103644252696,0,0,2,19,0,12,0,33.0,34.6,736.1611055668646
1.4432214,-0.0060480274,-0.00034592953,0.38941333,0.07478588,-0.19345082,-0.7494437,-0.11163407,0.0,-0.13261443,0.053602003,TSH_61,2025-01,78.6,0,58.08103644252696,0,0,2,20,0,1,0,33.0,34.6,736.1611055668646
1.4630383,-0.0060480274,-0.00034592953,0.38908365,0.075748436,-0.18805994,-0.64638436,-0.11163407,0.0,-0.13154341,0.06231091,TSH_61,2025-02,80.84,0,58.08103644252696,0,0,2,21,0,2,0,33.0,34.6,736.1611055668646
1.4676149,-0.0060480274,-0.00034592953,0.38908365,0.06643126,-0.18251458,-0.32732317,-0.11163407,0.0,-0.10643176,0.07179975,TSH_61,2025-03,85.74,0,58.08103644252696,0,0,2,22,0,3,0,33.0,34.6,736.1611055668646
1.4622971,-0.0009103065,-0.00034592953,0.36624947,0.08058631,-0.17775503,0.084500395,-0.11163407,0.0,-0.07618302,0.0062619913,TSH_61,2025-04,89.72,0,58.08103644252696,0,0,2,23,0,4,0,33.0,34.6,736.1611055668646
1.5272259,-0.0009103065,-0.00034592953,0.30216435,0.06355308,-0.1868414,0.15522592,-0.061288334,0.0,-0.06213455,0.060005642,TSH_61,2025-05,91.14,0,58.08103644252696,0,0,2,24,0,5,1,33.0,34.6,736.1611055668646
1.5405606,-0.0009103065,-0.00034592953,0.3023524,0.0639388,-0.18626766,0.22811782,-0.061288334,0.0,-0.0581455,0.056852967,TSH_61,2025-06,91.82,0,58.08103644252696,0,0,2,25,0,6,1,33.0,34.6,736.1611055668646
1.553091,-0.0009103065,-0.00034592953,0.3028184,0.06487656,-0.18588807,0.18398501,-0.059105083,0.0,-0.05615613,0.04801105,TSH_61,2025-07,91.56,0,58.08103644252696,0,0,2,26,0,7,1,33.0,34.6,736.1611055668646
1.5169938,-0.0009103065,-0.00034592953,0.31575137,0.07765627,-0.18120772,0.0059906817,-0.059105083,0.0,-0.07066595,-0.025834164,TSH_61,2025-08,89.21,0,58.08103644252696,0,0,2,27,0,8,1,33.0,34.6,736.1611055668646
1.4649038,-0.0009103065,-0.00034592953,0.31501698,0.06535283,-0.17879723,-0.33331153,-0.06791561,0.0,-0.085876495,-0.065137155,TSH_61,2025-09,83.84,0,58.08103644252696,0,0,2,28,0,9,1,33.0,34.6,736.1611055668646
1.3575343,-0.0009103065,-0.00034592953,0.37174514,0.07482186,-0.16951205,-0.33301857,-0.1068985,0.0,-0.09651767,-0.102070965,TSH_61,2025-10,82.18,0,58.08103644252696,0,0,2,29,0,10,0,33.0,34.6,736.1611055668646
1.3497169,-0.0009103065,-0.00034592953,0.3913315,0.073395535,-0.17757446,-0.53679144,-0.1068985,0.0,-0.12853643,-0.12682736,TSH_61,2025-11,78.08,0,58.08103644252696,0,0,2,30,0,11,0,33.0,34.6,736.1611055668646
1.3468074,-0.0009103065,-0.00034592953,0.3913315,0.08232745,-0.19576815,-0.7609193,-0.10672133,0.0,-0.15072574,-0.11297188,TSH_61,2025-12,73.61,0,58.08103644252696,0,0,2,31,0,12,0,33.0,34.6,736.1611055668646
1.435721,-0.0060480274,-0.00034592953,0.38941333,0.6861594,-0.22846192,-0.74836713,-0.114844054,0.0,-0.13213062,0.031092815,TSH_61,2026-01,86.36,0,58.08103644252696,0,0,2,32,0,1,0,33.0,34.6,736.1611055668646
1.4555379,-0.0060480274,-0.00034592953,0.38908365,0.8090935,-0.22711393,-0.6453078,-0.114844054,0.0,-0.13105965,0.035698682,TSH_61,2026-02,89.07,0,58.08103644252696,0,0,2,33,0,2,0,33.0,34.6,736.1611055668646
1.4647595,-0.0060480274,-0.00034592953,0.38908365,0.6610818,-0.22637087,-0.32690287,-0.12319205,0.0,-0.10594798,0.04316199,TSH_61,2026-03,90.91,0,58.08103644252696,0,0,2,34,0,3,0,33.0,34.6,736.1611055668646
-2.1127691,-0.0023521169,-9.928354e-05,-0.1021463,-0.27440557,-0.459632,-0.38440987,-0.04521855,0.0,-0.15989897,-0.478772,TSH_62,2024-12,2.97,0,2.612016805168228,0,0,0,999,0,12,0,33.0,34.6,7763.73259156498
-2.2393587,-0.006718998,-9.928354e-05,-0.10568656,-0.2860765,-0.49440312,-0.97488016,-0.050131284,0.0,-0.15852442,-0.67875063,TSH_62,2025-01,1.14,0,2.612016805168228,0,0,0,999,0,1,0,33.0,34.6,7763.73259156498
-2.251736,-0.006718998,-9.928354e-05,-0.10558547,-0.2859754,-0.48901224,-0.94401115,-0.050131284,0.0,-0.1581545,-0.7115215,TSH_62,2025-02,1.13,0,2.612016805168228,0,0,0,999,0,2,0,33.0,34.6,7763.73259156498
-2.2663937,-0.006718998,-9.928354e-05,-0.10558547,-0.27717856,-0.48241764,-0.63658506,-0.050131284,0.0,-0.13304284,-0.7125474,TSH_62,2025-03,1.57,0,2.612016805168228,0,0,0,999,0,3,0,33.0,34.6,7763.73259156498
-2.2761571,-0.0023521169,-9.928354e-05,-0.10412227,-0.26302347,-0.47858325,-0.11932379,-0.050131284,0.0,-0.09853099,-0.6891298,TSH_62,2025-04,2.8,0,2.612016805168228,0,0,0,999,0,4,0,33.0,34.6,7763.73259156498
-2.20258,-0.0023521169,-9.928354e-05,-0.09772618,-0.24993427,-0.48717996,0.026578723,-0.013985455,0.0,-0.0765121,-0.68813694,TSH_62,2025-05,3.7,0,2.612016805168228,0,0,0,999,0,5,1,33.0,34.6,7763.73259156498
-2.201032,-0.0023521169,-9.928354e-05,-0.09775998,-0.2500261,-0.48520753,0.1170289,-0.013985455,0.0,-0.076915726,-0.6612453,TSH_62,2025-06,4.16,0,2.612016805168228,0,0,0,999,0,6,1,33.0,34.6,7763.73259156498
-2.1986358,-0.0023521169,-9.928354e-05,-0.09786542,-0.25039864,-0.48106456,0.07547147,-0.011802202,0.0,-0.07492635,-0.65549594,TSH_62,2025-07,4.06,0,2.612016805168228,0,0,0,999,0,7,1,33.0,34.6,7763.73259156498
-2.2031105,-0.0023521169,-9.928354e-05,-0.098475896,-0.25284144,-0.46296835,0.05872419,-0.011802202,0.0,-0.09019987,-0.5828245,TSH_62,2025-08,4.26,0,2.612016805168228,0,0,0,999,0,8,1,33.0,34.6,7763.73259156498
-2.1796734,-0.0023521169,-9.928354e-05,-0.09503785,-0.26279575,-0.4572893,-0.11504794,-0.020612726,0.0,-0.107578784,-0.5306152,TSH_62,2025-09,3.78,0,2.612016805168228,0,0,0,999,0,9,1,33.0,34.6,7763.73259156498
-2.1975605,-0.0023521169,-9.928354e-05,-0.10009055,-0.2690026,-0.44404504,-0.063808925,-0.045395724,0.0,-0.10981344,-0.51698136,TSH_62,2025-10,3.86,0,2.612016805168228,0,0,0,999,0,10,0,33.0,34.6,7763.73259156498
-2.1456892,-0.0023521169,-9.928354e-05,-0.1021463,-0.2742799,-0.44704232,-0.17514776,-0.045395724,0.0,-0.1386155,-0.47629,TSH_62,2025-11,3.65,0,2.612016805168228,0,0,0,999,0,11,0,33.0,34.6,7763.73259156498
-2.1127691,-0.0023521169,-9.928354e-05,-0.1021463,-0.27440557,-0.459632,-0.38440987,-0.04521855,0.0,-0.15989897,-0.478772,TSH_62,2025-12,2.97,0,2.612016805168228,0,0,0,999,0,12,0,33.0,34.6,7763.73259156498
-2.2393587,-0.006718998,-9.928354e-05,-0.10568656,-0.2860765,-0.49440312,-0.97488016,-0.050131284,0.0,-0.15852442,-0.67875063,TSH_62,2026-01,1.14,0,2.612016805168228,0,0,0,999,0,1,0,33.0,34.6,7763.73259156498
-2.251736,-0.006718998,-9.928354e-05,-0.10558547,-0.2859754,-0.48901224,-0.94401115,-0.050131284,0.0,-0.1581545,-0.7115215,TSH_62,2026-02,1.13,0,2.612016805168228,0,0,0,999,0,2,0,33.0,34.6,7763.73259156498
-2.2663937,-0.006718998,-9.928354e-05,-0.10558547,-0.27717856,-0.48241764,-0.63658506,-0.050131284,0.0,-0.13304284,-0.7125474,TSH_62,2026-03,1.57,0,2.612016805168228,0,0,0,999,0,3,0,33.0,34.6,7763.73259156498
-2.1127691,-0.0023521169,-9.928354e-05,-0.1021463,-0.27440557,-0.459632,-0.38440987,-0.04521855,0.0,-0.15989897,-0.478772,TSH_63,2024-12,2.97,0,2.233106943225556,0,0,0,999,0,12,0,33.0,34.6,7640.923804282198
-2.2393587,-0.006718998,-9.928354e-05,-0.10568656,-0.2860765,-0.49440312,-0.97488016,-0.050131284,0.0,-0.15852442,-0.67875063,TSH_63,2025-01,1.14,0,2.233106943225556,0,0,0,999,0,1,0,33.0,34.6,7640.923804282198
-2.251736,-0.006718998,-9.928354e-05,-0.10558547,-0.2859754,-0.48901224,-0.94401115,-0.050131284,0.0,-0.1581545,-0.7115215,TSH_63,2025-02,1.13,0,2.233106943225556,0,0,0,999,0,2,0,33.0,34.6,7640.923804282198
-2.2663937,-0.006718998,-9.928354e-05,-0.10558547,-0.27717856,-0.48241764,-0.63658506,-0.050131284,0.0,-0.13304284,-0.7125474,TSH_63,2025-03,1.57,0,2.233106943225556,0,0,0,999,0,3,0,33.0,34.6,7640.923804282198
-2.2761571,-0.0023521169,-9.928354e-05,-0.10412227,-0.26302347,-0.47858325,-0.11932379,-0.050131284,0.0,-0.09853099,-0.6891298,TSH_63,2025-04,2.8,0,2.233106943225556,0,0,0,999,0,4,0,33.0,34.6,7640.923804282198
-2.20258,-0.0023521169,-9.928354e-05,-0.09772618,-0.24993427,-0.48717996,0.026578723,-0.013985455,0.0,-0.0765121,-0.68813694,TSH_63,2025-05,3.7,0,2.233106943225556,0,0,0,999,0,5,1,33.0,34.6,7640.923804282198
-2.201032,-0.0023521169,-9.928354e-05,-0.09775998,-0.2500261,-0.48520753,0.1170289,-0.013985455,0.0,-0.076915726,-0.6612453,TSH_63,2025-06,4.16,0,2.233106943225556,0,0,0,999,0,6,1,33.0,34.6,7640.923804282198
-2.1986358,-0.0023521169,-9.928354e-05,-0.09786542,-0.25039864,-0.48106456,0.07547147,-0.011802202,0.0,-0.07492635,-0.65549594,TSH_63,2025-07,4.06,0,2.233106943225556,0,0,0,999,0,7,1,33.0,34.6,7640.923804282198
-2.2031105,-0.0023521169,-9.928354e-05,-0.098475896,-0.25284144,-0.46296835,0.05872419,-0.011802202,0.0,-0.09019987,-0.5828245,TSH_63,2025-08,4.26,0,2.233106943225556,0,0,0,999,0,8,1,33.0,34.6,7640.923804282198
-2.1796734,-0.0023521169,-9.928354e-05,-0.09503785,-0.26279575,-0.4572893,-0.11504794,-0.020612726,0.0,-0.107578784,-0.5306152,TSH_63,2025-09,3.78,0,2.233106943225556,0,0,0,999,0,9,1,33.0,34.6,7640.923804282198
-2.1975605,-0.0023521169,-9.928354e-05,-0.10009055,-0.2690026,-0.44404504,-0.063808925,-0.045395724,0.0,-0.10981344,-0.51698136,TSH_63,2025-10,3.86,0,2.233106943225556,0,0,0,999,0,10,0,33.0,34.6,7640.923804282198
-2.1456892,-0.0023521169,-9.928354e-05,-0.1021463,-0.2742799,-0.44704232,-0.17514776,-0.045395724,0.0,-0.1386155,-0.47629,TSH_63,2025-11,3.65,0,2.233106943225556,0,0,0,999,0,11,0,33.0,34.6,7640.923804282198
-2.1127691,-0.0023521169,-9.928354e-05,-0.1021463,-0.27440557,-0.459632,-0.38440987,-0.04521855,0.0,-0.15989897,-0.478772,TSH_63,2025-12,2.97,0,2.233106943225556,0,0,0,999,0,12,0,33.0,34.6,7640.923804282198
-2.2393587,-0.006718998,-9.928354e-05,-0.10568656,-0.2860765,-0.49440312,-0.97488016,-0.050131284,0.0,-0.15852442,-0.67875063,TSH_63,2026-01,1.14,0,2.233106943225556,0,0,0,999,0,1,0,33.0,34.6,7640.923804282198
-2.251736,-0.006718998,-9.928354e-05,-0.10558547,-0.2859754,-0.48901224,-0.94401115,-0.050131284,0.0,-0.1581545,-0.7115215,TSH_63,2026-02,1.13,0,2.233106943225556,0,0,0,999,0,2,0,33.0,34.6,7640.923804282198
-2.2663937,-0.006718998,-9.928354e-05,-0.10558547,-0.27717856,-0.48241764,-0.63658506,-0.050131284,0.0,-0.13304284,-0.7125474,TSH_63,2026-03,1.57,0,2.233106943225556,0,0,0,999,0,3,0,33.0,34.6,7640.923804282198
-1.6047685,-0.002403729,-9.928354e-05,-0.101419784,-0.27707583,-0.3973303,-0.5898984,-0.07511163,0.0,-0.34040484,-0.7031091,TSH_64,2024-12,2.77,0,9.111454001527113,0,0,0,999,0,12,0,33.0,31.9,3865.135026099841
-1.587463,-0.0075414497,-9.928354e-05,-0.105620146,-0.2808382,-0.42847502,-1.0073062,-0.08002436,0.0,-0.35914052,-0.8549171,TSH_64,2025-01,1.51,0,9.111454001527113,0,0,0,999,0,1,0,33.0,31.9,3865.135026099841
-1.5998402,-0.0075414497,-9.928354e-05,-0.10551906,-0.2807371,-0.42308414,-0.95568216,-0.08002436,0.0,-0.35806948,-0.86693305,TSH_64,2025-02,1.56,0,9.111454001527113,0,0,0,999,0,2,0,33.0,31.9,3865.135026099841
-1.6138548,-0.0075414497,-9.928354e-05,-0.10551906,-0.2719403,-0.41648954,-0.6476129,-0.08002436,0.0,-0.3329578,-0.86795896,TSH_64,2025-03,2.17,0,9.111454001527113,0,0,0,999,0,3,0,33.0,31.9,3865.135026099841
-1.5494043,-0.002403729,-9.928354e-05,-0.10018038,-0.25778517,-0.41109666,0.018774122,-0.08002436,0.0,-0.24838209,-0.8196936,TSH_64,2025-04,5.13,0,9.111454001527113,0,0,0,999,0,4,0,33.0,31.9,3865.135026099841
-1.4788718,-0.002403729,-9.928354e-05,-0.093784295,-0.24469605,-0.41969338,0.1380107,0.0042714686,0.0,-0.22278114,-0.79084045,TSH_64,2025-05,7.06,0,9.111454001527113,0,0,0,999,0,5,1,33.0,31.9,3865.135026099841
-1.5112303,-0.002403729,-9.928354e-05,-0.09381809,-0.24478786,-0.41772094,0.16483688,0.0042714686,0.0,-0.23251517,-0.7843356,TSH_64,2025-06,7.02,0,9.111454001527113,0,0,0,999,0,6,1,33.0,31.9,3865.135026099841
-1.5731001,-0.002403729,-9.928354e-05,-0.09392353,-0.24516039,-0.41357797,0.051046576,0.0064547197,0.0,-0.23849282,-0.77858627,TSH_64,2025-07,5.98,0,9.111454001527113,0,0,0,999,0,7,1,33.0,31.9,3865.135026099841
-1.59074,-0.002403729,-9.928354e-05,-0.094534,-0.24760322,-0.39662907,-0.010537997,0.0064547197,0.0,-0.25376633,-0.7375867,TSH_64,2025-08,5.77,0,9.111454001527113,0,0,0,999,0,8,1,33.0,31.9,3865.135026099841
-1.5887439,-0.002403729,-9.928354e-05,-0.094311334,-0.2575575,-0.39095002,-0.20575143,-0.0023558047,0.0,-0.27114534,-0.6853775,TSH_64,2025-09,4.9,0,9.111454001527113,0,0,0,999,0,9,1,33.0,31.9,3865.135026099841
-1.6015081,-0.002403729,-9.928354e-05,-0.099364035,-0.2637643,-0.37770572,-0.113442816,-0.0752888,0.0,-0.2871026,-0.68225497,TSH_64,2025-10,4.88,0,9.111454001527113,0,0,0,999,0,10,0,33.0,31.9,3865.135026099841
-1.6048152,-0.002403729,-9.928354e-05,-0.101419784,-0.27695015,-0.38474062,-0.3262122,-0.0752888,0.0,-0.31912133,-0.67746675,TSH_64,2025-11,3.79,0,9.111454001527113,0,0,0,999,0,11,0,33.0,31.9,3865.135026099841
-1.6047685,-0.002403729,-9.928354e-05,-0.101419784,-0.27707583,-0.3973303,-0.5898984,-0.07511163,0.0,-0.34040484,-0.7031091,TSH_64,2025-12,2.77,0,9.111454001527113,0,0,0,999,0,12,0,33.0,31.9,3865.135026099841
-1.587463,-0.0075414497,-9.928354e-05,-0.105620146,-0.2808382,-0.42847502,-1.0073062,-0.08002436,0.0,-0.35914052,-0.8549171,TSH_64,2026-01,1.51,0,9.111454001527113,0,0,0,999,0,1,0,33.0,31.9,3865.135026099841
-1.5998402,-0.0075414497,-9.928354e-05,-0.10551906,-0.2807371,-0.42308414,-0.95568216,-0.08002436,0.0,-0.35806948,-0.86693305,TSH_64,2026-02,1.56,0,9.111454001527113,0,0,0,999,0,2,0,33.0,31.9,3865.135026099841
-1.6138548,-0.0075414497,-9.928354e-05,-0.10551906,-0.2719403,-0.41648954,-0.6476129,-0.08002436,0.0,-0.3329578,-0.86795896,TSH_64,2026-03,2.17,0,9.111454001527113,0,0,0,999,0,3,0,33.0,31.9,3865.135026099841
0.037361495,-0.0009103065,-0.00039860196,-0.08445225,-0.3063192,-0.28189844,-0.82815933,-0.054616347,0.0,-0.78073865,-2.281386,TSH_65,2024-12,1.72,0,59.60705278528746,0,0,0,999,0,12,0,33.0,31.9,358.9675885683334
0.18087576,-0.0060480274,-0.00039860196,-0.078703046,-0.29469493,-0.30009788,-0.74816185,-0.05952909,0.0,-0.79655313,-2.044329,TSH_65,2025-01,2.62,0,59.60705278528746,0,0,0,999,0,1,0,33.0,31.9,358.9675885683334
0.19463922,-0.0060480274,-0.00039860196,-0.07860196,-0.29459384,-0.294707,-0.67042565,-0.05952909,0.0,-0.7954821,-2.0613737,TSH_65,2025-02,2.84,0,59.60705278528746,0,0,0,999,0,2,0,33.0,31.9,358.9675885683334
0.19921555,-0.0060480274,-0.00039860196,-0.07860196,-0.28579703,-0.2881124,-0.3332505,-0.05952909,0.0,-0.7703705,-2.051885,TSH_65,2025-03,4.14,0,59.60705278528746,0,0,0,999,0,3,0,33.0,31.9,358.9675885683334
0.19389786,-0.0009103065,-0.00039860196,-0.073263295,-0.2716419,-0.28271955,0.15680969,-0.05952909,0.0,-0.68530345,-2.1141803,TSH_65,2025-04,6.89,0,59.60705278528746,0,0,0,999,0,4,0,33.0,31.9,358.9675885683334
0.16627024,-0.0009103065,-0.00039860196,-0.06331531,-0.25439042,-0.28605643,0.21572389,-0.01792489,0.0,-0.6697937,-2.088019,TSH_65,2025-05,7.83,0,59.60705278528746,0,0,0,999,0,5,1,33.0,31.9,358.9675885683334
0.1678184,-0.0009103065,-0.00039860196,-0.063349105,-0.25448224,-0.28408396,0.23414765,-0.01792489,0.0,-0.6751351,-2.1238236,TSH_65,2025-06,7.69,0,59.60705278528746,0,0,0,999,0,6,1,33.0,31.9,358.9675885683334
0.18034872,-0.0009103065,-0.00039860196,-0.06345453,-0.25655046,-0.279941,0.16447942,-0.015741639,0.0,-0.6811127,-2.1483524,TSH_65,2025-07,7.12,0,59.60705278528746,0,0,0,999,0,7,1,33.0,31.9,358.9675885683334
0.11831146,-0.0009103065,-0.00039860196,-0.067153506,-0.2677033,-0.27232283,-0.0597478,-0.015741639,0.0,-0.6996469,-2.2278657,TSH_65,2025-08,4.93,0,59.60705278528746,0,0,0,999,0,8,1,33.0,31.9,358.9675885683334
0.0647901,-0.0009103065,-0.00039860196,-0.06693084,-0.28263852,-0.2680318,-0.40072486,-0.024552163,0.0,-0.7153397,-2.2637851,TSH_65,2025-09,3.15,0,59.60705278528746,0,0,0,999,0,9,1,33.0,31.9,358.9675885683334
0.053671807,-0.0009103065,-0.00039860196,-0.07553544,-0.29300773,-0.26227382,-0.37656087,-0.05479352,0.0,-0.7265307,-2.2849483,TSH_65,2025-10,2.97,0,59.60705278528746,0,0,0,999,0,10,0,33.0,31.9,358.9675885683334
0.037065253,-0.0009103065,-0.00039860196,-0.08445225,-0.30619353,-0.26930872,-0.6184347,-0.05479352,0.0,-0.7585494,-2.3097045,TSH_65,2025-11,2.12,0,59.60705278528746,0,0,0,999,0,11,0,33.0,31.9,358.9675885683334
0.037361495,-0.0009103065,-0.00039860196,-0.08445225,-0.3063192,-0.28189844,-0.82815933,-0.054616347,0.0,-0.78073865,-2.281386,TSH_65,2025-12,1.72,0,59.60705278528746,0,0,0,999,0,12,0,33.0,31.9,358.9675885683334
0.18087576,-0.0060480274,-0.00039860196,-0.078703046,-0.29469493,-0.30009788,-0.74816185,-0.05952909,0.0,-0.79655313,-2.044329,TSH_65,2026-01,2.62,0,59.60705278528746,0,0,0,999,0,1,0,33.0,31.9,358.9675885683334
0.19463922,-0.0060480274,-0.00039860196,-0.07860196,-0.29459384,-0.294707,-0.67042565,-0.05952909,0.0,-0.7954821,-2.0613737,TSH_65,2026-02,2.84,0,59.60705278528746,0,0,0,999,0,2,0,33.0,31.9,358.9675885683334
0.19921555,-0.0060480274,-0.00039860196,-0.07860196,-0.28579703,-0.2881124,-0.3332505,-0.05952909,0.0,-0.7703705,-2.051885,TSH_65,2026-03,4.14,0,59.60705278528746,0,0,0,999,0,3,0,33.0,31.9,358.9675885683334
-0.8926258,-0.0009103065,-0.00039860196,-0.08424841,-0.30359572,-0.28141406,-0.72238106,-0.036976963,0.0,-0.13718753,-2.368981,TSH_66,2024-12,1.35,0,32.503510916943206,0,0,0,999,0,12,0,33.0,34.6,722.5373301983171
-0.8531988,-0.0060480274,-0.00039860196,-0.078499205,-0.29529652,-0.29805508,-0.7187275,-0.041889705,0.0,-0.12190979,-2.1615043,TSH_66,2025-01,1.73,0,32.503510916943206,0,0,0,999,0,1,0,33.0,34.6,722.5373301983171
-0.8422881,-0.0060480274,-0.00039860196,-0.078398116,-0.29519543,-0.2926642,-0.643844,-0.041889705,0.0,-0.12083877,-2.172844,TSH_66,2025-02,1.87,0,32.503510916943206,0,0,0,999,0,2,0,33.0,34.6,722.5373301983171
-0.8377118,-0.0060480274,-0.00039860196,-0.078398116,-0.28639862,-0.2860696,-0.30666882,-0.041889705,0.0,-0.09572712,-2.163355,TSH_66,2025-03,2.74,0,32.503510916943206,0,0,0,999,0,3,0,33.0,34.6,722.5373301983171
-0.8647881,-0.0009103065,-0.00039860196,-0.07305945,-0.2722435,-0.2822352,0.111568965,-0.041889705,0.0,-0.060724013,-2.2256503,TSH_66,2025-04,4.01,0,32.503510916943206,0,0,0,999,0,4,0,33.0,34.6,722.5373301983171
-0.92870593,-0.0009103065,-0.00039860196,-0.06311146,-0.25845987,-0.28557208,0.17048313,-0.038037132,0.0,-0.046675533,-2.1876037,TSH_66,2025-05,4.29,0,32.503510916943206,0,0,0,999,0,5,1,33.0,34.6,722.5373301983171
-0.9271578,-0.0009103065,-0.00039860196,-0.06314526,-0.2585517,-0.28359964,0.19823734,-0.038037132,0.0,-0.042686485,-2.2234082,TSH_66,2025-06,4.29,0,32.503510916943206,0,0,0,999,0,6,1,33.0,34.6,722.5373301983171
-0.9146275,-0.0009103065,-0.00039860196,-0.06325069,-0.26061994,-0.27945668,0.1365361,-0.03585388,0.0,-0.040697113,-2.247937,TSH_66,2025-07,4.02,0,32.503510916943206,0,0,0,999,0,7,1,33.0,34.6,722.5373301983171
-0.9117054,-0.0009103065,-0.00039860196,-0.066949666,-0.26844767,-0.2718385,-0.022731915,-0.03585388,0.0,-0.059231296,-2.3190615,TSH_66,2025-08,3.16,0,32.503510916943206,0,0,0,999,0,8,1,33.0,34.6,722.5373301983171
-0.89057994,-0.0009103065,-0.00039860196,-0.066727,-0.2833829,-0.26754746,-0.28906208,-0.044664405,0.0,-0.0749242,-2.3394957,TSH_66,2025-09,2.36,0,32.503510916943206,0,0,0,999,0,9,1,33.0,34.6,722.5373301983171
-0.86875683,-0.0009103065,-0.00039860196,-0.0753316,-0.29028422,-0.26178947,-0.2632237,-0.037154138,0.0,-0.08297944,-2.3725436,TSH_66,2025-10,2.37,0,32.503510916943206,0,0,0,999,0,10,0,33.0,34.6,722.5373301983171
-0.8929221,-0.0009103065,-0.00039860196,-0.08424841,-0.30347005,-0.26882437,-0.5126562,-0.037154138,0.0,-0.11499818,-2.3972998,TSH_66,2025-11,1.66,0,32.503510916943206,0,0,0,999,0,11,0,33.0,34.6,722.5373301983171
-0.8926258,-0.0009103065,-0.00039860196,-0.08424841,-0.30359572,-0.28141406,-0.72238106,-0.036976963,0.0,-0.13718753,-2.368981,TSH_66,2025-12,1.35,0,32.503510916943206,0,0,0,999,0,12,0,33.0,34.6,722.5373301983171
-0.8531988,-0.0060480274,-0.00039860196,-0.078499205,-0.29529652,-0.29805508,-0.7187275,-0.041889705,0.0,-0.12190979,-2.1615043,TSH_66,2026-01,1.73,0,32.503510916943206,0,0,0,999,0,1,0,33.0,34.6,722.5373301983171
-0.8422881,-0.0060480274,-0.00039860196,-0.078398116,-0.29519543,-0.2926642,-0.643844,-0.041889705,0.0,-0.12083877,-2.172844,TSH_66,2026-02,1.87,0,32.503510916943206,0,0,0,999,0,2,0,33.0,34.6,722.5373301983171
-0.8377118,-0.0060480274,-0.00039860196,-0.078398116,-0.28639862,-0.2860696,-0.30666882,-0.041889705,0.0,-0.09572712,-2.163355,TSH_66,2026-03,2.74,0,32.503510916943206,0,0,0,999,0,3,0,33.0,34.6,722.5373301983171
-1.6221806,-0.002403729,-9.928354e-05,-0.10198718,-0.27063346,-0.46092394,-0.55961776,-0.06770325,0.0,-0.54446274,-0.7837201,TSH_67,2024-12,2.02,0,4.684794510739335,0,0,0,999,0,12,0,33.0,38.1,4406.169780271188
-1.6748213,-0.0075414497,-9.928354e-05,-0.10940292,-0.27028906,-0.49569505,-0.97111887,-0.06793903,0.0,-0.48439127,-0.9430124,TSH_67,2025-01,1.11,0,4.684794510739335,0,0,0,999,0,1,0,33.0,38.1,4406.169780271188
-1.6871984,-0.0075414497,-9.928354e-05,-0.10930183,-0.27018797,-0.49030417,-0.90830606,-0.06793903,0.0,-0.47213146,-0.95502824,TSH_67,2025-02,1.17,0,4.684794510739335,0,0,0,999,0,2,0,33.0,38.1,4406.169780271188
-1.6792449,-0.0075414497,-9.928354e-05,-0.10930183,-0.2613911,-0.48370957,-0.5782686,-0.06793903,0.0,-0.44701988,-0.95605415,TSH_67,2025-03,1.7,0,4.684794510739335,0,0,0,999,0,3,0,33.0,38.1,4406.169780271188
-1.6260827,-0.002403729,-9.928354e-05,-0.10396316,-0.2513428,-0.47987518,-0.028696857,-0.06793903,0.0,-0.47925937,-0.9077887,TSH_67,2025-04,3.19,0,4.684794510739335,0,0,0,999,0,4,0,33.0,38.1,4406.169780271188
-1.5415881,-0.002403729,-9.928354e-05,-0.09756707,-0.23825373,-0.4884719,0.10363253,-0.012317169,0.0,-0.4792986,-0.8885766,TSH_67,2025-05,4.26,0,4.684794510739335,0,0,0,999,0,5,1,33.0,38.1,4406.169780271188
-1.5594883,-0.002403729,-9.928354e-05,-0.09760086,-0.23834553,-0.48649946,0.13749644,-0.012317169,0.0,-0.4964534,-0.8820718,TSH_67,2025-06,4.29,0,4.684794510739335,0,0,0,999,0,6,1,33.0,38.1,4406.169780271188
-1.6104234,-0.002403729,-9.928354e-05,-0.0977063,-0.23871805,-0.4823565,0.042607717,-0.010133919,0.0,-0.494464,-0.87632245,TSH_67,2025-07,3.78,0,4.684794510739335,0,0,0,999,0,7,1,33.0,38.1,4406.169780271188
-1.6148982,-0.002403729,-9.928354e-05,-0.09831678,-0.24116088,-0.46426028,-0.0058115134,-0.010133919,0.0,-0.50973755,-0.83532286,TSH_67,2025-08,3.74,0,4.684794510739335,0,0,0,999,0,8,1,33.0,38.1,4406.169780271188
-1.598264,-0.002403729,-9.928354e-05,-0.09487873,-0.25111514,-0.45858124,-0.17287025,-0.012443237,0.0,-0.5135999,-0.7831136,TSH_67,2025-09,3.38,0,4.684794510739335,0,0,0,999,0,9,1,33.0,38.1,4406.169780271188
-1.6394538,-0.002403729,-9.928354e-05,-0.099931434,-0.25732192,-0.44533697,-0.11427272,-0.06788042,0.0,-0.5049545,-0.77035016,TSH_67,2025-10,3.33,0,4.684794510739335,0,0,0,999,0,10,0,33.0,38.1,4406.169780271188
-1.6222273,-0.002403729,-9.928354e-05,-0.10198718,-0.27050778,-0.44833425,-0.30650893,-0.06788042,0.0,-0.5337566,-0.75807774,TSH_67,2025-11,2.72,0,4.684794510739335,0,0,0,999,0,11,0,33.0,38.1,4406.169780271188
-1.6221806,-0.002403729,-9.928354e-05,-0.10198718,-0.27063346,-0.46092394,-0.55961776,-0.06770325,0.0,-0.54446274,-0.7837201,TSH_67,2025-12,2.02,0,4.684794510739335,0,0,0,999,0,12,0,33.0,38.1,4406.169780271188
-1.6748213,-0.0075414497,-9.928354e-05,-0.10940292,-0.27028906,-0.49569505,-0.97111887,-0.06793903,0.0,-0.48439127,-0.9430124,TSH_67,2026-01,1.11,0,4.684794510739335,0,0,0,999,0,1,0,33.0,38.1,4406.169780271188
-1.6871984,-0.0075414497,-9.928354e-05,-0.10930183,-0.27018797,-0.49030417,-0.90830606,-0.06793903,0.0,-0.47213146,-0.95502824,TSH_67,2026-02,1.17,0,4.684794510739335,0,0,0,999,0,2,0,33.0,38.1,4406.169780271188
-1.6792449,-0.0075414497,-9.928354e-05,-0.10930183,-0.2613911,-0.48370957,-0.5782686,-0.06793903,0.0,-0.44701988,-0.95605415,TSH_67,2026-03,1.7,0,4.684794510739335,0,0,0,999,0,3,0,33.0,38.1,4406.169780271188
-2.1127691,-0.0023521169,-9.928354e-05,-0.1021463,-0.27440557,-0.459632,-0.38440987,-0.04521855,0.0,-0.15989897,-0.478772,TSH_68,2024-12,2.97,0,2.364930151178175,0,0,0,999,0,12,0,33.0,34.6,12347.933398985157
-2.2393587,-0.006718998,-9.928354e-05,-0.10568656,-0.2860765,-0.49440312,-0.97488016,-0.050131284,0.0,-0.15852442,-0.67875063,TSH_68,2025-01,1.14,0,2.364930151178175,0,0,0,999,0,1,0,33.0,34.6,12347.933398985157
-2.251736,-0.006718998,-9.928354e-05,-0.10558547,-0.2859754,-0.48901224,-0.94401115,-0.050131284,0.0,-0.1581545,-0.7115215,TSH_68,2025-02,1.13,0,2.364930151178175,0,0,0,999,0,2,0,33.0,34.6,12347.933398985157
-2.2663937,-0.006718998,-9.928354e-05,-0.10558547,-0.27717856,-0.48241764,-0.63658506,-0.050131284,0.0,-0.13304284,-0.7125474,TSH_68,2025-03,1.57,0,2.364930151178175,0,0,0,999,0,3,0,33.0,34.6,12347.933398985157
-2.2761571,-0.0023521169,-9.928354e-05,-0.10412227,-0.26302347,-0.47858325,-0.11932379,-0.050131284,0.0,-0.09853099,-0.6891298,TSH_68,2025-04,2.8,0,2.364930151178175,0,0,0,999,0,4,0,33.0,34.6,12347.933398985157
-2.20258,-0.0023521169,-9.928354e-05,-0.09772618,-0.24993427,-0.48717996,0.026578723,-0.013985455,0.0,-0.0765121,-0.68813694,TSH_68,2025-05,3.7,0,2.364930151178175,0,0,0,999,0,5,1,33.0,34.6,12347.933398985157
-2.201032,-0.0023521169,-9.928354e-05,-0.09775998,-0.2500261,-0.48520753,0.1170289,-0.013985455,0.0,-0.076915726,-0.6612453,TSH_68,2025-06,4.16,0,2.364930151178175,0,0,0,999,0,6,1,33.0,34.6,12347.933398985157
-2.1986358,-0.0023521169,-9.928354e-05,-0.09786542,-0.25039864,-0.48106456,0.07547147,-0.011802202,0.0,-0.07492635,-0.65549594,TSH_68,2025-07,4.06,0,2.364930151178175,0,0,0,999,0,7,1,33.0,34.6,12347.933398985157
-2.2031105,-0.0023521169,-9.928354e-05,-0.098475896,-0.25284144,-0.46296835,0.05872419,-0.011802202,0.0,-0.09019987,-0.5828245,TSH_68,2025-08,4.26,0,2.364930151178175,0,0,0,999,0,8,1,33.0,34.6,12347.933398985157
-2.1796734,-0.0023521169,-9.928354e-05,-0.09503785,-0.26279575,-0.4572893,-0.11504794,-0.020612726,0.0,-0.107578784,-0.5306152,TSH_68,2025-09,3.78,0,2.364930151178175,0,0,0,999,0,9,1,33.0,34.6,12347.933398985157
-2.1975605,-0.0023521169,-9.928354e-05,-0.10009055,-0.2690026,-0.44404504,-0.063808925,-0.045395724,0.0,-0.10981344,-0.51698136,TSH_68,2025-10,3.86,0,2.364930151178175,0,0,0,999,0,10,0,33.0,34.6,12347.933398985157
-2.1456892,-0.0023521169,-9.928354e-05,-0.1021463,-0.2742799,-0.44704232,-0.17514776,-0.045395724,0.0,-0.1386155,-0.47629,TSH_68,2025-11,3.65,0,2.364930151178175,0,0,0,999,0,11,0,33.0,34.6,12347.933398985157
-2.1127691,-0.0023521169,-9.928354e-05,-0.1021463,-0.27440557,-0.459632,-0.38440987,-0.04521855,0.0,-0.15989897,-0.478772,TSH_68,2025-12,2.97,0,2.364930151178175,0,0,0,999,0,12,0,33.0,34.6,12347.933398985157
-2.2393587,-0.006718998,-9.928354e-05,-0.10568656,-0.2860765,-0.49440312,-0.97488016,-0.050131284,0.0,-0.15852442,-0.67875063,TSH_68,2026-01,1.14,0,2.364930151178175,0,0,0,999,0,1,0,33.0,34.6,12347.933398985157
-2.251736,-0.006718998,-9.928354e-05,-0.10558547,-0.2859754,-0.48901224,-0.94401115,-0.050131284,0.0,-0.1581545,-0.7115215,TSH_68,2026-02,1.13,0,2.364930151178175,0,0,0,999,0,2,0,33.0,34.6,12347.933398985157
-2.2663937,-0.006718998,-9.928354e-05,-0.10558547,-0.27717856,-0.48241764,-0.63658506,-0.050131284,0.0,-0.13304284,-0.7125474,TSH_68,2026-03,1.57,0,2.364930151178175,0,0,0,999,0,3,0,33.0,34.6,12347.933398985157
-1.8289448,-0.0009103065,-9.928354e-05,-0.08781381,-0.26228482,-0.33973062,-0.6318552,-0.047222517,0.0,-0.122278444,0.4114751,TSH_69,2024-12,8.5,0,9.829401220637266,0,0,0,999,0,12,0,33.0,34.6,2505.74775076718
-1.7784268,-0.0060480274,-9.928354e-05,-0.092014164,-0.26604712,-0.3597731,-0.9657444,-0.05213526,0.0,-0.11488721,0.30562833,TSH_69,2025-01,5.75,0,9.829401220637266,0,0,0,999,0,1,0,33.0,34.6,2505.74775076718
-1.7908039,-0.0060480274,-9.928354e-05,-0.091913074,-0.26594603,-0.35438222,-0.88677406,-0.05213526,0.0,-0.11381617,0.32095876,TSH_69,2025-02,6.25,0,9.829401220637266,0,0,0,999,0,2,0,33.0,34.6,2505.74775076718
-1.8048184,-0.0060480274,-9.928354e-05,-0.091913074,-0.2571492,-0.34778762,-0.57870483,-0.05213526,0.0,-0.08870453,0.3199327,TSH_69,2025-03,8.52,0,9.829401220637266,0,0,0,999,0,3,0,33.0,34.6,2505.74775076718
-1.7500263,-0.0009103065,-9.928354e-05,-0.086574405,-0.24299414,-0.34395325,0.060838904,-0.05213526,0.0,-0.05419272,0.39141864,TSH_69,2025-04,17.58,0,9.829401220637266,0,0,0,999,0,4,0,33.0,34.6,2505.74775076718
-1.7006383,-0.0009103065,-9.928354e-05,-0.080178306,-0.22990501,-0.35100618,0.16716509,-0.025001306,0.0,-0.034888826,0.36672202,TSH_69,2025-05,20.5,0,9.829401220637266,0,0,0,999,0,5,1,33.0,34.6,2505.74775076718
-1.732997,-0.0009103065,-9.928354e-05,-0.0802121,-0.22999682,-0.3490337,0.17813042,-0.025001306,0.0,-0.031871557,0.34803563,TSH_69,2025-06,19.94,0,9.829401220637266,0,0,0,999,0,6,1,33.0,34.6,2505.74775076718
-1.7948667,-0.0009103065,-9.928354e-05,-0.08031754,-0.23036933,-0.34489074,0.07230711,-0.022818053,0.0,-0.029882189,0.35378492,TSH_69,2025-07,17.59,0,9.829401220637266,0,0,0,999,0,7,1,33.0,34.6,2505.74775076718
-1.8125067,-0.0009103065,-9.928354e-05,-0.08092802,-0.23281217,-0.33387113,-0.022915648,-0.022818053,0.0,-0.045155704,0.3611462,TSH_69,2025-08,16.01,0,9.829401220637266,0,0,0,999,0,8,1,33.0,34.6,2505.74775076718
-1.8048373,-0.0009103065,-9.928354e-05,-0.08070535,-0.24276648,-0.32958013,-0.22602187,-0.031628575,0.0,-0.062445547,0.3997896,TSH_69,2025-09,13.64,0,9.829401220637266,0,0,0,999,0,9,1,33.0,34.6,2505.74775076718
-1.8119447,-0.0009103065,-9.928354e-05,-0.08575806,-0.2489733,-0.32010603,-0.14856069,-0.047399692,0.0,-0.06897625,0.43916816,TSH_69,2025-10,14.68,0,9.829401220637266,0,0,0,999,0,10,0,33.0,34.6,2505.74775076718
-1.8289915,-0.0009103065,-9.928354e-05,-0.08781381,-0.26215914,-0.32714093,-0.36816907,-0.047399692,0.0,-0.10099499,0.43711752,TSH_69,2025-11,11.38,0,9.829401220637266,0,0,0,999,0,11,0,33.0,34.6,2505.74775076718
-1.8289448,-0.0009103065,-9.928354e-05,-0.08781381,-0.26228482,-0.33973062,-0.6318552,-0.047222517,0.0,-0.122278444,0.4114751,TSH_69,2025-12,8.5,0,9.829401220637266,0,0,0,999,0,12,0,33.0,34.6,2505.74775076718
-1.7784268,-0.0060480274,-9.928354e-05,-0.092014164,-0.26604712,-0.3597731,-0.9657444,-0.05213526,0.0,-0.11488721,0.30562833,TSH_69,2026-01,5.75,0,9.829401220637266,0,0,0,999,0,1,0,33.0,34.6,2505.74775076718
-1.7908039,-0.0060480274,-9.928354e-05,-0.091913074,-0.26594603,-0.35438222,-0.88677406,-0.05213526,0.0,-0.11381617,0.32095876,TSH_69,2026-02,6.25,0,9.829401220637266,0,0,0,999,0,2,0,33.0,34.6,2505.74775076718
-1.8048184,-0.0060480274,-9.928354e-05,-0.091913074,-0.2571492,-0.34778762,-0.57870483,-0.05213526,0.0,-0.08870453,0.3199327,TSH_69,2026-03,8.52,0,9.829401220637266,0,0,0,999,0,3,0,33.0,34.6,2505.74775076718
0.23677972,-0.0009103065,-0.00039860196,-0.08424841,-0.3045502,-0.28231612,-0.823349,-0.05400236,0.0,-0.11885714,-2.2593431,TSH_7,2024-12,4.08,0,67.77590615405869,0,0,0,999,0,12,0,33.0,34.6,632.1715552221239
0.3836429,-0.0060480274,-0.00039860196,-0.078499205,-0.2929259,-0.29895714,-0.7122596,-0.0589151,0.0,-0.103579424,-2.0222867,TSH_7,2025-01,6.56,0,67.77590615405869,0,0,0,999,0,1,0,33.0,34.6,632.1715552221239
0.39740637,-0.0060480274,-0.00039860196,-0.078398116,-0.2928248,-0.29356626,-0.6345234,-0.0589151,0.0,-0.10250842,-2.0393314,TSH_7,2025-02,7.07,0,67.77590615405869,0,0,0,999,0,2,0,33.0,34.6,632.1715552221239
0.4019827,-0.0060480274,-0.00039860196,-0.078398116,-0.284028,-0.28697166,-0.29734817,-0.0589151,0.0,-0.07739676,-2.0298426,TSH_7,2025-03,10.12,0,67.77590615405869,0,0,0,999,0,3,0,33.0,34.6,632.1715552221239
0.39666492,-0.0009103065,-0.00039860196,-0.07305945,-0.26987287,-0.28313726,0.14264815,-0.0589151,0.0,-0.042393655,-2.0921378,TSH_7,2025-04,14.83,0,67.77590615405869,0,0,0,999,0,4,0,33.0,34.6,632.1715552221239
0.3690374,-0.0009103065,-0.00039860196,-0.06311146,-0.25262138,-0.28647414,0.20156233,-0.018772181,0.0,-0.028345184,-2.063054,TSH_7,2025-05,16.67,0,67.77590615405869,0,0,0,999,0,5,1,33.0,34.6,632.1715552221239
0.37058553,-0.0009103065,-0.00039860196,-0.06314526,-0.2527132,-0.2845017,0.22931656,-0.018772181,0.0,-0.024356142,-2.0988584,TSH_7,2025-06,16.66,0,67.77590615405869,0,0,0,999,0,6,1,33.0,34.6,632.1715552221239
0.38311583,-0.0009103065,-0.00039860196,-0.06325069,-0.25478142,-0.28035873,0.16761532,-0.016588934,0.0,-0.022366771,-2.1233876,TSH_7,2025-07,15.74,0,67.77590615405869,0,0,0,999,0,7,1,33.0,34.6,632.1715552221239
0.3210786,-0.0009103065,-0.00039860196,-0.066949666,-0.26593426,-0.27274054,-0.056611866,-0.016588934,0.0,-0.040900923,-2.202901,TSH_7,2025-08,11.21,0,67.77590615405869,0,0,0,999,0,8,1,33.0,34.6,632.1715552221239
0.2675572,-0.0009103065,-0.00039860196,-0.066727,-0.28086948,-0.26844952,-0.3975889,-0.025399456,0.0,-0.056593828,-2.2388203,TSH_7,2025-09,7.35,0,67.77590615405869,0,0,0,999,0,9,1,33.0,34.6,632.1715552221239
0.25309002,-0.0009103065,-0.00039860196,-0.0753316,-0.2912387,-0.26269153,-0.3717505,-0.054179534,0.0,-0.06464906,-2.2629056,TSH_7,2025-10,6.93,0,67.77590615405869,0,0,0,999,0,10,0,33.0,34.6,632.1715552221239
0.23648345,-0.0009103065,-0.00039860196,-0.08424841,-0.30442452,-0.26972643,-0.6136244,-0.054179534,0.0,-0.09666781,-2.2876618,TSH_7,2025-11,5.01,0,67.77590615405869,0,0,0,999,0,11,0,33.0,34.6,632.1715552221239
0.23677972,-0.0009103065,-0.00039860196,-0.08424841,-0.3045502,-0.28231612,-0.823349,-0.05400236,0.0,-0.11885714,-2.2593431,TSH_7,2025-12,4.08,0,67.77590615405869,0,0,0,999,0,12,0,33.0,34.6,632.1715552221239
0.3836429,-0.0060480274,-0.00039860196,-0.078499205,-0.2929259,-0.29895714,-0.7122596,-0.0589151,0.0,-0.103579424,-2.0222867,TSH_7,2026-01,6.56,0,67.77590615405869,0,0,0,999,0,1,0,33.0,34.6,632.1715552221239
0.39740637,-0.0060480274,-0.00039860196,-0.078398116,-0.2928248,-0.29356626,-0.6345234,-0.0589151,0.0,-0.10250842,-2.0393314,TSH_7,2026-02,7.07,0,67.77590615405869,0,0,0,999,0,2,0,33.0,34.6,632.1715552221239
0.4019827,-0.0060480274,-0.00039860196,-0.078398116,-0.284028,-0.28697166,-0.29734817,-0.0589151,0.0,-0.07739676,-2.0298426,TSH_7,2026-03,10.12,0,67.77590615405869,0,0,0,999,0,3,0,33.0,34.6,632.1715552221239
-0.8840778,-0.0009103065,-9.928354e-05,-0.103705354,-0.30227715,-0.2763763,-0.66083854,-0.008444466,0.0,-0.14284608,-1.6619629,TSH_70,2024-12,2.91,1,34.86930068529167,0,0,0,999,0,12,0,33.0,34.6,894.9706299433623
-0.8436967,-0.0060480274,-9.928354e-05,-0.09795615,-0.29567367,-0.29301727,-0.7574032,-0.0133572,0.0,-0.12847425,-1.5547048,TSH_70,2025-01,3.06,1,34.86930068529167,0,0,0,999,0,1,0,33.0,34.6,894.9706299433623
-0.83349055,-0.0060480274,-9.928354e-05,-0.09785506,-0.29557258,-0.2876264,-0.66352385,-0.0133572,0.0,-0.12740323,-1.5470486,TSH_70,2025-02,3.43,1,34.86930068529167,0,0,0,999,0,2,0,33.0,34.6,894.9706299433623
-0.796264,0.06865395,0.00044331595,0.43846357,1.1491351,-0.17902726,-0.20913723,0.031223364,0.0,-0.13233465,-1.3736298,TSH_70,2025-03,38.49,0,34.86930068529167,1,1,1,0,0,3,0,33.0,34.6,894.9706299433623
-0.82538,-0.0009103065,-0.00034592953,0.4156294,1.084693,-0.17862229,0.048727952,0.031223364,0.0,-0.11677042,-1.4339209,TSH_70,2025-04,39.12,0,34.86930068529167,0,0,1,1,0,4,0,33.0,34.6,894.9706299433623
-0.89054424,-0.0009103065,-0.00034592953,0.35154426,0.95961064,-0.19259977,0.07442633,-0.19235894,0.0,-0.1099561,-1.4587629,TSH_70,2025-05,28.37,0,34.86930068529167,0,0,1,2,0,5,1,33.0,34.6,894.9706299433623
-0.8889961,-0.0009103065,-0.00034592953,0.35173225,0.9533469,-0.192026,0.14283714,-0.19235894,0.0,-0.10596706,-1.4625714,TSH_70,2025-06,29.7,0,34.86930068529167,0,0,1,3,0,6,1,33.0,34.6,894.9706299433623
-0.8764658,-0.0009103065,-0.00034592953,0.35190076,0.93544096,-0.19105145,0.09874207,-0.17972934,0.0,-0.103027746,-1.4643011,TSH_70,2025-07,28.98,0,34.86930068529167,0,0,1,4,0,7,1,33.0,34.6,894.9706299433623
-0.8706276,-0.0009103065,-0.00034592953,0.3665162,1.2300823,-0.18637113,-0.034960408,-0.17972934,0.0,-0.07012324,-1.5242698,TSH_70,2025-08,32.36,0,34.86930068529167,0,0,1,5,0,8,1,33.0,34.6,894.9706299433623
-0.84708095,-0.0009103065,-0.00034592953,0.36602297,1.3043014,-0.18889768,-0.22019202,-0.18853986,0.0,-0.085816145,-1.4993982,TSH_70,2025-09,30.42,0,34.86930068529167,0,0,1,6,0,9,1,33.0,34.6,894.9706299433623
-0.84504247,-0.0009103065,-0.00034592953,0.40740243,0.9922424,-0.17779863,-0.2124637,0.027153473,0.0,-0.1018108,-1.5053232,TSH_70,2025-10,29.25,0,34.86930068529167,0,0,1,7,0,10,0,33.0,34.6,894.9706299433623
-0.86478984,-0.0009103065,-0.00034592953,0.37782004,0.06975222,-0.18983884,-0.44392613,0.011843603,0.0,-0.12719181,-1.5505978,TSH_70,2025-11,10.11,0,34.86930068529167,0,0,1,8,0,11,0,33.0,34.6,894.9706299433623
-0.8647432,-0.0009103065,-0.00034592953,0.37782004,0.07053979,-0.20425512,-0.66142875,0.012020778,0.0,-0.14847526,-1.53097,TSH_70,2025-12,8.19,0,34.86930068529167,0,0,1,9,0,12,0,33.0,34.6,894.9706299433623
-0.8294193,-0.0060480274,-0.00034592953,0.40445936,0.094889335,-0.21005364,-0.7193574,0.007108043,0.0,-0.13078749,-1.4170865,TSH_70,2026-01,9.34,0,34.86930068529167,0,0,1,10,0,1,0,33.0,34.6,894.9706299433623
-0.81921315,-0.0060480274,-0.00034592953,0.40456045,0.094990425,-0.20466277,-0.625478,0.007108043,0.0,-0.12971646,-1.4094303,TSH_70,2026-02,10.39,0,34.86930068529167,0,0,1,11,0,2,0,33.0,34.6,894.9706299433623
-0.81463677,-0.0060480274,-0.00034592953,0.40456045,0.08567325,-0.19911742,-0.3169316,0.007108043,0.0,-0.10460481,-1.4104563,TSH_70,2026-03,13.93,0,34.86930068529167,0,0,1,12,0,3,0,33.0,34.6,894.9706299433623
-2.1127691,-0.0023521169,-9.928354e-05,-0.1021463,-0.27440557,-0.459632,-0.38440987,-0.04521855,0.0,-0.15989897,-0.478772,TSH_71,2024-12,2.97,0,1.6724743417237375,0,0,0,999,0,12,0,33.0,34.6,18415.230196151755
-2.2393587,-0.006718998,-9.928354e-05,-0.10568656,-0.2860765,-0.49440312,-0.97488016,-0.050131284,0.0,-0.15852442,-0.67875063,TSH_71,2025-01,1.14,0,1.6724743417237375,0,0,0,999,0,1,0,33.0,34.6,18415.230196151755
-2.251736,-0.006718998,-9.928354e-05,-0.10558547,-0.2859754,-0.48901224,-0.94401115,-0.050131284,0.0,-0.1581545,-0.7115215,TSH_71,2025-02,1.13,0,1.6724743417237375,0,0,0,999,0,2,0,33.0,34.6,18415.230196151755
-2.2663937,-0.006718998,-9.928354e-05,-0.10558547,-0.27717856,-0.48241764,-0.63658506,-0.050131284,0.0,-0.13304284,-0.7125474,TSH_71,2025-03,1.57,0,1.6724743417237375,0,0,0,999,0,3,0,33.0,34.6,18415.230196151755
-2.2761571,-0.0023521169,-9.928354e-05,-0.10412227,-0.26302347,-0.47858325,-0.11932379,-0.050131284,0.0,-0.09853099,-0.6891298,TSH_71,2025-04,2.8,0,1.6724743417237375,0,0,0,999,0,4,0,33.0,34.6,18415.230196151755
-2.20258,-0.0023521169,-9.928354e-05,-0.09772618,-0.24993427,-0.48717996,0.026578723,-0.013985455,0.0,-0.0765121,-0.68813694,TSH_71,2025-05,3.7,0,1.6724743417237375,0,0,0,999,0,5,1,33.0,34.6,18415.230196151755
-2.201032,-0.0023521169,-9.928354e-05,-0.09775998,-0.2500261,-0.48520753,0.1170289,-0.013985455,0.0,-0.076915726,-0.6612453,TSH_71,2025-06,4.16,0,1.6724743417237375,0,0,0,999,0,6,1,33.0,34.6,18415.230196151755
-2.1986358,-0.0023521169,-9.928354e-05,-0.09786542,-0.25039864,-0.48106456,0.07547147,-0.011802202,0.0,-0.07492635,-0.65549594,TSH_71,2025-07,4.06,0,1.6724743417237375,0,0,0,999,0,7,1,33.0,34.6,18415.230196151755
-2.2031105,-0.0023521169,-9.928354e-05,-0.098475896,-0.25284144,-0.46296835,0.05872419,-0.011802202,0.0,-0.09019987,-0.5828245,TSH_71,2025-08,4.26,0,1.6724743417237375,0,0,0,999,0,8,1,33.0,34.6,18415.230196151755
-2.1796734,-0.0023521169,-9.928354e-05,-0.09503785,-0.26279575,-0.4572893,-0.11504794,-0.020612726,0.0,-0.107578784,-0.5306152,TSH_71,2025-09,3.78,0,1.6724743417237375,0,0,0,999,0,9,1,33.0,34.6,18415.230196151755
-2.1975605,-0.0023521169,-9.928354e-05,-0.10009055,-0.2690026,-0.44404504,-0.063808925,-0.045395724,0.0,-0.10981344,-0.51698136,TSH_71,2025-10,3.86,0,1.6724743417237375,0,0,0,999,0,10,0,33.0,34.6,18415.230196151755
-2.1456892,-0.0023521169,-9.928354e-05,-0.1021463,-0.2742799,-0.44704232,-0.17514776,-0.045395724,0.0,-0.1386155,-0.47629,TSH_71,2025-11,3.65,0,1.6724743417237375,0,0,0,999,0,11,0,33.0,34.6,18415.230196151755
-2.1127691,-0.0023521169,-9.928354e-05,-0.1021463,-0.27440557,-0.459632,-0.38440987,-0.04521855,0.0,-0.15989897,-0.478772,TSH_71,2025-12,2.97,0,1.6724743417237375,0,0,0,999,0,12,0,33.0,34.6,18415.230196151755
-2.2393587,-0.006718998,-9.928354e-05,-0.10568656,-0.2860765,-0.49440312,-0.97488016,-0.050131284,0.0,-0.15852442,-0.67875063,TSH_71,2026-01,1.14,0,1.6724743417237375,0,0,0,999,0,1,0,33.0,34.6,18415.230196151755
-2.251736,-0.006718998,-9.928354e-05,-0.10558547,-0.2859754,-0.48901224,-0.94401115,-0.050131284,0.0,-0.1581545,-0.7115215,TSH_71,2026-02,1.13,0,1.6724743417237375,0,0,0,999,0,2,0,33.0,34.6,18415.230196151755
-2.2663937,-0.006718998,-9.928354e-05,-0.10558547,-0.27717856,-0.48241764,-0.63658506,-0.050131284,0.0,-0.13304284,-0.7125474,TSH_71,2026-03,1.57,0,1.6724743417237375,0,0,0,999,0,3,0,33.0,34.6,18415.230196151755
-2.1127691,-0.0023521169,-9.928354e-05,-0.1021463,-0.27440557,-0.459632,-0.38440987,-0.04521855,0.0,-0.15989897,-0.478772,TSH_72,2024-12,2.97,0,2.136528314352078,0,0,0,999,0,12,0,33.0,34.6,10365.413765516128
-2.2393587,-0.006718998,-9.928354e-05,-0.10568656,-0.2860765,-0.49440312,-0.97488016,-0.050131284,0.0,-0.15852442,-0.67875063,TSH_72,2025-01,1.14,0,2.136528314352078,0,0,0,999,0,1,0,33.0,34.6,10365.413765516128
-2.251736,-0.006718998,-9.928354e-05,-0.10558547,-0.2859754,-0.48901224,-0.94401115,-0.050131284,0.0,-0.1581545,-0.7115215,TSH_72,2025-02,1.13,0,2.136528314352078,0,0,0,999,0,2,0,33.0,34.6,10365.413765516128
-2.2663937,-0.006718998,-9.928354e-05,-0.10558547,-0.27717856,-0.48241764,-0.63658506,-0.050131284,0.0,-0.13304284,-0.7125474,TSH_72,2025-03,1.57,0,2.136528314352078,0,0,0,999,0,3,0,33.0,34.6,10365.413765516128
-2.2761571,-0.0023521169,-9.928354e-05,-0.10412227,-0.26302347,-0.47858325,-0.11932379,-0.050131284,0.0,-0.09853099,-0.6891298,TSH_72,2025-04,2.8,0,2.136528314352078,0,0,0,999,0,4,0,33.0,34.6,10365.413765516128
-2.20258,-0.0023521169,-9.928354e-05,-0.09772618,-0.24993427,-0.48717996,0.026578723,-0.013985455,0.0,-0.0765121,-0.68813694,TSH_72,2025-05,3.7,0,2.136528314352078,0,0,0,999,0,5,1,33.0,34.6,10365.413765516128
-2.201032,-0.0023521169,-9.928354e-05,-0.09775998,-0.2500261,-0.48520753,0.1170289,-0.013985455,0.0,-0.076915726,-0.6612453,TSH_72,2025-06,4.16,0,2.136528314352078,0,0,0,999,0,6,1,33.0,34.6,10365.413765516128
-2.1986358,-0.0023521169,-9.928354e-05,-0.09786542,-0.25039864,-0.48106456,0.07547147,-0.011802202,0.0,-0.07492635,-0.65549594,TSH_72,2025-07,4.06,0,2.136528314352078,0,0,0,999,0,7,1,33.0,34.6,10365.413765516128
-2.2031105,-0.0023521169,-9.928354e-05,-0.098475896,-0.25284144,-0.46296835,0.05872419,-0.011802202,0.0,-0.09019987,-0.5828245,TSH_72,2025-08,4.26,0,2.136528314352078,0,0,0,999,0,8,1,33.0,34.6,10365.413765516128
-2.1796734,-0.0023521169,-9.928354e-05,-0.09503785,-0.26279575,-0.4572893,-0.11504794,-0.020612726,0.0,-0.107578784,-0.5306152,TSH_72,2025-09,3.78,0,2.136528314352078,0,0,0,999,0,9,1,33.0,34.6,10365.413765516128
-2.1975605,-0.0023521169,-9.928354e-05,-0.10009055,-0.2690026,-0.44404504,-0.063808925,-0.045395724,0.0,-0.10981344,-0.51698136,TSH_72,2025-10,3.86,0,2.136528314352078,0,0,0,999,0,10,0,33.0,34.6,10365.413765516128
-2.1456892,-0.0023521169,-9.928354e-05,-0.1021463,-0.2742799,-0.44704232,-0.17514776,-0.045395724,0.0,-0.1386155,-0.47629,TSH_72,2025-11,3.65,0,2.136528314352078,0,0,0,999,0,11,0,33.0,34.6,10365.413765516128
-2.1127691,-0.0023521169,-9.928354e-05,-0.1021463,-0.27440557,-0.459632,-0.38440987,-0.04521855,0.0,-0.15989897,-0.478772,TSH_72,2025-12,2.97,0,2.136528314352078,0,0,0,999,0,12,0,33.0,34.6,10365.413765516128
-2.2393587,-0.006718998,-9.928354e-05,-0.10568656,-0.2860765,-0.49440312,-0.97488016,-0.050131284,0.0,-0.15852442,-0.67875063,TSH_72,2026-01,1.14,0,2.136528314352078,0,0,0,999,0,1,0,33.0,34.6,10365.413765516128
-2.251736,-0.006718998,-9.928354e-05,-0.10558547,-0.2859754,-0.48901224,-0.94401115,-0.050131284,0.0,-0.1581545,-0.7115215,TSH_72,2026-02,1.13,0,2.136528314352078,0,0,0,999,0,2,0,33.0,34.6,10365.413765516128
-2.2663937,-0.006718998,-9.928354e-05,-0.10558547,-0.27717856,-0.48241764,-0.63658506,-0.050131284,0.0,-0.13304284,-0.7125474,TSH_72,2026-03,1.57,0,2.136528314352078,0,0,0,999,0,3,0,33.0,34.6,10365.413765516128
0.09074204,-0.0009103065,-0.00039860196,-0.123653,-0.32205322,-0.2726878,-0.70849144,-0.03426011,0.0,-0.23118171,-2.1551392,TSH_73,2024-12,3.83,0,181.10333380101383,0,0,0,999,0,12,0,33.0,73.3,218.7480438296505
0.22236528,-0.0060480274,-0.00039860196,-0.11536828,-0.30108702,-0.28993458,-0.53500426,-0.034495898,0.0,-0.14941144,-1.9561605,TSH_73,2025-01,6.71,0,181.10333380101383,0,0,0,999,0,1,0,33.0,73.3,218.7480438296505
0.23612869,-0.0060480274,-0.00039860196,-0.11526719,-0.30098593,-0.2845437,-0.4695451,-0.034495898,0.0,-0.16061747,-1.9733529,TSH_73,2025-02,7.07,0,181.10333380101383,0,0,0,999,0,2,0,33.0,73.3,218.7480438296505
0.25169978,-0.0060480274,-0.00039860196,-0.11526719,-0.29344094,-0.27794912,-0.23286887,-0.034495898,0.0,-0.24699937,-1.963864,TSH_73,2025-03,8.42,0,181.10333380101383,0,0,0,999,0,3,0,33.0,73.3,218.7480438296505
0.24954626,-0.0009103065,-0.00039860196,-0.11140559,-0.28409207,-0.2760759,0.093309194,-0.034495898,0.0,-0.32581457,-2.0174294,TSH_73,2025-04,10.21,0,181.10333380101383,0,0,0,999,0,4,0,33.0,73.3,218.7480438296505
0.21616139,-0.0009103065,-0.00039860196,-0.10145762,-0.26842076,-0.27941278,0.13167188,-0.06722075,0.0,-0.3955772,-1.9794538,TSH_73,2025-05,9.87,0,181.10333380101383,0,0,0,999,0,5,1,33.0,73.3,218.7480438296505
0.21770954,-0.0009103065,-0.00039860196,-0.101491414,-0.26851258,-0.27744034,0.15942605,-0.06722075,0.0,-0.39158818,-2.0152578,TSH_73,2025-06,9.87,0,181.10333380101383,0,0,0,999,0,6,1,33.0,73.3,218.7480438296505
0.23023982,-0.0009103065,-0.00039860196,-0.101596855,-0.27058083,-0.2732974,0.09772487,-0.065037504,0.0,-0.3895988,-2.0397868,TSH_73,2025-07,9.28,0,181.10333380101383,0,0,0,999,0,7,1,33.0,73.3,218.7480438296505
0.1682026,-0.0009103065,-0.00039860196,-0.10529583,-0.2817337,-0.26567918,-0.11296889,-0.065037504,0.0,-0.39459947,-2.1124284,TSH_73,2025-08,6.68,0,181.10333380101383,0,0,0,999,0,8,1,33.0,73.3,218.7480438296505
0.13938583,-0.0009103065,-0.00039860196,-0.10507316,-0.29666886,-0.26138818,-0.4066237,-0.06734682,0.0,-0.38767484,-2.1513896,TSH_73,2025-09,4.72,0,181.10333380101383,0,0,0,999,0,9,1,33.0,73.3,218.7480438296505
0.10272457,-0.0009103065,-0.00039860196,-0.11473619,-0.30703813,-0.25563025,-0.41343024,-0.034437284,0.0,-0.33351114,-2.16627,TSH_73,2025-10,4.79,0,181.10333380101383,0,0,0,999,0,10,0,33.0,73.3,218.7480438296505
0.09044579,-0.0009103065,-0.00039860196,-0.123653,-0.32192755,-0.2600981,-0.55886537,-0.034437284,0.0,-0.26909116,-2.1910262,TSH_73,2025-11,4.16,0,181.10333380101383,0,0,0,999,0,11,0,33.0,73.3,218.7480438296505
0.09074204,-0.0009103065,-0.00039860196,-0.123653,-0.32205322,-0.2726878,-0.70849144,-0.03426011,0.0,-0.23118171,-2.1551392,TSH_73,2025-12,3.83,0,181.10333380101383,0,0,0,999,0,12,0,33.0,73.3,218.7480438296505
0.22236528,-0.0060480274,-0.00039860196,-0.11536828,-0.30108702,-0.28993458,-0.53500426,-0.034495898,0.0,-0.14941144,-1.9561605,TSH_73,2026-01,6.71,0,181.10333380101383,0,0,0,999,0,1,0,33.0,73.3,218.7480438296505
0.23612869,-0.0060480274,-0.00039860196,-0.11526719,-0.30098593,-0.2845437,-0.4695451,-0.034495898,0.0,-0.16061747,-1.9733529,TSH_73,2026-02,7.07,0,181.10333380101383,0,0,0,999,0,2,0,33.0,73.3,218.7480438296505
0.25169978,-0.0060480274,-0.00039860196,-0.11526719,-0.29344094,-0.27794912,-0.23286887,-0.034495898,0.0,-0.24699937,-1.963864,TSH_73,2026-03,8.42,0,181.10333380101383,0,0,0,999,0,3,0,33.0,73.3,218.7480438296505
-1.9932082,-0.0009103065,-9.928354e-05,-0.09621337,-0.27599904,-0.34754223,-0.62267995,-0.032026477,0.0,-0.8849239,0.34817252,TSH_74,2024-12,3.32,0,9.2869295585758,0,0,0,999,0,12,0,33.0,39.5,2597.306229993532
-1.937867,-0.0060480274,-9.928354e-05,-0.09935527,-0.27199984,-0.36758468,-0.79072404,-0.032262266,0.0,-0.7051333,0.25151148,TSH_74,2025-01,3.15,0,9.2869295585758,0,0,0,999,0,1,0,33.0,39.5,2597.306229993532
-1.9502442,-0.0060480274,-9.928354e-05,-0.09925418,-0.27189875,-0.3621938,-0.72403085,-0.032262266,0.0,-0.71633935,0.2666945,TSH_74,2025-02,3.35,0,9.2869295585758,0,0,0,999,0,2,0,33.0,39.5,2597.306229993532
-1.9642588,-0.0060480274,-9.928354e-05,-0.09925418,-0.26435372,-0.3555992,-0.5054749,-0.032262266,0.0,-0.78074145,0.26566845,TSH_74,2025-03,3.88,0,9.2869295585758,0,0,0,999,0,3,0,33.0,39.5,2597.306229993532
-1.920755,-0.0009103065,-9.928354e-05,-0.093915515,-0.25500488,-0.35176486,0.038004097,-0.032262266,0.0,-0.8422941,0.33007893,TSH_74,2025-04,6.94,0,9.2869295585758,0,0,0,999,0,4,0,33.0,39.5,2597.306229993532
-1.8602183,-0.0009103065,-9.928354e-05,-0.08751942,-0.2419157,-0.35881776,0.1365906,-0.060061153,0.0,-0.89661324,0.29061025,TSH_74,2025-05,7.27,0,9.2869295585758,0,0,0,999,0,5,1,33.0,39.5,2597.306229993532
-1.8925769,-0.0009103065,-9.928354e-05,-0.08755322,-0.24200751,-0.35684532,0.13080478,-0.060061153,0.0,-0.9103471,0.27192375,TSH_74,2025-06,6.82,0,9.2869295585758,0,0,0,999,0,6,1,33.0,39.5,2597.306229993532
-1.9544467,-0.0009103065,-9.928354e-05,-0.08765866,-0.24238002,-0.35270235,0.02498145,-0.057877902,0.0,-0.90835774,0.27767304,TSH_74,2025-07,5.91,0,9.2869295585758,0,0,0,999,0,7,1,33.0,39.5,2597.306229993532
-1.9720868,-0.0009103065,-9.928354e-05,-0.08826914,-0.24482286,-0.34168273,-0.0702413,-0.057877902,0.0,-0.9236313,0.2850344,TSH_74,2025-08,5.31,0,9.2869295585758,0,0,0,999,0,8,1,33.0,39.5,2597.306229993532
-1.9700906,-0.0009103065,-9.928354e-05,-0.08804647,-0.25477725,-0.3373917,-0.25640318,-0.060187224,0.0,-0.91839266,0.32367778,TSH_74,2025-09,4.61,0,9.2869295585758,0,0,0,999,0,9,1,33.0,39.5,2597.306229993532
-1.9762081,-0.0009103065,-9.928354e-05,-0.09415762,-0.26098394,-0.32791764,-0.18840304,-0.032203652,0.0,-0.8806395,0.37226138,TSH_74,2025-10,5.44,0,9.2869295585758,0,0,0,999,0,10,0,33.0,39.5,2597.306229993532
-1.9932548,-0.0009103065,-9.928354e-05,-0.09621337,-0.27587336,-0.33495253,-0.37841544,-0.032203652,0.0,-0.88306224,0.37021074,TSH_74,2025-11,4.35,0,9.2869295585758,0,0,0,999,0,11,0,33.0,39.5,2597.306229993532
-1.9932082,-0.0009103065,-9.928354e-05,-0.09621337,-0.27599904,-0.34754223,-0.62267995,-0.032026477,0.0,-0.8849239,0.34817252,TSH_74,2025-12,3.32,0,9.2869295585758,0,0,0,999,0,12,0,33.0,39.5,2597.306229993532
-1.937867,-0.0060480274,-9.928354e-05,-0.09935527,-0.27199984,-0.36758468,-0.79072404,-0.032262266,0.0,-0.7051333,0.25151148,TSH_74,2026-01,3.15,0,9.2869295585758,0,0,0,999,0,1,0,33.0,39.5,2597.306229993532
-1.9502442,-0.0060480274,-9.928354e-05,-0.09925418,-0.27189875,-0.3621938,-0.72403085,-0.032262266,0.0,-0.71633935,0.2666945,TSH_74,2026-02,3.35,0,9.2869295585758,0,0,0,999,0,2,0,33.0,39.5,2597.306229993532
-1.9642588,-0.0060480274,-9.928354e-05,-0.09925418,-0.26435372,-0.3555992,-0.5054749,-0.032262266,0.0,-0.78074145,0.26566845,TSH_74,2026-03,3.88,0,9.2869295585758,0,0,0,999,0,3,0,33.0,39.5,2597.306229993532
-1.8910358,-0.0009103065,-9.928354e-05,-0.09621337,-0.27599904,-0.3395209,-0.6200362,-0.032026477,0.0,-0.80186254,0.34896913,TSH_75,2024-12,4.01,0,11.886732983856334,0,0,0,999,0,12,0,33.0,39.5,2472.420305891781
-1.8292296,-0.0060480274,-9.928354e-05,-0.09935527,-0.27199984,-0.35956335,-0.781615,-0.032262266,0.0,-0.6221611,0.2523081,TSH_75,2025-01,3.86,0,11.886732983856334,0,0,0,999,0,1,0,33.0,39.5,2472.420305891781
-1.8416067,-0.0060480274,-9.928354e-05,-0.09925418,-0.27189875,-0.35417247,-0.71492183,-0.032262266,0.0,-0.6333671,0.26749116,TSH_75,2025-02,4.1,0,11.886732983856334,0,0,0,999,0,2,0,33.0,39.5,2472.420305891781
-1.8556213,-0.0060480274,-9.928354e-05,-0.09925418,-0.26435372,-0.34757787,-0.49636588,-0.032262266,0.0,-0.6977692,0.26646513,TSH_75,2025-03,4.75,0,11.886732983856334,0,0,0,999,0,3,0,33.0,39.5,2472.420305891781
-1.8121176,-0.0009103065,-9.928354e-05,-0.093915515,-0.25500488,-0.34374353,0.04711312,-0.032262266,0.0,-0.7593219,0.33087555,TSH_75,2025-04,8.43,0,11.886732983856334,0,0,0,999,0,4,0,33.0,39.5,2472.420305891781
-1.7637191,-0.0009103065,-9.928354e-05,-0.08751942,-0.2419157,-0.35079643,0.13356121,-0.060061153,0.0,-0.813641,0.29140687,TSH_75,2025-05,8.63,0,11.886732983856334,0,0,0,999,0,5,1,33.0,39.5,2472.420305891781
-1.7960778,-0.0009103065,-9.928354e-05,-0.08755322,-0.24200751,-0.348824,0.12777539,-0.060061153,0.0,-0.8273749,0.27272043,TSH_75,2025-06,8.1,0,11.886732983856334,0,0,0,999,0,6,1,33.0,39.5,2472.420305891781
-1.8579476,-0.0009103065,-9.928354e-05,-0.08765866,-0.24238002,-0.34468102,0.021952061,-0.057877902,0.0,-0.8253855,0.2784697,TSH_75,2025-07,7.02,0,11.886732983856334,0,0,0,999,0,7,1,33.0,39.5,2472.420305891781
-1.8755876,-0.0009103065,-9.928354e-05,-0.08826914,-0.24482286,-0.3336614,-0.073270686,-0.057877902,0.0,-0.84065896,0.285831,TSH_75,2025-08,6.32,0,11.886732983856334,0,0,0,999,0,8,1,33.0,39.5,2472.420305891781
-1.8679183,-0.0009103065,-9.928354e-05,-0.08804647,-0.25477725,-0.32937038,-0.25375944,-0.060187224,0.0,-0.8353313,0.32447445,TSH_75,2025-09,5.56,0,11.886732983856334,0,0,0,999,0,9,1,33.0,39.5,2472.420305891781
-1.8740357,-0.0009103065,-9.928354e-05,-0.09415762,-0.26098394,-0.3198963,-0.18575929,-0.032203652,0.0,-0.79757816,0.373058,TSH_75,2025-10,6.54,0,11.886732983856334,0,0,0,999,0,10,0,33.0,39.5,2472.420305891781
-1.8910824,-0.0009103065,-9.928354e-05,-0.09621337,-0.27587336,-0.3269312,-0.37577167,-0.032203652,0.0,-0.8000009,0.37100735,TSH_75,2025-11,5.24,0,11.886732983856334,0,0,0,999,0,11,0,33.0,39.5,2472.420305891781
-1.8910358,-0.0009103065,-9.928354e-05,-0.09621337,-0.27599904,-0.3395209,-0.6200362,-0.032026477,0.0,-0.80186254,0.34896913,TSH_75,2025-12,4.01,0,11.886732983856334,0,0,0,999,0,12,0,33.0,39.5,2472.420305891781
-1.8292296,-0.0060480274,-9.928354e-05,-0.09935527,-0.27199984,-0.35956335,-0.781615,-0.032262266,0.0,-0.6221611,0.2523081,TSH_75,2026-01,3.86,0,11.886732983856334,0,0,0,999,0,1,0,33.0,39.5,2472.420305891781
-1.8416067,-0.0060480274,-9.928354e-05,-0.09925418,-0.27189875,-0.35417247,-0.71492183,-0.032262266,0.0,-0.6333671,0.26749116,TSH_75,2026-02,4.1,0,11.886732983856334,0,0,0,999,0,2,0,33.0,39.5,2472.420305891781
-1.8556213,-0.0060480274,-9.928354e-05,-0.09925418,-0.26435372,-0.34757787,-0.49636588,-0.032262266,0.0,-0.6977692,0.26646513,TSH_75,2026-03,4.75,0,11.886732983856334,0,0,0,999,0,3,0,33.0,39.5,2472.420305891781
-0.75393254,-0.0009103065,-9.928354e-05,-0.11210493,-0.30898038,-0.2742133,-0.6425651,0.006125047,0.0,-0.45299006,-1.5709318,TSH_76,2024-12,2.72,0,28.90359448721781,0,0,0,999,0,12,0,33.0,39.5,817.0610063894936
-0.7195314,-0.0060480274,-9.928354e-05,-0.105297275,-0.29461524,-0.29085428,-0.6142087,0.0058892528,0.0,-0.31369743,-1.4846087,TSH_76,2025-01,3.59,0,28.90359448721781,0,0,0,999,0,1,0,33.0,39.5,817.0610063894936
-0.70932525,-0.0060480274,-9.928354e-05,-0.105196185,-0.29451415,-0.2854634,-0.5326063,0.0058892528,0.0,-0.32490346,-1.4770999,TSH_76,2025-02,3.93,0,28.90359448721781,0,0,0,999,0,2,0,33.0,39.5,817.0610063894936
-0.704749,-0.0060480274,-9.928354e-05,-0.105196185,-0.28696916,-0.2788688,-0.29545987,0.0058892528,0.0,-0.38930556,-1.4781259,TSH_76,2025-03,4.72,0,28.90359448721781,0,0,0,999,0,3,0,33.0,39.5,817.0610063894936
-0.7258449,-0.0009103065,-9.928354e-05,-0.09985752,-0.2776203,-0.27503443,0.059787214,0.0058892528,0.0,-0.41729325,-1.5316914,TSH_76,2025-04,6.13,0,28.90359448721781,0,0,0,999,0,4,0,33.0,39.5,817.0610063894936
-0.79205835,-0.0009103065,-9.928354e-05,-0.08990953,-0.26605302,-0.2783713,0.10515703,-0.09211195,0.0,-0.4640765,-1.5490047,TSH_76,2025-05,5.25,0,28.90359448721781,0,0,0,999,0,5,1,33.0,39.5,817.0610063894936
-0.79051024,-0.0009103065,-9.928354e-05,-0.08994333,-0.26614484,-0.27639884,0.14881176,-0.09211195,0.0,-0.47683865,-1.5521572,TSH_76,2025-06,5.4,0,28.90359448721781,0,0,0,999,0,6,1,33.0,39.5,817.0610063894936
-0.77797997,-0.0009103065,-9.928354e-05,-0.09004877,-0.26651737,-0.2722559,0.102797344,-0.08992871,0.0,-0.47484925,-1.5609989,TSH_76,2025-07,5.23,0,28.90359448721781,0,0,0,999,0,7,1,33.0,39.5,817.0610063894936
-0.775058,-0.0009103065,-9.928354e-05,-0.09374774,-0.2743451,-0.26463774,-0.050802432,-0.08992871,0.0,-0.49338347,-1.6264551,TSH_76,2025-08,4.17,0,28.90359448721781,0,0,0,999,0,8,1,33.0,39.5,817.0610063894936
-0.7539325,-0.0009103065,-9.928354e-05,-0.093525074,-0.28928033,-0.26034674,-0.25228244,-0.092238024,0.0,-0.48645878,-1.6046562,TSH_76,2025-09,3.56,0,28.90359448721781,0,0,0,999,0,9,1,33.0,39.5,817.0610063894936
-0.7298138,-0.0009103065,-9.928354e-05,-0.10318812,-0.29396528,-0.2545888,-0.23590507,0.0059478683,0.0,-0.44870558,-1.5815784,TSH_76,2025-10,4.27,0,28.90359448721781,0,0,0,999,0,10,0,33.0,39.5,817.0610063894936
-0.7539791,-0.0009103065,-9.928354e-05,-0.11210493,-0.3088547,-0.26162362,-0.44357082,0.0059478683,0.0,-0.4511283,-1.5941638,TSH_76,2025-11,3.27,0,28.90359448721781,0,0,0,999,0,11,0,33.0,39.5,817.0610063894936
-0.75393254,-0.0009103065,-9.928354e-05,-0.11210493,-0.30898038,-0.2742133,-0.6425651,0.006125047,0.0,-0.45299006,-1.5709318,TSH_76,2025-12,2.72,0,28.90359448721781,0,0,0,999,0,12,0,33.0,39.5,817.0610063894936
-0.7195314,-0.0060480274,-9.928354e-05,-0.105297275,-0.29461524,-0.29085428,-0.6142087,0.0058892528,0.0,-0.31369743,-1.4846087,TSH_76,2026-01,3.59,0,28.90359448721781,0,0,0,999,0,1,0,33.0,39.5,817.0610063894936
-0.70932525,-0.0060480274,-9.928354e-05,-0.105196185,-0.29451415,-0.2854634,-0.5326063,0.0058892528,0.0,-0.32490346,-1.4770999,TSH_76,2026-02,3.93,0,28.90359448721781,0,0,0,999,0,2,0,33.0,39.5,817.0610063894936
-0.704749,-0.0060480274,-9.928354e-05,-0.105196185,-0.28696916,-0.2788688,-0.29545987,0.0058892528,0.0,-0.38930556,-1.4781259,TSH_76,2026-03,4.72,0,28.90359448721781,0,0,0,999,0,3,0,33.0,39.5,817.0610063894936
-0.73720247,-0.002403729,-9.928354e-05,-0.10945281,-0.27492768,-0.349056,-0.5851525,-0.01984244,0.0,-0.76581657,-0.68285406,TSH_77,2024-12,4.77,0,19.23445779559901,0,0,0,999,0,12,0,33.0,31.9,4395.029009829561
-0.68167937,-0.0075414497,-9.928354e-05,-0.1037036,-0.27370915,-0.37679917,-0.9643433,-0.024755176,0.0,-0.78791875,-0.82712954,TSH_77,2025-01,2.89,0,19.23445779559901,0,0,0,999,0,1,0,33.0,31.9,4395.029009829561
-0.6714732,-0.0075414497,-9.928354e-05,-0.10360251,-0.27360806,-0.37140828,-0.890136,-0.024755176,0.0,-0.7868477,-0.83914536,TSH_77,2025-02,3.12,0,19.23445779559901,0,0,0,999,0,2,0,33.0,31.9,4395.029009829561
-0.66689694,-0.0075414497,-9.928354e-05,-0.10360251,-0.2648112,-0.3648137,-0.5634756,-0.024755176,0.0,-0.7617361,-0.8401713,TSH_77,2025-03,4.46,0,19.23445779559901,0,0,0,999,0,3,0,33.0,31.9,4395.029009829561
-0.70235515,-0.002403729,-9.928354e-05,-0.09826385,-0.25065616,-0.35942084,0.0030024913,-0.024755176,0.0,-0.67548007,-0.8042901,TSH_77,2025-04,8.46,0,19.23445779559901,0,0,0,999,0,4,0,33.0,31.9,4395.029009829561
-0.80501765,-0.002403729,-9.928354e-05,-0.09186775,-0.2390889,-0.3643015,0.08000552,-0.07142075,0.0,-0.649879,-0.8030574,TSH_77,2025-05,8.21,0,19.23445779559901,0,0,0,999,0,5,1,33.0,31.9,4395.029009829561
-0.80346954,-0.002403729,-9.928354e-05,-0.09190155,-0.2391807,-0.36232907,0.14073852,-0.07142075,0.0,-0.6596131,-0.7965526,TSH_77,2025-06,8.69,0,19.23445779559901,0,0,0,999,0,6,1,33.0,31.9,4395.029009829561
-0.7909392,-0.002403729,-9.928354e-05,-0.09200699,-0.23955321,-0.3581861,0.10134824,-0.06923751,0.0,-0.6655907,-0.7908033,TSH_77,2025-07,8.52,0,19.23445779559901,0,0,0,999,0,7,1,33.0,31.9,4395.029009829561
-0.78808933,-0.002403729,-9.928354e-05,-0.09570596,-0.24199605,-0.3446387,0.06025345,-0.06923751,0.0,-0.6808642,-0.7437543,TSH_77,2025-08,8.53,0,19.23445779559901,0,0,0,999,0,8,1,33.0,31.9,4395.029009829561
-0.78456676,-0.002403729,-9.928354e-05,-0.095483296,-0.25693125,-0.33895966,-0.13343331,-0.07804803,0.0,-0.69655716,-0.69154507,TSH_77,2025-09,7.28,0,19.23445779559901,0,0,0,999,0,9,1,33.0,31.9,4395.029009829561
-0.7268235,-0.002403729,-9.928354e-05,-0.100535996,-0.26161614,-0.32943144,-0.101578474,-0.020019619,0.0,-0.71251446,-0.66199994,TSH_77,2025-10,8.44,0,19.23445779559901,0,0,0,999,0,10,0,33.0,31.9,4395.029009829561
-0.7372491,-0.002403729,-9.928354e-05,-0.10945281,-0.274802,-0.3364663,-0.32146633,-0.020019619,0.0,-0.7445332,-0.6572117,TSH_77,2025-11,6.48,0,19.23445779559901,0,0,0,999,0,11,0,33.0,31.9,4395.029009829561
-0.73720247,-0.002403729,-9.928354e-05,-0.10945281,-0.27492768,-0.349056,-0.5851525,-0.01984244,0.0,-0.76581657,-0.68285406,TSH_77,2025-12,4.77,0,19.23445779559901,0,0,0,999,0,12,0,33.0,31.9,4395.029009829561
-0.68167937,-0.0075414497,-9.928354e-05,-0.1037036,-0.27370915,-0.37679917,-0.9643433,-0.024755176,0.0,-0.78791875,-0.82712954,TSH_77,2026-01,2.89,0,19.23445779559901,0,0,0,999,0,1,0,33.0,31.9,4395.029009829561
-0.6714732,-0.0075414497,-9.928354e-05,-0.10360251,-0.27360806,-0.37140828,-0.890136,-0.024755176,0.0,-0.7868477,-0.83914536,TSH_77,2026-02,3.12,0,19.23445779559901,0,0,0,999,0,2,0,33.0,31.9,4395.029009829561
-0.66689694,-0.0075414497,-9.928354e-05,-0.10360251,-0.2648112,-0.3648137,-0.5634756,-0.024755176,0.0,-0.7617361,-0.8401713,TSH_77,2026-03,4.46,0,19.23445779559901,0,0,0,999,0,3,0,33.0,31.9,4395.029009829561
-1.5975395,-0.0009103065,-9.928354e-05,-0.09790206,-0.26777154,-0.37487784,-0.64349896,-0.07511163,0.0,-0.33645192,-0.1817768,TSH_78,2024-12,4.55,0,8.280439085738122,0,0,0,999,0,12,0,33.0,31.9,2800.093057859044
-1.5664943,-0.0060480274,-9.928354e-05,-0.10210242,-0.2715339,-0.3983626,-1.0382683,-0.08002436,0.0,-0.3551876,-0.31094655,TSH_78,2025-01,2.67,0,8.280439085738122,0,0,0,999,0,1,0,33.0,31.9,2800.093057859044
-1.5788715,-0.0060480274,-9.928354e-05,-0.10200133,-0.2714328,-0.39297172,-0.95929813,-0.08002436,0.0,-0.35411656,-0.29561618,TSH_78,2025-02,2.91,0,8.280439085738122,0,0,0,999,0,2,0,33.0,31.9,2800.093057859044
-1.592886,-0.0060480274,-9.928354e-05,-0.10200133,-0.26263598,-0.38637713,-0.6512288,-0.08002436,0.0,-0.32900488,-0.29664215,TSH_78,2025-03,4.02,0,8.280439085738122,0,0,0,999,0,3,0,33.0,31.9,2800.093057859044
-1.5284356,-0.0009103065,-9.928354e-05,-0.096662655,-0.24848093,-0.38098425,0.045038044,-0.08002436,0.0,-0.2444292,-0.21849698,TSH_78,2025-04,9.8,0,8.280439085738122,0,0,0,999,0,4,0,33.0,31.9,2800.093057859044
-1.4579031,-0.0009103065,-9.928354e-05,-0.09026657,-0.23539181,-0.38958097,0.16427462,0.0042714686,0.0,-0.2188282,-0.18964364,TSH_78,2025-05,13.23,0,8.280439085738122,0,0,0,999,0,5,1,33.0,31.9,2800.093057859044
-1.4902617,-0.0009103065,-9.928354e-05,-0.09030037,-0.23548362,-0.38760853,0.18567897,0.0042714686,0.0,-0.22856225,-0.18856063,TSH_78,2025-06,13.03,0,8.280439085738122,0,0,0,999,0,6,1,33.0,31.9,2800.093057859044
-1.5521314,-0.0009103065,-9.928354e-05,-0.09040581,-0.23585613,-0.38346556,0.07188862,0.0064547197,0.0,-0.2345399,-0.18281135,TSH_78,2025-07,11.22,0,8.280439085738122,0,0,0,999,0,7,1,33.0,31.9,2800.093057859044
-1.5697713,-0.0009103065,-9.928354e-05,-0.09101628,-0.23829894,-0.37040636,-0.018595073,0.0064547197,0.0,-0.2498134,-0.17071098,TSH_78,2025-08,10.25,0,8.280439085738122,0,0,0,999,0,8,1,33.0,31.9,2800.093057859044
-1.5677752,-0.0009103065,-9.928354e-05,-0.09079361,-0.24825321,-0.36472732,-0.21380852,-0.0023558047,0.0,-0.2671924,-0.11850161,TSH_78,2025-09,8.78,0,8.280439085738122,0,0,0,999,0,9,1,33.0,31.9,2800.093057859044
-1.5805395,-0.0009103065,-9.928354e-05,-0.09584631,-0.25446,-0.35525325,-0.13729419,-0.0752888,0.0,-0.2831497,-0.13117355,TSH_78,2025-10,8.47,0,8.280439085738122,0,0,0,999,0,10,0,33.0,31.9,2800.093057859044
-1.5975862,-0.0009103065,-9.928354e-05,-0.09790206,-0.26764587,-0.36228815,-0.37981275,-0.0752888,0.0,-0.3151684,-0.15613438,TSH_78,2025-11,6.18,0,8.280439085738122,0,0,0,999,0,11,0,33.0,31.9,2800.093057859044
-1.5975395,-0.0009103065,-9.928354e-05,-0.09790206,-0.26777154,-0.37487784,-0.64349896,-0.07511163,0.0,-0.33645192,-0.1817768,TSH_78,2025-12,4.55,0,8.280439085738122,0,0,0,999,0,12,0,33.0,31.9,2800.093057859044
-1.5664943,-0.0060480274,-9.928354e-05,-0.10210242,-0.2715339,-0.3983626,-1.0382683,-0.08002436,0.0,-0.3551876,-0.31094655,TSH_78,2026-01,2.67,0,8.280439085738122,0,0,0,999,0,1,0,33.0,31.9,2800.093057859044
-1.5788715,-0.0060480274,-9.928354e-05,-0.10200133,-0.2714328,-0.39297172,-0.95929813,-0.08002436,0.0,-0.35411656,-0.29561618,TSH_78,2026-02,2.91,0,8.280439085738122,0,0,0,999,0,2,0,33.0,31.9,2800.093057859044
-1.592886,-0.0060480274,-9.928354e-05,-0.10200133,-0.26263598,-0.38637713,-0.6512288,-0.08002436,0.0,-0.32900488,-0.29664215,TSH_78,2026-03,4.02,0,8.280439085738122,0,0,0,999,0,3,0,33.0,31.9,2800.093057859044
-1.0646505,-0.0009103065,-9.928354e-05,-0.1039092,-0.29865628,-0.2759586,-0.6662221,-0.011716876,0.0,-0.77075243,-1.6658735,TSH_79,2024-12,1.31,0,25.17271805780424,0,0,0,999,0,12,0,33.0,31.9,1148.1874914592015
-1.0276182,-0.0060480274,-9.928354e-05,-0.09816,-0.29205278,-0.294158,-0.79088336,-0.01662961,0.0,-0.7934636,-1.5556197,TSH_79,2025-01,1.29,0,25.17271805780424,0,0,0,999,0,1,0,33.0,31.9,1148.1874914592015
-1.0174121,-0.0060480274,-9.928354e-05,-0.09805891,-0.2919517,-0.28876713,-0.697004,-0.01662961,0.0,-0.79239255,-1.5479635,TSH_79,2025-02,1.44,0,25.17271805780424,0,0,0,999,0,2,0,33.0,31.9,1148.1874914592015
-1.0128357,-0.0060480274,-9.928354e-05,-0.09805891,-0.28315485,-0.28217253,-0.37034363,-0.01662961,0.0,-0.76728094,-1.5489895,TSH_79,2025-03,2.08,0,25.17271805780424,0,0,0,999,0,3,0,33.0,31.9,1148.1874914592015
-1.0399121,-0.0009103065,-9.928354e-05,-0.09272023,-0.26899976,-0.27677968,0.09795799,-0.01662961,0.0,-0.68221384,-1.6112847,TSH_79,2025-04,3.36,0,25.17271805780424,0,0,0,999,0,4,0,33.0,31.9,1148.1874914592015
-1.105136,-0.0009103065,-9.928354e-05,-0.08277226,-0.2574325,-0.2801166,0.14589474,-0.05340085,0.0,-0.65740204,-1.6292241,TSH_79,2025-05,3.27,0,25.17271805780424,0,0,0,999,0,5,1,33.0,31.9,1148.1874914592015
-1.1035877,-0.0009103065,-9.928354e-05,-0.08280606,-0.2575243,-0.27814412,0.19697021,-0.05340085,0.0,-0.6627434,-1.6323766,TSH_79,2025-06,3.42,0,25.17271805780424,0,0,0,999,0,6,1,33.0,31.9,1148.1874914592015
-1.0910574,-0.0009103065,-9.928354e-05,-0.0829115,-0.25789684,-0.27400115,0.14298873,-0.05121761,0.0,-0.668721,-1.6412185,TSH_79,2025-07,3.26,0,25.17271805780424,0,0,0,999,0,7,1,33.0,31.9,1148.1874914592015
-1.0881354,-0.0009103065,-9.928354e-05,-0.08661047,-0.2657246,-0.266383,-0.010611014,-0.05121761,0.0,-0.68725514,-1.7066745,TSH_79,2025-08,2.58,0,25.17271805780424,0,0,0,999,0,8,1,33.0,31.9,1148.1874914592015
-1.0670098,-0.0009103065,-9.928354e-05,-0.086387806,-0.28065982,-0.262092,-0.23470853,-0.06002813,0.0,-0.7029481,-1.6848758,TSH_79,2025-09,2.09,0,25.17271805780424,0,0,0,999,0,9,1,33.0,31.9,1148.1874914592015
-1.040532,-0.0009103065,-9.928354e-05,-0.09499239,-0.28534475,-0.25633407,-0.21054459,-0.011894051,0.0,-0.7174502,-1.6729159,TSH_79,2025-10,2.28,0,25.17271805780424,0,0,0,999,0,10,0,33.0,31.9,1148.1874914592015
-1.0646973,-0.0009103065,-9.928354e-05,-0.1039092,-0.2985306,-0.2633689,-0.44780624,-0.011894051,0.0,-0.7494689,-1.6855013,TSH_79,2025-11,1.64,0,25.17271805780424,0,0,0,999,0,11,0,33.0,31.9,1148.1874914592015
-1.0646505,-0.0009103065,-9.928354e-05,-0.1039092,-0.29865628,-0.2759586,-0.6662221,-0.011716876,0.0,-0.77075243,-1.6658735,TSH_79,2025-12,1.31,0,25.17271805780424,0,0,0,999,0,12,0,33.0,31.9,1148.1874914592015
-1.0276182,-0.0060480274,-9.928354e-05,-0.09816,-0.29205278,-0.294158,-0.79088336,-0.01662961,0.0,-0.7934636,-1.5556197,TSH_79,2026-01,1.29,0,25.17271805780424,0,0,0,999,0,1,0,33.0,31.9,1148.1874914592015
-1.0174121,-0.0060480274,-9.928354e-05,-0.09805891,-0.2919517,-0.28876713,-0.697004,-0.01662961,0.0,-0.79239255,-1.5479635,TSH_79,2026-02,1.44,0,25.17271805780424,0,0,0,999,0,2,0,33.0,31.9,1148.1874914592015
-1.0128357,-0.0060480274,-9.928354e-05,-0.09805891,-0.28315485,-0.28217253,-0.37034363,-0.01662961,0.0,-0.76728094,-1.5489895,TSH_79,2026-03,2.08,0,25.17271805780424,0,0,0,999,0,3,0,33.0,31.9,1148.1874914592015
-0.75393254,-0.0009103065,-9.928354e-05,-0.11210493,-0.30898038,-0.2742133,-0.64313835,0.006125047,0.0,-0.45658624,-1.5667623,TSH_8,2024-12,2.72,0,22.09999690327132,0,0,0,999,0,12,0,33.0,39.5,1350.8146689188472
-0.7195314,-0.0060480274,-9.928354e-05,-0.105297275,-0.29461524,-0.29085428,-0.61178666,0.0058892528,0.0,-0.32328427,-1.4774439,TSH_8,2025-01,3.59,0,22.09999690327132,0,0,0,999,0,1,0,33.0,39.5,1350.8146689188472
-0.70932525,-0.0060480274,-9.928354e-05,-0.105196185,-0.29451415,-0.2854634,-0.5301842,0.0058892528,0.0,-0.33449033,-1.4699352,TSH_8,2025-02,3.93,0,22.09999690327132,0,0,0,999,0,2,0,33.0,39.5,1350.8146689188472
-0.704749,-0.0060480274,-9.928354e-05,-0.105196185,-0.28696916,-0.2788688,-0.29303777,0.0058892528,0.0,-0.3988924,-1.4709612,TSH_8,2025-03,4.72,0,22.09999690327132,0,0,0,999,0,3,0,33.0,39.5,1350.8146689188472
-0.7258449,-0.0009103065,-9.928354e-05,-0.09985752,-0.2776203,-0.27503443,0.062209293,0.0058892528,0.0,-0.4268801,-1.5245267,TSH_8,2025-04,6.13,0,22.09999690327132,0,0,0,999,0,4,0,33.0,39.5,1350.8146689188472
-0.79205835,-0.0009103065,-9.928354e-05,-0.08990953,-0.26605302,-0.2783713,0.10458377,-0.09211195,0.0,-0.46767265,-1.5448352,TSH_8,2025-05,5.25,0,22.09999690327132,0,0,0,999,0,5,1,33.0,39.5,1350.8146689188472
-0.79051024,-0.0009103065,-9.928354e-05,-0.08994333,-0.26614484,-0.27639884,0.1482385,-0.09211195,0.0,-0.4804348,-1.5479877,TSH_8,2025-06,5.4,0,22.09999690327132,0,0,0,999,0,6,1,33.0,39.5,1350.8146689188472
-0.77797997,-0.0009103065,-9.928354e-05,-0.09004877,-0.26651737,-0.2722559,0.10222408,-0.08992871,0.0,-0.4784454,-1.5568295,TSH_8,2025-07,5.23,0,22.09999690327132,0,0,0,999,0,7,1,33.0,39.5,1350.8146689188472
-0.775058,-0.0009103065,-9.928354e-05,-0.09374774,-0.2743451,-0.26463774,-0.051375695,-0.08992871,0.0,-0.4969796,-1.6222856,TSH_8,2025-08,4.17,0,22.09999690327132,0,0,0,999,0,8,1,33.0,39.5,1350.8146689188472
-0.7539325,-0.0009103065,-9.928354e-05,-0.093525074,-0.28928033,-0.26034674,-0.2528557,-0.092238024,0.0,-0.49005497,-1.6004868,TSH_8,2025-09,3.56,0,22.09999690327132,0,0,0,999,0,9,1,33.0,39.5,1350.8146689188472
-0.7298138,-0.0009103065,-9.928354e-05,-0.10318812,-0.29396528,-0.2545888,-0.23647831,0.0059478683,0.0,-0.4523017,-1.5774089,TSH_8,2025-10,4.27,0,22.09999690327132,0,0,0,999,0,10,0,33.0,39.5,1350.8146689188472
-0.7539791,-0.0009103065,-9.928354e-05,-0.11210493,-0.3088547,-0.26162362,-0.4441441,0.0059478683,0.0,-0.4547245,-1.5899943,TSH_8,2025-11,3.27,0,22.09999690327132,0,0,0,999,0,11,0,33.0,39.5,1350.8146689188472
-0.75393254,-0.0009103065,-9.928354e-05,-0.11210493,-0.30898038,-0.2742133,-0.64313835,0.006125047,0.0,-0.45658624,-1.5667623,TSH_8,2025-12,2.72,0,22.09999690327132,0,0,0,999,0,12,0,33.0,39.5,1350.8146689188472
-0.7195314,-0.0060480274,-9.928354e-05,-0.105297275,-0.29461524,-0.29085428,-0.61178666,0.0058892528,0.0,-0.32328427,-1.4774439,TSH_8,2026-01,3.59,0,22.09999690327132,0,0,0,999,0,1,0,33.0,39.5,1350.8146689188472
-0.70932525,-0.0060480274,-9.928354e-05,-0.105196185,-0.29451415,-0.2854634,-0.5301842,0.0058892528,0.0,-0.33449033,-1.4699352,TSH_8,2026-02,3.93,0,22.09999690327132,0,0,0,999,0,2,0,33.0,39.5,1350.8146689188472
-0.704749,-0.0060480274,-9.928354e-05,-0.105196185,-0.28696916,-0.2788688,-0.29303777,0.0058892528,0.0,-0.3988924,-1.4709612,TSH_8,2026-03,4.72,0,22.09999690327132,0,0,0,999,0,3,0,33.0,39.5,1350.8146689188472
0.25118932,-0.0010155503,-0.00034592953,-0.009580238,-0.5727935,1.5266392,-0.45460922,-0.041592218,0.0,-0.05995171,0.019660398,TSH_80,2024-12,76.7,0,3.909024734987968,0,0,3,15,1,12,0,33.0,34.6,6856.697467298706
0.11934082,-0.0033889231,-0.00034592953,-0.0077817924,-0.63022244,1.6461071,-0.94377184,-0.047627114,0.0,-0.06821934,-0.17000477,TSH_80,2025-01,60.53,0,3.909024734987968,0,0,3,16,1,1,0,33.0,34.6,6856.697467298706
0.106963605,-0.0033889231,-0.00034592953,-0.008111421,-0.6292599,1.6139683,-0.9508632,-0.047627114,0.0,-0.06742837,-0.20277563,TSH_80,2025-02,58.53,0,3.909024734987968,0,0,3,17,1,2,0,33.0,34.6,6856.697467298706
0.09230593,-0.0033889231,-0.00034592953,-0.008111421,-0.62840277,1.5953689,-0.6856959,-0.047627114,0.0,-0.042316742,-0.20380163,TSH_80,2025-03,64.6,0,3.909024734987968,0,0,3,18,1,3,0,33.0,34.6,6856.697467298706
0.13449934,-0.0010155503,-0.00034592953,-0.026196225,-0.61499643,1.5592613,-0.1674794,-0.047627114,0.0,-0.016079377,-0.16558789,TSH_80,2025-04,76.64,0,3.909024734987968,0,0,3,19,1,4,0,33.0,34.6,6856.697467298706
0.21799943,-0.0010155503,-0.00034592953,-0.04278269,-0.6314702,1.612081,0.0034284305,-0.044395864,0.0,0.0059395297,-0.15526894,TSH_80,2025-05,81.72,0,3.909024734987968,0,0,3,20,1,5,1,33.0,34.6,6856.697467298706
0.2476837,-0.0010155503,-0.00034592953,-0.03764968,-0.62492585,1.607103,0.11716237,-0.044395864,0.0,0.0055359006,-0.12837733,TSH_80,2025-06,84.22,0,3.909024734987968,0,0,3,21,1,6,1,33.0,34.6,6856.697467298706
0.2850079,-0.0010155503,-0.00034592953,-0.0295573,-0.603843,1.6037048,0.10863695,-0.043741256,0.0,0.0075252703,-0.12262805,TSH_80,2025-07,85.03,0,3.909024734987968,0,0,3,22,1,7,1,33.0,34.6,6856.697467298706
0.25449133,-0.0010155503,-0.00034592953,-0.01991832,-0.5956219,1.5461102,0.040119216,-0.043741256,0.0,0.00038780365,-0.05554982,TSH_80,2025-08,84.0,0,3.909024734987968,0,0,3,23,1,8,1,33.0,34.6,6856.697467298706
0.26181087,-0.0010155503,-0.00034592953,-0.028183552,-0.591656,1.5230688,-0.17636761,-0.05255178,0.0,-0.015308533,-0.014901498,TSH_80,2025-09,80.82,0,3.909024734987968,0,0,3,24,1,9,1,33.0,34.6,6856.697467298706
0.23400067,-0.0010155503,-0.00034592953,-0.014095819,-0.5850379,1.454213,-0.19516128,-0.041769393,0.0,-0.020129085,-0.016938776,TSH_80,2025-10,79.37,0,3.909024734987968,0,0,3,25,1,10,0,33.0,34.6,6856.697467298706
0.26228386,-0.0010155503,-0.00034592953,-0.009580238,-0.5855872,1.4846826,-0.25861844,-0.041769393,0.0,-0.042804487,0.023752647,TSH_80,2025-11,79.65,0,3.909024734987968,0,0,3,26,1,11,0,33.0,34.6,6856.697467298706
0.25118932,-0.0010155503,-0.00034592953,-0.009580238,-0.5727935,1.5266392,-0.45460922,-0.041592218,0.0,-0.05995171,0.019660398,TSH_80,2025-12,76.7,0,3.909024734987968,0,0,3,27,1,12,0,33.0,34.6,6856.697467298706
0.11934082,-0.0033889231,-0.00034592953,-0.0077817924,-0.63022244,1.6461071,-0.94377184,-0.047627114,0.0,-0.06821934,-0.17000477,TSH_80,2026-01,60.53,0,3.909024734987968,0,0,3,28,1,1,0,33.0,34.6,6856.697467298706
0.11227521,-0.0033889231,-0.00034592953,-0.008111421,-0.6006902,1.6350393,-0.9485953,-0.047627114,0.0,-0.06742837,-0.20277563,TSH_80,2026-02,59.92,0,3.909024734987968,0,0,3,29,1,2,0,33.0,34.6,6856.697467298706
0.09761754,-0.0033889231,-0.00034592953,-0.008111421,-0.575954,1.6357373,-0.6817453,-0.047627114,0.0,-0.042316742,-0.20380163,TSH_80,2026-03,66.9,0,3.909024734987968,0,0,3,30,1,3,0,33.0,34.6,6856.697467298706
-2.1127691,-0.0023521169,-9.928354e-05,-0.1021463,-0.27440557,-0.459632,-0.38440987,-0.04521855,0.0,-0.15989897,-0.478772,TSH_81,2024-12,2.97,0,1.4250219760349891,0,0,0,999,0,12,0,33.0,34.6,8658.813834108223
-2.2393587,-0.006718998,-9.928354e-05,-0.10568656,-0.2860765,-0.49440312,-0.97488016,-0.050131284,0.0,-0.15852442,-0.67875063,TSH_81,2025-01,1.14,0,1.4250219760349891,0,0,0,999,0,1,0,33.0,34.6,8658.813834108223
-2.251736,-0.006718998,-9.928354e-05,-0.10558547,-0.2859754,-0.48901224,-0.94401115,-0.050131284,0.0,-0.1581545,-0.7115215,TSH_81,2025-02,1.13,0,1.4250219760349891,0,0,0,999,0,2,0,33.0,34.6,8658.813834108223
-2.2663937,-0.006718998,-9.928354e-05,-0.10558547,-0.27717856,-0.48241764,-0.63658506,-0.050131284,0.0,-0.13304284,-0.7125474,TSH_81,2025-03,1.57,0,1.4250219760349891,0,0,0,999,0,3,0,33.0,34.6,8658.813834108223
-2.2761571,-0.0023521169,-9.928354e-05,-0.10412227,-0.26302347,-0.47858325,-0.11932379,-0.050131284,0.0,-0.09853099,-0.6891298,TSH_81,2025-04,2.8,0,1.4250219760349891,0,0,0,999,0,4,0,33.0,34.6,8658.813834108223
-2.20258,-0.0023521169,-9.928354e-05,-0.09772618,-0.24993427,-0.48717996,0.026578723,-0.013985455,0.0,-0.0765121,-0.68813694,TSH_81,2025-05,3.7,0,1.4250219760349891,0,0,0,999,0,5,1,33.0,34.6,8658.813834108223
-2.201032,-0.0023521169,-9.928354e-05,-0.09775998,-0.2500261,-0.48520753,0.1170289,-0.013985455,0.0,-0.076915726,-0.6612453,TSH_81,2025-06,4.16,0,1.4250219760349891,0,0,0,999,0,6,1,33.0,34.6,8658.813834108223
-2.1986358,-0.0023521169,-9.928354e-05,-0.09786542,-0.25039864,-0.48106456,0.07547147,-0.011802202,0.0,-0.07492635,-0.65549594,TSH_81,2025-07,4.06,0,1.4250219760349891,0,0,0,999,0,7,1,33.0,34.6,8658.813834108223
-2.2031105,-0.0023521169,-9.928354e-05,-0.098475896,-0.25284144,-0.46296835,0.05872419,-0.011802202,0.0,-0.09019987,-0.5828245,TSH_81,2025-08,4.26,0,1.4250219760349891,0,0,0,999,0,8,1,33.0,34.6,8658.813834108223
-2.1796734,-0.0023521169,-9.928354e-05,-0.09503785,-0.26279575,-0.4572893,-0.11504794,-0.020612726,0.0,-0.107578784,-0.5306152,TSH_81,2025-09,3.78,0,1.4250219760349891,0,0,0,999,0,9,1,33.0,34.6,8658.813834108223
-2.1975605,-0.0023521169,-9.928354e-05,-0.10009055,-0.2690026,-0.44404504,-0.063808925,-0.045395724,0.0,-0.10981344,-0.51698136,TSH_81,2025-10,3.86,0,1.4250219760349891,0,0,0,999,0,10,0,33.0,34.6,8658.813834108223
-2.1456892,-0.0023521169,-9.928354e-05,-0.1021463,-0.2742799,-0.44704232,-0.17514776,-0.045395724,0.0,-0.1386155,-0.47629,TSH_81,2025-11,3.65,0,1.4250219760349891,0,0,0,999,0,11,0,33.0,34.6,8658.813834108223
-2.1127691,-0.0023521169,-9.928354e-05,-0.1021463,-0.27440557,-0.459632,-0.38440987,-0.04521855,0.0,-0.15989897,-0.478772,TSH_81,2025-12,2.97,0,1.4250219760349891,0,0,0,999,0,12,0,33.0,34.6,8658.813834108223
-2.2393587,-0.006718998,-9.928354e-05,-0.10568656,-0.2860765,-0.49440312,-0.97488016,-0.050131284,0.0,-0.15852442,-0.67875063,TSH_81,2026-01,1.14,0,1.4250219760349891,0,0,0,999,0,1,0,33.0,34.6,8658.813834108223
-2.251736,-0.006718998,-9.928354e-05,-0.10558547,-0.2859754,-0.48901224,-0.94401115,-0.050131284,0.0,-0.1581545,-0.7115215,TSH_81,2026-02,1.13,0,1.4250219760349891,0,0,0,999,0,2,0,33.0,34.6,8658.813834108223
-2.2663937,-0.006718998,-9.928354e-05,-0.10558547,-0.27717856,-0.48241764,-0.63658506,-0.050131284,0.0,-0.13304284,-0.7125474,TSH_81,2026-03,1.57,0,1.4250219760349891,0,0,0,999,0,3,0,33.0,34.6,8658.813834108223
-1.1187205,-0.0009103065,-9.928354e-05,-0.10037766,-0.29308856,-0.27799168,-0.6289554,-0.011716876,0.0,-0.8271642,-1.7793741,TSH_82,2024-12,1.09,0,14.31107954181459,0,0,0,999,0,12,0,33.0,31.9,1398.706501596449
-1.1464245,-0.0060480274,-9.928354e-05,-0.09771694,-0.29146594,-0.2961911,-0.8183529,-0.01662961,0.0,-0.8498752,-1.6438451,TSH_82,2025-01,0.96,0,14.31107954181459,0,0,0,999,0,1,0,33.0,31.9,1398.706501596449
-1.1588017,-0.0060480274,-9.928354e-05,-0.09761585,-0.29136485,-0.2908002,-0.7470569,-0.01662961,0.0,-0.84880424,-1.6361889,TSH_82,2025-02,1.04,0,14.31107954181459,0,0,0,999,0,2,0,33.0,31.9,1398.706501596449
-1.1542251,-0.0060480274,-9.928354e-05,-0.09761585,-0.282568,-0.28420562,-0.42039645,-0.01662961,0.0,-0.82369256,-1.6372149,TSH_82,2025-03,1.49,0,14.31107954181459,0,0,0,999,0,3,0,33.0,31.9,1398.706501596449
-1.1723679,-0.0009103065,-9.928354e-05,-0.09227719,-0.26841292,-0.27881277,0.05683892,-0.01662961,0.0,-0.73862565,-1.7135447,TSH_82,2025-04,2.43,0,14.31107954181459,0,0,0,999,0,4,0,33.0,31.9,1398.706501596449
-1.2337068,-0.0009103065,-9.928354e-05,-0.082329206,-0.25684565,-0.28214964,0.108660586,-0.05340085,0.0,-0.7138138,-1.7427247,TSH_82,2025-05,2.36,0,14.31107954181459,0,0,0,999,0,5,1,33.0,31.9,1398.706501596449
-1.2321588,-0.0009103065,-9.928354e-05,-0.082363,-0.25693747,-0.28017718,0.15973608,-0.05340085,0.0,-0.71915513,-1.7458774,TSH_82,2025-06,2.47,0,14.31107954181459,0,0,0,999,0,6,1,33.0,31.9,1398.706501596449
-1.2196282,-0.0009103065,-9.928354e-05,-0.08246844,-0.25731,-0.27603424,0.1057546,-0.05121761,0.0,-0.72513276,-1.7547191,TSH_82,2025-07,2.35,0,14.31107954181459,0,0,0,999,0,7,1,33.0,31.9,1398.706501596449
-1.1830083,-0.0009103065,-9.928354e-05,-0.08307893,-0.26513776,-0.26841608,-0.014147133,-0.05121761,0.0,-0.7436669,-1.8201753,TSH_82,2025-08,1.99,0,14.31107954181459,0,0,0,999,0,8,1,33.0,31.9,1398.706501596449
-1.1419815,-0.0009103065,-9.928354e-05,-0.08285626,-0.2750921,-0.26412505,-0.21834348,-0.06002813,0.0,-0.7593598,-1.7983764,TSH_82,2025-09,1.68,0,14.31107954181459,0,0,0,999,0,9,1,33.0,31.9,1398.706501596449
-1.0807228,-0.0009103065,-9.928354e-05,-0.09146085,-0.27977702,-0.25836715,-0.1593987,-0.011894051,0.0,-0.77386206,-1.7864165,TSH_82,2025-10,1.97,0,14.31107954181459,0,0,0,999,0,10,0,33.0,31.9,1398.706501596449
-1.1187673,-0.0009103065,-9.928354e-05,-0.10037766,-0.29296288,-0.265402,-0.41053948,-0.011894051,0.0,-0.8058808,-1.7990019,TSH_82,2025-11,1.38,0,14.31107954181459,0,0,0,999,0,11,0,33.0,31.9,1398.706501596449
-1.1187205,-0.0009103065,-9.928354e-05,-0.10037766,-0.29308856,-0.27799168,-0.6289554,-0.011716876,0.0,-0.8271642,-1.7793741,TSH_82,2025-12,1.09,0,14.31107954181459,0,0,0,999,0,12,0,33.0,31.9,1398.706501596449
-1.1464245,-0.0060480274,-9.928354e-05,-0.09771694,-0.29146594,-0.2961911,-0.8183529,-0.01662961,0.0,-0.8498752,-1.6438451,TSH_82,2026-01,0.96,0,14.31107954181459,0,0,0,999,0,1,0,33.0,31.9,1398.706501596449
-1.1588017,-0.0060480274,-9.928354e-05,-0.09761585,-0.29136485,-0.2908002,-0.7470569,-0.01662961,0.0,-0.84880424,-1.6361889,TSH_82,2026-02,1.04,0,14.31107954181459,0,0,0,999,0,2,0,33.0,31.9,1398.706501596449
-1.1542251,-0.0060480274,-9.928354e-05,-0.09761585,-0.282568,-0.28420562,-0.42039645,-0.01662961,0.0,-0.82369256,-1.6372149,TSH_82,2026-03,1.49,0,14.31107954181459,0,0,0,999,0,3,0,33.0,31.9,1398.706501596449
-1.6611227,-0.0009103065,-9.928354e-05,-0.09587618,-0.29641455,-0.3162831,-0.66674495,-0.0427446,0.0,-0.48902407,-1.803222,TSH_83,2024-12,0.79,0,12.66888241708827,0,0,0,999,0,12,0,33.0,31.9,954.8592844845656
-1.6264864,-0.0060480274,-9.928354e-05,-0.10007654,-0.29479197,-0.33788404,-0.7967969,-0.04765734,0.0,-0.50246686,-1.6579472,TSH_83,2025-01,0.79,0,12.66888241708827,0,0,0,999,0,1,0,33.0,31.9,954.8592844845656
-1.6388636,-0.0060480274,-9.928354e-05,-0.09997545,-0.29469088,-0.33249316,-0.72550094,-0.04765734,0.0,-0.5013958,-1.650291,TSH_83,2025-02,0.85,0,12.66888241708827,0,0,0,999,0,2,0,33.0,31.9,954.8592844845656
-1.652878,-0.0060480274,-9.928354e-05,-0.09997545,-0.28589404,-0.32589856,-0.41743144,-0.04765734,0.0,-0.47628427,-1.651317,TSH_83,2025-03,1.18,0,12.66888241708827,0,0,0,999,0,3,0,33.0,31.9,954.8592844845656
-1.6192056,-0.0009103065,-9.928354e-05,-0.094636776,-0.27173895,-0.3205057,0.111619085,-0.04765734,0.0,-0.39289773,-1.7403878,TSH_83,2025-04,2.1,0,12.66888241708827,0,0,0,999,0,4,0,33.0,31.9,954.8592844845656
-1.6115564,-0.0009103065,-9.928354e-05,-0.08468879,-0.25864977,-0.32755867,0.18020782,-0.029212413,0.0,-0.37407666,-1.7819521,TSH_83,2025-05,2.29,0,12.66888241708827,0,0,0,999,0,5,1,33.0,31.9,954.8592844845656
-1.6439149,-0.0009103065,-9.928354e-05,-0.084722586,-0.2587416,-0.3255862,0.19737652,-0.029212413,0.0,-0.37941808,-1.7851049,TSH_83,2025-06,2.24,0,12.66888241708827,0,0,0,999,0,6,1,33.0,31.9,954.8592844845656
-1.7057844,-0.0009103065,-9.928354e-05,-0.08482803,-0.25911412,-0.32144323,0.068995014,-0.027029164,0.0,-0.3853957,-1.7939466,TSH_83,2025-07,1.84,0,12.66888241708827,0,0,0,999,0,7,1,33.0,31.9,954.8592844845656
-1.7011102,-0.0009103065,-9.928354e-05,-0.08543851,-0.26694188,-0.3104236,-0.08285246,-0.027029164,0.0,-0.4039299,-1.8594025,TSH_83,2025-08,1.47,0,12.66888241708827,0,0,0,999,0,8,1,33.0,31.9,954.8592844845656
-1.6758381,-0.0009103065,-9.928354e-05,-0.085215844,-0.2768962,-0.30613258,-0.30280346,-0.035839688,0.0,-0.42121968,-1.8376042,TSH_83,2025-09,1.2,0,12.66888241708827,0,0,0,999,0,9,1,33.0,31.9,954.8592844845656
-1.6441226,-0.0009103065,-9.928354e-05,-0.09382043,-0.28310302,-0.29665855,-0.21818572,-0.042921774,0.0,-0.43572196,-1.8102643,TSH_83,2025-10,1.35,0,12.66888241708827,0,0,0,999,0,10,0,33.0,31.9,954.8592844845656
-1.6611693,-0.0009103065,-9.928354e-05,-0.09587618,-0.29628888,-0.3036934,-0.448329,-0.042921774,0.0,-0.46774065,-1.8228498,TSH_83,2025-11,0.99,0,12.66888241708827,0,0,0,999,0,11,0,33.0,31.9,954.8592844845656
-1.6611227,-0.0009103065,-9.928354e-05,-0.09587618,-0.29641455,-0.3162831,-0.66674495,-0.0427446,0.0,-0.48902407,-1.803222,TSH_83,2025-12,0.79,0,12.66888241708827,0,0,0,999,0,12,0,33.0,31.9,954.8592844845656
-1.6264864,-0.0060480274,-9.928354e-05,-0.10007654,-0.29479197,-0.33788404,-0.7967969,-0.04765734,0.0,-0.50246686,-1.6579472,TSH_83,2026-01,0.79,0,12.66888241708827,0,0,0,999,0,1,0,33.0,31.9,954.8592844845656
-1.6388636,-0.0060480274,-9.928354e-05,-0.09997545,-0.29469088,-0.33249316,-0.72550094,-0.04765734,0.0,-0.5013958,-1.650291,TSH_83,2026-02,0.85,0,12.66888241708827,0,0,0,999,0,2,0,33.0,31.9,954.8592844845656
-1.652878,-0.0060480274,-9.928354e-05,-0.09997545,-0.28589404,-0.32589856,-0.41743144,-0.04765734,0.0,-0.47628427,-1.651317,TSH_83,2026-03,1.18,0,12.66888241708827,0,0,0,999,0,3,0,33.0,31.9,954.8592844845656
0.43605736,-0.0009103065,-0.00034592953,0.3152323,-0.04802442,-0.19941188,-0.583642,0.0074497075,0.0,-0.13274464,0.6962937,TSH_84,2024-12,73.57,0,13.126114123407064,0,0,1,11,0,12,0,33.0,34.6,2016.3621732347185
0.2705304,-0.0060480274,-0.00034592953,0.35252067,-0.03404078,-0.20521043,-1.1057,0.0025369702,0.0,-0.120595425,0.56246525,TSH_84,2025-01,56.21,0,13.126114123407064,0,0,1,12,0,1,0,33.0,34.6,2016.3621732347185
0.2581532,-0.0060480274,-0.00034592953,0.35262176,-0.033939697,-0.19981956,-1.0267297,0.0025369702,0.0,-0.11952442,0.57779557,TSH_84,2025-02,58.38,0,13.126114123407064,0,0,1,13,0,2,0,33.0,34.6,2016.3621732347185
0.27509803,-0.0060480274,-0.00034592953,0.35262176,-0.043256868,-0.1942742,-0.70581496,0.0025369702,0.0,-0.09441276,0.57676977,TSH_84,2025-03,66.74,0,13.126114123407064,0,0,1,14,0,3,0,33.0,34.6,2016.3621732347185
0.3114797,-0.0009103065,-0.00034592953,0.32978758,-0.029101782,-0.18951465,-0.10921835,0.0025369702,0.0,-0.06866604,0.6613905,TSH_84,2025-04,80.86,0,13.126114123407064,0,0,1,15,0,4,0,33.0,34.6,2016.3621732347185
0.27451354,-0.0009103065,-0.00034592953,0.27855876,-0.027390648,-0.19860102,0.0026829382,-0.17500491,0.0,-0.04936213,0.5968532,TSH_84,2025-05,77.46,0,13.126114123407064,0,0,1,16,0,5,1,33.0,34.6,2016.3621732347185
0.27606165,-0.0009103065,-0.00034592953,0.27874675,-0.027004931,-0.19802725,0.063788205,-0.17500491,0.0,-0.045373097,0.5937006,TSH_84,2025-06,78.57,0,13.126114123407064,0,0,1,17,0,6,1,33.0,34.6,2016.3621732347185
0.2569229,-0.0009103065,-0.00034592953,0.27891526,-0.026067179,-0.19705272,0.0022801468,-0.17282167,0.0,-0.043383725,0.5994498,TSH_84,2025-07,77.39,0,13.126114123407064,0,0,1,18,0,7,1,33.0,34.6,2016.3621732347185
0.37672865,-0.0009103065,-0.00034592953,0.28119916,-0.026891667,-0.19237238,0.046943575,-0.17282167,0.0,-0.054632887,0.60067636,TSH_84,2025-08,80.08,0,13.126114123407064,0,0,1,19,0,8,1,33.0,34.6,2016.3621732347185
0.40158412,-0.0009103065,-0.00034592953,0.28070593,-0.034214173,-0.18996188,-0.13849209,-0.1816322,0.0,-0.07032582,0.63593674,TSH_84,2025-09,77.49,0,13.126114123407064,0,0,1,20,0,9,1,33.0,34.6,2016.3621732347185
0.48640615,-0.0009103065,-0.00034592953,0.32414913,-0.04554425,-0.1784544,-0.0778302,0.0072725327,0.0,-0.07944243,0.72398674,TSH_84,2025-10,84.46,0,13.126114123407064,0,0,1,21,0,10,0,33.0,34.6,2016.3621732347185
0.4360108,-0.0009103065,-0.00034592953,0.3152323,-0.04881199,-0.1849956,-0.32086912,0.0072725327,0.0,-0.11146116,0.7219361,TSH_84,2025-11,79.36,0,13.126114123407064,0,0,1,22,0,11,0,33.0,34.6,2016.3621732347185
0.43605736,-0.0009103065,-0.00034592953,0.3152323,-0.04802442,-0.19941188,-0.583642,0.0074497075,0.0,-0.13274464,0.6962937,TSH_84,2025-12,73.57,0,13.126114123407064,0,0,1,23,0,12,0,33.0,34.6,2016.3621732347185
0.2705304,-0.0060480274,-0.00034592953,0.35252067,-0.03404078,-0.20521043,-1.1057,0.0025369702,0.0,-0.120595425,0.56246525,TSH_84,2026-01,56.21,0,13.126114123407064,0,0,1,24,0,1,0,33.0,34.6,2016.3621732347185
0.2581532,-0.0060480274,-0.00034592953,0.35262176,-0.033939697,-0.19981956,-1.0267297,0.0025369702,0.0,-0.11952442,0.57779557,TSH_84,2026-02,58.38,0,13.126114123407064,0,0,1,25,0,2,0,33.0,34.6,2016.3621732347185
0.27509803,-0.0060480274,-0.00034592953,0.35262176,-0.043256868,-0.1942742,-0.70581496,0.0025369702,0.0,-0.09441276,0.57676977,TSH_84,2026-03,66.74,0,13.126114123407064,0,0,1,26,0,3,0,33.0,34.6,2016.3621732347185
-1.5682162,-0.0009103065,-9.928354e-05,-0.09790206,-0.26777154,-0.37192643,-0.6408552,-0.07511163,0.0,-0.42901337,-0.17601012,TSH_85,2024-12,4.33,0,12.602463893187249,0,0,0,999,0,12,0,33.0,31.9,2747.637310726117
-1.5307056,-0.0060480274,-9.928354e-05,-0.10210242,-0.2715339,-0.3954112,-1.0291592,-0.08002436,0.0,-0.44783813,-0.30517992,TSH_85,2025-01,2.57,0,12.602463893187249,0,0,0,999,0,1,0,33.0,31.9,2747.637310726117
-1.5430827,-0.0060480274,-9.928354e-05,-0.10200133,-0.2714328,-0.3900203,-0.950189,-0.08002436,0.0,-0.4467671,-0.2898495,TSH_85,2025-02,2.8,0,12.602463893187249,0,0,0,999,0,2,0,33.0,31.9,2747.637310726117
-1.5570973,-0.0060480274,-9.928354e-05,-0.10200133,-0.26263598,-0.3834257,-0.64211965,-0.08002436,0.0,-0.42165545,-0.29087546,TSH_85,2025-03,3.87,0,12.602463893187249,0,0,0,999,0,3,0,33.0,31.9,2747.637310726117
-1.4926468,-0.0009103065,-9.928354e-05,-0.096662655,-0.24848093,-0.37803283,0.05414707,-0.08002436,0.0,-0.3370797,-0.21273029,TSH_85,2025-04,9.46,0,12.602463893187249,0,0,0,999,0,4,0,33.0,31.9,2747.637310726117
-1.4342527,-0.0009103065,-9.928354e-05,-0.09026657,-0.23539181,-0.38662955,0.16124523,0.0042714686,0.0,-0.31147873,-0.18387695,TSH_85,2025-05,12.52,0,12.602463893187249,0,0,0,999,0,5,1,33.0,31.9,2747.637310726117
-1.4666114,-0.0009103065,-9.928354e-05,-0.09030037,-0.23548362,-0.3846571,0.18264958,0.0042714686,0.0,-0.32121283,-0.18279395,TSH_85,2025-06,12.33,0,12.602463893187249,0,0,0,999,0,6,1,33.0,31.9,2747.637310726117
-1.528481,-0.0009103065,-9.928354e-05,-0.09040581,-0.23585613,-0.38051414,0.06885922,0.0064547197,0.0,-0.32719046,-0.17704469,TSH_85,2025-07,10.61,0,12.602463893187249,0,0,0,999,0,7,1,33.0,31.9,2747.637310726117
-1.546121,-0.0009103065,-9.928354e-05,-0.09101628,-0.23829894,-0.36745495,-0.021624466,0.0064547197,0.0,-0.34246397,-0.16494429,TSH_85,2025-08,9.68,0,12.602463893187249,0,0,0,999,0,8,1,33.0,31.9,2747.637310726117
-1.5384518,-0.0009103065,-9.928354e-05,-0.09079361,-0.24825321,-0.3617759,-0.21116476,-0.0023558047,0.0,-0.35975388,-0.112734914,TSH_85,2025-09,8.37,0,12.602463893187249,0,0,0,999,0,9,1,33.0,31.9,2747.637310726117
-1.551216,-0.0009103065,-9.928354e-05,-0.09584631,-0.25446,-0.35230184,-0.13465041,-0.0752888,0.0,-0.3757112,-0.12540685,TSH_85,2025-10,8.07,0,12.602463893187249,0,0,0,999,0,10,0,33.0,31.9,2747.637310726117
-1.5682629,-0.0009103065,-9.928354e-05,-0.09790206,-0.26764587,-0.35933673,-0.37716898,-0.0752888,0.0,-0.40772995,-0.15036769,TSH_85,2025-11,5.89,0,12.602463893187249,0,0,0,999,0,11,0,33.0,31.9,2747.637310726117
-1.5682162,-0.0009103065,-9.928354e-05,-0.09790206,-0.26777154,-0.37192643,-0.6408552,-0.07511163,0.0,-0.42901337,-0.17601012,TSH_85,2025-12,4.33,0,12.602463893187249,0,0,0,999,0,12,0,33.0,31.9,2747.637310726117
-1.5307056,-0.0060480274,-9.928354e-05,-0.10210242,-0.2715339,-0.3954112,-1.0291592,-0.08002436,0.0,-0.44783813,-0.30517992,TSH_85,2026-01,2.57,0,12.602463893187249,0,0,0,999,0,1,0,33.0,31.9,2747.637310726117
-1.5430827,-0.0060480274,-9.928354e-05,-0.10200133,-0.2714328,-0.3900203,-0.950189,-0.08002436,0.0,-0.4467671,-0.2898495,TSH_85,2026-02,2.8,0,12.602463893187249,0,0,0,999,0,2,0,33.0,31.9,2747.637310726117
-1.5570973,-0.0060480274,-9.928354e-05,-0.10200133,-0.26263598,-0.3834257,-0.64211965,-0.08002436,0.0,-0.42165545,-0.29087546,TSH_85,2026-03,3.87,0,12.602463893187249,0,0,0,999,0,3,0,33.0,31.9,2747.637310726117
-1.9439305,-0.002403729,-9.928354e-05,-0.1008379,-0.27339324,-0.42714974,-0.5911275,-0.06791356,0.0,-0.37451237,-0.775395,TSH_86,2024-12,1.76,0,9.2948335596709,0,0,0,999,0,12,0,33.0,38.1,4689.164116839032
-1.911988,-0.0075414497,-9.928354e-05,-0.105038255,-0.27304885,-0.45673597,-0.91804564,-0.06814936,0.0,-0.30275825,-0.927203,TSH_86,2025-01,1.17,0,9.2948335596709,0,0,0,999,0,1,0,33.0,38.1,4689.164116839032
-1.9243652,-0.0075414497,-9.928354e-05,-0.104937166,-0.27294776,-0.4513451,-0.85523283,-0.06814936,0.0,-0.29049844,-0.93921894,TSH_86,2025-02,1.24,0,9.2948335596709,0,0,0,999,0,2,0,33.0,38.1,4689.164116839032
-1.9383796,-0.0075414497,-9.928354e-05,-0.104937166,-0.2641509,-0.4447505,-0.54716337,-0.06814936,0.0,-0.26538676,-0.94024485,TSH_86,2025-03,1.72,0,9.2948335596709,0,0,0,999,0,3,0,33.0,38.1,4689.164116839032
-1.8852173,-0.002403729,-9.928354e-05,-0.0995985,-0.25410256,-0.4409161,0.0024084244,-0.06814936,0.0,-0.29762626,-0.8919794,TSH_86,2025-04,3.22,0,9.2948335596709,0,0,0,999,0,4,0,33.0,38.1,4689.164116839032
-1.8146849,-0.002403729,-9.928354e-05,-0.093202405,-0.24101347,-0.4495128,0.12045712,-0.012208771,0.0,-0.3003805,-0.8734047,TSH_86,2025-05,4.18,0,9.2948335596709,0,0,0,999,0,5,1,33.0,38.1,4689.164116839032
-1.8470436,-0.002403729,-9.928354e-05,-0.0932362,-0.24110527,-0.44754037,0.1398626,-0.012208771,0.0,-0.31753528,-0.86689985,TSH_86,2025-06,4.09,0,9.2948335596709,0,0,0,999,0,6,1,33.0,38.1,4689.164116839032
-1.9089133,-0.002403729,-9.928354e-05,-0.09334164,-0.24147779,-0.4433974,0.03403929,-0.010025521,0.0,-0.3155459,-0.8611505,TSH_86,2025-07,3.53,0,9.2948335596709,0,0,0,999,0,7,1,33.0,38.1,4689.164116839032
-1.9265532,-0.002403729,-9.928354e-05,-0.09395212,-0.24392065,-0.4264485,-0.027545283,-0.010025521,0.0,-0.33081943,-0.8201509,TSH_86,2025-08,3.4,0,9.2948335596709,0,0,0,999,0,8,1,33.0,38.1,4689.164116839032
-1.9245571,-0.002403729,-9.928354e-05,-0.09372945,-0.2538749,-0.42076945,-0.20924208,-0.0123348385,0.0,-0.33468175,-0.76794165,TSH_86,2025-09,2.97,0,9.2948335596709,0,0,0,999,0,9,1,33.0,38.1,4689.164116839032
-1.9406703,-0.002403729,-9.928354e-05,-0.09878215,-0.26008168,-0.40752518,-0.12524931,-0.06809074,0.0,-0.33178756,-0.75454086,TSH_86,2025-10,3.06,0,9.2948335596709,0,0,0,999,0,10,0,33.0,38.1,4689.164116839032
-1.9439771,-0.002403729,-9.928354e-05,-0.1008379,-0.27326757,-0.41456005,-0.33801872,-0.06809074,0.0,-0.36380628,-0.74975264,TSH_86,2025-11,2.36,0,9.2948335596709,0,0,0,999,0,11,0,33.0,38.1,4689.164116839032
-1.9439305,-0.002403729,-9.928354e-05,-0.1008379,-0.27339324,-0.42714974,-0.5911275,-0.06791356,0.0,-0.37451237,-0.775395,TSH_86,2025-12,1.76,0,9.2948335596709,0,0,0,999,0,12,0,33.0,38.1,4689.164116839032
-1.911988,-0.0075414497,-9.928354e-05,-0.105038255,-0.27304885,-0.45673597,-0.91804564,-0.06814936,0.0,-0.30275825,-0.927203,TSH_86,2026-01,1.17,0,9.2948335596709,0,0,0,999,0,1,0,33.0,38.1,4689.164116839032
-1.9243652,-0.0075414497,-9.928354e-05,-0.104937166,-0.27294776,-0.4513451,-0.85523283,-0.06814936,0.0,-0.29049844,-0.93921894,TSH_86,2026-02,1.24,0,9.2948335596709,0,0,0,999,0,2,0,33.0,38.1,4689.164116839032
-1.9383796,-0.0075414497,-9.928354e-05,-0.104937166,-0.2641509,-0.4447505,-0.54716337,-0.06814936,0.0,-0.26538676,-0.94024485,TSH_86,2026-03,1.72,0,9.2948335596709,0,0,0,999,0,3,0,33.0,38.1,4689.164116839032
0.9332356,-0.0009103065,-0.0036195857,0.22513632,-0.10899396,-0.19111206,-0.9628516,-0.022889433,0.0,-0.04038486,-0.48572236,TSH_87,2024-12,46.89,0,138.99136243861577,0,0,1,18,0,12,0,33.0,38.1,178.9103981981778
1.0674721,-0.0060480274,-0.0036195857,0.25177553,-0.0818523,-0.19691056,-0.62982655,-0.023125226,0.0,0.024486776,-0.07855559,TSH_87,2025-01,70.21,0,138.99136243861577,0,0,1,19,0,1,0,33.0,38.1,178.9103981981778
1.0812355,-0.0060480274,-0.0036195857,0.25187662,-0.08175121,-0.19151969,-0.5172602,-0.023125226,0.0,0.03674658,-0.07195914,TSH_87,2025-02,73.27,0,138.99136243861577,0,0,1,20,0,2,0,33.0,38.1,178.9103981981778
1.0968066,-0.0060480274,-0.0036195857,0.25187662,-0.09106836,-0.18597434,-0.18720439,-0.023125226,0.0,0.061858248,-0.062470295,TSH_87,2025-03,79.97,0,138.99136243861577,0,0,1,21,0,3,0,33.0,38.1,178.9103981981778
1.0974692,-0.0009103065,-0.0036195857,0.22904247,-0.08102007,-0.18121481,0.1592842,-0.023125226,0.0,0.042624097,-0.14386007,TSH_87,2025-04,83.59,0,138.99136243861577,0,0,1,22,0,4,0,33.0,38.1,178.9103981981778
1.0356301,-0.0009103065,-0.0036195857,0.16495734,-0.09583692,-0.19030115,0.17652209,-0.11114196,0.0,0.03461445,-0.1635431,TSH_87,2025-05,79.9,0,138.99136243861577,0,0,1,23,0,5,1,33.0,38.1,178.9103981981778
1.0371783,-0.0009103065,-0.0036195857,0.16514537,-0.095451206,-0.18972741,0.18269315,-0.11114196,0.0,0.021852335,-0.2048789,TSH_87,2025-06,79.16,0,138.99136243861577,0,0,1,24,0,6,1,33.0,38.1,178.9103981981778
1.0497086,-0.0009103065,-0.0036195857,0.16531385,-0.09620915,-0.18875286,0.13716729,-0.108958706,0.0,0.023841707,-0.21481636,TSH_87,2025-07,78.52,0,138.99136243861577,0,0,1,25,0,7,1,33.0,38.1,178.9103981981778
1.0136116,-0.0009103065,-0.0036195857,0.17824686,-0.09933996,-0.18407254,-0.08476079,-0.108958706,0.0,0.0071419263,-0.33259514,TSH_87,2025-08,71.47,0,138.99136243861577,0,0,1,26,0,8,1,33.0,38.1,178.9103981981778
0.9775612,-0.0009103065,-0.0036195857,0.17775363,-0.11171171,-0.18166205,-0.48126596,-0.11126802,0.0,0.0037444818,-0.46604285,TSH_87,2025-09,58.33,0,138.99136243861577,0,0,1,27,0,9,1,33.0,38.1,178.9103981981778
0.9495458,-0.0009103065,-0.0036195857,0.23405312,-0.1065138,-0.17015457,-0.5326617,-0.023066608,0.0,0.0032458834,-0.48928493,TSH_87,2025-10,59.73,0,138.99136243861577,0,0,1,28,0,10,0,33.0,38.1,178.9103981981778
0.9325933,-0.0009103065,-0.0036195857,0.22513632,-0.10772686,-0.17806062,-0.7649612,-0.023066608,0.0,-0.028772851,-0.5140413,TSH_87,2025-11,51.75,0,138.99136243861577,0,0,1,29,0,11,0,33.0,38.1,178.9103981981778
0.9328895,-0.0009103065,-0.0036195857,0.22513632,-0.105097845,-0.1939981,-0.96351564,-0.022889433,0.0,-0.04038486,-0.48572236,TSH_87,2025-12,46.89,0,138.99136243861577,0,0,1,30,0,12,0,33.0,38.1,178.9103981981778
1.06417,-0.0060480274,-0.0036195857,0.25177553,-0.067652166,-0.20789343,-0.62946266,-0.023125226,0.0,0.024486776,-0.07883445,TSH_87,2026-01,70.21,0,138.99136243861577,0,0,1,31,0,1,0,33.0,38.1,178.9103981981778
1.0776545,-0.0060480274,-0.0036195857,0.25187662,0.5252625,-0.22173049,-0.5161835,-0.026335208,0.0,0.03527073,-0.096868426,TSH_87,2026-02,82.53,0,138.99136243861577,0,0,1,32,0,2,0,33.0,38.1,178.9103981981778
1.0932255,-0.0060480274,-0.0036195857,0.25187662,0.6659812,-0.21821286,-0.18612772,-0.026335208,0.0,0.060382392,-0.063418455,TSH_87,2026-03,89.1,0,138.99136243861577,0,0,1,33,0,3,0,33.0,38.1,178.9103981981778
-1.6647898,-0.002403729,-9.928354e-05,-0.110661,-0.28611016,-0.45799974,-0.46986052,-0.052513167,0.0,-0.91966563,-0.87794745,TSH_88,2024-12,1.33,0,5.77739610378167,0,0,0,999,0,12,0,33.0,73.3,4820.337657265887
-1.7146921,-0.0075414497,-9.928354e-05,-0.11554121,-0.2805307,-0.49337667,-0.7860465,-0.052748963,0.0,-0.7642791,-1.0204593,TSH_88,2025-01,0.9,0,5.77739610378167,0,0,0,999,0,1,0,33.0,73.3,4820.337657265887
-1.7270693,-0.0075414497,-9.928354e-05,-0.11544012,-0.2804296,-0.4879858,-0.7466996,-0.052748963,0.0,-0.7754852,-1.0326225,TSH_88,2025-02,0.91,0,5.77739610378167,0,0,0,999,0,2,0,33.0,73.3,4820.337657265887
-1.7191159,-0.0075414497,-9.928354e-05,-0.11544012,-0.2728846,-0.4813912,-0.5281556,-0.052748963,0.0,-0.8618671,-1.0336485,TSH_88,2025-03,1.06,0,5.77739610378167,0,0,0,999,0,3,0,33.0,73.3,4820.337657265887
-1.6538951,-0.002403729,-9.928354e-05,-0.111578524,-0.2635357,-0.47951797,-0.043850224,-0.052748963,0.0,-0.9593729,-0.9924582,TSH_88,2025-04,1.75,0,5.77739610378167,0,0,0,999,0,4,0,33.0,73.3,4820.337657265887
-1.5771631,-0.002403729,-9.928354e-05,-0.105182424,-0.25202683,-0.48811468,0.03527526,-0.047936745,0.0,-1.0634257,-0.98267543,TSH_88,2025-05,1.89,0,5.77739610378167,0,0,0,999,0,5,1,33.0,73.3,4820.337657265887
-1.5950633,-0.002403729,-9.928354e-05,-0.10521622,-0.25211865,-0.48614225,0.0858903,-0.047936745,0.0,-1.0638293,-0.9761706,TSH_88,2025-06,1.97,0,5.77739610378167,0,0,0,999,0,6,1,33.0,73.3,4820.337657265887
-1.6459985,-0.002403729,-9.928354e-05,-0.10532166,-0.25249115,-0.4819993,-0.008998435,-0.045753494,0.0,-1.0618399,-0.97042125,TSH_88,2025-07,1.73,0,5.77739610378167,0,0,0,999,0,7,1,33.0,73.3,4820.337657265887
-1.6504732,-0.002403729,-9.928354e-05,-0.10593214,-0.25493392,-0.4639031,-0.05532853,-0.045753494,0.0,-1.0750244,-0.9339942,TSH_88,2025-08,1.71,0,5.77739610378167,0,0,0,999,0,8,1,33.0,73.3,4820.337657265887
-1.6338391,-0.002403729,-9.928354e-05,-0.10249409,-0.26488826,-0.45822406,-0.21328636,-0.048062816,0.0,-1.0697858,-0.88178486,TSH_88,2025-09,1.57,0,5.77739610378167,0,0,0,999,0,9,1,33.0,73.3,4820.337657265887
-1.674039,-0.002403729,-9.928354e-05,-0.10860525,-0.27109507,-0.44497976,-0.15415967,-0.052690342,0.0,-1.0098015,-0.8681817,TSH_88,2025-10,1.71,0,5.77739610378167,0,0,0,999,0,10,0,33.0,73.3,4820.337657265887
-1.6648365,-0.002403729,-9.928354e-05,-0.110661,-0.2859845,-0.44541004,-0.26230893,-0.052690342,0.0,-0.95451677,-0.8559093,TSH_88,2025-11,1.63,0,5.77739610378167,0,0,0,999,0,11,0,33.0,73.3,4820.337657265887
-1.6647898,-0.002403729,-9.928354e-05,-0.110661,-0.28611016,-0.45799974,-0.46986052,-0.052513167,0.0,-0.91966563,-0.87794745,TSH_88,2025-12,1.33,0,5.77739610378167,0,0,0,999,0,12,0,33.0,73.3,4820.337657265887
-1.7146921,-0.0075414497,-9.928354e-05,-0.11554121,-0.2805307,-0.49337667,-0.7860465,-0.052748963,0.0,-0.7642791,-1.0204593,TSH_88,2026-01,0.9,0,5.77739610378167,0,0,0,999,0,1,0,33.0,73.3,4820.337657265887
-1.7270693,-0.0075414497,-9.928354e-05,-0.11544012,-0.2804296,-0.4879858,-0.7466996,-0.052748963,0.0,-0.7754852,-1.0326225,TSH_88,2026-02,0.91,0,5.77739610378167,0,0,0,999,0,2,0,33.0,73.3,4820.337657265887
-1.7191159,-0.0075414497,-9.928354e-05,-0.11544012,-0.2728846,-0.4813912,-0.5281556,-0.052748963,0.0,-0.8618671,-1.0336485,TSH_88,2026-03,1.06,0,5.77739610378167,0,0,0,999,0,3,0,33.0,73.3,4820.337657265887
-1.332103,-0.002403729,-9.928354e-05,-0.102365226,-0.27029204,-0.46100563,-0.55357826,-0.07225543,0.0,-0.16848035,-0.75944126,TSH_89,2024-12,3.96,0,5.54793928931718,0,0,0,999,0,12,0,33.0,34.6,5069.63009745942
-1.3960315,-0.0075414497,-9.928354e-05,-0.10978096,-0.27405444,-0.49577674,-1.0244774,-0.07716817,0.0,-0.16780692,-0.91873366,TSH_89,2025-01,1.91,0,5.54793928931718,0,0,0,999,0,1,0,33.0,34.6,5069.63009745942
-1.4084086,-0.0075414497,-9.928354e-05,-0.10967987,-0.27395335,-0.49038586,-0.97285324,-0.07716817,0.0,-0.1667359,-0.9307496,TSH_89,2025-02,1.98,0,5.54793928931718,0,0,0,999,0,2,0,33.0,34.6,5069.63009745942
-1.4004552,-0.0075414497,-9.928354e-05,-0.10967987,-0.26515648,-0.48379126,-0.642816,-0.07716817,0.0,-0.14162424,-0.9317755,TSH_89,2025-03,2.86,0,5.54793928931718,0,0,0,999,0,3,0,33.0,34.6,5069.63009745942
-1.3360046,-0.002403729,-9.928354e-05,-0.1043412,-0.2510014,-0.47995687,-0.026492704,-0.07716817,0.0,-0.10711243,-0.88350993,TSH_89,2025-04,6.1,0,5.54793928931718,0,0,0,999,0,4,0,33.0,34.6,5069.63009745942
-1.2515103,-0.002403729,-9.928354e-05,-0.09794511,-0.23791231,-0.48855358,0.10702457,0.00051181763,0.0,-0.085093535,-0.8559327,TSH_89,2025-05,8.48,0,5.54793928931718,0,0,0,999,0,5,1,33.0,34.6,5069.63009745942
-1.2694107,-0.002403729,-9.928354e-05,-0.097978905,-0.23800412,-0.48658115,0.15763964,0.00051181763,0.0,-0.08549716,-0.8494279,TSH_89,2025-06,8.81,0,5.54793928931718,0,0,0,999,0,6,1,33.0,34.6,5069.63009745942
-1.3203456,-0.002403729,-9.928354e-05,-0.098084345,-0.23837663,-0.48243818,0.06275092,0.0026950687,0.0,-0.08350778,-0.8436786,TSH_89,2025-07,7.8,0,5.54793928931718,0,0,0,999,0,7,1,33.0,34.6,5069.63009745942
-1.3248203,-0.002403729,-9.928354e-05,-0.09869482,-0.24081945,-0.46434197,0.014331689,0.0026950687,0.0,-0.098781295,-0.802679,TSH_89,2025-08,7.71,0,5.54793928931718,0,0,0,999,0,8,1,33.0,34.6,5069.63009745942
-1.308186,-0.002403729,-9.928354e-05,-0.095256776,-0.25077373,-0.45866293,-0.16624367,-0.006115456,0.0,-0.11616021,-0.7504698,TSH_89,2025-09,6.78,0,5.54793928931718,0,0,0,999,0,9,1,33.0,34.6,5069.63009745942
-1.3493757,-0.002403729,-9.928354e-05,-0.100309476,-0.2569805,-0.44541866,-0.097655885,-0.07243261,0.0,-0.118394844,-0.74607146,TSH_89,2025-10,6.56,0,5.54793928931718,0,0,0,999,0,10,0,33.0,34.6,5069.63009745942
-1.3321496,-0.002403729,-9.928354e-05,-0.102365226,-0.27016637,-0.44841594,-0.28989208,-0.07243261,0.0,-0.14719693,-0.7337989,TSH_89,2025-11,5.39,0,5.54793928931718,0,0,0,999,0,11,0,33.0,34.6,5069.63009745942
-1.332103,-0.002403729,-9.928354e-05,-0.102365226,-0.27029204,-0.46100563,-0.55357826,-0.07225543,0.0,-0.16848035,-0.75944126,TSH_89,2025-12,3.96,0,5.54793928931718,0,0,0,999,0,12,0,33.0,34.6,5069.63009745942
-1.3960315,-0.0075414497,-9.928354e-05,-0.10978096,-0.27405444,-0.49577674,-1.0244774,-0.07716817,0.0,-0.16780692,-0.91873366,TSH_89,2026-01,1.91,0,5.54793928931718,0,0,0,999,0,1,0,33.0,34.6,5069.63009745942
-1.4084086,-0.0075414497,-9.928354e-05,-0.10967987,-0.27395335,-0.49038586,-0.97285324,-0.07716817,0.0,-0.1667359,-0.9307496,TSH_89,2026-02,1.98,0,5.54793928931718,0,0,0,999,0,2,0,33.0,34.6,5069.63009745942
-1.4004552,-0.0075414497,-9.928354e-05,-0.10967987,-0.26515648,-0.48379126,-0.642816,-0.07716817,0.0,-0.14162424,-0.9317755,TSH_89,2026-03,2.86,0,5.54793928931718,0,0,0,999,0,3,0,33.0,34.6,5069.63009745942
-1.965782,-0.002403729,-9.928354e-05,-0.10951172,-0.28886992,-0.42422554,-0.4885109,-0.05272349,0.0,-0.72895765,-0.86962235,TSH_9,2024-12,1.22,0,7.389966643324454,0,0,0,999,0,12,0,33.0,73.3,5071.470793965604
-1.9538784,-0.0075414497,-9.928354e-05,-0.11117655,-0.28329045,-0.4544176,-0.74289095,-0.052959286,0.0,-0.5846656,-1.0046499,TSH_9,2025-01,0.94,0,7.389966643324454,0,0,0,999,0,1,0,33.0,73.3,5071.470793965604
-1.9662555,-0.0075414497,-9.928354e-05,-0.11107546,-0.28318936,-0.4490267,-0.70354414,-0.052959286,0.0,-0.5958716,-1.016813,TSH_9,2025-02,0.94,0,7.389966643324454,0,0,0,999,0,2,0,33.0,73.3,5071.470793965604
-1.9802701,-0.0075414497,-9.928354e-05,-0.11107546,-0.27564436,-0.4424321,-0.50696814,-0.052959286,0.0,-0.68225354,-1.0178391,TSH_9,2025-03,1.05,0,7.389966643324454,0,0,0,999,0,3,0,33.0,73.3,5071.470793965604
-1.9150496,-0.002403729,-9.928354e-05,-0.10721386,-0.2662955,-0.44055888,-0.02266278,-0.052959286,0.0,-0.7797593,-0.9766488,TSH_9,2025-04,1.75,0,7.389966643324454,0,0,0,999,0,4,0,33.0,73.3,5071.470793965604
-1.8418539,-0.002403729,-9.928354e-05,-0.10081776,-0.25478655,-0.4491556,0.052607484,-0.047828346,0.0,-0.8761018,-0.9675035,TSH_9,2025-05,1.88,0,7.389966643324454,0,0,0,999,0,5,1,33.0,73.3,5071.470793965604
-1.8742126,-0.002403729,-9.928354e-05,-0.10085156,-0.25487837,-0.44718316,0.08876408,-0.047828346,0.0,-0.87650543,-0.96099865,TSH_9,2025-06,1.9,0,7.389966643324454,0,0,0,999,0,6,1,33.0,73.3,5071.470793965604
-1.9360822,-0.002403729,-9.928354e-05,-0.100957,-0.2552509,-0.44304022,-0.017059226,-0.045645095,0.0,-0.87451607,-0.9552493,TSH_9,2025-07,1.64,0,7.389966643324454,0,0,0,999,0,7,1,33.0,73.3,5071.470793965604
-1.9537224,-0.002403729,-9.928354e-05,-0.10156748,-0.2576937,-0.4260913,-0.07655465,-0.045645095,0.0,-0.8877005,-0.9188222,TSH_9,2025-08,1.57,0,7.389966643324454,0,0,0,999,0,8,1,33.0,73.3,5071.470793965604
-1.9517262,-0.002403729,-9.928354e-05,-0.10134481,-0.26764804,-0.42041227,-0.24915056,-0.047954418,0.0,-0.8824619,-0.8666129,TSH_9,2025-09,1.4,0,7.389966643324454,0,0,0,999,0,9,1,33.0,73.3,5071.470793965604
-1.9668496,-0.002403729,-9.928354e-05,-0.10745597,-0.27385482,-0.40716797,-0.16462855,-0.052900665,0.0,-0.8282289,-0.8523724,TSH_9,2025-10,1.59,0,7.389966643324454,0,0,0,999,0,10,0,33.0,73.3,5071.470793965604
-1.9658287,-0.002403729,-9.928354e-05,-0.10951172,-0.28874424,-0.41163585,-0.28095928,-0.052900665,0.0,-0.7638088,-0.8475842,TSH_9,2025-11,1.49,0,7.389966643324454,0,0,0,999,0,11,0,33.0,73.3,5071.470793965604
-1.965782,-0.002403729,-9.928354e-05,-0.10951172,-0.28886992,-0.42422554,-0.4885109,-0.05272349,0.0,-0.72895765,-0.86962235,TSH_9,2025-12,1.22,0,7.389966643324454,0,0,0,999,0,12,0,33.0,73.3,5071.470793965604
-1.9538784,-0.0075414497,-9.928354e-05,-0.11117655,-0.28329045,-0.4544176,-0.74289095,-0.052959286,0.0,-0.5846656,-1.0046499,TSH_9,2026-01,0.94,0,7.389966643324454,0,0,0,999,0,1,0,33.0,73.3,5071.470793965604
-1.9662555,-0.0075414497,-9.928354e-05,-0.11107546,-0.28318936,-0.4490267,-0.70354414,-0.052959286,0.0,-0.5958716,-1.016813,TSH_9,2026-02,0.94,0,7.389966643324454,0,0,0,999,0,2,0,33.0,73.3,5071.470793965604
-1.9802701,-0.0075414497,-9.928354e-05,-0.11107546,-0.27564436,-0.4424321,-0.50696814,-0.052959286,0.0,-0.68225354,-1.0178391,TSH_9,2026-03,1.05,0,7.389966643324454,0,0,0,999,0,3,0,33.0,73.3,5071.470793965604
-1.7721739,-0.002403729,-9.928354e-05,-0.10121594,-0.2753068,-0.4201264,-0.58244425,-0.07246575,0.0,-0.14109664,-0.7471816,TSH_90,2024-12,2.71,0,11.592282337210731,0,0,0,999,0,12,0,33.0,34.6,3693.923142515811
-1.7450541,-0.0075414497,-9.928354e-05,-0.1054163,-0.2790692,-0.44971263,-0.96229494,-0.0773785,0.0,-0.12882942,-0.8989897,TSH_90,2025-01,1.6,0,11.592282337210731,0,0,0,999,0,1,0,33.0,34.6,3693.923142515811
-1.7574313,-0.0075414497,-9.928354e-05,-0.10531521,-0.2789681,-0.44432175,-0.910671,-0.0773785,0.0,-0.1277584,-0.9110056,TSH_90,2025-02,1.65,0,11.592282337210731,0,0,0,999,0,2,0,33.0,34.6,3693.923142515811
-1.7714459,-0.0075414497,-9.928354e-05,-0.10531521,-0.27017123,-0.43772715,-0.6026015,-0.0773785,0.0,-0.10264675,-0.91203153,TSH_90,2025-03,2.29,0,11.592282337210731,0,0,0,999,0,3,0,33.0,34.6,3693.923142515811
-1.7069951,-0.002403729,-9.928354e-05,-0.09997654,-0.25601614,-0.43389276,0.013721604,-0.0773785,0.0,-0.06813495,-0.8637661,TSH_90,2025-04,4.92,0,11.592282337210731,0,0,0,999,0,4,0,33.0,34.6,3693.923142515811
-1.648601,-0.002403729,-9.928354e-05,-0.09358045,-0.24292703,-0.44248948,0.1208198,0.00062021613,0.0,-0.048831053,-0.83682615,TSH_90,2025-05,6.53,0,11.592282337210731,0,0,0,999,0,5,1,33.0,34.6,3693.923142515811
-1.6809599,-0.002403729,-9.928354e-05,-0.09361424,-0.24301884,-0.44051704,0.15697639,0.00062021613,0.0,-0.04923468,-0.8303213,TSH_90,2025-06,6.61,0,11.592282337210731,0,0,0,999,0,6,1,33.0,34.6,3693.923142515811
-1.7428296,-0.002403729,-9.928354e-05,-0.09371968,-0.24339136,-0.43637407,0.051153105,0.0028034672,0.0,-0.047245312,-0.82457197,TSH_90,2025-07,5.72,0,11.592282337210731,0,0,0,999,0,7,1,33.0,34.6,3693.923142515811
-1.7604697,-0.002403729,-9.928354e-05,-0.09433016,-0.2458342,-0.41942516,-0.010431474,0.0028034672,0.0,-0.06251884,-0.7835724,TSH_90,2025-08,5.51,0,11.592282337210731,0,0,0,999,0,8,1,33.0,34.6,3693.923142515811
-1.7528003,-0.002403729,-9.928354e-05,-0.094107494,-0.25578848,-0.41374612,-0.19997177,-0.0060070576,0.0,-0.07980867,-0.7313632,TSH_90,2025-09,4.73,0,11.592282337210731,0,0,0,999,0,9,1,33.0,34.6,3693.923142515811
-1.7689136,-0.002403729,-9.928354e-05,-0.099160194,-0.26199526,-0.40050185,-0.1059887,-0.07264292,0.0,-0.08779445,-0.7263275,TSH_90,2025-10,4.78,0,11.592282337210731,0,0,0,999,0,10,0,33.0,34.6,3693.923142515811
-1.7722205,-0.002403729,-9.928354e-05,-0.10121594,-0.2751811,-0.40753672,-0.31875807,-0.07264292,0.0,-0.119813204,-0.72153926,TSH_90,2025-11,3.7,0,11.592282337210731,0,0,0,999,0,11,0,33.0,34.6,3693.923142515811
-1.7721739,-0.002403729,-9.928354e-05,-0.10121594,-0.2753068,-0.4201264,-0.58244425,-0.07246575,0.0,-0.14109664,-0.7471816,TSH_90,2025-12,2.71,0,11.592282337210731,0,0,0,999,0,12,0,33.0,34.6,3693.923142515811
-1.7450541,-0.0075414497,-9.928354e-05,-0.1054163,-0.2790692,-0.44971263,-0.96229494,-0.0773785,0.0,-0.12882942,-0.8989897,TSH_90,2026-01,1.6,0,11.592282337210731,0,0,0,999,0,1,0,33.0,34.6,3693.923142515811
-1.7574313,-0.0075414497,-9.928354e-05,-0.10531521,-0.2789681,-0.44432175,-0.910671,-0.0773785,0.0,-0.1277584,-0.9110056,TSH_90,2026-02,1.65,0,11.592282337210731,0,0,0,999,0,2,0,33.0,34.6,3693.923142515811
-1.7714459,-0.0075414497,-9.928354e-05,-0.10531521,-0.27017123,-0.43772715,-0.6026015,-0.0773785,0.0,-0.10264675,-0.91203153,TSH_90,2026-03,2.29,0,11.592282337210731,0,0,0,999,0,3,0,33.0,34.6,3693.923142515811
0.03834221,-0.0009103065,-0.00039860196,-0.08445225,-0.3063192,-0.28189844,-0.82914007,-0.054616347,0.0,-0.78073865,-2.281386,TSH_91,2024-12,1.72,0,124.51328252113444,0,0,0,999,0,12,0,33.0,31.9,325.1058777052888
0.1818565,-0.0060480274,-0.00039860196,-0.078703046,-0.29469493,-0.30009788,-0.7491425,-0.05952909,0.0,-0.79655313,-2.044329,TSH_91,2025-01,2.62,0,124.51328252113444,0,0,0,999,0,1,0,33.0,31.9,325.1058777052888
0.19561993,-0.0060480274,-0.00039860196,-0.07860196,-0.29459384,-0.294707,-0.6714063,-0.05952909,0.0,-0.7954821,-2.0613737,TSH_91,2025-02,2.84,0,124.51328252113444,0,0,0,999,0,2,0,33.0,31.9,325.1058777052888
0.20019628,-0.0060480274,-0.00039860196,-0.07860196,-0.28579703,-0.2881124,-0.33423123,-0.05952909,0.0,-0.7703705,-2.051885,TSH_91,2025-03,4.14,0,124.51328252113444,0,0,0,999,0,3,0,33.0,31.9,325.1058777052888
0.1948786,-0.0009103065,-0.00039860196,-0.073263295,-0.2716419,-0.28271955,0.15582898,-0.05952909,0.0,-0.68530345,-2.1141803,TSH_91,2025-04,6.89,0,124.51328252113444,0,0,0,999,0,4,0,33.0,31.9,325.1058777052888
0.16725098,-0.0009103065,-0.00039860196,-0.06331531,-0.25439042,-0.28605643,0.21474318,-0.01792489,0.0,-0.6697937,-2.088019,TSH_91,2025-05,7.83,0,124.51328252113444,0,0,0,999,0,5,1,33.0,31.9,325.1058777052888
0.1687991,-0.0009103065,-0.00039860196,-0.063349105,-0.25448224,-0.28408396,0.23316695,-0.01792489,0.0,-0.6751351,-2.1238236,TSH_91,2025-06,7.69,0,124.51328252113444,0,0,0,999,0,6,1,33.0,31.9,325.1058777052888
0.18132946,-0.0009103065,-0.00039860196,-0.06345453,-0.25655046,-0.279941,0.16349871,-0.015741639,0.0,-0.6811127,-2.1483524,TSH_91,2025-07,7.12,0,124.51328252113444,0,0,0,999,0,7,1,33.0,31.9,325.1058777052888
0.11929218,-0.0009103065,-0.00039860196,-0.067153506,-0.2677033,-0.27232283,-0.06072852,-0.015741639,0.0,-0.6996469,-2.2278657,TSH_91,2025-08,4.93,0,124.51328252113444,0,0,0,999,0,8,1,33.0,31.9,325.1058777052888
0.08895471,-0.0009103065,-0.00039860196,-0.06693084,-0.28263852,-0.2680318,-0.37852168,-0.024552163,0.0,-0.7153397,-2.2637851,TSH_91,2025-09,3.3,0,124.51328252113444,0,0,0,999,0,9,1,33.0,31.9,325.1058777052888
0.05465252,-0.0009103065,-0.00039860196,-0.07553544,-0.29300773,-0.26227382,-0.37754157,-0.05479352,0.0,-0.7265307,-2.2849483,TSH_91,2025-10,2.97,0,124.51328252113444,0,0,0,999,0,10,0,33.0,31.9,325.1058777052888
0.038045973,-0.0009103065,-0.00039860196,-0.08445225,-0.30619353,-0.26930872,-0.61941546,-0.05479352,0.0,-0.7585494,-2.3097045,TSH_91,2025-11,2.12,0,124.51328252113444,0,0,0,999,0,11,0,33.0,31.9,325.1058777052888
0.03834221,-0.0009103065,-0.00039860196,-0.08445225,-0.3063192,-0.28189844,-0.82914007,-0.054616347,0.0,-0.78073865,-2.281386,TSH_91,2025-12,1.72,0,124.51328252113444,0,0,0,999,0,12,0,33.0,31.9,325.1058777052888
0.1818565,-0.0060480274,-0.00039860196,-0.078703046,-0.29469493,-0.30009788,-0.7491425,-0.05952909,0.0,-0.79655313,-2.044329,TSH_91,2026-01,2.62,0,124.51328252113444,0,0,0,999,0,1,0,33.0,31.9,325.1058777052888
0.19561993,-0.0060480274,-0.00039860196,-0.07860196,-0.29459384,-0.294707,-0.6714063,-0.05952909,0.0,-0.7954821,-2.0613737,TSH_91,2026-02,2.84,0,124.51328252113444,0,0,0,999,0,2,0,33.0,31.9,325.1058777052888
0.20019628,-0.0060480274,-0.00039860196,-0.07860196,-0.28579703,-0.2881124,-0.33423123,-0.05952909,0.0,-0.7703705,-2.051885,TSH_91,2026-03,4.14,0,124.51328252113444,0,0,0,999,0,3,0,33.0,31.9,325.1058777052888
-1.3374228,-0.002403729,-0.00034592953,0.4281145,-0.018591309,-0.36232036,-0.57164687,-0.066162616,0.0,-0.18253049,-0.6671392,TSH_92,2024-12,9.56,0,7.07561762184964,0,0,1,8,0,12,0,33.0,34.6,4301.815279843117
-1.3819251,-0.0075414497,-0.00034592953,0.46607268,-0.0046076253,-0.38624915,-0.9794259,-0.071075365,0.0,-0.17854114,-0.81980586,TSH_92,2025-01,5.57,0,7.07561762184964,0,0,1,9,0,1,0,33.0,34.6,4301.815279843117
-1.3943022,-0.0075414497,-0.00034592953,0.46617377,-0.004506536,-0.38085827,-0.92780185,-0.071075365,0.0,-0.1774701,-0.8318218,TSH_92,2025-02,5.75,0,7.07561762184964,0,0,1,10,0,2,0,33.0,34.6,4301.815279843117
-1.3863488,-0.0075414497,-0.00034592953,0.46617377,-0.013823715,-0.3753129,-0.6158787,-0.071075365,0.0,-0.15235844,-0.8328477,TSH_92,2025-03,7.9,0,7.07561762184964,0,0,1,11,0,3,0,33.0,34.6,4301.815279843117
-1.3218985,-0.002403729,-0.00034592953,0.44333956,0.00033130497,-0.37055328,-0.027728304,-0.071075365,0.0,-0.122601,-0.78782463,TSH_92,2025-04,15.1,0,7.07561762184964,0,0,1,12,0,4,0,33.0,34.6,4301.815279843117
-1.2341938,-0.002403729,-0.00034592953,0.3921107,-0.0058020502,-0.38489956,0.10578899,-0.07024283,0.0,-0.10058208,-0.754747,TSH_92,2025-05,17.92,0,7.07561762184964,0,0,1,13,0,5,1,33.0,34.6,4301.815279843117
-1.252094,-0.002403729,-0.00034592953,0.39229873,-0.005416332,-0.38432583,0.15710339,-0.07024283,0.0,-0.100985706,-0.7482421,TSH_92,2025-06,18.53,0,7.07561762184964,0,0,1,14,0,6,1,33.0,34.6,4301.815279843117
-1.3030291,-0.002403729,-0.00034592953,0.39246723,-0.004478572,-0.3833513,0.06379885,-0.068059586,0.0,-0.09899633,-0.7424928,TSH_92,2025-07,16.61,0,7.07561762184964,0,0,1,15,0,7,1,33.0,34.6,4301.815279843117
-1.3176157,-0.002403729,-0.00034592953,0.39475113,-0.005303053,-0.3681929,0.019892324,-0.068059586,0.0,-0.110245526,-0.70149326,TSH_92,2025-08,16.45,0,7.07561762184964,0,0,1,16,0,8,1,33.0,34.6,4301.815279843117
-1.310296,-0.002403729,-0.00034592953,0.38672706,-0.012625578,-0.36439443,-0.16951336,-0.07687011,0.0,-0.12762445,-0.6526671,TSH_92,2025-09,14.23,0,7.07561762184964,0,0,1,17,0,9,1,33.0,34.6,4301.815279843117
-1.3546958,-0.002403729,-0.00034592953,0.43017027,-0.01611113,-0.3454006,-0.12655586,-0.06633979,0.0,-0.13244501,-0.6537692,TSH_92,2025-10,15.0,0,7.07561762184964,0,0,1,18,0,10,0,33.0,34.6,4301.815279843117
-1.3374696,-0.002403729,-0.00034592953,0.4281145,-0.01937888,-0.34790412,-0.30887395,-0.06633979,0.0,-0.16124704,-0.6414967,TSH_92,2025-11,12.74,0,7.07561762184964,0,0,1,19,0,11,0,33.0,34.6,4301.815279843117
-1.3374228,-0.002403729,-0.00034592953,0.4281145,-0.018591309,-0.36232036,-0.57164687,-0.066162616,0.0,-0.18253049,-0.6671392,TSH_92,2025-12,9.56,0,7.07561762184964,0,0,1,20,0,12,0,33.0,34.6,4301.815279843117
-1.3819251,-0.0075414497,-0.00034592953,0.46607268,-0.0046076253,-0.38624915,-0.9794259,-0.071075365,0.0,-0.17854114,-0.81980586,TSH_92,2026-01,5.57,0,7.07561762184964,0,0,1,21,0,1,0,33.0,34.6,4301.815279843117
-1.3943022,-0.0075414497,-0.00034592953,0.46617377,-0.004506536,-0.38085827,-0.92780185,-0.071075365,0.0,-0.1774701,-0.8318218,TSH_92,2026-02,5.75,0,7.07561762184964,0,0,1,22,0,2,0,33.0,34.6,4301.815279843117
-1.3863488,-0.0075414497,-0.00034592953,0.46617377,-0.013823715,-0.3753129,-0.6158787,-0.071075365,0.0,-0.15235844,-0.8328477,TSH_92,2026-03,7.9,0,7.07561762184964,0,0,1,23,0,3,0,33.0,34.6,4301.815279843117
-2.1179256,-0.0009103065,-9.928354e-05,-0.09066806,-0.26997232,-0.34442937,-0.6410164,-0.026952619,0.0,-0.3273132,-0.21769693,TSH_93,2024-12,2.92,0,9.13038057011019,0,0,0,999,0,12,0,33.0,38.1,1947.8925181084055
-2.0438704,-0.0060480274,-9.928354e-05,-0.094868414,-0.26962793,-0.36447182,-0.7572533,-0.027188407,0.0,-0.25616783,-0.15882403,TSH_93,2025-01,3.09,0,9.13038057011019,0,0,0,999,0,1,0,33.0,38.1,1947.8925181084055
-2.0562475,-0.0060480274,-9.928354e-05,-0.094767325,-0.26952684,-0.35908094,-0.67476845,-0.027188407,0.0,-0.24390802,-0.15116784,TSH_93,2025-02,3.39,0,9.13038057011019,0,0,0,999,0,2,0,33.0,38.1,1947.8925181084055
-2.070262,-0.0060480274,-9.928354e-05,-0.094767325,-0.26072997,-0.35248634,-0.36669886,-0.027188407,0.0,-0.21879633,-0.15219386,TSH_93,2025-03,4.67,0,9.13038057011019,0,0,0,999,0,3,0,33.0,38.1,1947.8925181084055
-2.0478776,-0.0009103065,-9.928354e-05,-0.089428656,-0.2506817,-0.348652,0.07229271,-0.027188407,0.0,-0.25222498,-0.21450855,TSH_93,2025-04,6.75,0,9.13038057011019,0,0,0,999,0,4,0,33.0,38.1,1947.8925181084055
-1.9926165,-0.0009103065,-9.928354e-05,-0.083032556,-0.23759255,-0.35570493,0.14883663,-0.054801453,0.0,-0.25576848,-0.32099217,TSH_93,2025-05,6.79,0,9.13038057011019,0,0,0,999,0,5,1,33.0,38.1,1947.8925181084055
-2.0249753,-0.0009103065,-9.928354e-05,-0.08306635,-0.23768435,-0.35373247,0.1585846,-0.054801453,0.0,-0.26853067,-0.3241448,TSH_93,2025-06,6.56,0,9.13038057011019,0,0,0,999,0,6,1,33.0,38.1,1947.8925181084055
-2.086845,-0.0009103065,-9.928354e-05,-0.08317179,-0.23805687,-0.3495895,0.05276129,-0.0526182,0.0,-0.26654127,-0.31839553,TSH_93,2025-07,5.68,0,9.13038057011019,0,0,0,999,0,7,1,33.0,38.1,1947.8925181084055
-2.104485,-0.0009103065,-9.928354e-05,-0.08378227,-0.2404997,-0.33856988,-0.070181705,-0.0526182,0.0,-0.28507537,-0.3387544,TSH_93,2025-08,4.83,0,9.13038057011019,0,0,0,999,0,8,1,33.0,38.1,1947.8925181084055
-2.0938182,-0.0009103065,-9.928354e-05,-0.0835596,-0.25045407,-0.33427885,-0.2697797,-0.054927517,0.0,-0.2889377,-0.30444622,TSH_93,2025-09,4.12,0,9.13038057011019,0,0,0,999,0,9,1,33.0,38.1,1947.8925181084055
-2.1009254,-0.0009103065,-9.928354e-05,-0.08861231,-0.25666088,-0.32480478,-0.19347782,-0.027129794,0.0,-0.2845884,-0.21518262,TSH_93,2025-10,4.93,0,9.13038057011019,0,0,0,999,0,10,0,33.0,38.1,1947.8925181084055
-2.1179721,-0.0009103065,-9.928354e-05,-0.09066806,-0.26984665,-0.33183968,-0.41308627,-0.027129794,0.0,-0.31660715,-0.21723329,TSH_93,2025-11,3.73,0,9.13038057011019,0,0,0,999,0,11,0,33.0,38.1,1947.8925181084055
-2.1179256,-0.0009103065,-9.928354e-05,-0.09066806,-0.26997232,-0.34442937,-0.6410164,-0.026952619,0.0,-0.3273132,-0.21769693,TSH_93,2025-12,2.92,0,9.13038057011019,0,0,0,999,0,12,0,33.0,38.1,1947.8925181084055
-2.0438704,-0.0060480274,-9.928354e-05,-0.094868414,-0.26962793,-0.36447182,-0.7572533,-0.027188407,0.0,-0.25616783,-0.15882403,TSH_93,2026-01,3.09,0,9.13038057011019,0,0,0,999,0,1,0,33.0,38.1,1947.8925181084055
-2.0562475,-0.0060480274,-9.928354e-05,-0.094767325,-0.26952684,-0.35908094,-0.67476845,-0.027188407,0.0,-0.24390802,-0.15116784,TSH_93,2026-02,3.39,0,9.13038057011019,0,0,0,999,0,2,0,33.0,38.1,1947.8925181084055
-2.070262,-0.0060480274,-9.928354e-05,-0.094767325,-0.26072997,-0.35248634,-0.36669886,-0.027188407,0.0,-0.21879633,-0.15219386,TSH_93,2026-03,4.67,0,9.13038057011019,0,0,0,999,0,3,0,33.0,38.1,1947.8925181084055
-1.6647898,-0.002403729,-9.928354e-05,-0.110661,-0.28611016,-0.45799974,-0.46986052,-0.052513167,0.0,-0.91719043,-0.8804226,TSH_94,2024-12,1.33,0,5.435605977138408,0,0,0,999,0,12,0,33.0,73.3,3792.2174798350234
-1.7146921,-0.0075414497,-9.928354e-05,-0.11554121,-0.2805307,-0.49337667,-0.7860465,-0.052748963,0.0,-0.761804,-1.0229346,TSH_94,2025-01,0.9,0,5.435605977138408,0,0,0,999,0,1,0,33.0,73.3,3792.2174798350234
-1.7270693,-0.0075414497,-9.928354e-05,-0.11544012,-0.2804296,-0.4879858,-0.7466996,-0.052748963,0.0,-0.77300996,-1.0350976,TSH_94,2025-02,0.91,0,5.435605977138408,0,0,0,999,0,2,0,33.0,73.3,3792.2174798350234
-1.7191159,-0.0075414497,-9.928354e-05,-0.11544012,-0.2728846,-0.4813912,-0.5281556,-0.052748963,0.0,-0.85939187,-1.0361236,TSH_94,2025-03,1.06,0,5.435605977138408,0,0,0,999,0,3,0,33.0,73.3,3792.2174798350234
-1.6538951,-0.002403729,-9.928354e-05,-0.111578524,-0.2635357,-0.47951797,-0.043850224,-0.052748963,0.0,-0.9568977,-0.9949335,TSH_94,2025-04,1.75,0,5.435605977138408,0,0,0,999,0,4,0,33.0,73.3,3792.2174798350234
-1.5771631,-0.002403729,-9.928354e-05,-0.105182424,-0.25202683,-0.48811468,0.03527526,-0.047936745,0.0,-1.0609504,-0.98515064,TSH_94,2025-05,1.89,0,5.435605977138408,0,0,0,999,0,5,1,33.0,73.3,3792.2174798350234
-1.5950633,-0.002403729,-9.928354e-05,-0.10521622,-0.25211865,-0.48614225,0.0858903,-0.047936745,0.0,-1.0613542,-0.9786458,TSH_94,2025-06,1.97,0,5.435605977138408,0,0,0,999,0,6,1,33.0,73.3,3792.2174798350234
-1.6459985,-0.002403729,-9.928354e-05,-0.10532166,-0.25249115,-0.4819993,-0.008998435,-0.045753494,0.0,-1.0593648,-0.97289646,TSH_94,2025-07,1.73,0,5.435605977138408,0,0,0,999,0,7,1,33.0,73.3,3792.2174798350234
-1.6504732,-0.002403729,-9.928354e-05,-0.10593214,-0.25493392,-0.4639031,-0.05532853,-0.045753494,0.0,-1.0725491,-0.9364694,TSH_94,2025-08,1.71,0,5.435605977138408,0,0,0,999,0,8,1,33.0,73.3,3792.2174798350234
-1.6338391,-0.002403729,-9.928354e-05,-0.10249409,-0.26488826,-0.45822406,-0.21328636,-0.048062816,0.0,-1.0673106,-0.88426006,TSH_94,2025-09,1.57,0,5.435605977138408,0,0,0,999,0,9,1,33.0,73.3,3792.2174798350234
-1.674039,-0.002403729,-9.928354e-05,-0.10860525,-0.27109507,-0.44497976,-0.15415967,-0.052690342,0.0,-1.0073264,-0.87065697,TSH_94,2025-10,1.71,0,5.435605977138408,0,0,0,999,0,10,0,33.0,73.3,3792.2174798350234
-1.6648365,-0.002403729,-9.928354e-05,-0.110661,-0.2859845,-0.44541004,-0.26230893,-0.052690342,0.0,-0.95204157,-0.85838443,TSH_94,2025-11,1.63,0,5.435605977138408,0,0,0,999,0,11,0,33.0,73.3,3792.2174798350234
-1.6647898,-0.002403729,-9.928354e-05,-0.110661,-0.28611016,-0.45799974,-0.46986052,-0.052513167,0.0,-0.91719043,-0.8804226,TSH_94,2025-12,1.33,0,5.435605977138408,0,0,0,999,0,12,0,33.0,73.3,3792.2174798350234
-1.7146921,-0.0075414497,-9.928354e-05,-0.11554121,-0.2805307,-0.49337667,-0.7860465,-0.052748963,0.0,-0.761804,-1.0229346,TSH_94,2026-01,0.9,0,5.435605977138408,0,0,0,999,0,1,0,33.0,73.3,3792.2174798350234
-1.7270693,-0.0075414497,-9.928354e-05,-0.11544012,-0.2804296,-0.4879858,-0.7466996,-0.052748963,0.0,-0.77300996,-1.0350976,TSH_94,2026-02,0.91,0,5.435605977138408,0,0,0,999,0,2,0,33.0,73.3,3792.2174798350234
-1.7191159,-0.0075414497,-9.928354e-05,-0.11544012,-0.2728846,-0.4813912,-0.5281556,-0.052748963,0.0,-0.85939187,-1.0361236,TSH_94,2026-03,1.06,0,5.435605977138408,0,0,0,999,0,3,0,33.0,73.3,3792.2174798350234
0.33892184,-0.0009103065,-0.00039860196,-0.0945315,-0.323319,-0.27644068,-0.7090502,-0.03426011,0.0,-0.23769295,-2.1881218,TSH_95,2024-12,4.78,0,118.7837636765369,0,0,0,999,0,12,0,33.0,73.3,204.65760005886983
0.4746401,-0.0060480274,-0.00039860196,-0.08624677,-0.3023529,-0.2936875,-0.5314679,-0.034495898,0.0,-0.15592268,-1.9973333,TSH_95,2025-01,8.32,0,118.7837636765369,0,0,0,999,0,1,0,33.0,73.3,204.65760005886983
0.48840353,-0.0060480274,-0.00039860196,-0.086145684,-0.30225182,-0.2882966,-0.46600875,-0.034495898,0.0,-0.16712871,-2.0145257,TSH_95,2025-02,8.76,0,118.7837636765369,0,0,0,999,0,2,0,33.0,73.3,204.65760005886983
0.49297985,-0.0060480274,-0.00039860196,-0.086145684,-0.29470676,-0.281702,-0.24032727,-0.034495898,0.0,-0.25351056,-2.005037,TSH_95,2025-03,10.19,0,118.7837636765369,0,0,0,999,0,3,0,33.0,73.3,204.65760005886983
0.49082634,-0.0009103065,-0.00039860196,-0.082284085,-0.2853579,-0.27982882,0.08585079,-0.034495898,0.0,-0.33232585,-2.0586023,TSH_95,2025-04,12.3,0,118.7837636765369,0,0,0,999,0,4,0,33.0,73.3,204.65760005886983
0.46586177,-0.0009103065,-0.00039860196,-0.0723361,-0.2696866,-0.28316566,0.13263385,-0.06722075,0.0,-0.4020884,-2.015478,TSH_95,2025-05,12.14,0,118.7837636765369,0,0,0,999,0,5,1,33.0,73.3,204.65760005886983
0.46740994,-0.0009103065,-0.00039860196,-0.072369896,-0.26977843,-0.28119323,0.16038802,-0.06722075,0.0,-0.3980994,-2.0512822,TSH_95,2025-06,12.13,0,118.7837636765369,0,0,0,999,0,6,1,33.0,73.3,204.65760005886983
0.47994024,-0.0009103065,-0.00039860196,-0.07247534,-0.27184665,-0.27705026,0.098686844,-0.065037504,0.0,-0.39611,-2.075811,TSH_95,2025-07,11.43,0,118.7837636765369,0,0,0,999,0,7,1,33.0,73.3,204.65760005886983
0.4179031,-0.0009103065,-0.00039860196,-0.07617431,-0.28299952,-0.26943207,-0.11200692,-0.065037504,0.0,-0.40111068,-2.1484525,TSH_95,2025-08,8.28,0,118.7837636765369,0,0,0,999,0,8,1,33.0,73.3,204.65760005886983
0.38756564,-0.0009103065,-0.00039860196,-0.07595164,-0.29793474,-0.26514104,-0.4071824,-0.06734682,0.0,-0.39418605,-2.1843722,TSH_95,2025-09,5.88,0,118.7837636765369,0,0,0,999,0,9,1,33.0,73.3,204.65760005886983
0.3509044,-0.0009103065,-0.00039860196,-0.08561469,-0.30830395,-0.2593831,-0.41398898,-0.034437284,0.0,-0.34002241,-2.1992526,TSH_95,2025-10,5.96,0,118.7837636765369,0,0,0,999,0,10,0,33.0,73.3,204.65760005886983
0.3386256,-0.0009103065,-0.00039860196,-0.0945315,-0.3231933,-0.263851,-0.5594241,-0.034437284,0.0,-0.27560234,-2.2240088,TSH_95,2025-11,5.19,0,118.7837636765369,0,0,0,999,0,11,0,33.0,73.3,204.65760005886983
0.33892184,-0.0009103065,-0.00039860196,-0.0945315,-0.323319,-0.27644068,-0.7090502,-0.03426011,0.0,-0.23769295,-2.1881218,TSH_95,2025-12,4.78,0,118.7837636765369,0,0,0,999,0,12,0,33.0,73.3,204.65760005886983
0.4746401,-0.0060480274,-0.00039860196,-0.08624677,-0.3023529,-0.2936875,-0.5314679,-0.034495898,0.0,-0.15592268,-1.9973333,TSH_95,2026-01,8.32,0,118.7837636765369,0,0,0,999,0,1,0,33.0,73.3,204.65760005886983
0.48840353,-0.0060480274,-0.00039860196,-0.086145684,-0.30225182,-0.2882966,-0.46600875,-0.034495898,0.0,-0.16712871,-2.0145257,TSH_95,2026-02,8.76,0,118.7837636765369,0,0,0,999,0,2,0,33.0,73.3,204.65760005886983
0.49297985,-0.0060480274,-0.00039860196,-0.086145684,-0.29470676,-0.281702,-0.24032727,-0.034495898,0.0,-0.25351056,-2.005037,TSH_95,2026-03,10.19,0,118.7837636765369,0,0,0,999,0,3,0,33.0,73.3,204.65760005886983
-0.36090454,-0.0009103065,-0.00039860196,-0.11763751,-0.32836154,-0.26420608,-0.88616365,-0.054616347,0.0,-1.3214521,-1.1950166,TSH_96,2024-12,1.81,0,272.44692940594183,0,0,0,999,0,12,0,33.0,27.5,111.52263696364987
-0.24205795,-0.0060480274,-0.00039860196,-0.111888304,-0.2743245,-0.28240544,-0.76764345,-0.05952909,0.0,-1.4112878,-0.8555868,TSH_96,2025-01,3.0,0,272.44692940594183,0,0,0,999,0,1,0,33.0,27.5,111.52263696364987
-0.22829452,-0.0060480274,-0.00039860196,-0.111787215,-0.27422342,-0.27701455,-0.6662657,-0.05952909,0.0,-1.4102169,-0.8489904,TSH_96,2025-02,3.39,0,272.44692940594183,0,0,0,999,0,2,0,33.0,27.5,111.52263696364987
-0.2127234,-0.0060480274,-0.00039860196,-0.111787215,-0.26542658,-0.27041996,-0.31809595,-0.05952909,0.0,-1.3851054,-0.83950156,TSH_96,2025-03,5.04,0,272.44692940594183,0,0,0,999,0,3,0,33.0,27.5,111.52263696364987
-0.21804118,-0.0009103065,-0.00039860196,-0.10644855,-0.25127152,-0.26502717,0.15611222,-0.05952909,0.0,-1.3000382,-0.917649,TSH_96,2025-04,8.09,0,272.44692940594183,0,0,0,999,0,4,0,33.0,27.5,111.52263696364987
-0.23996711,-0.0009103065,-0.00039860196,-0.09650058,-0.23401994,-0.26836404,0.21536586,-0.01792489,0.0,-1.2845285,-0.8878767,TSH_96,2025-05,9.27,0,272.44692940594183,0,0,0,999,0,5,1,33.0,27.5,111.52263696364987
-0.23841895,-0.0009103065,-0.00039860196,-0.09653438,-0.23411174,-0.26639158,0.22825833,-0.01792489,0.0,-1.2898699,-0.9292125,TSH_96,2025-06,9.01,0,272.44692940594183,0,0,0,999,0,6,1,33.0,27.5,111.52263696364987
-0.22588861,-0.0009103065,-0.00039860196,-0.09663982,-0.23617996,-0.26224864,0.17318125,-0.015741639,0.0,-1.2958475,-0.9391499,TSH_96,2025-07,8.58,0,272.44692940594183,0,0,0,999,0,7,1,33.0,27.5,111.52263696364987
-0.28792578,-0.0009103065,-0.00039860196,-0.100338794,-0.2632434,-0.2546305,-0.07353514,-0.015741639,0.0,-1.3165718,-1.0411525,TSH_96,2025-08,5.62,0,272.44692940594183,0,0,0,999,0,8,1,33.0,27.5,111.52263696364987
-0.310292,-0.0009103065,-0.00039860196,-0.100116126,-0.3046808,-0.2503395,-0.45198545,-0.024552163,0.0,-1.2901863,-1.169189,TSH_96,2025-09,3.33,0,272.44692940594183,0,0,0,999,0,9,1,33.0,27.5,111.52263696364987
-0.34459427,-0.0009103065,-0.00039860196,-0.1087207,-0.31504998,-0.24458154,-0.45573774,-0.05479352,0.0,-1.2884169,-1.1985791,TSH_96,2025-10,2.99,0,272.44692940594183,0,0,0,999,0,10,0,33.0,27.5,111.52263696364987
-0.36120078,-0.0009103065,-0.00039860196,-0.11763751,-0.32823586,-0.25161642,-0.67643887,-0.05479352,0.0,-1.2992629,-1.2233355,TSH_96,2025-11,2.23,0,272.44692940594183,0,0,0,999,0,11,0,33.0,27.5,111.52263696364987
-0.36090454,-0.0009103065,-0.00039860196,-0.11763751,-0.32836154,-0.26420608,-0.88616365,-0.054616347,0.0,-1.3214521,-1.1950166,TSH_96,2025-12,1.81,0,272.44692940594183,0,0,0,999,0,12,0,33.0,27.5,111.52263696364987
-0.24205795,-0.0060480274,-0.00039860196,-0.111888304,-0.2743245,-0.28240544,-0.76764345,-0.05952909,0.0,-1.4112878,-0.8555868,TSH_96,2026-01,3.0,0,272.44692940594183,0,0,0,999,0,1,0,33.0,27.5,111.52263696364987
-0.22829452,-0.0060480274,-0.00039860196,-0.111787215,-0.27422342,-0.27701455,-0.6662657,-0.05952909,0.0,-1.4102169,-0.8489904,TSH_96,2026-02,3.39,0,272.44692940594183,0,0,0,999,0,2,0,33.0,27.5,111.52263696364987
-0.2127234,-0.0060480274,-0.00039860196,-0.111787215,-0.26542658,-0.27041996,-0.31809595,-0.05952909,0.0,-1.3851054,-0.83950156,TSH_96,2026-03,5.04,0,272.44692940594183,0,0,0,999,0,3,0,33.0,27.5,111.52263696364987
0.46544716,-0.0023521169,-0.00034592953,0.24812685,-0.22214864,-0.2295661,-0.46867898,-0.07133375,0.0,0.79070777,-0.0018996382,TSH_97,2024-12,73.92,0,3.728720408743402,0,0,2,10,0,12,0,33.0,24.5,5648.050186497445
0.32471296,-0.006718998,-0.00034592953,0.28506398,-0.16429856,-0.26360273,-1.3199035,-0.076246485,0.0,0.5158136,-0.20120724,TSH_97,2025-01,40.78,0,3.728720408743402,0,0,2,11,0,1,0,33.0,24.5,5648.050186497445
0.3123358,-0.006718998,-0.00034592953,0.28473434,-0.16333602,-0.25755596,-1.2627723,-0.076246485,0.0,0.5228225,-0.21322306,TSH_97,2025-02,41.9,0,3.728720408743402,0,0,2,12,0,2,0,33.0,24.5,5648.050186497445
0.29767808,-0.006718998,-0.00034592953,0.28473434,-0.1726532,-0.25201064,-0.9734604,-0.076246485,0.0,0.5479342,-0.21424907,TSH_97,2025-03,49.21,0,3.728720408743402,0,0,2,13,0,3,0,33.0,24.5,5648.050186497445
0.33987147,-0.0023521169,-0.00034592953,0.26190013,-0.15849811,-0.24569263,-0.3575033,-0.076246485,0.0,0.62775546,-0.169226,TSH_97,2025-04,67.99,0,3.728720408743402,0,0,2,14,0,4,0,33.0,24.5,5648.050186497445
0.42501152,-0.0023521169,-0.00034592953,0.21067137,-0.16227013,-0.26003885,-0.21160085,-0.084064096,0.0,0.6874207,-0.16558155,TSH_97,2025-05,72.52,0,3.728720408743402,0,0,2,15,0,5,1,33.0,24.5,5648.050186497445
0.45469576,-0.0023521169,-0.00034592953,0.21085939,-0.16188441,-0.2594651,-0.07874796,-0.084064096,0.0,0.7005842,-0.12366979,TSH_97,2025-06,76.66,0,3.728720408743402,0,0,2,16,0,6,1,33.0,24.5,5648.050186497445
0.49201995,-0.0023521169,-0.00034592953,0.21132535,-0.16094665,-0.25908548,-0.09146274,-0.081880845,0.0,0.69460654,-0.11792049,TSH_97,2025-07,77.16,0,3.728720408743402,0,0,2,17,0,7,1,33.0,24.5,5648.050186497445
0.47743353,-0.0023521169,-0.00034592953,0.21360926,-0.20649897,-0.23684655,0.04934462,-0.081880845,0.0,0.8199295,-0.028779132,TSH_97,2025-08,82.31,0,3.728720408743402,0,0,2,18,0,8,1,33.0,24.5,5648.050186497445
0.49481407,-0.0023521169,-0.00034592953,0.19973934,-0.21382149,-0.23028117,-0.005713049,-0.090691365,0.0,0.9376221,0.016493978,TSH_97,2025-09,83.74,0,3.728720408743402,0,0,2,19,0,9,1,33.0,24.5,5648.050186497445
0.45743865,-0.0023521169,-0.00034592953,0.24361126,-0.21966846,-0.21214487,0.014610247,-0.071510926,0.0,0.8894409,0.02930362,TSH_97,2025-10,84.05,0,3.728720408743402,0,0,2,20,0,10,0,33.0,24.5,5648.050186497445
0.4765416,-0.0023521169,-0.00034592953,0.24812685,-0.2229362,-0.21464849,-0.16149907,-0.071510926,0.0,0.845257,0.02374277,TSH_97,2025-11,81.06,0,3.728720408743402,0,0,2,21,0,11,0,33.0,24.5,5648.050186497445
0.46544716,-0.0023521169,-0.00034592953,0.24812685,-0.22214864,-0.2295661,-0.46867898,-0.07133375,0.0,0.79070777,-0.0018996382,TSH_97,2025-12,73.92,0,3.728720408743402,0,0,2,22,0,12,0,33.0,24.5,5648.050186497445
0.32471296,-0.006718998,-0.00034592953,0.28506398,-0.16429856,-0.26360273,-1.3199035,-0.076246485,0.0,0.5158136,-0.20120724,TSH_97,2026-01,40.78,0,3.728720408743402,0,0,2,23,0,1,0,33.0,24.5,5648.050186497445
0.3123358,-0.006718998,-0.00034592953,0.28473434,-0.16333602,-0.25755596,-1.2627723,-0.076246485,0.0,0.5228225,-0.21322306,TSH_97,2026-02,41.9,0,3.728720408743402,0,0,2,24,0,2,0,33.0,24.5,5648.050186497445
0.29767808,-0.006718998,-0.00034592953,0.28473434,-0.1726532,-0.25201064,-0.9734604,-0.076246485,0.0,0.5479342,-0.21424907,TSH_97,2026-03,49.21,0,3.728720408743402,0,0,2,25,0,3,0,33.0,24.5,5648.050186497445
-0.88884115,-0.0009103065,-9.928354e-05,-0.103705354,-0.29688725,-0.2763763,-0.66083854,-0.009071,0.0,-0.14284608,-1.6619629,TSH_98,2024-12,2.91,0,25.3766743488434,0,0,0,999,0,12,0,33.0,34.6,1004.6627721792864
-0.8484601,-0.0060480274,-9.928354e-05,-0.09795615,-0.29028374,-0.29301727,-0.7574032,-0.013983734,0.0,-0.12847425,-1.5547048,TSH_98,2025-01,3.06,0,25.3766743488434,0,0,0,999,0,1,0,33.0,34.6,1004.6627721792864
-0.8382539,-0.0060480274,-9.928354e-05,-0.09785506,-0.29018265,-0.2876264,-0.66352385,-0.013983734,0.0,-0.12740323,-1.5470486,TSH_98,2025-02,3.43,0,25.3766743488434,0,0,0,999,0,2,0,33.0,34.6,1004.6627721792864
-0.8336776,-0.0060480274,-9.928354e-05,-0.09785506,-0.2813858,-0.2810318,-0.33686343,-0.013983734,0.0,-0.10229157,-1.5480746,TSH_98,2025-03,4.89,0,25.3766743488434,0,0,0,999,0,3,0,33.0,34.6,1004.6627721792864
-0.86075383,-0.0009103065,-9.928354e-05,-0.09251639,-0.26723072,-0.2771974,0.08137437,-0.013983734,0.0,-0.06728847,-1.6103698,TSH_98,2025-04,7.07,0,25.3766743488434,0,0,0,999,0,4,0,33.0,34.6,1004.6627721792864
-0.9259775,-0.0009103065,-9.928354e-05,-0.082568415,-0.25566345,-0.2805343,0.13230646,-0.057052106,0.0,-0.054764524,-1.6272266,TSH_98,2025-05,6.79,0,25.3766743488434,0,0,0,999,0,5,1,33.0,34.6,1004.6627721792864
-0.92442936,-0.0009103065,-9.928354e-05,-0.08260221,-0.25575528,-0.27856183,0.19271238,-0.057052106,0.0,-0.05077549,-1.6303793,TSH_98,2025-06,7.21,0,25.3766743488434,0,0,0,999,0,6,1,33.0,34.6,1004.6627721792864
-0.91189903,-0.0009103065,-9.928354e-05,-0.08270765,-0.2561278,-0.2744189,0.1466979,-0.054868855,0.0,-0.04878612,-1.6392211,TSH_98,2025-07,6.99,0,25.3766743488434,0,0,0,999,0,7,1,33.0,34.6,1004.6627721792864
-0.908977,-0.0009103065,-9.928354e-05,-0.086406626,-0.26395556,-0.2668007,-0.006901829,-0.054868855,0.0,-0.06732029,-1.704677,TSH_98,2025-08,5.59,0,25.3766743488434,0,0,0,999,0,8,1,33.0,34.6,1004.6627721792864
-0.88785154,-0.0009103065,-9.928354e-05,-0.08618396,-0.27889082,-0.2625097,-0.23099937,-0.063679375,0.0,-0.08301319,-1.6828784,TSH_98,2025-09,4.55,0,25.3766743488434,0,0,0,999,0,9,1,33.0,34.6,1004.6627721792864
-0.86472255,-0.0009103065,-9.928354e-05,-0.094788544,-0.28357574,-0.25675175,-0.20516099,-0.009248175,0.0,-0.089543894,-1.6690053,TSH_98,2025-10,5.02,0,25.3766743488434,0,0,0,999,0,10,0,33.0,34.6,1004.6627721792864
-0.8888878,-0.0009103065,-9.928354e-05,-0.103705354,-0.29676157,-0.26378658,-0.44242263,-0.009248175,0.0,-0.12156263,-1.6815907,TSH_98,2025-11,3.64,0,25.3766743488434,0,0,0,999,0,11,0,33.0,34.6,1004.6627721792864
-0.88884115,-0.0009103065,-9.928354e-05,-0.103705354,-0.29688725,-0.2763763,-0.66083854,-0.009071,0.0,-0.14284608,-1.6619629,TSH_98,2025-12,2.91,0,25.3766743488434,0,0,0,999,0,12,0,33.0,34.6,1004.6627721792864
-0.8484601,-0.0060480274,-9.928354e-05,-0.09795615,-0.29028374,-0.29301727,-0.7574032,-0.013983734,0.0,-0.12847425,-1.5547048,TSH_98,2026-01,3.06,0,25.3766743488434,0,0,0,999,0,1,0,33.0,34.6,1004.6627721792864
-0.8382539,-0.0060480274,-9.928354e-05,-0.09785506,-0.29018265,-0.2876264,-0.66352385,-0.013983734,0.0,-0.12740323,-1.5470486,TSH_98,2026-02,3.43,0,25.3766743488434,0,0,0,999,0,2,0,33.0,34.6,1004.6627721792864
-0.8336776,-0.0060480274,-9.928354e-05,-0.09785506,-0.2813858,-0.2810318,-0.33686343,-0.013983734,0.0,-0.10229157,-1.5480746,TSH_98,2026-03,4.89,0,25.3766743488434,0,0,0,999,0,3,0,33.0,34.6,1004.6627721792864
-0.21020168,-0.0009103065,-0.00039860196,-0.10953111,-0.31277233,-0.23237036,-0.8968055,-0.10497816,0.0,-0.45871547,-1.2874572,TSH_99,2024-12,4.39,0,1193.0371814059488,0,0,0,999,0,12,0,33.0,24.5,28.00583294531125
-0.088075034,-0.0060480274,-0.00039860196,-0.10398595,-0.26763913,-0.2605717,-0.98903126,-0.1098909,0.0,-0.7803417,-0.9204559,TSH_99,2025-01,4.78,0,1193.0371814059488,0,0,0,999,0,1,0,33.0,24.5,28.00583294531125
-0.07431159,-0.0060480274,-0.00039860196,-0.10388486,-0.26753804,-0.25452492,-0.90276104,-0.1098909,0.0,-0.7733327,-0.9349049,TSH_99,2025-02,5.25,0,1193.0371814059488,0,0,0,999,0,2,0,33.0,24.5,28.00583294531125
-0.058740508,-0.0060480274,-0.00039860196,-0.10388486,-0.2587412,-0.24793035,-0.55459094,-0.1098909,0.0,-0.7482211,-0.92541605,TSH_99,2025-03,7.73,0,1193.0371814059488,0,0,0,999,0,3,0,33.0,24.5,28.00583294531125
-0.064058274,-0.0009103065,-0.00039860196,-0.098546185,-0.24458611,-0.24253753,-0.08038292,-0.1098909,0.0,-0.6631542,-1.0035634,TSH_99,2025-04,12.19,0,1193.0371814059488,0,0,0,999,0,4,0,33.0,24.5,28.00583294531125
-0.053027533,-0.0009103065,-0.00039860196,-0.088598214,-0.22497311,-0.24587443,-0.021129237,-0.003980793,0.0,-0.6180448,-0.9737912,TSH_99,2025-05,15.48,0,1193.0371814059488,0,0,0,999,0,5,1,33.0,24.5,28.00583294531125
-0.05147939,-0.0009103065,-0.00039860196,-0.08863201,-0.22506492,-0.24390198,-0.0056110406,-0.003980793,0.0,-0.62076044,-1.0203784,TSH_99,2025-06,15.09,0,1193.0371814059488,0,0,0,999,0,6,1,33.0,24.5,28.00583294531125
-0.038949102,-0.0009103065,-0.00039860196,-0.088737436,-0.22713314,-0.23975903,-0.060688145,-0.001797542,0.0,-0.6267381,-1.0303159,TSH_99,2025-07,14.41,0,1193.0371814059488,0,0,0,999,0,7,1,33.0,24.5,28.00583294531125
-0.100986354,-0.0009103065,-0.00039860196,-0.09243641,-0.24529262,-0.22506028,-0.117200695,-0.001797542,0.0,-0.4572582,-1.1323184,TSH_99,2025-08,13.7,0,1193.0371814059488,0,0,0,999,0,8,1,33.0,24.5,28.00583294531125
-0.12663256,-0.0009103065,-0.00039860196,-0.092009716,-0.28673014,-0.2180024,-0.3934444,-0.010608066,0.0,-0.32866636,-1.2603549,TSH_99,2025-09,10.12,0,1193.0371814059488,0,0,0,999,0,9,1,33.0,24.5,28.00583294531125
-0.1938914,-0.0009103065,-0.00039860196,-0.1006143,-0.2994608,-0.21224442,-0.39655933,-0.105155334,0.0,-0.35585967,-1.2910198,TSH_99,2025-10,8.15,0,1193.0371814059488,0,0,0,999,0,10,0,33.0,24.5,28.00583294531125
-0.21049795,-0.0009103065,-0.00039860196,-0.10953111,-0.31264666,-0.2192793,-0.6538151,-0.105155334,0.0,-0.40326026,-1.3157762,TSH_99,2025-11,5.75,0,1193.0371814059488,0,0,0,999,0,11,0,33.0,24.5,28.00583294531125
-0.21020168,-0.0009103065,-0.00039860196,-0.10953111,-0.31277233,-0.23237036,-0.8968055,-0.10497816,0.0,-0.45871547,-1.2874572,TSH_99,2025-12,4.39,0,1193.0371814059488,0,0,0,999,0,12,0,33.0,24.5,28.00583294531125
-0.088075034,-0.0060480274,-0.00039860196,-0.10398595,-0.26763913,-0.2605717,-0.98903126,-0.1098909,0.0,-0.7803417,-0.9204559,TSH_99,2026-01,4.78,0,1193.0371814059488,0,0,0,999,0,1,0,33.0,24.5,28.00583294531125
-0.07431159,-0.0060480274,-0.00039860196,-0.10388486,-0.26753804,-0.25452492,-0.90276104,-0.1098909,0.0,-0.7733327,-0.9349049,TSH_99,2026-02,5.25,0,1193.0371814059488,0,0,0,999,0,2,0,33.0,24.5,28.00583294531125
-0.058740508,-0.0060480274,-0.00039860196,-0.10388486,-0.2587412,-0.24793035,-0.55459094,-0.1098909,0.0,-0.7482211,-0.92541605,TSH_99,2026-03,7.73,0,1193.0371814059488,0,0,0,999,0,3,0,33.0,24.5,28.00583294531125
